{
  "per_group": {
    "2022-06/aq1": {
      "n_branches": 2427,
      "n_binding": 342,
      "VC@20": 0.1023523783130517,
      "Recall@20": 0.04678362573099415,
      "Abs_SP@20": 0.09538724397893766,
      "NB12_Recall@20": 0.0,
      "VC@50": 0.21061013294158792,
      "Recall@50": 0.10818713450292397,
      "Abs_SP@50": 0.19627800024236447,
      "NB12_Recall@50": 0.0,
      "VC@100": 0.296624415686133,
      "Recall@100": 0.19005847953216373,
      "Abs_SP@100": 0.2764389648340491,
      "NB12_Recall@100": 0.0,
      "NDCG": 0.835573572443116,
      "Spearman": 0.31557789244127116,
      "cohort_contribution": {
        "established": {
          "count_in_top_k": 50,
          "sp_captured": 698670.73
        },
        "history_dormant": {
          "count_in_top_k": 0,
          "sp_captured": 0.0
        },
        "history_zero": {
          "count_in_top_k": 0,
          "sp_captured": 0.0
        }
      }
    },
    "2022-06/aq2": {
      "n_branches": 2225,
      "n_binding": 408,
      "VC@20": 0.16218209475471018,
      "Recall@20": 0.03676470588235294,
      "Abs_SP@20": 0.14637469843987275,
      "NB12_Recall@20": 0.0,
      "VC@50": 0.33425379999956584,
      "Recall@50": 0.07598039215686274,
      "Abs_SP@50": 0.30167509706491225,
      "NB12_Recall@50": 0.0,
      "VC@100": 0.4515152082256421,
      "Recall@100": 0.15196078431372548,
      "Abs_SP@100": 0.4075073918918246,
      "NB12_Recall@100": 0.0,
      "NDCG": 0.8215492025466592,
      "Spearman": 0.2779117462871159,
      "cohort_contribution": {
        "established": {
          "count_in_top_k": 50,
          "sp_captured": 976267.06
        },
        "history_dormant": {
          "count_in_top_k": 0,
          "sp_captured": 0.0
        },
        "history_zero": {
          "count_in_top_k": 0,
          "sp_captured": 0.0
        }
      }
    },
    "2022-06/aq3": {
      "n_branches": 1953,
      "n_binding": 317,
      "VC@20": 0.10485711640937113,
      "Recall@20": 0.03785488958990536,
      "Abs_SP@20": 0.09208276365408447,
      "NB12_Recall@20": 0.0,
      "VC@50": 0.38281562283168075,
      "Recall@50": 0.0914826498422713,
      "Abs_SP@50": 0.33617861836557644,
      "NB12_Recall@50": 0.0,
      "VC@100": 0.5741489866470796,
      "Recall@100": 0.1829652996845426,
      "Abs_SP@100": 0.5042025496223752,
      "NB12_Recall@100": 0.0,
      "NDCG": 0.8093611908457018,
      "Spearman": 0.28782962507415577,
      "cohort_contribution": {
        "established": {
          "count_in_top_k": 50,
          "sp_captured": 771775.0000000001
        },
        "history_dormant": {
          "count_in_top_k": 0,
          "sp_captured": 0.0
        },
        "history_zero": {
          "count_in_top_k": 0,
          "sp_captured": 0.0
        }
      }
    },
    "2022-06/aq4": {
      "n_branches": 2395,
      "n_binding": 388,
      "VC@20": 0.1158501892387351,
      "Recall@20": 0.03865979381443299,
      "Abs_SP@20": 0.10689668095333388,
      "NB12_Recall@20": 0.0,
      "VC@50": 0.2669031802006052,
      "Recall@50": 0.08762886597938144,
      "Abs_SP@50": 0.24627550707353332,
      "NB12_Recall@50": 0.0,
      "VC@100": 0.44609369379318925,
      "Recall@100": 0.14948453608247422,
      "Abs_SP@100": 0.4116172409734894,
      "NB12_Recall@100": 0.0,
      "NDCG": 0.8256849402850608,
      "Spearman": 0.25579887822418035,
      "cohort_contribution": {
        "established": {
          "count_in_top_k": 50,
          "sp_captured": 665952.8500000001
        },
        "history_dormant": {
          "count_in_top_k": 0,
          "sp_captured": 0.0
        },
        "history_zero": {
          "count_in_top_k": 0,
          "sp_captured": 0.0
        }
      }
    },
    "2023-06/aq1": {
      "n_branches": 2512,
      "n_binding": 327,
      "VC@20": 0.20341434855367682,
      "Recall@20": 0.04892966360856269,
      "Abs_SP@20": 0.1832930309309282,
      "NB12_Recall@20": 0.0,
      "VC@50": 0.3566370534575545,
      "Recall@50": 0.12232415902140673,
      "Abs_SP@50": 0.3213592695662817,
      "NB12_Recall@50": 0.0,
      "VC@100": 0.527727149785653,
      "Recall@100": 0.21406727828746178,
      "Abs_SP@100": 0.4755254950130893,
      "NB12_Recall@100": 0.0,
      "NDCG": 0.8457894571072238,
      "Spearman": 0.34169487149547967,
      "cohort_contribution": {
        "established": {
          "count_in_top_k": 50,
          "sp_captured": 632019.3899999999
        },
        "history_dormant": {
          "count_in_top_k": 0,
          "sp_captured": 0.0
        },
        "history_zero": {
          "count_in_top_k": 0,
          "sp_captured": 0.0
        }
      }
    },
    "2023-06/aq2": {
      "n_branches": 2278,
      "n_binding": 422,
      "VC@20": 0.10767321415296385,
      "Recall@20": 0.04028436018957346,
      "Abs_SP@20": 0.10083794423136677,
      "NB12_Recall@20": 0.0,
      "VC@50": 0.3534413027230443,
      "Recall@50": 0.0947867298578199,
      "Abs_SP@50": 0.3310042767221221,
      "NB12_Recall@50": 0.0,
      "VC@100": 0.6351562857466443,
      "Recall@100": 0.17535545023696683,
      "Abs_SP@100": 0.5948355366204062,
      "NB12_Recall@100": 0.0,
      "NDCG": 0.8716675638770077,
      "Spearman": 0.36285021039169796,
      "cohort_contribution": {
        "established": {
          "count_in_top_k": 50,
          "sp_captured": 1210511.06
        },
        "history_dormant": {
          "count_in_top_k": 0,
          "sp_captured": 0.0
        },
        "history_zero": {
          "count_in_top_k": 0,
          "sp_captured": 0.0
        }
      }
    },
    "2023-06/aq3": {
      "n_branches": 2274,
      "n_binding": 338,
      "VC@20": 0.11828240055962846,
      "Recall@20": 0.047337278106508875,
      "Abs_SP@20": 0.09770785166478325,
      "NB12_Recall@20": 0.0,
      "VC@50": 0.225504179682347,
      "Recall@50": 0.10946745562130178,
      "Abs_SP@50": 0.18627901390185145,
      "NB12_Recall@50": 0.0,
      "VC@100": 0.39763870423959335,
      "Recall@100": 0.1863905325443787,
      "Abs_SP@100": 0.3284717197672408,
      "NB12_Recall@100": 0.0,
      "NDCG": 0.8534755806845601,
      "Spearman": 0.36329273446470245,
      "cohort_contribution": {
        "established": {
          "count_in_top_k": 50,
          "sp_captured": 545386.0800000001
        },
        "history_dormant": {
          "count_in_top_k": 0,
          "sp_captured": 0.0
        },
        "history_zero": {
          "count_in_top_k": 0,
          "sp_captured": 0.0
        }
      }
    },
    "2023-06/aq4": {
      "n_branches": 2382,
      "n_binding": 423,
      "VC@20": 0.18205089211203804,
      "Recall@20": 0.03546099290780142,
      "Abs_SP@20": 0.16453930517132945,
      "NB12_Recall@20": 0.0,
      "VC@50": 0.4438960236122496,
      "Recall@50": 0.08983451536643026,
      "Abs_SP@50": 0.4011973929165161,
      "NB12_Recall@50": 0.0,
      "VC@100": 0.5277673267737154,
      "Recall@100": 0.1607565011820331,
      "Abs_SP@100": 0.4770010639993725,
      "NB12_Recall@100": 0.0,
      "NDCG": 0.8588011387882225,
      "Spearman": 0.35390657329385955,
      "cohort_contribution": {
        "established": {
          "count_in_top_k": 50,
          "sp_captured": 1094413.5899999999
        },
        "history_dormant": {
          "count_in_top_k": 0,
          "sp_captured": 0.0
        },
        "history_zero": {
          "count_in_top_k": 0,
          "sp_captured": 0.0
        }
      }
    },
    "2024-06/aq1": {
      "n_branches": 2339,
      "n_binding": 385,
      "VC@20": 0.13522413706237602,
      "Recall@20": 0.046753246753246755,
      "Abs_SP@20": 0.12568312747041352,
      "NB12_Recall@20": 0.0,
      "VC@50": 0.26833900560763296,
      "Recall@50": 0.10649350649350649,
      "Abs_SP@50": 0.24940581008486087,
      "NB12_Recall@50": 0.0,
      "VC@100": 0.39744315510395367,
      "Recall@100": 0.21298701298701297,
      "Abs_SP@100": 0.3694007579588532,
      "NB12_Recall@100": 0.0,
      "NDCG": 0.8807928327552051,