{
  "eval_config": {
    "eval_groups": [
      "2022-06/aq1",
      "2022-06/aq2",
      "2022-06/aq3",
      "2022-06/aq4",
      "2023-06/aq1",
      "2023-06/aq2",
      "2023-06/aq3",
      "2023-06/aq4",
      "2024-06/aq1",
      "2024-06/aq2",
      "2024-06/aq3",
      "2024-06/aq4"
    ],
    "mode": "eval"
  },
  "per_month": {
    "2022-06/aq1": {
      "VC@20": 0.2190165809243051,
      "VC@100": 0.6349486737254729,
      "Recall@20": 0.25,
      "Recall@100": 0.46,
      "NDCG": 0.6248644562464339,
      "VC@10": 0.11379477284643898,
      "VC@25": 0.25135227055747306,
      "VC@50": 0.4806344047472277,
      "VC@200": 0.8722691517940699,
      "Recall@10": 0.2,
      "Recall@50": 0.42,
      "Spearman": 0.34584727413855576,
      "Tier0-AP": 0.3621412822399749,
      "Tier01-AP": 0.5728545839125122,
      "n_samples": 325
    },
    "2022-06/aq2": {
      "VC@20": 0.29765183574671145,
      "VC@100": 0.8380927713634555,
      "Recall@20": 0.4,
      "Recall@100": 0.59,
      "NDCG": 0.6596050723209165,
      "VC@10": 0.12543140096734562,
      "VC@25": 0.46405755844047075,
      "VC@50": 0.6656459241609952,
      "VC@200": 0.929763100564208,
      "Recall@10": 0.1,
      "Recall@50": 0.54,
      "Spearman": 0.4129104117238729,
      "Tier0-AP": 0.5029508534371092,
      "Tier01-AP": 0.6173868973186359,
      "n_samples": 302
    },
    "2022-06/aq3": {
      "VC@20": 0.5845688023549591,
      "VC@100": 0.8652735196975614,
      "Recall@20": 0.3,
      "Recall@100": 0.53,
      "NDCG": 0.4037614116204529,
      "VC@10": 0.05703779810187912,
      "VC@25": 0.6057875953100966,
      "VC@50": 0.7089723413749767,
      "VC@200": 0.975489789491157,
      "Recall@10": 0.1,
      "Recall@50": 0.34,
      "Spearman": 0.2722433155341291,
      "Tier0-AP": 0.35549064195732955,
      "Tier01-AP": 0.4287547436378068,
      "n_samples": 262
    },
    "2022-06/aq4": {
      "VC@20": 0.3161233931340231,
      "VC@100": 0.8012133743926687,
      "Recall@20": 0.55,
      "Recall@100": 0.45,
      "NDCG": 0.7462082121093865,
      "VC@10": 0.18570855041944662,
      "VC@25": 0.32167309362445135,
      "VC@50": 0.6806881742104692,
      "VC@200": 0.9073373967994696,
      "Recall@10": 0.4,
      "Recall@50": 0.54,
      "Spearman": 0.39894193050071647,
      "Tier0-AP": 0.4956482440817786,
      "Tier01-AP": 0.6034730859336696,
      "n_samples": 380
    },
    "2023-06/aq1": {
      "VC@20": 0.19854649145190673,
      "VC@100": 0.49783285557905316,
      "Recall@20": 0.2,
      "Recall@100": 0.52,
      "NDCG": 0.6266315681987574,
      "VC@10": 0.12056141899461331,
      "VC@25": 0.27144123968274875,
      "VC@50": 0.42409198473139176,
      "VC@200": 0.9152612371494135,
      "Recall@10": 0.1,
      "Recall@50": 0.4,
      "Spearman": 0.36500051291263075,
      "Tier0-AP": 0.43426043865848873,
      "Tier01-AP": 0.5522184270642451,
      "n_samples": 276
    },
    "2023-06/aq2": {
      "VC@20": 0.5074704841707066,
      "VC@100": 0.8296602493362375,
      "Recall@20": 0.3,
      "Recall@100": 0.57,
      "NDCG": 0.6727860111809362,
      "VC@10": 0.4627794080507767,
      "VC@25": 0.538892469684151,
      "VC@50": 0.7664072813635483,
      "VC@200": 0.8805178321943959,
      "Recall@10": 0.4,
      "Recall@50": 0.58,
      "Spearman": 0.3544005279597461,
      "Tier0-AP": 0.536282341685151,
      "Tier01-AP": 0.6347779438817133,
      "n_samples": 410
    },
    "2023-06/aq3": {
      "VC@20": 0.19841413460909468,
      "VC@100": 0.5657807927491408,
      "Recall@20": 0.25,
      "Recall@100": 0.55,
      "NDCG": 0.5814782757029205,
      "VC@10": 0.13187671843395926,
      "VC@25": 0.20885376586471832,
      "VC@50": 0.318841406830711,
      "VC@200": 0.7779395140360971,
      "Recall@10": 0.1,
      "Recall@50": 0.32,
      "Spearman": 0.4067868914886348,
      "Tier0-AP": 0.5463429091376197,
      "Tier01-AP": 0.6480886572135175,
      "n_samples": 504
    },
    "2023-06/aq4": {
      "VC@20": 0.1715494319826255,
      "VC@100": 0.4901092959823952,
      "Recall@20": 0.25,
      "Recall@100": 0.57,
      "NDCG": 0.5490288595139934,
      "VC@10": 0.1110958975944984,
      "VC@25": 0.18239503090164064,
      "VC@50": 0.3193450646502516,
      "VC@200": 0.5305380908244768,
      "Recall@10": 0.1,
      "Recall@50": 0.44,
      "Spearman": 0.3177084931632225,
      "Tier0-AP": 0.4826659697429518,
      "Tier01-AP": 0.5941342252011943,
      "n_samples": 459
    },
    "2024-06/aq1": {
      "VC@20": 0.2638125462215116,
      "VC@100": 0.6906409514773449,
      "Recall@20": 0.35,
      "Recall@100": 0.58,
      "NDCG": 0.6351356016921643,
      "VC@10": 0.13254366168927423,
      "VC@25": 0.2852682870006684,
      "VC@50": 0.42638874857403153,
      "VC@200": 0.8497178191320119,
      "Recall@10": 0.2,
      "Recall@50": 0.48,
      "Spearman": 0.41271830912463614,
      "Tier0-AP": 0.48072302424718333,
      "Tier01-AP": 0.6260540526744041,
      "n_samples": 425
    },
    "2024-06/aq2": {
      "VC@20": 0.3011296593050817,
      "VC@100": 0.6147142691638533,
      "Recall@20": 0.25,
      "Recall@100": 0.39,
      "NDCG": 0.7449411816661995,
      "VC@10": 0.16791991041426688,
      "VC@25": 0.35314324010591197,
      "VC@50": 0.47846506278345685,
      "VC@200": 0.7669651418055689,
      "Recall@10": 0.3,
      "Recall@50": 0.36,
      "Spearman": 0.3878084636394901,
      "Tier0-AP": 0.43036336915064766,
      "Tier01-AP": 0.6207689213114609,
      "n_samples": 483
    },
    "2024-06/aq3": {
      "VC@20": 0.28772948355902445,
      "VC@100": 0.7046875249252085,
      "Recall@20": 0.3,
      "Recall@100": 0.55,
      "NDCG": 0.49301024130421833,
      "VC@10": 0.1675693344312229,
      "VC@25": 0.3126300867365432,
      "VC@50": 0.4225049285727654,
      "VC@200": 0.880982134666827,
      "Recall@10": 0.2,
      "Recall@50": 0.44,
      "Spearman": 0.40670425789109477,
      "Tier0-AP": 0.4031330500757715,
      "Tier01-AP": 0.5822049862306443,
      "n_samples": 315
    },
    "2024-06/aq4": {
      "VC@20": 0.09968152067607894,
      "VC@100": 0.5031557634716315,
      "Recall@20": 0.05,
      "Recall@100": 0.51,
      "NDCG": 0.5563225356654271,
      "VC@10": 0.046702262903103454,
      "VC@25": 0.11757035975394693,
      "VC@50": 0.34403863906564874,
      "VC@200": 0.7083228003354575,
      "Recall@10": 0.0,
      "Recall@50": 0.44,
      "Spearman": 0.3324848359341551,
      "Tier0-AP": 0.44905350104172703,
      "Tier01-AP": 0.5810074459339534,
      "n_samples": 476
    }
  },
  "aggregate": {
    "mean": {
      "VC@20": 0.2871411970113357,
      "VC@100": 0.669675836822002,
      "Recall@20": 0.2875,
      "Recall@100": 0.5225,
      "NDCG": 0.6078144522684839,
      "VC@10": 0.15191842790390211,
      "VC@25": 0.3260887498052351,
      "VC@50": 0.5030019967554561,
      "VC@200": 0.832925334066096,
      "Recall@10": 0.18333333333333335,
      "Recall@50": 0.4416666666666668,
      "Spearman": 0.3677962686675737,
      "Tier0-AP": 0.45658796878797775,
      "Tier01-AP": 0.5884769975261465,
      "n_samples": 384.75
    },
    "std": {
      "VC@20": 0.1315180370051537,
      "VC@100": 0.13407374380663023,
      "Recall@20": 0.11388041973930374,
      "Recall@100": 0.058327380648657036,
      "NDCG": 0.09481112100928088,
      "VC@10": 0.10162507208200727,
      "VC@25": 0.13892290601318918,
      "VC@50": 0.15341241267791816,
      "VC@200": 0.1164620761423785,
      "Recall@10": 0.12133516482134196,
      "Recall@50": 0.07851043808875918,
      "Spearman": 0.042830077033076626,
      "Tier0-AP": 0.05957223798482897,
      "Tier01-AP": 0.05508317549464614,
      "n_samples": 82.74974823728066
    },
    "min": {
      "VC@20": 0.09968152067607894,
      "VC@100": 0.4901092959823952,
      "Recall@20": 0.05,
      "Recall@100": 0.39,
      "NDCG": 0.4037614116204529,
      "VC@10": 0.046702262903103454,
      "VC@25": 0.11757035975394693,
      "VC@50": 0.318841406830711,
      "VC@200": 0.5305380908244768,
      "Recall@10": 0.0,