{
  "eval_config": {
    "eval_months": [
      "2020-12",
      "2021-09",
      "2022-06",
      "2023-03"
    ],
    "class_type": "onpeak",
    "period_type": "f0",
    "train_months": 8,
    "val_months": 0,
    "mode": "screen"
  },
  "per_month": {
    "2020-12": {
      "VC@20": 0.7436923328471042,
      "VC@100": 0.8107650110188241,
      "Recall@20": 0.45,
      "Recall@100": 0.37,
      "NDCG": 0.6250911507966566,
      "VC@10": 0.2531228111989189,
      "VC@25": 0.7436923328471045,
      "VC@50": 0.7717724102140753,
      "VC@200": 0.8741430118897758,
      "Recall@10": 0.3,
      "Recall@50": 0.34,
      "Spearman": 0.24632204727702453,
      "Tier0-AP": 1.0,
      "Tier01-AP": 1.0,
      "n_samples": 550
    },
    "2023-03": {
      "VC@20": 0.10374883651651998,
      "VC@100": 0.2891007154813244,
      "Recall@20": 0.2,
      "Recall@100": 0.22,
      "NDCG": 0.27014037246467054,
      "VC@10": 0.030237112145442613,
      "VC@25": 0.12852193457492164,
      "VC@50": 0.26089692756682514,
      "VC@200": 0.40679287469746633,
      "Recall@10": 0.0,
      "Recall@50": 0.28,
      "Spearman": 0.16361228834521355,
      "Tier0-AP": 1.0,
      "Tier01-AP": 1.0,
      "n_samples": 780
    },
    "2021-09": {
      "VC@20": 0.6171340833849986,
      "VC@100": 0.7530394147963466,
      "Recall@20": 0.35,
      "Recall@100": 0.29,
      "NDCG": 0.8554546360295489,
      "VC@10": 0.468225363604914,
      "VC@25": 0.6510350011423489,
      "VC@50": 0.7065581532809179,
      "VC@200": 0.8231340235158283,
      "Recall@10": 0.4,
      "Recall@50": 0.3,
      "Spearman": 0.2198980766525599,
      "Tier0-AP": 1.0,
      "Tier01-AP": 1.0,
      "n_samples": 621
    },
    "2022-06": {
      "VC@20": 0.11054488988539254,
      "VC@100": 0.45711497894613873,
      "Recall@20": 0.1,
      "Recall@100": 0.28,
      "NDCG": 0.3612914531390207,
      "VC@10": 0.10407294698997759,
      "VC@25": 0.1862024605991929,
      "VC@50": 0.38031277038561645,
      "VC@200": 0.8921259016820013,
      "Recall@10": 0.2,
      "Recall@50": 0.3,
      "Spearman": 0.1912930706337729,
      "Tier0-AP": 1.0,
      "Tier01-AP": 1.0,
      "n_samples": 578
    }
  },
  "aggregate": {
    "mean": {
      "VC@20": 0.39378003565850384,
      "VC@100": 0.5775050300606585,
      "Recall@20": 0.275,
      "Recall@100": 0.29,
      "NDCG": 0.5279944031074741,
      "VC@10": 0.21391455848481328,
      "VC@25": 0.427362932290892,
      "VC@50": 0.5298850653618588,
      "VC@200": 0.749048952946268,
      "Recall@10": 0.22499999999999998,
      "Recall@50": 0.30500000000000005,
      "Spearman": 0.20528137072714273,
      "Tier0-AP": 1.0,
      "Tier01-AP": 1.0,
      "n_samples": 632.25
    },
    "std": {
      "VC@20": 0.2901145853953509,
      "VC@100": 0.21383016158652207,
      "Recall@20": 0.1346291201783626,
      "Recall@100": 0.05338539126015656,
      "NDCG": 0.2296391501922749,
      "VC@10": 0.16734235610811585,
      "VC@25": 0.2727442937363599,
      "VC@50": 0.2147378385924397,
      "VC@200": 0.19921556014907324,
      "Recall@10": 0.1479019945774904,
      "Recall@50": 0.02179449471770337,
      "Spearman": 0.03094337647153391,
      "Tier0-AP": 0.0,
      "Tier01-AP": 0.0,
      "n_samples": 88.97295937530683
    },
    "min": {
      "VC@20": 0.10374883651651998,
      "VC@100": 0.2891007154813244,
      "Recall@20": 0.1,
      "Recall@100": 0.22,
      "NDCG": 0.27014037246467054,
      "VC@10": 0.030237112145442613,
      "VC@25": 0.12852193457492164,
      "VC@50": 0.26089692756682514,
      "VC@200": 0.40679287469746633,
      "Recall@10": 0.0,
      "Recall@50": 0.28,
      "Spearman": 0.16361228834521355,
      "Tier0-AP": 1.0,
      "Tier01-AP": 1.0,
      "n_samples": 550.0
    },
    "max": {
      "VC@20": 0.7436923328471042,
      "VC@100": 0.8107650110188241,
      "Recall@20": 0.45,
      "Recall@100": 0.37,
      "NDCG": 0.8554546360295489,
      "VC@10": 0.468225363604914,
      "VC@25": 0.7436923328471045,
      "VC@50": 0.7717724102140753,
      "VC@200": 0.8921259016820013,
      "Recall@10": 0.4,
      "Recall@50": 0.34,
      "Spearman": 0.24632204727702453,
      "Tier0-AP": 1.0,
      "Tier01-AP": 1.0,
      "n_samples": 780.0
    },
    "bottom_2_mean": {
      "VC@20": 0.10714686320095626,
      "VC@100": 0.3731078472137316,
      "Recall@20": 0.15000000000000002,
      "Recall@100": 0.25,
      "NDCG": 0.31571591280184563,
      "VC@10": 0.0671550295677101,
      "VC@25": 0.15736219758705727,
      "VC@50": 0.32060484897622077,
      "VC@200": 0.6149634491066474,
      "Recall@10": 0.1,
      "Recall@50": 0.29000000000000004,
      "Spearman": 0.17745267948949323,
      "Tier0-AP": 1.0,
      "Tier01-AP": 1.0,
      "n_samples": 564.0
    }
  },
  "n_months": 4,
  "n_months_requested": 4,
  "skipped_months": []
}