{
  "eval_config": {
    "eval_groups": [
      "2025-06/aq1",
      "2025-06/aq2",
      "2025-06/aq3",
      "2025-06/aq4"
    ],
    "mode": "holdout"
  },
  "per_month": {
    "2025-06/aq1": {
      "VC@20": 0.2412343134220285,
      "VC@100": 0.5800743708027899,
      "Recall@20": 0.3,
      "Recall@100": 0.45,
      "NDCG": 0.572012048456538,
      "VC@10": 0.10878329382847632,
      "VC@25": 0.3706110989715073,
      "VC@50": 0.4293051232872302,
      "VC@200": 0.9164819381801966,
      "Recall@10": 0.1,
      "Recall@50": 0.32,
      "Spearman": 0.4380034575529617,
      "Tier0-AP": 0.4378699689524754,
      "Tier01-AP": 0.5866439573564054,
      "n_samples": 395
    },
    "2025-06/aq2": {
      "VC@20": 0.34478031177220797,
      "VC@100": 0.6658430309682434,
      "Recall@20": 0.55,
      "Recall@100": 0.52,
      "NDCG": 0.6140183090938794,
      "VC@10": 0.1700716615562796,
      "VC@25": 0.3874484101956829,
      "VC@50": 0.4897117862696136,
      "VC@200": 0.8527374351482945,
      "Recall@10": 0.4,
      "Recall@50": 0.48,
      "Spearman": 0.44577043981534775,
      "Tier0-AP": 0.44123646131448885,
      "Tier01-AP": 0.6157308098930033,
      "n_samples": 385
    },
    "2025-06/aq3": {
      "VC@20": 0.15604042332171697,
      "VC@100": 0.6880135950375887,
      "Recall@20": 0.1,
      "Recall@100": 0.56,
      "NDCG": 0.46537420511039285,
      "VC@10": 0.04313990669382657,
      "VC@25": 0.18536791848739165,
      "VC@50": 0.5446210145227118,
      "VC@200": 0.9417508741257108,
      "Recall@10": 0.1,
      "Recall@50": 0.38,
      "Spearman": 0.41540598279231195,
      "Tier0-AP": 0.37726410671148897,
      "Tier01-AP": 0.5571379339121477,
      "n_samples": 286
    },
    "2025-06/aq4": {
      "VC@20": 0.21421964659708412,
      "VC@100": 0.527827214586604,
      "Recall@20": 0.35,
      "Recall@100": 0.31,
      "NDCG": 0.40918469079624714,
      "VC@10": 0.021823170687550235,
      "VC@25": 0.26475802156096895,
      "VC@50": 0.4583172994925023,
      "VC@200": 0.9280891915223454,
      "Recall@10": 0.0,
      "Recall@50": 0.44,
      "Spearman": 0.29148076479536045,
      "Tier0-AP": 0.3554549340539734,
      "Tier01-AP": 0.3554549340539734,
      "n_samples": 418
    }
  },
  "aggregate": {
    "mean": {
      "VC@20": 0.23906867377825938,
      "VC@100": 0.6154395528488065,
      "Recall@20": 0.325,
      "Recall@100": 0.46,
      "NDCG": 0.5151473133642643,
      "VC@10": 0.08595450819153318,
      "VC@25": 0.3020463623038877,
      "VC@50": 0.48048880589301446,
      "VC@200": 0.9097648597441368,
      "Recall@10": 0.15,
      "Recall@50": 0.405,
      "Spearman": 0.3976651612389954,
      "Tier0-AP": 0.40295636775810667,
      "Tier01-AP": 0.5287419088038824,
      "n_samples": 371.0
    },
    "std": {
      "VC@20": 0.06835715933271991,
      "VC@100": 0.06468021359556991,
      "Recall@20": 0.16007810593582122,
      "Recall@100": 0.09513148795220225,
      "NDCG": 0.08172287253337296,
      "VC@10": 0.05818669842692349,
      "VC@25": 0.08215672903848434,
      "VC@50": 0.04274736428105182,
      "VC@200": 0.03411792985325599,
      "Recall@10": 0.15,
      "Recall@50": 0.0606217782649107,
      "Spearman": 0.06231203490078676,
      "Tier0-AP": 0.03741925838615898,
      "Tier01-AP": 0.10216949887221287,
      "n_samples": 50.51237472144821
    },
    "min": {
      "VC@20": 0.15604042332171697,
      "VC@100": 0.527827214586604,
      "Recall@20": 0.1,
      "Recall@100": 0.31,
      "NDCG": 0.40918469079624714,
      "VC@10": 0.021823170687550235,
      "VC@25": 0.18536791848739165,
      "VC@50": 0.4293051232872302,
      "VC@200": 0.8527374351482945,
      "Recall@10": 0.0,
      "Recall@50": 0.32,
      "Spearman": 0.29148076479536045,
      "Tier0-AP": 0.3554549340539734,
      "Tier01-AP": 0.3554549340539734,
      "n_samples": 286.0
    },
    "max": {
      "VC@20": 0.34478031177220797,
      "VC@100": 0.6880135950375887,
      "Recall@20": 0.55,
      "Recall@100": 0.56,
      "NDCG": 0.6140183090938794,
      "VC@10": 0.1700716615562796,
      "VC@25": 0.3874484101956829,
      "VC@50": 0.5446210145227118,
      "VC@200": 0.9417508741257108,
      "Recall@10": 0.4,
      "Recall@50": 0.48,
      "Spearman": 0.44577043981534775,
      "Tier0-AP": 0.44123646131448885,
      "Tier01-AP": 0.6157308098930033,
      "n_samples": 418.0
    },
    "bottom_2_mean": {
      "VC@20": 0.18513003495940056,
      "VC@100": 0.5539507926946969,
      "Recall@20": 0.2,
      "Recall@100": 0.38,
      "NDCG": 0.43727944795331997,
      "VC@10": 0.0324815386906884,
      "VC@25": 0.2250629700241803,
      "VC@50": 0.44381121138986623,
      "VC@200": 0.8846096866642456,
      "Recall@10": 0.05,
      "Recall@50": 0.35,
      "Spearman": 0.35344337379383617,
      "Tier0-AP": 0.3663595203827312,
      "Tier01-AP": 0.4562964339830605,
      "n_samples": 335.5
    }
  },
  "n_months": 4,
  "n_months_requested": 4,
  "skipped_months": []
}