{
  "per_month": {
    "2022-06/aq1": {
      "VC@20": 0.3662820373099083,
      "VC@100": 0.6377006359148247,
      "Recall@20": 0.45,
      "Recall@100": 0.59,
      "NDCG": 0.6386802294754655,
      "VC@10": 0.12969282662445852,
      "VC@25": 0.3979093470502629,
      "VC@50": 0.45692178875542183,
      "VC@200": 0.8689895304874766,
      "Recall@10": 0.1,
      "Recall@50": 0.42,
      "Spearman": 0.43394449596881524,
      "Tier0-AP": 0.46734762293936255,
      "Tier01-AP": 0.6707922337812382,
      "n_samples": 325
    },
    "2022-06/aq2": {
      "VC@20": 0.4868538228628012,
      "VC@100": 0.8027974579779956,
      "Recall@20": 0.7,
      "Recall@100": 0.66,
      "NDCG": 0.7798116085417702,
      "VC@10": 0.2883093450951685,
      "VC@25": 0.5101611305823589,
      "VC@50": 0.672646211144917,
      "VC@200": 0.9280701283584596,
      "Recall@10": 0.5,
      "Recall@50": 0.54,
      "Spearman": 0.5022364714405932,
      "Tier0-AP": 0.5584160094366046,
      "Tier01-AP": 0.6806664337040287,
      "n_samples": 302
    },
    "2022-06/aq3": {
      "VC@20": 0.6108705949296712,
      "VC@100": 0.8631814289727789,
      "Recall@20": 0.3,
      "Recall@100": 0.43,
      "NDCG": 0.9143521349487839,
      "VC@10": 0.535204338025444,
      "VC@25": 0.6156562700721964,
      "VC@50": 0.7335024611965681,
      "VC@200": 0.967345626653993,
      "Recall@10": 0.3,
      "Recall@50": 0.36,
      "Spearman": 0.31711152954949307,
      "Tier0-AP": 0.41788849373313375,
      "Tier01-AP": 0.4635021271288241,
      "n_samples": 262
    },
    "2022-06/aq4": {
      "VC@20": 0.35360183709414134,
      "VC@100": 0.8182172251786763,
      "Recall@20": 0.55,
      "Recall@100": 0.54,
      "NDCG": 0.671341643142854,
      "VC@10": 0.21158993346182975,
      "VC@25": 0.43644419410567303,
      "VC@50": 0.6900144203914695,
      "VC@200": 0.9431933301491096,
      "Recall@10": 0.3,
      "Recall@50": 0.54,
      "Spearman": 0.4596548055121918,
      "Tier0-AP": 0.5580434649666927,
      "Tier01-AP": 0.6708167017322022,
      "n_samples": 380
    },
    "2023-06/aq1": {
      "VC@20": 0.22128042674485407,
      "VC@100": 0.763338706894232,
      "Recall@20": 0.25,
      "Recall@100": 0.59,
      "NDCG": 0.5535009309620368,
      "VC@10": 0.1460085051320055,
      "VC@25": 0.29356310289945814,
      "VC@50": 0.7012319029300526,
      "VC@200": 0.9750318598090523,
      "Recall@10": 0.2,
      "Recall@50": 0.5,
      "Spearman": 0.47467575719165556,
      "Tier0-AP": 0.4623382942035702,
      "Tier01-AP": 0.626907762033025,
      "n_samples": 276
    },
    "2023-06/aq2": {
      "VC@20": 0.3204314058840223,
      "VC@100": 0.8856804097860115,
      "Recall@20": 0.4,
      "Recall@100": 0.57,
      "NDCG": 0.5351950202554482,
      "VC@10": 0.18323721122684802,
      "VC@25": 0.34596914238571264,
      "VC@50": 0.7379594365832719,
      "VC@200": 0.9444847512650801,
      "Recall@10": 0.1,
      "Recall@50": 0.6,
      "Spearman": 0.4966129427728151,
      "Tier0-AP": 0.5401451716709401,
      "Tier01-AP": 0.6980125568354625,
      "n_samples": 410
    },
    "2023-06/aq3": {
      "VC@20": 0.18118238775093767,
      "VC@100": 0.4979808349210518,
      "Recall@20": 0.1,
      "Recall@100": 0.57,
      "NDCG": 0.5955537595305099,
      "VC@10": 0.11495622247285724,
      "VC@25": 0.20520605055971514,
      "VC@50": 0.3758120963214642,
      "VC@200": 0.6734661271135586,
      "Recall@10": 0.1,
      "Recall@50": 0.44,
      "Spearman": 0.4835341969948344,
      "Tier0-AP": 0.6280686467633426,
      "Tier01-AP": 0.700975045076774,
      "n_samples": 504
    },
    "2023-06/aq4": {
      "VC@20": 0.23190385421446752,
      "VC@100": 0.6751544387015288,
      "Recall@20": 0.35,
      "Recall@100": 0.53,
      "NDCG": 0.7098167489672127,
      "VC@10": 0.17807609339992211,
      "VC@25": 0.2641297926251171,
      "VC@50": 0.5370085365059627,
      "VC@200": 0.8407690199074733,
      "Recall@10": 0.3,
      "Recall@50": 0.48,
      "Spearman": 0.4882139752208974,
      "Tier0-AP": 0.5194251225906802,
      "Tier01-AP": 0.6687004209487947,
      "n_samples": 459
    },
    "2024-06/aq1": {
      "VC@20": 0.2286248391797967,
      "VC@100": 0.7152783408623836,
      "Recall@20": 0.3,
      "Recall@100": 0.61,
      "NDCG": 0.7184957700096748,
      "VC@10": 0.18374152545368735,
      "VC@25": 0.3000564478967597,
      "VC@50": 0.49049103996736027,
      "VC@200": 0.8930055971413787,
      "Recall@10": 0.3,
      "Recall@50": 0.54,
      "Spearman": 0.5644854850321984,
      "Tier0-AP": 0.6273184123792623,
      "Tier01-AP": 0.7173220697137277,
      "n_samples": 425
    },
    "2024-06/aq2": {
      "VC@20": 0.36208010940990304,
      "VC@100": 0.6741503370386641,
      "Recall@20": 0.4,
      "Recall@100": 0.56,
      "NDCG": 0.7898249072977221,
      "VC@10": 0.23616543279349125,
      "VC@25": 0.3944422157787202,
      "VC@50": 0.5136279422911341,
      "VC@200": 0.838618782781705,
      "Recall@10": 0.4,
      "Recall@50": 0.42,
      "Spearman": 0.5117515647086469,
      "Tier0-AP": 0.5342197818848103,
      "Tier01-AP": 0.7112479404523107,
      "n_samples": 483
    },
    "2024-06/aq3": {
      "VC@20": 0.30768603892583607,
      "VC@100": 0.7528967803227111,
      "Recall@20": 0.25,
      "Recall@100": 0.62,
      "NDCG": 0.5484253955202916,
      "VC@10": 0.22521121756920193,
      "VC@25": 0.33804522952145744,
      "VC@50": 0.46145052846669443,
      "VC@200": 0.9352519245263838,
      "Recall@10": 0.2,
      "Recall@50": 0.44,
      "Spearman": 0.5083109208923652,
      "Tier0-AP": 0.5583146713983671,
      "Tier01-AP": 0.6651596643671591,
      "n_samples": 315
    },
    "2024-06/aq4": {
      "VC@20": 0.26867177872938136,
      "VC@100": 0.5447932210299825,
      "Recall@20": 0.2,
      "Recall@100": 0.46,
      "NDCG": 0.6839713755548212,
      "VC@10": 0.197007796071075,
      "VC@25": 0.2995303638860478,
      "VC@50": 0.3906635552142294,
      "VC@200": 0.8272552594272317,
      "Recall@10": 0.2,
      "Recall@50": 0.52,
      "Spearman": 0.46836981103693653,
      "Tier0-AP": 0.6068121108998611,
      "Tier01-AP": 0.6698757319546464,
      "n_samples": 476
    }
  },
  "aggregate": {
    "mean": {
      "VC@20": 0.32828909441964343,
      "VC@100": 0.7192641514667367,
      "Recall@20": 0.3541666666666667,
      "Recall@100": 0.5608333333333334,
      "NDCG": 0.6782474603505492,
      "VC@10": 0.21910003727716576,
      "VC@25": 0.36675944061362326,
      "VC@50": 0.5634441599807122,
      "VC@200": 0.8862901614684083,
      "Recall@10": 0.25,
      "Recall@50": 0.4833333333333334,
      "Spearman": 0.4757418296934535,
      "Tier0-AP": 0.539861483572219,
      "Tier01-AP": 0.6619982239773494,
      "n_samples": 384.75
    },
    "std": {
      "VC@20": 0.11710959211470696,
      "VC@100": 0.1148570221943146,
      "Recall@20": 0.15472870523022617,
      "Recall@100": 0.062109893647380274,
      "NDCG": 0.1089688410379377,
      "VC@10": 0.10566700306531714,
      "VC@25": 0.10852116565234325,
      "VC@50": 0.12962037168739235,
      "VC@200": 0.0809736639619241,
      "Recall@10": 0.11902380714238082,
      "Recall@50": 0.06574360974438674,
      "Spearman": 0.05687090104781102,
      "Tier0-AP": 0.06292988744340001,
      "Tier01-AP": 0.0642618988411103,
      "n_samples": 82.74974823728066
    },
    "min": {
      "VC@20": 0.18118238775093767,
      "VC@100": 0.4979808349210518,
      "Recall@20": 0.1,
      "Recall@100": 0.43,
      "NDCG": 0.5351950202554482,
      "VC@10": 0.11495622247285724,
      "VC@25": 0.20520605055971514,
      "VC@50": 0.3758120963214642,
      "VC@200": 0.6734661271135586,
      "Recall@10": 0.1,
      "Recall@50": 0.36,
      "Spearman": 0.31711152954949307,
      "Tier0-AP": 0.41788849373313375,
      "Tier01-AP": 0.4635021271288241,
      "n_samples": 262.0
    },
    "max": {
      "VC@20": 0.6108705949296712,
      "VC@100": 0.8856804097860115,
      "Recall@20": 0.7,
      "Recall@100": 0.66,