{
  "eval_config": {
    "eval_months": [
      "2020-06",
      "2020-07",
      "2020-08",
      "2020-09",
      "2020-10",
      "2020-11",
      "2020-12",
      "2021-01",
      "2021-02",
      "2021-03",
      "2021-04",
      "2021-05",
      "2021-06",
      "2021-07",
      "2021-08",
      "2021-09",
      "2021-10",
      "2021-11",
      "2021-12",
      "2022-01",
      "2022-02",
      "2022-03",
      "2022-04",
      "2022-05",
      "2022-06",
      "2022-07",
      "2022-08",
      "2022-09",
      "2022-10",
      "2022-11",
      "2022-12",
      "2023-01",
      "2023-02",
      "2023-03",
      "2023-04",
      "2023-05"
    ],
    "class_type": "onpeak",
    "period_type": "f0"
  },
  "per_month": {
    "2020-06": {
      "VC@20": 0.3420643924381737,
      "VC@100": 0.49157024204273236,
      "Recall@20": 0.3,
      "Recall@100": 0.38,
      "NDCG": 0.659085659273595,
      "VC@10": 0.3288425081906573,
      "VC@25": 0.34690041690886353,
      "VC@50": 0.4242534832311703,
      "VC@200": 0.6057904865074332,
      "Recall@10": 0.4,
      "Recall@50": 0.42,
      "Spearman": 0.26981831935870226,
      "n_samples": 577
    },
    "2020-07": {
      "VC@20": 0.4950654249228283,
      "VC@100": 0.7071678891277281,
      "Recall@20": 0.4,
      "Recall@100": 0.46,
      "NDCG": 0.6333165444160593,
      "VC@10": 0.38363532693000507,
      "VC@25": 0.5049733373669509,
      "VC@50": 0.5578470945709744,
      "VC@200": 0.7480476686835553,
      "Recall@10": 0.5,
      "Recall@50": 0.46,
      "Spearman": 0.3350250023034634,
      "n_samples": 497
    },
    "2020-08": {
      "VC@20": 0.3557186138255865,
      "VC@100": 0.5814302101648358,
      "Recall@20": 0.35,
      "Recall@100": 0.42,
      "NDCG": 0.7124496488085801,
      "VC@10": 0.3109821156560075,
      "VC@25": 0.36811064768074575,
      "VC@50": 0.5392276575484882,
      "VC@200": 0.7210926695273967,
      "Recall@10": 0.5,
      "Recall@50": 0.42,
      "Spearman": 0.3065573894923424,
      "n_samples": 507
    },
    "2020-09": {
      "VC@20": 0.5120053904574791,
      "VC@100": 0.8799721561184685,
      "Recall@20": 0.3,
      "Recall@100": 0.45,
      "NDCG": 0.7921704025064964,
      "VC@10": 0.4986589636508635,
      "VC@25": 0.522159340441562,
      "VC@50": 0.6877722808243325,
      "VC@200": 0.9291205286952116,
      "Recall@10": 0.5,
      "Recall@50": 0.5,
      "Spearman": 0.33744613986170574,
      "n_samples": 715
    },
    "2020-10": {
      "VC@20": 0.4950071959297421,
      "VC@100": 0.7864154398515464,
      "Recall@20": 0.4,
      "Recall@100": 0.45,
      "NDCG": 0.6437899713022872,
      "VC@10": 0.4397329909010292,
      "VC@25": 0.6154215671932868,
      "VC@50": 0.7111814772656191,
      "VC@200": 0.9580590370316686,
      "Recall@10": 0.3,
      "Recall@50": 0.56,
      "Spearman": 0.38005233577707176,
      "n_samples": 763
    },
    "2020-11": {
      "VC@20": 0.7360860343545076,
      "VC@100": 0.9152564629811352,
      "Recall@20": 0.3,
      "Recall@100": 0.51,
      "NDCG": 0.853776918061684,
      "VC@10": 0.7005607740211635,
      "VC@25": 0.7442618547010872,
      "VC@50": 0.8586785496382625,
      "VC@200": 0.9191386127856133,
      "Recall@10": 0.4,
      "Recall@50": 0.6,
      "Spearman": 0.4211930147999771,
      "n_samples": 508
    },
    "2020-12": {
      "VC@20": 0.6228146593669954,
      "VC@100": 0.8428870000368754,
      "Recall@20": 0.55,
      "Recall@100": 0.57,
      "NDCG": 0.6954632488862229,
      "VC@10": 0.5484238901991131,
      "VC@25": 0.6261609127883784,
      "VC@50": 0.714134806301952,
      "VC@200": 0.9751968048816545,
      "Recall@10": 0.4,
      "Recall@50": 0.58,
      "Spearman": 0.40321972542092666,
      "n_samples": 550
    },
    "2021-01": {
      "VC@20": 0.36830471881608173,
      "VC@100": 0.8654874324092094,
      "Recall@20": 0.3,
      "Recall@100": 0.51,
      "NDCG": 0.6044074592894872,
      "VC@10": 0.3275330392794286,
      "VC@25": 0.4140699915959274,
      "VC@50": 0.7038754914847797,
      "VC@200": 0.8981024056980553,
      "Recall@10": 0.4,
      "Recall@50": 0.56,
      "Spearman": 0.40814573040516905,
      "n_samples": 407
    },
    "2021-02": {
      "VC@20": 0.6152674189142351,
      "VC@100": 0.9391935087936945,
      "Recall@20": 0.4,
      "Recall@100": 0.41,
      "NDCG": 0.5975056528271627,
      "VC@10": 0.4108530185299151,
      "VC@25": 0.6237609549360078,
      "VC@50": 0.9016580701607267,
      "VC@200": 0.957568177300473,
      "Recall@10": 0.3,
      "Recall@50": 0.6,
      "Spearman": 0.3286681781230302,
      "n_samples": 650
    },
    "2021-03": {
      "VC@20": 0.5815109447252236,
      "VC@100": 0.7849684130948731,
      "Recall@20": 0.45,
      "Recall@100": 0.41,
      "NDCG": 0.6221145438255776,
      "VC@10": 0.545350783563285,
      "VC@25": 0.6069525032758469,
      "VC@50": 0.6583539687366261,
      "VC@200": 0.8118402106785915,
      "Recall@10": 0.6,
      "Recall@50": 0.38,
      "Spearman": 0.2819634034784984,
      "n_samples": 669
    },
    "2021-04": {
      "VC@20": 0.2722952725205026,
      "VC@100": 0.682458089591098,
      "Recall@20": 0.2,
      "Recall@100": 0.42,
      "NDCG": 0.6214735102389848,
      "VC@10": 0.2450833888695388,
      "VC@25": 0.2759430070546978,
      "VC@50": 0.49894806884843956,
      "VC@200": 0.7948268024584026,
      "Recall@10": 0.2,
      "Recall@50": 0.42,
      "Spearman": 0.27140008887594863,
      "n_samples": 661
    },
    "2021-05": {
      "VC@20": 0.28811766441578524,
      "VC@100": 0.6966318256403086,
      "Recall@20": 0.2,
      "Recall@100": 0.47,
      "NDCG": 0.681257400166354,
      "VC@10": 0.15964155107252717,
      "VC@25": 0.3259822845898241,
      "VC@50": 0.5549364960479347,
      "VC@200": 0.8079567699165995,
      "Recall@10": 0.2,
      "Recall@50": 0.46,
      "Spearman": 0.3005224147409716,
      "n_samples": 681
    },
    "2021-06": {
      "VC@20": 0.38078807511833607,
      "VC@100": 0.9283375820765286,
      "Recall@20": 0.3,
      "Recall@100": 0.51,
      "NDCG": 0.4408764765159413,
      "VC@10": 0.27841649990743994,
      "VC@25": 0.3827678649482808,
      "VC@50": 0.8299883279566352,
      "VC@200": 0.9524085127655151,
      "Recall@10": 0.2,
      "Recall@50": 0.46,
      "Spearman": 0.3474794363786051,
      "n_samples": 556
    },
    "2021-07": {
      "VC@20": 0.47222235800165097,
      "VC@100": 0.8687544486895512,
      "Recall@20": 0.45,
      "Recall@100": 0.51,
      "NDCG": 0.5569256150987905,
      "VC@10": 0.34011775246315973,
      "VC@25": 0.6013306719775283,
      "VC@50": 0.8176800932179596,
      "VC@200": 0.9053573042583263,
      "Recall@10": 0.2,
      "Recall@50": 0.6,
      "Spearman": 0.3739588653793608,
      "n_samples": 513
    },
    "2021-08": {
      "VC@20": 0.32564457907826255,
      "VC@100": 0.940519975166092,
      "Recall@20": 0.4,
      "Recall@100": 0.58,
      "NDCG": 0.5153591874172084,
      "VC@10": 0.27942780750290575,
      "VC@25": 0.43854043519653124,
      "VC@50": 0.8590663615364376,
      "VC@200": 0.9854003955829065,
      "Recall@10": 0.4,
      "Recall@50": 0.62,
      "Spearman": 0.4248568296940251,
      "n_samples": 552
    },
    "2021-09": {
      "VC@20": 0.5684432688690497,
      "VC@100": 0.8970860790085828,
      "Recall@20": 0.35,
      "Recall@100": 0.51,
      "NDCG": 0.8243816900393861,
      "VC@10": 0.45129817860907456,
      "VC@25": 0.6970944524630042,
      "VC@50": 0.814815346299432,
      "VC@200": 0.9107826433308572,
      "Recall@10": 0.4,
      "Recall@50": 0.52,
      "Spearman": 0.35679139985651276,
      "n_samples": 621
    },
    "2021-10": {
      "VC@20": 0.5416252900223626,
      "VC@100": 0.7983900186728461,
      "Recall@20": 0.55,
      "Recall@100": 0.45,
      "NDCG": 0.8001990057035545,
      "VC@10": 0.4031799545803456,
      "VC@25": 0.5593308523022005,
      "VC@50": 0.6707275826369301,
      "VC@200": 0.8544424878510745,
      "Recall@10": 0.5,
      "Recall@50": 0.44,