{
  "eval_config": {
    "eval_months": [
      "2020-06",
      "2020-07",
      "2020-08",
      "2020-09",
      "2020-10",
      "2020-11",
      "2020-12",
      "2021-01",
      "2021-02",
      "2021-03",
      "2021-04",
      "2021-06",
      "2021-07",
      "2021-08",
      "2021-09",
      "2021-10",
      "2021-11",
      "2021-12",
      "2022-01",
      "2022-02",
      "2022-03",
      "2022-04",
      "2022-06",
      "2022-07",
      "2022-08",
      "2022-09",
      "2022-10",
      "2022-11",
      "2022-12",
      "2023-01",
      "2023-02",
      "2023-03",
      "2023-04"
    ],
    "class_type": "wkndonpeak",
    "period_type": "f1",
    "lag": 1,
    "variant": "v3b"
  },
  "per_month": {
    "2020-06": {
      "VC@20": 0.15839012374078656,
      "VC@100": 0.5789560788899433,
      "Recall@20": 0.25,
      "Recall@100": 0.43,
      "NDCG": 0.3331454267335224,
      "VC@10": 0.05384593265664089,
      "VC@25": 0.16940698354276296,
      "VC@50": 0.44894358659778344,
      "VC@200": 0.7105794698283988,
      "Recall@10": 0.1,
      "Recall@50": 0.34,
      "Spearman": 0.2913841675413086,
      "n_samples": 272
    },
    "2020-07": {
      "VC@20": 0.2892249608949325,
      "VC@100": 0.8648358685128622,
      "Recall@20": 0.2,
      "Recall@100": 0.43,
      "NDCG": 0.4347194824774558,
      "VC@10": 0.280872220442392,
      "VC@25": 0.4289621011214497,
      "VC@50": 0.6987504024224163,
      "VC@200": 0.9977903529200474,
      "Recall@10": 0.1,
      "Recall@50": 0.38,
      "Spearman": 0.3535456420591087,
      "n_samples": 311
    },
    "2020-08": {
      "VC@20": 0.29571870978120984,
      "VC@100": 0.6755429536679538,
      "Recall@20": 0.3,
      "Recall@100": 0.37,
      "NDCG": 0.46401331762720804,
      "VC@10": 0.052086349742599757,
      "VC@25": 0.30738416988416994,
      "VC@50": 0.5498994530244532,
      "VC@200": 0.9298121782496784,
      "Recall@10": 0.0,
      "Recall@50": 0.44,
      "Spearman": 0.339287982212501,
      "n_samples": 437
    },
    "2020-09": {
      "VC@20": 0.3593068138106671,
      "VC@100": 0.7785809977318247,
      "Recall@20": 0.3,
      "Recall@100": 0.34,
      "NDCG": 0.4068970004710208,
      "VC@10": 0.12247814725895663,
      "VC@25": 0.4271265800957674,
      "VC@50": 0.44872066957594414,
      "VC@200": 0.8136382326802932,
      "Recall@10": 0.1,
      "Recall@50": 0.3,
      "Spearman": 0.24656374512664334,
      "n_samples": 409
    },
    "2020-10": {
      "VC@20": 0.05612425758467548,
      "VC@100": 0.6918056744609129,
      "Recall@20": 0.4,
      "Recall@100": 0.37,
      "NDCG": 0.3015948798797807,
      "VC@10": 0.05301079512012414,
      "VC@25": 0.24952177751618598,
      "VC@50": 0.434180868425277,
      "VC@200": 1.0,
      "Recall@10": 0.1,
      "Recall@50": 0.26,
      "Spearman": 0.2867527186605765,
      "n_samples": 369
    },
    "2020-11": {
      "VC@20": 0.1942315741376187,
      "VC@100": 0.9162812095336945,
      "Recall@20": 0.2,
      "Recall@100": 0.41,
      "NDCG": 0.4142979724761303,
      "VC@10": 0.17274756343198,
      "VC@25": 0.19423157413761866,
      "VC@50": 0.7226453351134419,
      "VC@200": 0.9768801577109427,
      "Recall@10": 0.2,
      "Recall@50": 0.3,
      "Spearman": 0.23624346184057948,
      "n_samples": 311
    },
    "2020-12": {
      "VC@20": 0.016483201692465147,
      "VC@100": 0.931304514064576,
      "Recall@20": 0.3,
      "Recall@100": 0.46,
      "NDCG": 0.29408896438592924,
      "VC@10": 0.011450554314899596,
      "VC@25": 0.09345707595045874,
      "VC@50": 0.6113529770415995,
      "VC@200": 0.9337927948410693,
      "Recall@10": 0.1,
      "Recall@50": 0.32,
      "Spearman": 0.30519515296990507,
      "n_samples": 287
    },
    "2021-01": {
      "VC@20": 0.06591946736771696,
      "VC@100": 0.9881868879745507,
      "Recall@20": 0.4,
      "Recall@100": 0.44,
      "NDCG": 0.29410319554362674,
      "VC@10": 0.050545621417293456,
      "VC@25": 0.07971128343535379,
      "VC@50": 0.6579937621043954,
      "VC@200": 1.0,
      "Recall@10": 0.1,
      "Recall@50": 0.44,
      "Spearman": 0.3814137347332287,
      "n_samples": 264
    },
    "2021-02": {
      "VC@20": 0.4853939441172237,
      "VC@100": 0.7068300730864187,
      "Recall@20": 0.4,
      "Recall@100": 0.38,
      "NDCG": 0.6645365414694752,
      "VC@10": 0.3342088821199156,
      "VC@25": 0.5195060029139461,
      "VC@50": 0.5274334950577836,
      "VC@200": 0.9014059856099145,
      "Recall@10": 0.3,
      "Recall@50": 0.34,
      "Spearman": 0.24676178509511323,
      "n_samples": 351
    },
    "2021-03": {
      "VC@20": 0.5773534685240118,
      "VC@100": 0.6841593880395156,
      "Recall@20": 0.3,
      "Recall@100": 0.35,
      "NDCG": 0.4299182714738855,
      "VC@10": 0.5683195994919543,
      "VC@25": 0.5773534685240118,
      "VC@50": 0.6835006577010723,
      "VC@200": 0.7294728304613376,
      "Recall@10": 0.4,
      "Recall@50": 0.26,
      "Spearman": 0.1432391568939754,
      "n_samples": 320
    },
    "2021-04": {
      "VC@20": 0.25851326432646365,
      "VC@100": 0.8125641175757061,
      "Recall@20": 0.25,
      "Recall@100": 0.44,
      "NDCG": 0.5134602784256634,
      "VC@10": 0.1736567021114174,
      "VC@25": 0.38544205301751044,
      "VC@50": 0.5547885999763523,
      "VC@200": 0.9744073058354311,
      "Recall@10": 0.2,
      "Recall@50": 0.3,
      "Spearman": 0.258383630609839,
      "n_samples": 316
    },
    "2021-06": {
      "VC@20": 0.44939131699001184,
      "VC@100": 0.6666721381502712,
      "Recall@20": 0.3,
      "Recall@100": 0.41,
      "NDCG": 0.34447302620577747,
      "VC@10": 0.04405912172526822,
      "VC@25": 0.44939131699001184,
      "VC@50": 0.573527555368483,
      "VC@200": 0.9648097623773754,
      "Recall@10": 0.1,
      "Recall@50": 0.28,
      "Spearman": 0.17712465679807063,
      "n_samples": 286
    },
    "2021-07": {
      "VC@20": 0.37597214823551905,
      "VC@100": 0.5848129644955202,
      "Recall@20": 0.2,
      "Recall@100": 0.33,
      "NDCG": 0.4023510213509401,
      "VC@10": 0.3578394581975333,
      "VC@25": 0.3789112828837453,
      "VC@50": 0.4704149091994841,
      "VC@200": 0.9979151185026196,
      "Recall@10": 0.2,
      "Recall@50": 0.16,
      "Spearman": 0.18684036019429953,
      "n_samples": 306
    },
    "2021-08": {
      "VC@20": 0.648003162937811,
      "VC@100": 0.7793822968510165,
      "Recall@20": 0.35,
      "Recall@100": 0.32,
      "NDCG": 0.7090210652483787,
      "VC@10": 0.35709009721382395,
      "VC@25": 0.6488701800083725,
      "VC@50": 0.6736629610679568,
      "VC@200": 0.8477436159821389,
      "Recall@10": 0.2,
      "Recall@50": 0.32,
      "Spearman": 0.22326922104582342,
      "n_samples": 379
    },
    "2021-09": {
      "VC@20": 0.5292219694985899,
      "VC@100": 0.7315001612285398,
      "Recall@20": 0.35,
      "Recall@100": 0.36,
      "NDCG": 0.5255037013949392,
      "VC@10": 0.5202081038441645,
      "VC@25": 0.52922196949859,
      "VC@50": 0.531665501637173,
      "VC@200": 0.7599493158066729,
      "Recall@10": 0.4,
      "Recall@50": 0.26,
      "Spearman": 0.2279001656368114,
      "n_samples": 363
    },
    "2021-10": {
      "VC@20": 0.3371070178726792,
      "VC@100": 0.6660519998072755,
      "Recall@20": 0.15,
      "Recall@100": 0.38,
      "NDCG": 0.5124571486859677,
      "VC@10": 0.3371070178726792,
      "VC@25": 0.6293152703680711,
      "VC@50": 0.6521084797035069,
      "VC@200": 0.8294541632159975,
      "Recall@10": 0.3,
      "Recall@50": 0.24,
      "Spearman": 0.21370520828748144,
      "n_samples": 376
    },
    "2021-11": {
      "VC@20": 0.4120056701881199,
      "VC@100": 0.9189708878405627,
      "Recall@20": 0.35,
      "Recall@100": 0.37,
      "NDCG": 0.611629787648089,
      "VC@10": 0.40684252606271426,
      "VC@25": 0.4120056701881199,
      "VC@50": 0.9158633392394167,
      "VC@200": 0.921862997147932,
      "Recall@10": 0.3,
      "Recall@50": 0.34,