{
  "version": "v2a_fixed",
  "features": [
    "da_rank_value",
    "bf_6",
    "bf_12",
    "bf_15",
    "bfo_6",
    "bfo_12",
    "bf_combined_6",
    "bf_combined_12"
  ],
  "feature_groups": "history",
  "monotone": false,
  "feature_importance_dev_averaged": {
    "da_rank_value": 0.09991742496385743,
    "bf_6": 0.016360527582005124,
    "bf_12": 0.24041917147380187,
    "bf_15": 0.053891486906937416,
    "bfo_6": 0.04109887295668804,
    "bfo_12": 0.20950657643596135,
    "bf_combined_6": 0.015037462804302302,
    "bf_combined_12": 0.3237684768764464
  },
  "feature_importance_all_averaged": {
    "da_rank_value": 0.09365191556094275,
    "bf_6": 0.016035074488808226,
    "bf_12": 0.17187980993387833,
    "bf_15": 0.043328346349619,
    "bfo_6": 0.03243644186181305,
    "bfo_12": 0.15940472500250283,
    "bf_combined_6": 0.07067451049349201,
    "bf_combined_12": 0.41258917630894376
  },
  "feature_importance_per_split": {
    "2022-06": {
      "da_rank_value": 0.10241183590708337,
      "bf_6": 0.016240625397326663,
      "bf_12": 0.24219453199079166,
      "bf_15": 0.08433642063176168,
      "bfo_6": 0.019838771192548958,
      "bfo_12": 0.03614569808768112,
      "bf_combined_6": 0.017554584857868923,
      "bf_combined_12": 0.4812775319349376
    },
    "2023-06": {
      "da_rank_value": 0.10159210260988173,
      "bf_6": 0.01540175839368793,
      "bf_12": 0.19478980320856673,
      "bf_15": 0.0654738542764517,
      "bfo_6": 0.020029336000606662,
      "bfo_12": 0.06487698400054726,
      "bf_combined_6": 0.01344558824593595,
      "bf_combined_12": 0.524390573264322
    },
    "2024-06": {
      "da_rank_value": 0.09698939755971173,
      "bf_6": 0.017213024260566246,
      "bf_12": 0.27627922662099513,
      "bf_15": 0.025332287409526675,
      "bfo_6": 0.07156229696366602,
      "bfo_12": 0.435889373906047,
      "bf_combined_6": 0.014742350921027955,
      "bf_combined_12": 0.06199204235845929
    },
    "2025-06": {
      "da_rank_value": 0.08060076596921957,
      "bf_6": 0.015357150838669608,
      "bf_12": 0.02911129697583907,
      "bf_15": 0.021325166926118525,
      "bfo_6": 0.014392468614463728,
      "bfo_12": 0.055041820754657675,
      "bf_combined_6": 0.1865673111484015,
      "bf_combined_12": 0.5976040187726304
    }
  },
  "walltimes": {
    "2022-06": 0.43477606773376465,
    "2023-06": 0.5057015419006348,
    "2024-06": 0.6040475368499756,
    "2025-06": 0.7014195919036865
  },
  "n_train_rows": {
    "2022-06": 31375,
    "2023-06": 40375,
    "2024-06": 49821,
    "2025-06": 58363
  }
}