{
  "eval_config": {
    "eval_months": [
      "2020-07",
      "2020-08",
      "2020-09",
      "2020-10",
      "2020-11",
      "2020-12",
      "2021-01",
      "2021-02",
      "2021-03",
      "2021-04",
      "2021-07",
      "2021-08",
      "2021-09",
      "2021-10",
      "2021-11",
      "2021-12",
      "2022-01",
      "2022-02",
      "2022-03",
      "2022-04",
      "2022-07",
      "2022-08",
      "2022-09",
      "2022-10",
      "2022-11",
      "2022-12",
      "2023-01",
      "2023-02",
      "2023-03",
      "2023-04"
    ],
    "class_type": "onpeak",
    "period_type": "f1",
    "lag": 2,
    "note": "2-month production lag applied"
  },
  "per_month": {
    "2020-07": {
      "VC@20": 0.6011776143200126,
      "VC@100": 0.762960246391724,
      "Recall@20": 0.45,
      "Recall@100": 0.41,
      "NDCG": 0.8269528251224878,
      "VC@10": 0.481699180548217,
      "VC@25": 0.6121033677243527,
      "VC@50": 0.6862833365777692,
      "VC@200": 0.832656868470573,
      "Recall@10": 0.5,
      "Recall@50": 0.44,
      "Spearman": 0.2764256806992597,
      "n_samples": 403
    },
    "2020-08": {
      "VC@20": 0.6328735872325124,
      "VC@100": 0.8133363042688903,
      "Recall@20": 0.4,
      "Recall@100": 0.42,
      "NDCG": 0.772900674620586,
      "VC@10": 0.5461812553268187,
      "VC@25": 0.6415522242679574,
      "VC@50": 0.6823807385168283,
      "VC@200": 0.8827120503323428,
      "Recall@10": 0.5,
      "Recall@50": 0.46,
      "Spearman": 0.3340916879300458,
      "n_samples": 591
    },
    "2020-09": {
      "VC@20": 0.4214888531378879,
      "VC@100": 0.876857813586745,
      "Recall@20": 0.45,
      "Recall@100": 0.47,
      "NDCG": 0.6036402979274834,
      "VC@10": 0.349081896851884,
      "VC@25": 0.481961551483033,
      "VC@50": 0.6889422764523658,
      "VC@200": 0.9277850308852471,
      "Recall@10": 0.2,
      "Recall@50": 0.48,
      "Spearman": 0.2875187824491656,
      "n_samples": 720
    },
    "2020-10": {
      "VC@20": 0.3633446153582531,
      "VC@100": 0.5857654935797021,
      "Recall@20": 0.35,
      "Recall@100": 0.43,
      "NDCG": 0.6641335566472323,
      "VC@10": 0.32982726209786917,
      "VC@25": 0.36769921353381385,
      "VC@50": 0.5269702001721591,
      "VC@200": 0.6298771648190363,
      "Recall@10": 0.2,
      "Recall@50": 0.46,
      "Spearman": 0.3205502381968316,
      "n_samples": 577
    },
    "2020-11": {
      "VC@20": 0.7023560997440277,
      "VC@100": 0.9150142870087032,
      "Recall@20": 0.45,
      "Recall@100": 0.44,
      "NDCG": 0.6797084844886638,
      "VC@10": 0.3906854467849203,
      "VC@25": 0.7199813176215074,
      "VC@50": 0.7591355933759832,
      "VC@200": 0.9247582546615842,
      "Recall@10": 0.5,
      "Recall@50": 0.48,
      "Spearman": 0.32810457358874534,
      "n_samples": 404
    },
    "2020-12": {
      "VC@20": 0.46535589541355493,
      "VC@100": 0.8994943032333642,
      "Recall@20": 0.35,
      "Recall@100": 0.47,
      "NDCG": 0.6537021367873955,
      "VC@10": 0.45836322168363564,
      "VC@25": 0.46701145114483206,
      "VC@50": 0.6063306773650958,
      "VC@200": 0.9891708623320935,
      "Recall@10": 0.6,
      "Recall@50": 0.44,
      "Spearman": 0.3798293348488877,
      "n_samples": 336
    },
    "2021-01": {
      "VC@20": 0.41971149777265543,
      "VC@100": 0.9259845605775731,
      "Recall@20": 0.35,
      "Recall@100": 0.52,
      "NDCG": 0.6533528060574466,
      "VC@10": 0.2234711856009051,
      "VC@25": 0.44475210859301517,
      "VC@50": 0.6053396575541913,
      "VC@200": 0.9740648929061918,
      "Recall@10": 0.1,
      "Recall@50": 0.48,
      "Spearman": 0.41604383540053796,
      "n_samples": 351
    },
    "2021-02": {
      "VC@20": 0.39137628649667716,
      "VC@100": 0.7471167916673102,
      "Recall@20": 0.4,
      "Recall@100": 0.38,
      "NDCG": 0.5989819558943554,
      "VC@10": 0.30820359238146183,
      "VC@25": 0.39272287911047166,
      "VC@50": 0.7259804387110174,
      "VC@200": 0.8064263464529513,
      "Recall@10": 0.3,
      "Recall@50": 0.42,
      "Spearman": 0.3336884114292391,
      "n_samples": 503
    },
    "2021-03": {
      "VC@20": 0.44314878655452966,
      "VC@100": 0.6375795461113536,
      "Recall@20": 0.4,
      "Recall@100": 0.37,
      "NDCG": 0.732873682317761,
      "VC@10": 0.2919482378021757,
      "VC@25": 0.5869421363044072,
      "VC@50": 0.6180848167718258,
      "VC@200": 0.7390898854679664,
      "Recall@10": 0.3,
      "Recall@50": 0.44,
      "Spearman": 0.2449243466030626,
      "n_samples": 573
    },
    "2021-04": {
      "VC@20": 0.2999948794805501,
      "VC@100": 0.5406647198502669,
      "Recall@20": 0.3,
      "Recall@100": 0.38,
      "NDCG": 0.6003843690391211,
      "VC@10": 0.26478358927014256,
      "VC@25": 0.37380724377723146,
      "VC@50": 0.38983248258832326,
      "VC@200": 0.7630032534404922,
      "Recall@10": 0.3,
      "Recall@50": 0.4,
      "Spearman": 0.2653657145609137,
      "n_samples": 490
    },
    "2021-07": {
      "VC@20": 0.7674325970707847,
      "VC@100": 0.8821644710045256,
      "Recall@20": 0.45,
      "Recall@100": 0.41,
      "NDCG": 0.5730851482164403,
      "VC@10": 0.5391211089726975,
      "VC@25": 0.7710432247559064,
      "VC@50": 0.832822672924763,
      "VC@200": 0.9388064581096202,
      "Recall@10": 0.5,
      "Recall@50": 0.44,
      "Spearman": 0.33074601153719596,
      "n_samples": 440
    },
    "2021-08": {
      "VC@20": 0.537408121698708,
      "VC@100": 0.8357484951767402,
      "Recall@20": 0.45,
      "Recall@100": 0.46,
      "NDCG": 0.7708795474338286,
      "VC@10": 0.3489644242761948,
      "VC@25": 0.5802889887442325,
      "VC@50": 0.6205083856368776,
      "VC@200": 0.8800083803979489,
      "Recall@10": 0.2,
      "Recall@50": 0.44,
      "Spearman": 0.331229965338011,
      "n_samples": 539
    },
    "2021-09": {
      "VC@20": 0.3631951111279807,
      "VC@100": 0.6955330094369986,
      "Recall@20": 0.4,
      "Recall@100": 0.44,
      "NDCG": 0.6582716257464111,
      "VC@10": 0.2200830616967588,
      "VC@25": 0.4858911762627436,
      "VC@50": 0.6222195632028336,
      "VC@200": 0.8336781829465,
      "Recall@10": 0.4,
      "Recall@50": 0.42,
      "Spearman": 0.3396112028972014,
      "n_samples": 576
    },
    "2021-10": {
      "VC@20": 0.6563931523334369,
      "VC@100": 0.7628688482412569,
      "Recall@20": 0.2,
      "Recall@100": 0.37,
      "NDCG": 0.38889158062772206,
      "VC@10": 0.24990302495945926,
      "VC@25": 0.6679988625152237,
      "VC@50": 0.7287200900424989,
      "VC@200": 0.8529429494335895,
      "Recall@10": 0.2,
      "Recall@50": 0.38,
      "Spearman": 0.2343240680104385,
      "n_samples": 577
    },
    "2021-11": {
      "VC@20": 0.4105087164221752,
      "VC@100": 0.8341497114117808,
      "Recall@20": 0.25,
      "Recall@100": 0.35,
      "NDCG": 0.3845760566254187,
      "VC@10": 0.36668144345651194,
      "VC@25": 0.43690122352724164,
      "VC@50": 0.46565797933088043,
      "VC@200": 0.8827168978054997,
      "Recall@10": 0.2,
      "Recall@50": 0.36,
      "Spearman": 0.25690871318420694,
      "n_samples": 345
    },
    "2021-12": {
      "VC@20": 0.6879545527344825,
      "VC@100": 0.8484462150412759,
      "Recall@20": 0.4,
      "Recall@100": 0.42,
      "NDCG": 0.49700230706883336,
      "VC@10": 0.6141974041163228,
      "VC@25": 0.6977476360177834,
      "VC@50": 0.7751544161753083,
      "VC@200": 0.8735034409462336,
      "Recall@10": 0.4,
      "Recall@50": 0.5,
      "Spearman": 0.3616053694425957,
      "n_samples": 327
    },
    "2022-01": {
      "VC@20": 0.5905066373820524,
      "VC@100": 0.9119403773834129,
      "Recall@20": 0.4,
      "Recall@100": 0.46,
      "NDCG": 0.6164211081745882,
      "VC@10": 0.5536616520276637,
      "VC@25": 0.5905066373820524,
      "VC@50": 0.8785269845096317,
      "VC@200": 0.947295227801518,
      "Recall@10": 0.4,
      "Recall@50": 0.52,
      "Spearman": 0.3555832443133635,