{
  "eval_config": {
    "eval_months": [
      "2020-06",
      "2020-07",
      "2020-08",
      "2020-09",
      "2020-10",
      "2020-11",
      "2020-12",
      "2021-01",
      "2021-02",
      "2021-03",
      "2021-04",
      "2021-05",
      "2021-06",
      "2021-07",
      "2021-08",
      "2021-09",
      "2021-10",
      "2021-11",
      "2021-12",
      "2022-01",
      "2022-02",
      "2022-03",
      "2022-04",
      "2022-05",
      "2022-06",
      "2022-07",
      "2022-08",
      "2022-09",
      "2022-10",
      "2022-11",
      "2022-12",
      "2023-01",
      "2023-02",
      "2023-03",
      "2023-04",
      "2023-05"
    ],
    "class_type": "wkndonpeak",
    "period_type": "f0",
    "lag": 1,
    "variant": "v3c"
  },
  "per_month": {
    "2020-06": {
      "VC@20": 0.395906021282306,
      "VC@100": 0.9335363155642277,
      "Recall@20": 0.25,
      "Recall@100": 0.48,
      "NDCG": 0.4917269100726524,
      "VC@10": 0.1937930234076352,
      "VC@25": 0.396593307752011,
      "VC@50": 0.4723489601845337,
      "VC@200": 0.933735791848311,
      "Recall@10": 0.2,
      "Recall@50": 0.38,
      "Spearman": 0.34607282065750233,
      "n_samples": 350
    },
    "2020-07": {
      "VC@20": 0.3478835695300156,
      "VC@100": 0.7448294974338874,
      "Recall@20": 0.3,
      "Recall@100": 0.41,
      "NDCG": 0.3786426324471303,
      "VC@10": 0.06474228635122059,
      "VC@25": 0.35720027314707076,
      "VC@50": 0.3688304589605714,
      "VC@200": 0.9166909089795569,
      "Recall@10": 0.1,
      "Recall@50": 0.32,
      "Spearman": 0.3371220849686829,
      "n_samples": 305
    },
    "2020-08": {
      "VC@20": 0.4427743919892995,
      "VC@100": 0.8491592199559701,
      "Recall@20": 0.3,
      "Recall@100": 0.41,
      "NDCG": 0.4494741822587343,
      "VC@10": 0.2838266691594681,
      "VC@25": 0.4428908917597029,
      "VC@50": 0.689440436790067,
      "VC@200": 0.9146661200652237,
      "Recall@10": 0.2,
      "Recall@50": 0.4,
      "Spearman": 0.35134364057203393,
      "n_samples": 334
    },
    "2020-09": {
      "VC@20": 0.23510252279587718,
      "VC@100": 0.7295218339928367,
      "Recall@20": 0.25,
      "Recall@100": 0.41,
      "NDCG": 0.4677409900982425,
      "VC@10": 0.07437008305050284,
      "VC@25": 0.2732846395670739,
      "VC@50": 0.501254164255439,
      "VC@200": 0.9346104368362607,
      "Recall@10": 0.0,
      "Recall@50": 0.48,
      "Spearman": 0.356199689347413,
      "n_samples": 466
    },
    "2020-10": {
      "VC@20": 0.3413569488915008,
      "VC@100": 0.8140355854577879,
      "Recall@20": 0.35,
      "Recall@100": 0.3,
      "NDCG": 0.3904757603687264,
      "VC@10": 0.13787541036760834,
      "VC@25": 0.48882178900012163,
      "VC@50": 0.540615247436469,
      "VC@200": 0.8561585538848133,
      "Recall@10": 0.2,
      "Recall@50": 0.3,
      "Spearman": 0.2378460642748033,
      "n_samples": 419
    },
    "2020-11": {
      "VC@20": 0.2792551080947289,
      "VC@100": 0.6189306538587988,
      "Recall@20": 0.3,
      "Recall@100": 0.31,
      "NDCG": 0.3383967920317312,
      "VC@10": 0.2761280887582238,
      "VC@25": 0.35548636014949236,
      "VC@50": 0.38513163712215975,
      "VC@200": 1.0000000000000002,
      "Recall@10": 0.2,
      "Recall@50": 0.22,
      "Spearman": 0.2710319448576729,
      "n_samples": 379
    },
    "2020-12": {
      "VC@20": 0.30450393074106935,
      "VC@100": 0.8814770284099194,
      "Recall@20": 0.15,
      "Recall@100": 0.34,
      "NDCG": 0.42160693977004476,
      "VC@10": 0.1645924218390281,
      "VC@25": 0.31781628424969843,
      "VC@50": 0.36781796359935226,
      "VC@200": 0.9693499556354085,
      "Recall@10": 0.2,
      "Recall@50": 0.28,
      "Spearman": 0.2390389030793855,
      "n_samples": 365
    },
    "2021-01": {
      "VC@20": 0.18981447776945073,
      "VC@100": 0.9915923099276569,
      "Recall@20": 0.4,
      "Recall@100": 0.4,
      "NDCG": 0.2954074019042521,
      "VC@10": 0.010862150711958767,
      "VC@25": 0.18981447776945073,
      "VC@50": 0.6869602190171755,
      "VC@200": 0.9999999999999999,
      "Recall@10": 0.1,
      "Recall@50": 0.32,
      "Spearman": 0.32372545732188357,
      "n_samples": 286
    },
    "2021-02": {
      "VC@20": 0.38491284862849195,
      "VC@100": 0.803830427265133,
      "Recall@20": 0.35,
      "Recall@100": 0.42,
      "NDCG": 0.3226271615861877,
      "VC@10": 0.032185732062318326,
      "VC@25": 0.3941560984487905,
      "VC@50": 0.6155503363459103,
      "VC@200": 1.0,
      "Recall@10": 0.1,
      "Recall@50": 0.44,
      "Spearman": 0.36790926249501515,
      "n_samples": 327
    },
    "2021-03": {
      "VC@20": 0.3110035342724875,
      "VC@100": 0.7073118373239088,
      "Recall@20": 0.25,
      "Recall@100": 0.34,
      "NDCG": 0.393224757632704,
      "VC@10": 0.18654487530489325,
      "VC@25": 0.42541471700930866,
      "VC@50": 0.5030201540644135,
      "VC@200": 0.9675833167405048,
      "Recall@10": 0.1,
      "Recall@50": 0.36,
      "Spearman": 0.24798409147389275,
      "n_samples": 360
    },
    "2021-04": {
      "VC@20": 0.5767177271685121,
      "VC@100": 0.7151959055639464,
      "Recall@20": 0.3,
      "Recall@100": 0.25,
      "NDCG": 0.4094537475428661,
      "VC@10": 0.5542725600609478,
      "VC@25": 0.5767177271685121,
      "VC@50": 0.6884274400418657,
      "VC@200": 0.9935484666941523,
      "Recall@10": 0.4,
      "Recall@50": 0.24,
      "Spearman": 0.2332156722811256,
      "n_samples": 368
    },
    "2021-05": {
      "VC@20": 0.3515755530974713,
      "VC@100": 0.779221553996517,
      "Recall@20": 0.3,
      "Recall@100": 0.39,
      "NDCG": 0.453869366325156,
      "VC@10": 0.12650251037455562,
      "VC@25": 0.46830901489125387,
      "VC@50": 0.6951398707821128,
      "VC@200": 0.9284213614198388,
      "Recall@10": 0.1,
      "Recall@50": 0.32,
      "Spearman": 0.26405420118016354,
      "n_samples": 379
    },
    "2021-06": {
      "VC@20": 0.46333506370929683,
      "VC@100": 0.6742411514865504,
      "Recall@20": 0.45,
      "Recall@100": 0.38,
      "NDCG": 0.504808009709497,
      "VC@10": 0.21202595563945256,
      "VC@25": 0.6444082114204813,
      "VC@50": 0.646333647947145,
      "VC@200": 0.8016139688532329,
      "Recall@10": 0.4,
      "Recall@50": 0.36,
      "Spearman": 0.2598173299179415,
      "n_samples": 372
    },
    "2021-07": {
      "VC@20": 0.24953169456394536,
      "VC@100": 0.6684834404491402,
      "Recall@20": 0.25,
      "Recall@100": 0.44,
      "NDCG": 0.390167055554322,
      "VC@10": 0.2367613097937601,
      "VC@25": 0.24953169456394536,
      "VC@50": 0.48345746085469177,
      "VC@200": 0.9680137238140418,
      "Recall@10": 0.3,
      "Recall@50": 0.26,
      "Spearman": 0.18152437251052134,
      "n_samples": 307
    },
    "2021-08": {
      "VC@20": 0.5781532480832668,
      "VC@100": 0.975127753181202,
      "Recall@20": 0.3,
      "Recall@100": 0.3,
      "NDCG": 0.5064900624772395,
      "VC@10": 0.42662595749572413,
      "VC@25": 0.846512433946293,
      "VC@50": 0.955882045583589,
      "VC@200": 0.9786285561016729,
      "Recall@10": 0.2,
      "Recall@50": 0.24,
      "Spearman": 0.2580046182918855,
      "n_samples": 340
    },
    "2021-09": {
      "VC@20": 0.40518404923638335,
      "VC@100": 0.7129786752403696,
      "Recall@20": 0.35,
      "Recall@100": 0.29,
      "NDCG": 0.6955848934389395,
      "VC@10": 0.39739555054779907,
      "VC@25": 0.6253231733366467,
      "VC@50": 0.6360646976425154,
      "VC@200": 0.7676990058430762,
      "Recall@10": 0.4,
      "Recall@50": 0.26,
      "Spearman": 0.24864987734670108,
      "n_samples": 415
    },
    "2021-10": {
      "VC@20": 0.5280094759014361,
      "VC@100": 0.7407209473623575,
      "Recall@20": 0.35,
      "Recall@100": 0.31,
      "NDCG": 0.38118600269415853,
      "VC@10": 0.5275595983693143,
      "VC@25": 0.5280094759014361,
      "VC@50": 0.7050899459380373,
      "VC@200": 0.7448624927639586,