{
  "eval_config": {
    "eval_months": [
      "2020-07",
      "2020-08",
      "2020-09",
      "2020-10",
      "2020-11",
      "2020-12",
      "2021-01",
      "2021-02",
      "2021-03",
      "2021-04",
      "2021-07",
      "2021-08",
      "2021-09",
      "2021-10",
      "2021-11",
      "2021-12",
      "2022-01",
      "2022-02",
      "2022-03",
      "2022-04",
      "2022-07",
      "2022-08",
      "2022-09",
      "2022-10",
      "2022-11",
      "2022-12",
      "2023-01",
      "2023-02",
      "2023-03",
      "2023-04"
    ],
    "class_type": "offpeak",
    "period_type": "f1",
    "lag": 1,
    "note": "v11a: v10e-lag1 + bf_partial (d8 fixed window)"
  },
  "per_month": {
    "2020-07": {
      "VC@20": 0.66980920304364,
      "VC@100": 0.8453110773966704,
      "Recall@20": 0.4,
      "Recall@100": 0.41,
      "NDCG": 0.7776657797578983,
      "VC@10": 0.5918166431798861,
      "VC@25": 0.7137677767245382,
      "VC@50": 0.7938075085588883,
      "VC@200": 0.9688703412959283,
      "Recall@10": 0.4,
      "Recall@50": 0.54,
      "Spearman": 0.3749971480808108,
      "n_samples": 386
    },
    "2020-08": {
      "VC@20": 0.6975411585004455,
      "VC@100": 0.895503097259713,
      "Recall@20": 0.5,
      "Recall@100": 0.36,
      "NDCG": 0.5954601942833451,
      "VC@10": 0.3447963666044619,
      "VC@25": 0.6990484351133405,
      "VC@50": 0.8629453940750726,
      "VC@200": 0.9922124493244964,
      "Recall@10": 0.6,
      "Recall@50": 0.48,
      "Spearman": 0.35896279627181216,
      "n_samples": 567
    },
    "2020-09": {
      "VC@20": 0.43170374197754063,
      "VC@100": 0.7158565648186932,
      "Recall@20": 0.35,
      "Recall@100": 0.42,
      "NDCG": 0.8188705825390502,
      "VC@10": 0.3927102192750812,
      "VC@25": 0.441726946395148,
      "VC@50": 0.6225875357036174,
      "VC@200": 0.833465167369771,
      "Recall@10": 0.3,
      "Recall@50": 0.44,
      "Spearman": 0.326900418847643,
      "n_samples": 696
    },
    "2020-10": {
      "VC@20": 0.5202157749944245,
      "VC@100": 0.6829903312606223,
      "Recall@20": 0.35,
      "Recall@100": 0.37,
      "NDCG": 0.563739461173915,
      "VC@10": 0.42909416513679177,
      "VC@25": 0.5318830487056462,
      "VC@50": 0.649956981301451,
      "VC@200": 0.7746988034126941,
      "Recall@10": 0.3,
      "Recall@50": 0.48,
      "Spearman": 0.3557831812300211,
      "n_samples": 557
    },
    "2020-11": {
      "VC@20": 0.4377100715560811,
      "VC@100": 0.8361751375660221,
      "Recall@20": 0.3,
      "Recall@100": 0.37,
      "NDCG": 0.749896944489362,
      "VC@10": 0.39176996317630686,
      "VC@25": 0.539323429472004,
      "VC@50": 0.7365740330225373,
      "VC@200": 0.9309115537055406,
      "Recall@10": 0.3,
      "Recall@50": 0.48,
      "Spearman": 0.32417066433892594,
      "n_samples": 408
    },
    "2020-12": {
      "VC@20": 0.37179904172851613,
      "VC@100": 0.8915049543326055,
      "Recall@20": 0.3,
      "Recall@100": 0.46,
      "NDCG": 0.5347829559049656,
      "VC@10": 0.2769966938077516,
      "VC@25": 0.3717990417285161,
      "VC@50": 0.7496165583831539,
      "VC@200": 0.9863402537578844,
      "Recall@10": 0.4,
      "Recall@50": 0.46,
      "Spearman": 0.35261801749643107,
      "n_samples": 326
    },
    "2021-01": {
      "VC@20": 0.47015777779905954,
      "VC@100": 0.9658599967438876,
      "Recall@20": 0.35,
      "Recall@100": 0.43,
      "NDCG": 0.6627079187742515,
      "VC@10": 0.36743140616171377,
      "VC@25": 0.4731849567607427,
      "VC@50": 0.7592855227496911,
      "VC@200": 0.987580852143767,
      "Recall@10": 0.3,
      "Recall@50": 0.44,
      "Spearman": 0.41047733871569225,
      "n_samples": 332
    },
    "2021-02": {
      "VC@20": 0.6252254699498591,
      "VC@100": 0.7723835747484241,
      "Recall@20": 0.35,
      "Recall@100": 0.39,
      "NDCG": 0.5721536133227193,
      "VC@10": 0.21259080351603024,
      "VC@25": 0.653184258210296,
      "VC@50": 0.763841109814137,
      "VC@200": 0.8585691369397648,
      "Recall@10": 0.3,
      "Recall@50": 0.5,
      "Spearman": 0.32474505040326596,
      "n_samples": 497
    },
    "2021-03": {
      "VC@20": 0.3944974968618624,
      "VC@100": 0.568191923122397,
      "Recall@20": 0.4,
      "Recall@100": 0.43,
      "NDCG": 0.5662380810394392,
      "VC@10": 0.272281197763694,
      "VC@25": 0.44710653645859755,
      "VC@50": 0.5555168799038044,
      "VC@200": 0.7523896012116735,
      "Recall@10": 0.3,
      "Recall@50": 0.52,
      "Spearman": 0.2960578935833442,
      "n_samples": 545
    },
    "2021-04": {
      "VC@20": 0.3086336461315871,
      "VC@100": 0.6864257506270731,
      "Recall@20": 0.35,
      "Recall@100": 0.44,
      "NDCG": 0.4484306136900136,
      "VC@10": 0.20950827245359285,
      "VC@25": 0.3358361827253928,
      "VC@50": 0.38630569726132424,
      "VC@200": 0.8463626650834998,
      "Recall@10": 0.4,
      "Recall@50": 0.42,
      "Spearman": 0.29303324234472305,
      "n_samples": 471
    },
    "2021-07": {
      "VC@20": 0.8949936414809874,
      "VC@100": 0.9262037085788317,
      "Recall@20": 0.55,
      "Recall@100": 0.42,
      "NDCG": 0.911358746812412,
      "VC@10": 0.6941561962797379,
      "VC@25": 0.9096684846125377,
      "VC@50": 0.9222606197259746,
      "VC@200": 0.9463069283453133,
      "Recall@10": 0.6,
      "Recall@50": 0.48,
      "Spearman": 0.2984144639996485,
      "n_samples": 428
    },
    "2021-08": {
      "VC@20": 0.5246173015424547,
      "VC@100": 0.8720616719812536,
      "Recall@20": 0.5,
      "Recall@100": 0.43,
      "NDCG": 0.8276599070219602,
      "VC@10": 0.47860434607277563,
      "VC@25": 0.6656488576765373,
      "VC@50": 0.8698965623187066,
      "VC@200": 0.9139078090971291,
      "Recall@10": 0.5,
      "Recall@50": 0.54,
      "Spearman": 0.3715425633959464,
      "n_samples": 522
    },
    "2021-09": {
      "VC@20": 0.5179407962319769,
      "VC@100": 0.8119206894052003,
      "Recall@20": 0.45,
      "Recall@100": 0.42,
      "NDCG": 0.6507621276844195,
      "VC@10": 0.31758560226425586,
      "VC@25": 0.5934526422286257,
      "VC@50": 0.6765911871786223,
      "VC@200": 0.8751381413444849,
      "Recall@10": 0.5,
      "Recall@50": 0.46,
      "Spearman": 0.3746448740996187,
      "n_samples": 557
    },
    "2021-10": {
      "VC@20": 0.6808455354482917,
      "VC@100": 0.882550863611826,
      "Recall@20": 0.4,
      "Recall@100": 0.37,
      "NDCG": 0.3922382696869196,
      "VC@10": 0.04234204588980801,
      "VC@25": 0.6924292498527234,
      "VC@50": 0.7355667221613702,
      "VC@200": 0.9410372273703685,
      "Recall@10": 0.2,
      "Recall@50": 0.42,
      "Spearman": 0.24004788969048654,
      "n_samples": 567
    },
    "2021-11": {
      "VC@20": 0.631849890081874,
      "VC@100": 0.7745182180854259,
      "Recall@20": 0.45,
      "Recall@100": 0.34,
      "NDCG": 0.6371854017799653,
      "VC@10": 0.5858415953175137,
      "VC@25": 0.631849890081874,
      "VC@50": 0.7710116728575397,
      "VC@200": 0.8245901877045594,
      "Recall@10": 0.4,
      "Recall@50": 0.38,
      "Spearman": 0.20833543617656777,
      "n_samples": 332
    },
    "2021-12": {
      "VC@20": 0.3693559046597512,
      "VC@100": 0.6033809553049093,
      "Recall@20": 0.35,
      "Recall@100": 0.3,
      "NDCG": 0.6394331969368172,
      "VC@10": 0.27820371068084127,
      "VC@25": 0.3805274666462596,
      "VC@50": 0.5540310471574954,
      "VC@200": 0.6669501015960921,
      "Recall@10": 0.3,
      "Recall@50": 0.44,
      "Spearman": 0.2512749766714926,
      "n_samples": 313
    },
    "2022-01": {
      "VC@20": 0.676951869091607,
      "VC@100": 0.73687334822706,
      "Recall@20": 0.55,
      "Recall@100": 0.38,
      "NDCG": 0.5840615701719142,
      "VC@10": 0.6185996297895862,
      "VC@25": 0.6836724855283808,
      "VC@50": 0.7116828667047007,
      "VC@200": 0.839032338759413,
      "Recall@10": 0.4,
      "Recall@50": 0.42,
      "Spearman": 0.3228807159716215,