{
  "version": "v16_champion",
  "variant": "backfill+offpeak",
  "features": [
    "shadow_price_da",
    "da_rank_value",
    "bf_6",
    "bf_12",
    "bf_15",
    "bfo_6",
    "bfo_12"
  ],
  "monotone_constraints": [
    1,
    -1,
    1,
    1,
    1,
    1,
    1
  ],
  "use_backfill": true,
  "use_offpeak": true,
  "floor_month": "2017-04",
  "hyperparams": {
    "n_estimators": 200,
    "learning_rate": 0.03,
    "num_leaves": 31,
    "subsample": 0.8,
    "colsample_bytree": 0.8,
    "label_mode": "tiered",
    "backend": "lightgbm",
    "num_threads": 4
  },
  "holdout_mean": {
    "VC@20": 0.3919607631025754,
    "VC@50": 0.5935113654052822,
    "VC@100": 0.7152703844068481,
    "Recall@20": 0.3666666666666667,
    "Recall@50": 0.48,
    "Recall@100": 0.5766666666666667,
    "NDCG": 0.7093157570931025,
    "Spearman": 0.5794081709451678,
    "Tier0-AP": 0.5638375734348707,
    "Tier01-AP": 0.7227535359887401
  },
  "holdout_bottom2": {
    "VC@20": 0.34438337303979416,
    "VC@50": 0.5789290726571141,
    "VC@100": 0.702495036792474,
    "Recall@20": 0.35,
    "Recall@50": 0.45,
    "Recall@100": 0.54,
    "NDCG": 0.6336749843805222,
    "Spearman": 0.5786568392428626,
    "Tier0-AP": 0.5179778111600389,
    "Tier01-AP": 0.7027999550295804
  },
  "holdout_per_group": {
    "2025-06/aq1": {
      "VC@20": 0.38578944924450936,
      "VC@100": 0.738536643519588,
      "Recall@20": 0.4,
      "Recall@100": 0.55,
      "NDCG": 0.675531743950944,
      "VC@10": 0.15246269329906603,
      "VC@25": 0.42978278002794684,
      "VC@50": 0.5521092687091078,
      "VC@200": 0.9600575237732623,
      "Recall@10": 0.2,
      "Recall@50": 0.4,
      "Spearman": 0.5805226634862078,
      "Tier0-AP": 0.5470086705799388,
      "Tier01-AP": 0.7047602525203711,
      "n_samples": 395
    },
    "2025-06/aq2": {
      "VC@20": 0.3029772968350789,
      "VC@100": 0.7408210796355962,
      "Recall@20": 0.35,
      "Recall@100": 0.53,
      "NDCG": 0.5918182248101004,
      "VC@10": 0.05564990548722119,
      "VC@25": 0.3763940208923278,
      "VC@50": 0.6226759509016182,
      "VC@200": 0.9084302314462561,
      "Recall@10": 0.0,
      "Recall@50": 0.5,
      "Spearman": 0.5809108343497785,
      "Tier0-AP": 0.488946951740139,
      "Tier01-AP": 0.7008396575387896,
      "n_samples": 385
    },
    "2025-06/aq3": {
      "VC@20": 0.4871155432281378,
      "VC@100": 0.6664534300653601,
      "Recall@20": 0.35,
      "Recall@100": 0.65,
      "NDCG": 0.860597302518263,
      "VC@10": 0.40240522767488274,
      "VC@25": 0.5121629230771246,
      "VC@50": 0.6057488766051204,
      "VC@200": 0.9990356416562549,
      "Recall@10": 0.6,
      "Recall@50": 0.54,
      "Spearman": 0.5767910149995173,
      "Tier0-AP": 0.6555570979845343,
      "Tier01-AP": 0.7626606979070598,
      "n_samples": 286
    }
  },
  "feature_importance": {
    "shadow_price_da": 208.8177594388835,
    "da_rank_value": 1276.5378074431428,
    "bf_6": 301.38182647526264,
    "bf_12": 104.22818817048963,
    "bf_15": 438.04391155373014,
    "bfo_6": 241.38193507061987,
    "bfo_12": 1029.5860759007046
  }
}