{
  "eval_config": {
    "eval_months": [
      "2020-09",
      "2020-12",
      "2021-03",
      "2021-06",
      "2021-09",
      "2021-12",
      "2022-03",
      "2022-06",
      "2022-09",
      "2022-12",
      "2023-03",
      "2023-05"
    ],
    "class_type": "onpeak",
    "period_type": "f0",
    "train_months": 8,
    "val_months": 0,
    "mode": "eval"
  },
  "per_month": {
    "2020-09": {
      "VC@20": 0.48399886003321185,
      "VC@100": 0.6902384938896892,
      "Recall@20": 0.3,
      "Recall@100": 0.22,
      "NDCG": 0.6807436304431407,
      "VC@10": 0.4678977090136731,
      "VC@25": 0.4839988600332119,
      "VC@50": 0.6656577295806717,
      "VC@200": 0.8762753923118944,
      "Recall@10": 0.4,
      "Recall@50": 0.3,
      "Spearman": 0.18447307886932365,
      "Tier0-AP": 1.0,
      "Tier01-AP": 1.0,
      "n_samples": 715
    },
    "2020-12": {
      "VC@20": 0.7077974279569827,
      "VC@100": 0.8524642770901999,
      "Recall@20": 0.45,
      "Recall@100": 0.33,
      "NDCG": 0.6517943690756339,
      "VC@10": 0.2690281125731385,
      "VC@25": 0.7177058807181338,
      "VC@50": 0.7723690671831962,
      "VC@200": 0.9364318907553802,
      "Recall@10": 0.3,
      "Recall@50": 0.4,
      "Spearman": 0.24098712902062291,
      "Tier0-AP": 1.0,
      "Tier01-AP": 1.0,
      "n_samples": 550
    },
    "2021-03": {
      "VC@20": 0.25937556567030523,
      "VC@100": 0.6519267484133793,
      "Recall@20": 0.3,
      "Recall@100": 0.25,
      "NDCG": 0.505515471617092,
      "VC@10": 0.24665773817022027,
      "VC@25": 0.2602340749439931,
      "VC@50": 0.594508068365775,
      "VC@200": 0.876953461979181,
      "Recall@10": 0.4,
      "Recall@50": 0.28,
      "Spearman": 0.17516829259272057,
      "Tier0-AP": 0.9999999999999999,
      "Tier01-AP": 0.9999999999999999,
      "n_samples": 669
    },
    "2021-06": {
      "VC@20": 0.13817189686631742,
      "VC@100": 0.5519710223128477,
      "Recall@20": 0.2,
      "Recall@100": 0.29,
      "NDCG": 0.3308819954873051,
      "VC@10": 0.04459211098506286,
      "VC@25": 0.14399168617519792,
      "VC@50": 0.4599941705933915,
      "VC@200": 0.9060421372061979,
      "Recall@10": 0.1,
      "Recall@50": 0.28,
      "Spearman": 0.2567082049310136,
      "Tier0-AP": 1.0,
      "Tier01-AP": 1.0,
      "n_samples": 556
    },
    "2021-09": {
      "VC@20": 0.5239651557313363,
      "VC@100": 0.7513526369232101,
      "Recall@20": 0.3,
      "Recall@100": 0.25,
      "NDCG": 0.8031298743483904,
      "VC@10": 0.39081596638767835,
      "VC@25": 0.6037327501952691,
      "VC@50": 0.6818069832346777,
      "VC@200": 0.8318533201209686,
      "Recall@10": 0.3,
      "Recall@50": 0.24,
      "Spearman": 0.21890874282368294,
      "Tier0-AP": 1.0,
      "Tier01-AP": 1.0,
      "n_samples": 621
    },
    "2021-12": {
      "VC@20": 0.404711488403996,
      "VC@100": 0.6599552488359044,
      "Recall@20": 0.2,
      "Recall@100": 0.23,
      "NDCG": 0.7409660545290038,
      "VC@10": 0.32152486038825917,
      "VC@25": 0.5340332167908224,
      "VC@50": 0.5378820199219538,
      "VC@200": 0.860068866908066,
      "Recall@10": 0.1,
      "Recall@50": 0.12,
      "Spearman": 0.10029651590210212,
      "Tier0-AP": 1.0,
      "Tier01-AP": 1.0,
      "n_samples": 448
    },
    "2022-03": {
      "VC@20": 0.3434000884397321,
      "VC@100": 0.6274753388045354,
      "Recall@20": 0.2,
      "Recall@100": 0.29,
      "NDCG": 0.6761269556044521,
      "VC@10": 0.14501193815398278,
      "VC@25": 0.3434000884397321,
      "VC@50": 0.407337649970282,
      "VC@200": 0.7127720309324082,
      "Recall@10": 0.1,
      "Recall@50": 0.22,
      "Spearman": 0.20904518217539902,
      "Tier0-AP": 1.0,
      "Tier01-AP": 1.0,
      "n_samples": 717
    },
    "2022-06": {
      "VC@20": 0.05678230179574789,
      "VC@100": 0.5710294520375065,
      "Recall@20": 0.05,
      "Recall@100": 0.22,
      "NDCG": 0.34874559101433356,
      "VC@10": 0.05321546446196776,
      "VC@25": 0.21775315119954078,
      "VC@50": 0.3031933762853351,
      "VC@200": 0.9375536288184378,
      "Recall@10": 0.1,
      "Recall@50": 0.24,
      "Spearman": 0.1720258470166611,
      "Tier0-AP": 0.9999999999999999,
      "Tier01-AP": 0.9999999999999999,
      "n_samples": 578
    },
    "2022-09": {
      "VC@20": 0.14888083365964264,
      "VC@100": 0.593497862480067,
      "Recall@20": 0.15,
      "Recall@100": 0.33,
      "NDCG": 0.5978041564420509,
      "VC@10": 0.1456036720210568,
      "VC@25": 0.14888083365964264,
      "VC@50": 0.31910586979091293,
      "VC@200": 0.8342784765673531,
      "Recall@10": 0.2,
      "Recall@50": 0.18,
      "Spearman": 0.22540892504336105,
      "Tier0-AP": 1.0,
      "Tier01-AP": 1.0,
      "n_samples": 600
    },
    "2022-12": {
      "VC@20": 0.18529599491244472,
      "VC@100": 0.4133101106191089,
      "Recall@20": 0.15,
      "Recall@100": 0.19,
      "NDCG": 0.4073271075993382,
      "VC@10": 0.11358678298845369,
      "VC@25": 0.22989390626365383,
      "VC@50": 0.36174618242301476,
      "VC@200": 0.7990410330342225,
      "Recall@10": 0.1,
      "Recall@50": 0.24,
      "Spearman": 0.15051292833124635,
      "Tier0-AP": 1.0,
      "Tier01-AP": 1.0,
      "n_samples": 525
    },
    "2023-03": {
      "VC@20": 0.16368138027563225,
      "VC@100": 0.2610301859983671,
      "Recall@20": 0.25,
      "Recall@100": 0.21,
      "NDCG": 0.29553960624093756,
      "VC@10": 0.10756974834169605,
      "VC@25": 0.16482882532587995,
      "VC@50": 0.19663519322402837,
      "VC@200": 0.6990145291437794,
      "Recall@10": 0.2,
      "Recall@50": 0.28,
      "Spearman": 0.146724129349713,
      "Tier0-AP": 1.0,
      "Tier01-AP": 1.0,
      "n_samples": 780
    },
    "2023-05": {
      "VC@20": 0.13810216618351775,
      "VC@100": 0.6372393213111333,
      "Recall@20": 0.2,
      "Recall@100": 0.28,
      "NDCG": 0.4715538553455085,
      "VC@10": 0.0973171774361345,
      "VC@25": 0.37720360699731686,
      "VC@50": 0.5080718598252527,
      "VC@200": 0.8040038205278172,
      "Recall@10": 0.2,
      "Recall@50": 0.3,
      "Spearman": 0.25009324768549646,
      "Tier0-AP": 1.0,
      "Tier01-AP": 1.0,
      "n_samples": 655
    }
  },
  "aggregate": {
    "mean": {
      "VC@20": 0.2961802633274056,
      "VC@100": 0.6051242248929957,
      "Recall@20": 0.22916666666666666,
      "Recall@100": 0.2575,
      "NDCG": 0.5425107223122655,
      "VC@10": 0.20023510674344366,
      "VC@25": 0.35213807339519954,
      "VC@50": 0.484025680866541,
      "VC@200": 0.8395240490254756,
      "Recall@10": 0.20833333333333337,
      "Recall@50": 0.25666666666666665,
      "Spearman": 0.19419601864511185,
      "Tier0-AP": 1.0,
      "Tier01-AP": 1.0,
      "n_samples": 617.8333333333334
    },
    "std": {
      "VC@20": 0.18946611543795452,
      "VC@100": 0.14601609746280728,
      "Recall@20": 0.09673488971869916,
      "Recall@100": 0.04437059837324712,
      "NDCG": 0.16514470594479838,
      "VC@10": 0.1316952560522393,
      "VC@25": 0.18468213995427119,
      "VC@50": 0.1670423192903293,
      "VC@200": 0.07382141326892626,
      "Recall@10": 0.11149240133549711,
      "Recall@50": 0.06624868971450597,
      "Spearman": 0.04560168059145665,
      "Tier0-AP": 4.5324665183683945e-17,
      "Tier01-AP": 4.5324665183683945e-17,
      "n_samples": 90.0803653535121
    },
    "min": {
      "VC@20": 0.05678230179574789,
      "VC@100": 0.2610301859983671,
      "Recall@20": 0.05,
      "Recall@100": 0.19,
      "NDCG": 0.29553960624093756,
      "VC@10": 0.04459211098506286,
      "VC@25": 0.14399168617519792,
      "VC@50": 0.19663519322402837,
      "VC@200": 0.6990145291437794,
      "Recall@10": 0.1,
      "Recall@50": 0.12,
      "Spearman": 0.10029651590210212,
      "Tier0-AP": 0.9999999999999999,
      "Tier01-AP": 0.9999999999999999,
      "n_samples": 448.0
    },
    "max": {
      "VC@20": 0.7077974279569827,
      "VC@100": 0.8524642770901999,
      "Recall@20": 0.45,