{
  "eval_config": {
    "eval_months": [
      "2020-06",
      "2020-07",
      "2020-08",
      "2020-09",
      "2020-10",
      "2020-11",
      "2020-12",
      "2021-01",
      "2021-02",
      "2021-03",
      "2021-04",
      "2021-05",
      "2021-06",
      "2021-07",
      "2021-08",
      "2021-09",
      "2021-10",
      "2021-11",
      "2021-12",
      "2022-01",
      "2022-02",
      "2022-03",
      "2022-04",
      "2022-05",
      "2022-06",
      "2022-07",
      "2022-08",
      "2022-09",
      "2022-10",
      "2022-11",
      "2022-12",
      "2023-01",
      "2023-02",
      "2023-03",
      "2023-04",
      "2023-05"
    ],
    "class_type": "dailyoffpeak",
    "period_type": "f0",
    "lag": 1,
    "variant": "v3b"
  },
  "per_month": {
    "2020-06": {
      "VC@20": 0.0444330755786988,
      "VC@100": 0.973453879516816,
      "Recall@20": 0.35,
      "Recall@100": 0.42,
      "NDCG": 0.19299863633005174,
      "VC@10": 0.04285374461110333,
      "VC@25": 0.047550462014048875,
      "VC@50": 0.052884777269799475,
      "VC@200": 0.9965247115331349,
      "Recall@10": 0.4,
      "Recall@50": 0.38,
      "Spearman": 0.2871169481783544,
      "n_samples": 315
    },
    "2020-07": {
      "VC@20": 0.7491713574048287,
      "VC@100": 0.8894816325730088,
      "Recall@20": 0.4,
      "Recall@100": 0.44,
      "NDCG": 0.5019271421708746,
      "VC@10": 0.7261458803224351,
      "VC@25": 0.7715103850000979,
      "VC@50": 0.7731382509267067,
      "VC@200": 0.8894816325730088,
      "Recall@10": 0.5,
      "Recall@50": 0.3,
      "Spearman": 0.25840217987640784,
      "n_samples": 278
    },
    "2020-08": {
      "VC@20": 0.04487693526910096,
      "VC@100": 0.9414167920828814,
      "Recall@20": 0.5,
      "Recall@100": 0.4,
      "NDCG": 0.21394428130006324,
      "VC@10": 0.025284446664107927,
      "VC@25": 0.04526679541013623,
      "VC@50": 0.9406895012680535,
      "VC@200": 0.9877469646363242,
      "Recall@10": 0.3,
      "Recall@50": 0.42,
      "Spearman": 0.33453809730555367,
      "n_samples": 305
    },
    "2020-09": {
      "VC@20": 0.13581080671218834,
      "VC@100": 0.8809332683601482,
      "Recall@20": 0.3,
      "Recall@100": 0.39,
      "NDCG": 0.2760841636182615,
      "VC@10": 0.10061407747850121,
      "VC@25": 0.13754162765916578,
      "VC@50": 0.24256768096278938,
      "VC@200": 0.9935154874100973,
      "Recall@10": 0.1,
      "Recall@50": 0.32,
      "Spearman": 0.26782438390746727,
      "n_samples": 433
    },
    "2020-10": {
      "VC@20": 0.09629803997006507,
      "VC@100": 0.9633448837658631,
      "Recall@20": 0.25,
      "Recall@100": 0.33,
      "NDCG": 0.258524531007766,
      "VC@10": 0.09090840059836135,
      "VC@25": 0.09653596706818975,
      "VC@50": 0.11315627169924666,
      "VC@200": 0.9780718961692896,
      "Recall@10": 0.3,
      "Recall@50": 0.26,
      "Spearman": 0.2153419376730356,
      "n_samples": 398
    },
    "2020-11": {
      "VC@20": 0.6469430445481565,
      "VC@100": 0.8332631186753537,
      "Recall@20": 0.25,
      "Recall@100": 0.44,
      "NDCG": 0.307794042441926,
      "VC@10": 0.07289072935171577,
      "VC@25": 0.6469430445481565,
      "VC@50": 0.7210525867201759,
      "VC@200": 0.8382199488366485,
      "Recall@10": 0.2,
      "Recall@50": 0.36,
      "Spearman": 0.2675898225496232,
      "n_samples": 353
    },
    "2020-12": {
      "VC@20": 0.3821422171540279,
      "VC@100": 0.687052863077299,
      "Recall@20": 0.25,
      "Recall@100": 0.43,
      "NDCG": 0.39558741076503684,
      "VC@10": 0.28022024924655864,
      "VC@25": 0.3862236702777552,
      "VC@50": 0.4899294615948522,
      "VC@200": 0.8584729168363606,
      "Recall@10": 0.2,
      "Recall@50": 0.36,
      "Spearman": 0.2963322508589242,
      "n_samples": 346
    },
    "2021-01": {
      "VC@20": 0.08953821922399019,
      "VC@100": 0.4425546428977477,
      "Recall@20": 0.4,
      "Recall@100": 0.44,
      "NDCG": 0.21448164955203539,
      "VC@10": 0.05063296413649667,
      "VC@25": 0.09394994979026199,
      "VC@50": 0.12773035912314212,
      "VC@200": 0.518748143549254,
      "Recall@10": 0.1,
      "Recall@50": 0.3,
      "Spearman": 0.2977523707360296,
      "n_samples": 284
    },
    "2021-02": {
      "VC@20": 0.28953511157253503,
      "VC@100": 0.5832642916321459,
      "Recall@20": 0.15,
      "Recall@100": 0.42,
      "NDCG": 0.3279828846172923,
      "VC@10": 0.008441995230679495,
      "VC@25": 0.38025819877363604,
      "VC@50": 0.5447281361261704,
      "VC@200": 0.8817656569962449,
      "Recall@10": 0.0,
      "Recall@50": 0.4,
      "Spearman": 0.3213873162013546,
      "n_samples": 317
    },
    "2021-03": {
      "VC@20": 0.20631892016755904,
      "VC@100": 0.446691548121686,
      "Recall@20": 0.3,
      "Recall@100": 0.42,
      "NDCG": 0.2516474933500188,
      "VC@10": 0.03264217210124281,
      "VC@25": 0.23583802862721004,
      "VC@50": 0.3545915192578008,
      "VC@200": 0.5376180264351269,
      "Recall@10": 0.1,
      "Recall@50": 0.4,
      "Spearman": 0.331792912981092,
      "n_samples": 345
    },
    "2021-04": {
      "VC@20": 0.3150837362286892,
      "VC@100": 0.7349126714459197,
      "Recall@20": 0.2,
      "Recall@100": 0.44,
      "NDCG": 0.45572176049373453,
      "VC@10": 0.21047872554809247,
      "VC@25": 0.32015504826858676,
      "VC@50": 0.55935134869914,
      "VC@200": 0.9857577440897483,
      "Recall@10": 0.2,
      "Recall@50": 0.42,
      "Spearman": 0.3480846681630649,
      "n_samples": 348
    },
    "2021-05": {
      "VC@20": 0.33430962458353247,
      "VC@100": 0.6429907430235232,
      "Recall@20": 0.2,
      "Recall@100": 0.4,
      "NDCG": 0.3892012824736138,
      "VC@10": 0.33430962458353247,
      "VC@25": 0.3680236954356949,
      "VC@50": 0.41859962233849873,
      "VC@200": 0.7574681804345998,
      "Recall@10": 0.3,
      "Recall@50": 0.28,
      "Spearman": 0.23162105507729217,
      "n_samples": 360
    },
    "2021-06": {
      "VC@20": 0.26955817405712384,
      "VC@100": 0.988925093471472,
      "Recall@20": 0.25,
      "Recall@100": 0.36,
      "NDCG": 0.40372129181591354,
      "VC@10": 0.2212301892835804,
      "VC@25": 0.3760047798261769,
      "VC@50": 0.8190287590314691,
      "VC@200": 1.0,
      "Recall@10": 0.1,
      "Recall@50": 0.32,
      "Spearman": 0.3272802479429227,
      "n_samples": 337
    },
    "2021-07": {
      "VC@20": 0.2811418966545573,
      "VC@100": 0.9897250989535328,
      "Recall@20": 0.2,
      "Recall@100": 0.37,
      "NDCG": 0.3722136098107095,
      "VC@10": 0.10020604023206635,
      "VC@25": 0.30016808545247514,
      "VC@50": 0.5873827468416203,
      "VC@200": 1.0000000000000002,
      "Recall@10": 0.2,
      "Recall@50": 0.28,
      "Spearman": 0.2781895414888728,
      "n_samples": 268
    },
    "2021-08": {
      "VC@20": 0.47090507430072026,
      "VC@100": 0.5180157083367277,
      "Recall@20": 0.3,
      "Recall@100": 0.33,
      "NDCG": 0.2834581114882816,
      "VC@10": 0.4672822852323425,
      "VC@25": 0.47090507430072026,
      "VC@50": 0.4793678328916662,
      "VC@200": 0.5180157083367277,
      "Recall@10": 0.2,
      "Recall@50": 0.28,
      "Spearman": 0.1575373286275441,
      "n_samples": 298
    },
    "2021-09": {
      "VC@20": 0.12803727687149966,
      "VC@100": 0.2613062654678085,
      "Recall@20": 0.3,
      "Recall@100": 0.35,
      "NDCG": 0.22342922627559633,
      "VC@10": 0.12207865807570199,
      "VC@25": 0.12803727687149966,
      "VC@50": 0.25041948595554964,
      "VC@200": 0.9652612456898787,
      "Recall@10": 0.3,
      "Recall@50": 0.3,
      "Spearman": 0.24900123288654066,
      "n_samples": 380
    },
    "2021-10": {
      "VC@20": 0.03327430006832543,
      "VC@100": 0.2320213601364613,
      "Recall@20": 0.3,
      "Recall@100": 0.36,
      "NDCG": 0.16822941079901477,
      "VC@10": 0.0152914090291625,
      "VC@25": 0.03327430006832543,
      "VC@50": 0.23142870443959326,