{
  "eval_config": {
    "eval_months": [
      "2020-09",
      "2020-12",
      "2021-03",
      "2021-06",
      "2021-09",
      "2021-12",
      "2022-03",
      "2022-06",
      "2022-09",
      "2022-12",
      "2023-03",
      "2023-05"
    ],
    "class_type": "onpeak",
    "period_type": "f0",
    "train_months": 8,
    "val_months": 0,
    "mode": "eval"
  },
  "per_month": {
    "2020-09": {
      "VC@20": 0.20107953279461727,
      "VC@100": 0.262535423898125,
      "Recall@20": 0.1,
      "Recall@100": 0.18,
      "NDCG": 0.49467111050669893,
      "VC@10": 0.1910260547437124,
      "VC@25": 0.20620929954470882,
      "VC@50": 0.23654637659578806,
      "VC@200": 0.6374214293142242,
      "Recall@10": 0.2,
      "Recall@50": 0.16,
      "Spearman": 0.06485265682423554,
      "Tier0-AP": 1.0,
      "Tier01-AP": 1.0,
      "n_samples": 715
    },
    "2020-12": {
      "VC@20": 0.11400825122248447,
      "VC@100": 0.3869370459040351,
      "Recall@20": 0.1,
      "Recall@100": 0.2,
      "NDCG": 0.2825758209041536,
      "VC@10": 0.07257003271313092,
      "VC@25": 0.11698683202130081,
      "VC@50": 0.16568020462495398,
      "VC@200": 0.7927075812040131,
      "Recall@10": 0.1,
      "Recall@50": 0.14,
      "Spearman": 0.09866641354631572,
      "Tier0-AP": 1.0000000000000002,
      "Tier01-AP": 1.0000000000000002,
      "n_samples": 550
    },
    "2021-03": {
      "VC@20": 0.10179774752111165,
      "VC@100": 0.33084378116253543,
      "Recall@20": 0.05,
      "Recall@100": 0.16,
      "NDCG": 0.4171303741155731,
      "VC@10": 0.10179774752111165,
      "VC@25": 0.1846067665830108,
      "VC@50": 0.23608547709127242,
      "VC@200": 0.6463508034358,
      "Recall@10": 0.1,
      "Recall@50": 0.12,
      "Spearman": 0.08159409765449183,
      "Tier0-AP": 1.0,
      "Tier01-AP": 1.0,
      "n_samples": 669
    },
    "2021-06": {
      "VC@20": 0.04923110961350363,
      "VC@100": 0.19608127096533162,
      "Recall@20": 0.1,
      "Recall@100": 0.24,
      "NDCG": 0.25734041171201816,
      "VC@10": 0.034584878165096575,
      "VC@25": 0.04923110961350363,
      "VC@50": 0.1274495236790639,
      "VC@200": 0.3253705484496659,
      "Recall@10": 0.1,
      "Recall@50": 0.1,
      "Spearman": 0.07093177633265275,
      "Tier0-AP": 0.9999999999999999,
      "Tier01-AP": 0.9999999999999999,
      "n_samples": 556
    },
    "2021-09": {
      "VC@20": 0.30056838679434233,
      "VC@100": 0.6010212014014322,
      "Recall@20": 0.2,
      "Recall@100": 0.22,
      "NDCG": 0.41206904792786464,
      "VC@10": 0.2750223043520258,
      "VC@25": 0.46578425475792734,
      "VC@50": 0.4767759567057431,
      "VC@200": 0.6912171412635706,
      "Recall@10": 0.1,
      "Recall@50": 0.24,
      "Spearman": 0.13926181698943857,
      "Tier0-AP": 1.0,
      "Tier01-AP": 1.0,
      "n_samples": 621
    },
    "2021-12": {
      "VC@20": 0.32602897949654214,
      "VC@100": 0.42972334325709005,
      "Recall@20": 0.05,
      "Recall@100": 0.22,
      "NDCG": 0.2813771136775927,
      "VC@10": 0.0,
      "VC@25": 0.32602897949654214,
      "VC@50": 0.34911607025033675,
      "VC@200": 0.5166672708895563,
      "Recall@10": 0.0,
      "Recall@50": 0.1,
      "Spearman": 0.019147924164689484,
      "Tier0-AP": 1.0,
      "Tier01-AP": 1.0,
      "n_samples": 448
    },
    "2022-03": {
      "VC@20": 0.07544770927552986,
      "VC@100": 0.2849273541075965,
      "Recall@20": 0.05,
      "Recall@100": 0.16,
      "NDCG": 0.36237037316800974,
      "VC@10": 0.0,
      "VC@25": 0.10399583701347502,
      "VC@50": 0.2272369247188772,
      "VC@200": 0.5628342519087994,
      "Recall@10": 0.0,
      "Recall@50": 0.08,
      "Spearman": 0.04536741485769897,
      "Tier0-AP": 1.0,
      "Tier01-AP": 1.0,
      "n_samples": 717
    },
    "2022-06": {
      "VC@20": 0.13488774097287173,
      "VC@100": 0.15556200362645334,
      "Recall@20": 0.05,
      "Recall@100": 0.15,
      "NDCG": 0.32303271376311465,
      "VC@10": 0.13488774097287173,
      "VC@25": 0.13779284653450657,
      "VC@50": 0.1492327964795517,
      "VC@200": 0.31054135758162865,
      "Recall@10": 0.1,
      "Recall@50": 0.12,
      "Spearman": 0.017616351352061483,
      "Tier0-AP": 1.0,
      "Tier01-AP": 1.0,
      "n_samples": 578
    },
    "2022-09": {
      "VC@20": 0.12595707251709912,
      "VC@100": 0.22408391202144687,
      "Recall@20": 0.15,
      "Recall@100": 0.27,
      "NDCG": 0.5133812874179182,
      "VC@10": 0.08726854358640641,
      "VC@25": 0.12631835852875029,
      "VC@50": 0.1924831299326066,
      "VC@200": 0.4520598694195911,
      "Recall@10": 0.1,
      "Recall@50": 0.16,
      "Spearman": 0.1220817266620972,
      "Tier0-AP": 1.0,
      "Tier01-AP": 1.0,
      "n_samples": 600
    },
    "2022-12": {
      "VC@20": 0.038853745077992906,
      "VC@100": 0.20798851180035735,
      "Recall@20": 0.0,
      "Recall@100": 0.21,
      "NDCG": 0.31350163276970944,
      "VC@10": 0.021293970788421563,
      "VC@25": 0.038853745077992906,
      "VC@50": 0.06886061952415809,
      "VC@200": 0.3978315425107578,
      "Recall@10": 0.0,
      "Recall@50": 0.18,
      "Spearman": 0.10830596533375449,
      "Tier0-AP": 0.9999999999999997,
      "Tier01-AP": 0.9999999999999997,
      "n_samples": 525
    },
    "2023-03": {
      "VC@20": 0.0999937519856273,
      "VC@100": 0.5735659761030186,
      "Recall@20": 0.1,
      "Recall@100": 0.19,
      "NDCG": 0.291588903077613,
      "VC@10": 0.05862583012820423,
      "VC@25": 0.1137964943618643,
      "VC@50": 0.11432562307904934,
      "VC@200": 0.5954665216606664,
      "Recall@10": 0.1,
      "Recall@50": 0.14,
      "Spearman": 0.10165244576084134,
      "Tier0-AP": 1.0,
      "Tier01-AP": 1.0,
      "n_samples": 780
    },
    "2023-05": {
      "VC@20": 0.041755857841024105,
      "VC@100": 0.508412512689474,
      "Recall@20": 0.05,
      "Recall@100": 0.26,
      "NDCG": 0.33590650738353106,
      "VC@10": 0.03631344919539942,
      "VC@25": 0.0458012019352635,
      "VC@50": 0.3497814729580304,
      "VC@200": 0.559517805055736,
      "Recall@10": 0.1,
      "Recall@50": 0.22,
      "Spearman": 0.12078203042939417,
      "Tier0-AP": 0.9999999999999999,
      "Tier01-AP": 0.9999999999999999,
      "n_samples": 655
    }
  },
  "aggregate": {
    "mean": {
      "VC@20": 0.13413415709272888,
      "VC@100": 0.346806861411408,
      "Recall@20": 0.08333333333333333,
      "Recall@100": 0.205,
      "NDCG": 0.35707877470198307,
      "VC@10": 0.08444921268053172,
      "VC@25": 0.15961714378907052,
      "VC@50": 0.22446451463661932,
      "VC@200": 0.5406655102245008,
      "Recall@10": 0.08333333333333333,
      "Recall@50": 0.14666666666666667,
      "Spearman": 0.08252171832563929,
      "Tier0-AP": 1.0,
      "Tier01-AP": 1.0,
      "n_samples": 617.8333333333334
    },
    "std": {
      "VC@20": 0.09126613467281779,
      "VC@100": 0.14590419579937106,
      "Recall@20": 0.05137011669140814,
      "Recall@100": 0.03752776749732568,
      "NDCG": 0.08116070196479336,
      "VC@10": 0.07873641743545386,
      "VC@25": 0.11991148366276226,
      "VC@50": 0.11220717079710209,
      "VC@200": 0.14104064568314487,
      "Recall@10": 0.05527707983925667,
      "Recall@50": 0.04642796092394706,
      "Spearman": 0.0382932952490237,
      "Tier0-AP": 1.2412670766236366e-16,
      "Tier01-AP": 1.2412670766236366e-16,
      "n_samples": 90.0803653535121
    },
    "min": {
      "VC@20": 0.038853745077992906,
      "VC@100": 0.15556200362645334,
      "Recall@20": 0.0,
      "Recall@100": 0.15,
      "NDCG": 0.25734041171201816,
      "VC@10": 0.0,
      "VC@25": 0.038853745077992906,
      "VC@50": 0.06886061952415809,
      "VC@200": 0.31054135758162865,
      "Recall@10": 0.0,
      "Recall@50": 0.08,
      "Spearman": 0.017616351352061483,
      "Tier0-AP": 0.9999999999999997,
      "Tier01-AP": 0.9999999999999997,
      "n_samples": 448.0
    },
    "max": {
      "VC@20": 0.32602897949654214,