{
  "eval_config": {
    "eval_months": [
      "2020-06",
      "2020-07",
      "2020-08",
      "2020-09",
      "2020-10",
      "2020-11",
      "2020-12",
      "2021-01",
      "2021-02",
      "2021-03",
      "2021-04",
      "2021-06",
      "2021-07",
      "2021-08",
      "2021-09",
      "2021-10",
      "2021-11",
      "2021-12",
      "2022-01",
      "2022-02",
      "2022-03",
      "2022-04",
      "2022-06",
      "2022-07",
      "2022-08",
      "2022-09",
      "2022-10",
      "2022-11",
      "2022-12",
      "2023-01",
      "2023-02",
      "2023-03",
      "2023-04"
    ],
    "class_type": "onpeak",
    "period_type": "f1",
    "lag": 1,
    "variant": "v3c"
  },
  "per_month": {
    "2020-06": {
      "VC@20": 0.3576093822595976,
      "VC@100": 0.7459566003340201,
      "Recall@20": 0.4,
      "Recall@100": 0.45,
      "NDCG": 0.3143970906207281,
      "VC@10": 0.036243050577437444,
      "VC@25": 0.35899790186539066,
      "VC@50": 0.7160271987691817,
      "VC@200": 0.9325154630282257,
      "Recall@10": 0.0,
      "Recall@50": 0.42,
      "Spearman": 0.30657881354876565,
      "n_samples": 272
    },
    "2020-07": {
      "VC@20": 0.3772573359949648,
      "VC@100": 0.6223285034711479,
      "Recall@20": 0.3,
      "Recall@100": 0.39,
      "NDCG": 0.43807006728405173,
      "VC@10": 0.23379231898778668,
      "VC@25": 0.3806885209807749,
      "VC@50": 0.5627209181778636,
      "VC@200": 0.9078882844116198,
      "Recall@10": 0.2,
      "Recall@50": 0.42,
      "Spearman": 0.3249150885517822,
      "n_samples": 311
    },
    "2020-08": {
      "VC@20": 0.4190915085525944,
      "VC@100": 0.8919138380839463,
      "Recall@20": 0.45,
      "Recall@100": 0.45,
      "NDCG": 0.6186248007865102,
      "VC@10": 0.24917920234020535,
      "VC@25": 0.4761305542328338,
      "VC@50": 0.5160593509679661,
      "VC@200": 0.979154882014997,
      "Recall@10": 0.2,
      "Recall@50": 0.42,
      "Spearman": 0.3930958887007468,
      "n_samples": 437
    },
    "2020-09": {
      "VC@20": 0.4260312487336034,
      "VC@100": 0.8746022640728999,
      "Recall@20": 0.4,
      "Recall@100": 0.37,
      "NDCG": 0.40136816074649867,
      "VC@10": 0.18602058654608009,
      "VC@25": 0.46166223922706845,
      "VC@50": 0.7540011151278694,
      "VC@200": 0.8878520932403409,
      "Recall@10": 0.1,
      "Recall@50": 0.4,
      "Spearman": 0.25018600602391106,
      "n_samples": 409
    },
    "2020-10": {
      "VC@20": 0.19898561571051443,
      "VC@100": 0.4558181250241981,
      "Recall@20": 0.2,
      "Recall@100": 0.34,
      "NDCG": 0.39101892869045163,
      "VC@10": 0.14438981886854013,
      "VC@25": 0.33781034178803937,
      "VC@50": 0.38062528262439327,
      "VC@200": 0.9612225236464758,
      "Recall@10": 0.1,
      "Recall@50": 0.34,
      "Spearman": 0.246105337280068,
      "n_samples": 369
    },
    "2020-11": {
      "VC@20": 0.31505233354420564,
      "VC@100": 0.6522721472325023,
      "Recall@20": 0.25,
      "Recall@100": 0.4,
      "NDCG": 0.33380911783979134,
      "VC@10": 0.0843415174626518,
      "VC@25": 0.37757287689906877,
      "VC@50": 0.5928028052238081,
      "VC@200": 0.8950878525003125,
      "Recall@10": 0.2,
      "Recall@50": 0.4,
      "Spearman": 0.27293645666870336,
      "n_samples": 311
    },
    "2020-12": {
      "VC@20": 0.2479993929289507,
      "VC@100": 0.9635610433490194,
      "Recall@20": 0.3,
      "Recall@100": 0.45,
      "NDCG": 0.37080506492717896,
      "VC@10": 0.24567336075217228,
      "VC@25": 0.24921796326455273,
      "VC@50": 0.44317132627915157,
      "VC@200": 0.9817637145018928,
      "Recall@10": 0.4,
      "Recall@50": 0.38,
      "Spearman": 0.3552937383547841,
      "n_samples": 287
    },
    "2021-01": {
      "VC@20": 0.2327949538621131,
      "VC@100": 0.6819838583340716,
      "Recall@20": 0.25,
      "Recall@100": 0.48,
      "NDCG": 0.35982115870743847,
      "VC@10": 0.08668058499169927,
      "VC@25": 0.2895542868820574,
      "VC@50": 0.5042392211883592,
      "VC@200": 0.9981093920372336,
      "Recall@10": 0.1,
      "Recall@50": 0.38,
      "Spearman": 0.339688928565687,
      "n_samples": 264
    },
    "2021-02": {
      "VC@20": 0.2682200564177999,
      "VC@100": 0.7514612741833219,
      "Recall@20": 0.35,
      "Recall@100": 0.44,
      "NDCG": 0.39466752441605246,
      "VC@10": 0.08461029330984081,
      "VC@25": 0.269143392714698,
      "VC@50": 0.47023683804461214,
      "VC@200": 0.8599331443048364,
      "Recall@10": 0.1,
      "Recall@50": 0.36,
      "Spearman": 0.31174921094209357,
      "n_samples": 351
    },
    "2021-03": {
      "VC@20": 0.5554647902656539,
      "VC@100": 0.7430432745517204,
      "Recall@20": 0.4,
      "Recall@100": 0.45,
      "NDCG": 0.5864266499329553,
      "VC@10": 0.23197558942592672,
      "VC@25": 0.6530731474079774,
      "VC@50": 0.6871589408850434,
      "VC@200": 0.7868952187420956,
      "Recall@10": 0.3,
      "Recall@50": 0.38,
      "Spearman": 0.27027295331763923,
      "n_samples": 320
    },
    "2021-04": {
      "VC@20": 0.297138537087958,
      "VC@100": 0.7718706677779692,
      "Recall@20": 0.25,
      "Recall@100": 0.44,
      "NDCG": 0.49569241843000356,
      "VC@10": 0.2807747613686955,
      "VC@25": 0.297138537087958,
      "VC@50": 0.5681119349632202,
      "VC@200": 0.8660771411498459,
      "Recall@10": 0.3,
      "Recall@50": 0.42,
      "Spearman": 0.289008854965104,
      "n_samples": 316
    },
    "2021-06": {
      "VC@20": 0.4279591164315484,
      "VC@100": 0.7625210958955864,
      "Recall@20": 0.3,
      "Recall@100": 0.47,
      "NDCG": 0.5384271128485009,
      "VC@10": 0.2011509129428906,
      "VC@25": 0.6392961523577781,
      "VC@50": 0.6593049651001439,
      "VC@200": 0.9400907364772383,
      "Recall@10": 0.2,
      "Recall@50": 0.42,
      "Spearman": 0.34294331597350264,
      "n_samples": 286
    },
    "2021-07": {
      "VC@20": 0.39980239057036276,
      "VC@100": 0.8742881710932221,
      "Recall@20": 0.25,
      "Recall@100": 0.52,
      "NDCG": 0.7075424220432993,
      "VC@10": 0.38703649798394135,
      "VC@25": 0.5539443444408012,
      "VC@50": 0.6455906200300233,
      "VC@200": 0.9935162136018337,
      "Recall@10": 0.3,
      "Recall@50": 0.46,
      "Spearman": 0.3885776779215117,
      "n_samples": 306
    },
    "2021-08": {
      "VC@20": 0.48272616958123815,
      "VC@100": 0.611894712557044,
      "Recall@20": 0.25,
      "Recall@100": 0.38,
      "NDCG": 0.542429673097347,
      "VC@10": 0.4423137785041204,
      "VC@25": 0.4964862261799989,
      "VC@50": 0.5692407879114441,
      "VC@200": 0.9198998875963457,
      "Recall@10": 0.3,
      "Recall@50": 0.36,
      "Spearman": 0.28873002821319455,
      "n_samples": 379
    },
    "2021-09": {
      "VC@20": 0.3607597452187532,
      "VC@100": 0.4871045424591443,
      "Recall@20": 0.3,
      "Recall@100": 0.35,
      "NDCG": 0.575648062612598,
      "VC@10": 0.34481163660189085,
      "VC@25": 0.43126212269442793,
      "VC@50": 0.4597174388879127,
      "VC@200": 0.9872540495197969,
      "Recall@10": 0.2,
      "Recall@50": 0.36,
      "Spearman": 0.3334113113576394,
      "n_samples": 363
    },
    "2021-10": {
      "VC@20": 0.33178746220533567,
      "VC@100": 0.7921899263929204,
      "Recall@20": 0.3,
      "Recall@100": 0.36,
      "NDCG": 0.39304575827872995,
      "VC@10": 0.1752499710111768,
      "VC@25": 0.4040991691785328,
      "VC@50": 0.7778949962000409,
      "VC@200": 0.9566117791670342,
      "Recall@10": 0.2,
      "Recall@50": 0.36,
      "Spearman": 0.2867676363380301,
      "n_samples": 376
    },
    "2021-11": {
      "VC@20": 0.4318255547771617,
      "VC@100": 0.9858208449699417,
      "Recall@20": 0.35,
      "Recall@100": 0.42,
      "NDCG": 0.4162437755789779,
      "VC@10": 0.2829815840764042,
      "VC@25": 0.43531417912644776,
      "VC@50": 0.9775265194616106,
      "VC@200": 0.9885107342617471,
      "Recall@10": 0.2,
      "Recall@50": 0.48,