{
  "v0a": {
    "K=150": {
      "VC@150": 0.47170088217802303,
      "Recall@150": 0.21947401739576392,
      "Abs_SP@150": 0.47170088217802303,
      "NB12_Count@150": 2.6666666666666665,
      "NB12_SP@150": 0.11705839577872779,
      "Dang20k_Recall@150": 0.6139069264069263,
      "Dorm_inK@150": 38.666666666666664,
      "Dang40k_Recall@150": 0.4222222222222222
    },
    "K=200": {
      "VC@200": 0.5219859010927298,
      "Recall@200": 0.2649933146050694,
      "Abs_SP@200": 0.5219859010927297,
      "NB12_Count@200": 3.3333333333333335,
      "NB12_SP@200": 0.15208842836521527,
      "Dang20k_Recall@200": 0.6888528138528138,
      "Dorm_inK@200": 60.0,
      "Dang40k_Recall@200": 0.4222222222222222
    },
    "K=300": {
      "VC@300": 0.6173754113527106,
      "Recall@300": 0.35596150632021667,
      "Abs_SP@300": 0.6173754113527105,
      "NB12_Count@300": 7.666666666666667,
      "NB12_SP@300": 0.21899461877416304,
      "Dang20k_Recall@300": 0.7637987012987013,
      "Dorm_inK@300": 104.0,
      "Dang40k_Recall@300": 0.48888888888888893
    },
    "K=400": {
      "VC@400": 0.6950748224633574,
      "Recall@400": 0.4308818883035353,
      "Abs_SP@400": 0.6950748224633573,
      "NB12_Count@400": 12.0,
      "NB12_SP@400": 0.3034672719983458,
      "Dang20k_Recall@400": 0.8292748917748919,
      "Dorm_inK@400": 156.33333333333334,
      "Dang40k_Recall@400": 0.5555555555555555
    }
  },
  "v0c": {
    "K=150": {
      "VC@150": 0.5195615613707475,
      "Recall@150": 0.30317888239428714,
      "Abs_SP@150": 0.5195615613707475,
      "NB12_Count@150": 0.0,
      "NB12_SP@150": 0.0,
      "Dang20k_Recall@150": 0.6377164502164502,
      "Dorm_inK@150": 1.3333333333333333,
      "Dang40k_Recall@150": 0.4222222222222222
    },
    "K=200": {
      "VC@200": 0.5953903097687901,
      "Recall@200": 0.37613067886522283,
      "Abs_SP@200": 0.5953903097687901,
      "NB12_Count@200": 0.6666666666666666,
      "NB12_SP@200": 0.0009911589660864834,
      "Dang20k_Recall@200": 0.7543290043290044,
      "Dorm_inK@200": 6.333333333333333,
      "Dang40k_Recall@200": 0.48888888888888893
    },
    "K=300": {
      "VC@300": 0.6991525327299851,
      "Recall@300": 0.4688616283515694,
      "Abs_SP@300": 0.6991525327299849,
      "NB12_Count@300": 3.3333333333333335,
      "NB12_SP@300": 0.10888096854627272,
      "Dang20k_Recall@300": 0.8084415584415585,
      "Dorm_inK@300": 33.333333333333336,
      "Dang40k_Recall@300": 0.5555555555555555
    },
    "K=400": {
      "VC@400": 0.7535200205687241,
      "Recall@400": 0.5394612876711702,
      "Abs_SP@400": 0.7535200205687241,
      "NB12_Count@400": 5.666666666666667,
      "NB12_SP@400": 0.17399748311747534,
      "Dang20k_Recall@400": 0.8690476190476191,
      "Dorm_inK@400": 80.66666666666667,
      "Dang40k_Recall@400": 0.5555555555555555
    }
  },
  "v0c_cross": {
    "K=150": {
      "VC@150": 0.5300493281130708,
      "Recall@150": 0.31521797363848036,
      "Abs_SP@150": 0.5300493281130708,
      "NB12_Count@150": 0.0,
      "NB12_SP@150": 0.0,
      "Dang20k_Recall@150": 0.6918290043290044,
      "Dorm_inK@150": 0.0,
      "Dang40k_Recall@150": 0.48888888888888893
    },
    "K=200": {
      "VC@200": 0.6152973273044063,
      "Recall@200": 0.39464435759536415,
      "Abs_SP@200": 0.6152973273044063,
      "NB12_Count@200": 0.0,
      "NB12_SP@200": 0.0,
      "Dang20k_Recall@200": 0.7543290043290044,
      "Dorm_inK@200": 1.3333333333333333,
      "Dang40k_Recall@200": 0.48888888888888893
    },
    "K=300": {
      "VC@300": 0.6891846542828555,
      "Recall@300": 0.507331039235484,
      "Abs_SP@300": 0.6891846542828555,
      "NB12_Count@300": 2.3333333333333335,
      "NB12_SP@300": 0.029494198969003346,
      "Dang20k_Recall@300": 0.814935064935065,
      "Dorm_inK@300": 17.0,
      "Dang40k_Recall@300": 0.48888888888888893
    },
    "K=400": {
      "VC@400": 0.7503632102873284,
      "Recall@400": 0.568123487486635,
      "Abs_SP@400": 0.7503632102873284,
      "NB12_Count@400": 4.666666666666667,
      "NB12_SP@400": 0.13269720385139713,
      "Dang20k_Recall@400": 0.8690476190476191,
      "Dorm_inK@400": 56.333333333333336,
      "Dang40k_Recall@400": 0.5555555555555555
    }
  },
  "blend_a0.05": {
    "K=150": {
      "VC@150": 0.5167712371820499,
      "Recall@150": 0.3029513614623614,
      "Abs_SP@150": 0.5167712371820499,
      "NB12_Count@150": 0.6666666666666666,
      "NB12_SP@150": 0.0009911589660864834,
      "Dang20k_Recall@150": 0.6377164502164502,
      "Dorm_inK@150": 3.6666666666666665,
      "Dang40k_Recall@150": 0.4222222222222222
    },
    "K=200": {
      "VC@200": 0.5871208738237846,
      "Recall@200": 0.3705661751069778,
      "Abs_SP@200": 0.5871208738237845,
      "NB12_Count@200": 1.6666666666666667,
      "NB12_SP@200": 0.004988732049040151,
      "Dang20k_Recall@200": 0.733495670995671,
      "Dorm_inK@200": 13.666666666666666,
      "Dang40k_Recall@200": 0.48888888888888893
    },
    "K=300": {
      "VC@300": 0.6600665153944748,
      "Recall@300": 0.44722115378011,
      "Abs_SP@300": 0.6600665153944748,
      "NB12_Count@300": 4.333333333333333,
      "NB12_SP@300": 0.08771814364408063,
      "Dang20k_Recall@300": 0.7846320346320347,
      "Dorm_inK@300": 58.666666666666664,
      "Dang40k_Recall@300": 0.48888888888888893
    },
    "K=400": {
      "VC@400": 0.7647714793354039,
      "Recall@400": 0.5221415357634286,
      "Abs_SP@400": 0.7647714793354039,
      "NB12_Count@400": 9.333333333333334,
      "NB12_SP@400": 0.30191747446543243,
      "Dang20k_Recall@400": 0.9107142857142857,
      "Dorm_inK@400": 109.33333333333333,
      "Dang40k_Recall@400": 0.5555555555555555
    }
  },
  "blend_a0.10": {
    "K=150": {
      "VC@150": 0.50158239819204,
      "Recall@150": 0.2938689548117672,
      "Abs_SP@150": 0.50158239819204,
      "NB12_Count@150": 1.3333333333333333,
      "NB12_SP@150": 0.003369916406285393,
      "Dang20k_Recall@150": 0.6139069264069263,
      "Dorm_inK@150": 11.333333333333334,
      "Dang40k_Recall@150": 0.4222222222222222
    },
    "K=200": {
      "VC@200": 0.5584744106817978,
      "Recall@200": 0.3443774569398749,
      "Abs_SP@200": 0.5584744106817977,
      "NB12_Count@200": 2.3333333333333335,
      "NB12_SP@200": 0.031175760357393303,
      "Dang20k_Recall@200": 0.6823593073593073,
      "Dorm_inK@200": 30.666666666666668,
      "Dang40k_Recall@200": 0.48888888888888893
    },
    "K=300": {
      "VC@300": 0.6505784284016537,
      "Recall@300": 0.4223683126017405,
      "Abs_SP@300": 0.6505784284016537,
      "NB12_Count@300": 8.333333333333334,
      "NB12_SP@300": 0.2440220323214488,
      "Dang20k_Recall@300": 0.795995670995671,
      "Dorm_inK@300": 88.66666666666667,
      "Dang40k_Recall@300": 0.48888888888888893
    },
    "K=400": {
      "VC@400": 0.7288622710204921,
      "Recall@400": 0.4900394484091278,
      "Abs_SP@400": 0.7288622710204921,
      "NB12_Count@400": 11.333333333333334,
      "NB12_SP@400": 0.31681891065568873,
      "Dang20k_Recall@400": 0.8501082251082251,
      "Dorm_inK@400": 141.33333333333334,
      "Dang40k_Recall@400": 0.5555555555555555
    }
  },
  "blend_a0.15": {
    "K=150": {
      "VC@150": 0.4776788844486486,
      "Recall@150": 0.2705578183633146,
      "Abs_SP@150": 0.4776788844486486,
      "NB12_Count@150": 2.3333333333333335,
      "NB12_SP@150": 0.031175760357393303,
      "Dang20k_Recall@150": 0.6139069264069263,
      "Dorm_inK@150": 27.333333333333332,
      "Dang40k_Recall@150": 0.4222222222222222
    },
    "K=200": {
      "VC@200": 0.5353396147492666,
      "Recall@200": 0.3183089957483636,
      "Abs_SP@200": 0.5353396147492666,
      "NB12_Count@200": 4.333333333333333,
      "NB12_SP@200": 0.09823364516198663,
      "Dang20k_Recall@200": 0.6585497835497836,
      "Dorm_inK@200": 52.0,
      "Dang40k_Recall@200": 0.4222222222222222
    },
    "K=300": {
      "VC@300": 0.6297217608655138,
      "Recall@300": 0.39851003839523047,