{
  "eval_config": {
    "eval_months": [
      "2020-09",
      "2020-12",
      "2021-03",
      "2021-06",
      "2021-09",
      "2021-12",
      "2022-03",
      "2022-06",
      "2022-09",
      "2022-12",
      "2023-03",
      "2023-05"
    ],
    "class_type": "onpeak",
    "period_type": "f0",
    "train_months": 8,
    "val_months": 0,
    "mode": "eval"
  },
  "per_month": {
    "2020-09": {
      "VC@20": 0.5537167874489782,
      "VC@100": 0.8460248762727054,
      "Recall@20": 0.85,
      "Recall@100": 0.93,
      "NDCG": 0.9567727116269991,
      "VC@10": 0.4745362522995042,
      "VC@25": 0.5790515129671386,
      "VC@50": 0.7091559456819252,
      "VC@200": 0.8799371072051038,
      "Recall@10": 0.7,
      "Recall@50": 0.84,
      "Spearman": 0.5068358656324072,
      "Tier0-AP": 0.8176278037489856,
      "Tier01-AP": 0.7456895918792504,
      "n_samples": 715
    },
    "2020-12": {
      "VC@20": 0.6923146625055272,
      "VC@100": 0.8916544955984675,
      "Recall@20": 0.95,
      "Recall@100": 0.7,
      "NDCG": 0.9936738348439781,
      "VC@10": 0.5856736273827108,
      "VC@25": 0.7225467110498893,
      "VC@50": 0.8352735124361809,
      "VC@200": 0.9144001110841639,
      "Recall@10": 0.7,
      "Recall@50": 0.98,
      "Spearman": 0.3679192634909761,
      "Tier0-AP": 0.7857369034509323,
      "Tier01-AP": 0.6661905896236042,
      "n_samples": 550
    },
    "2021-03": {
      "VC@20": 0.6403784058846005,
      "VC@100": 0.8052869922798827,
      "Recall@20": 0.95,
      "Recall@100": 0.61,
      "NDCG": 0.9637088241846776,
      "VC@10": 0.534170008741922,
      "VC@25": 0.6736701795457134,
      "VC@50": 0.7582949917085292,
      "VC@200": 0.9140969957286088,
      "Recall@10": 0.8,
      "Recall@50": 0.72,
      "Spearman": 0.3885960964963382,
      "Tier0-AP": 0.7237627701697213,
      "Tier01-AP": 0.6491862766478776,
      "n_samples": 669
    },
    "2021-06": {
      "VC@20": 0.6220928496128427,
      "VC@100": 0.8165169539174512,
      "Recall@20": 0.85,
      "Recall@100": 0.61,
      "NDCG": 0.9902011698084207,
      "VC@10": 0.50617675542022,
      "VC@25": 0.6632602674940915,
      "VC@50": 0.7697746437817421,
      "VC@200": 0.9374740876358083,
      "Recall@10": 0.8,
      "Recall@50": 0.78,
      "Spearman": 0.5649222821064712,
      "Tier0-AP": 0.7983366159335143,
      "Tier01-AP": 0.7443082483440743,
      "n_samples": 556
    },
    "2021-09": {
      "VC@20": 0.6473576558245902,
      "VC@100": 0.8355281029918089,
      "Recall@20": 1.0,
      "Recall@100": 0.68,
      "NDCG": 0.9703573218066492,
      "VC@10": 0.528671602696115,
      "VC@25": 0.6806457583584276,
      "VC@50": 0.7753776173765957,
      "VC@200": 0.900271485073907,
      "Recall@10": 0.8,
      "Recall@50": 0.86,
      "Spearman": 0.4697160836829236,
      "Tier0-AP": 0.7528881397583441,
      "Tier01-AP": 0.6919963286220003,
      "n_samples": 621
    },
    "2021-12": {
      "VC@20": 0.673737719286704,
      "VC@100": 0.9135464875608265,
      "Recall@20": 0.9,
      "Recall@100": 0.78,
      "NDCG": 0.950792507728283,
      "VC@10": 0.5387628706215654,
      "VC@25": 0.7242181770644652,
      "VC@50": 0.8350743204392076,
      "VC@200": 0.9327728579068504,
      "Recall@10": 0.8,
      "Recall@50": 0.88,
      "Spearman": 0.4080090920786573,
      "Tier0-AP": 0.8234515076333414,
      "Tier01-AP": 0.6830737771519273,
      "n_samples": 448
    },
    "2022-03": {
      "VC@20": 0.5840220163517442,
      "VC@100": 0.7946386360103074,
      "Recall@20": 0.9,
      "Recall@100": 0.69,
      "NDCG": 0.9696166753695126,
      "VC@10": 0.5000644479635137,
      "VC@25": 0.6175399731865253,
      "VC@50": 0.7271816079841044,
      "VC@200": 0.9130823062313613,
      "Recall@10": 0.8,
      "Recall@50": 0.96,
      "Spearman": 0.43339044283085887,
      "Tier0-AP": 0.8379645173347033,
      "Tier01-AP": 0.7247451131521583,
      "n_samples": 717
    },
    "2022-06": {
      "VC@20": 0.614913974108195,
      "VC@100": 0.8539668328696582,
      "Recall@20": 0.85,
      "Recall@100": 0.77,
      "NDCG": 0.9660276389122741,
      "VC@10": 0.43463752897426094,
      "VC@25": 0.6511412856249692,
      "VC@50": 0.7687357186498274,
      "VC@200": 0.9150201573955159,
      "Recall@10": 0.5,
      "Recall@50": 0.94,
      "Spearman": 0.4660183760122558,
      "Tier0-AP": 0.8417404965193104,
      "Tier01-AP": 0.7395930259127894,
      "n_samples": 578
    },
    "2022-09": {
      "VC@20": 0.527685554985467,
      "VC@100": 0.8519303342775298,
      "Recall@20": 0.9,
      "Recall@100": 0.91,
      "NDCG": 0.9646859629498621,
      "VC@10": 0.3800945388290058,
      "VC@25": 0.5689494234178357,
      "VC@50": 0.710715752395362,
      "VC@200": 0.9076549996437094,
      "Recall@10": 0.5,
      "Recall@50": 0.92,
      "Spearman": 0.5226414196048136,
      "Tier0-AP": 0.8876984557892602,
      "Tier01-AP": 0.8000387041236144,
      "n_samples": 600
    },
    "2022-12": {
      "VC@20": 0.6493751088062311,
      "VC@100": 0.8835848038428056,
      "Recall@20": 1.0,
      "Recall@100": 0.76,
      "NDCG": 0.9615475130960587,
      "VC@10": 0.5359529057947858,
      "VC@25": 0.6787937425076495,
      "VC@50": 0.7999499609503785,
      "VC@200": 0.9373876368298342,
      "Recall@10": 0.7,
      "Recall@50": 0.98,
      "Spearman": 0.4617883874431664,
      "Tier0-AP": 0.8556309906484492,
      "Tier01-AP": 0.7310710601238753,
      "n_samples": 525
    },
    "2023-03": {
      "VC@20": 0.5940790598044061,
      "VC@100": 0.8531297041383091,
      "Recall@20": 0.95,
      "Recall@100": 0.83,
      "NDCG": 0.9261913603933932,
      "VC@10": 0.42560933273329293,
      "VC@25": 0.6262259620217124,
      "VC@50": 0.7475449190809487,
      "VC@200": 0.8813990073636794,
      "Recall@10": 0.7,
      "Recall@50": 0.94,
      "Spearman": 0.3665881996752951,
      "Tier0-AP": 0.763210116662925,
      "Tier01-AP": 0.6711609940242724,
      "n_samples": 780
    },
    "2023-05": {
      "VC@20": 0.5068552939391491,
      "VC@100": 0.8357448539614062,
      "Recall@20": 0.85,
      "Recall@100": 0.87,
      "NDCG": 0.9859643251562841,
      "VC@10": 0.4086624707233337,
      "VC@25": 0.5701245369167277,
      "VC@50": 0.7048384928420334,
      "VC@200": 0.8771726679998607,
      "Recall@10": 0.9,
      "Recall@50": 0.98,
      "Spearman": 0.4574639675265332,
      "Tier0-AP": 0.8160392371167451,
      "Tier01-AP": 0.7259137233571031,
      "n_samples": 655
    }
  },
  "aggregate": {
    "mean": {
      "VC@20": 0.6088774240465363,
      "VC@100": 0.8484627561434298,
      "Recall@20": 0.9125,
      "Recall@100": 0.7616666666666666,
      "NDCG": 0.9666283204896993,
      "VC@10": 0.4877510285150193,
      "VC@25": 0.6463472941795955,
      "VC@50": 0.7618264569439029,
      "VC@200": 0.909222451674867,
      "Recall@10": 0.7250000000000001,
      "Recall@50": 0.8983333333333333,
      "Spearman": 0.4511574563817247,
      "Tier0-AP": 0.8086739628971862,
      "Tier01-AP": 0.7144139527468788,
      "n_samples": 617.8333333333334
    },
    "std": {
      "VC@20": 0.05505522528504413,
      "VC@100": 0.033560624707097086,
      "Recall@20": 0.05448623679425842,
      "Recall@100": 0.10358839488840223,
      "NDCG": 0.017572187378501705,
      "VC@10": 0.06023356722523292,
      "VC@25": 0.05221649189881444,
      "VC@50": 0.04335750665845561,
      "VC@200": 0.02038519933904722,
      "Recall@10": 0.11636866703140787,
      "Recall@50": 0.08101783068491089,
      "Spearman": 0.05919069745564062,
      "Tier0-AP": 0.04451203861715389,
      "Tier01-AP": 0.041119310658102724,
      "n_samples": 90.0803653535121
    },
    "min": {
      "VC@20": 0.5068552939391491,
      "VC@100": 0.7946386360103074,
      "Recall@20": 0.85,
      "Recall@100": 0.61,
      "NDCG": 0.9261913603933932,
      "VC@10": 0.3800945388290058,
      "VC@25": 0.5689494234178357,
      "VC@50": 0.7048384928420334,
      "VC@200": 0.8771726679998607,
      "Recall@10": 0.5,