{
  "eval_config": {
    "eval_months": [
      "2020-06",
      "2020-07",
      "2020-08",
      "2020-09",
      "2020-10",
      "2020-11",
      "2020-12",
      "2021-01",
      "2021-02",
      "2021-03",
      "2021-04",
      "2021-05",
      "2021-06",
      "2021-07",
      "2021-08",
      "2021-09",
      "2021-10",
      "2021-11",
      "2021-12",
      "2022-01",
      "2022-02",
      "2022-03",
      "2022-04",
      "2022-05",
      "2022-06",
      "2022-07",
      "2022-08",
      "2022-09",
      "2022-10",
      "2022-11",
      "2022-12",
      "2023-01",
      "2023-02",
      "2023-03",
      "2023-04",
      "2023-05"
    ],
    "class_type": "onpeak",
    "period_type": "f0"
  },
  "per_month": {
    "2020-06": {
      "VC@20": 0.3420760206395758,
      "VC@100": 0.5489835575856056,
      "Recall@20": 0.3,
      "Recall@100": 0.37,
      "NDCG": 0.6971742668547398,
      "VC@10": 0.3288425081906573,
      "VC@25": 0.3469004169088635,
      "VC@50": 0.44873387464331005,
      "VC@200": 0.5688904879385965,
      "Recall@10": 0.4,
      "Recall@50": 0.44,
      "Spearman": 0.27383008535605147,
      "n_samples": 577
    },
    "2020-07": {
      "VC@20": 0.49506542492282835,
      "VC@100": 0.7117789266977186,
      "Recall@20": 0.4,
      "Recall@100": 0.46,
      "NDCG": 0.6308921367002099,
      "VC@10": 0.3948965696888943,
      "VC@25": 0.504973337366951,
      "VC@50": 0.5605375643675339,
      "VC@200": 0.781866490391299,
      "Recall@10": 0.5,
      "Recall@50": 0.46,
      "Spearman": 0.33721408694543625,
      "n_samples": 497
    },
    "2020-08": {
      "VC@20": 0.3375592171563651,
      "VC@100": 0.6034300526015476,
      "Recall@20": 0.35,
      "Recall@100": 0.42,
      "NDCG": 0.7102444822052455,
      "VC@10": 0.3109821156560075,
      "VC@25": 0.3670118031296805,
      "VC@50": 0.5409195047412433,
      "VC@200": 0.7194507325554443,
      "Recall@10": 0.5,
      "Recall@50": 0.44,
      "Spearman": 0.30798804040494726,
      "n_samples": 507
    },
    "2020-09": {
      "VC@20": 0.5166053123089179,
      "VC@100": 0.8781201709682035,
      "Recall@20": 0.3,
      "Recall@100": 0.45,
      "NDCG": 0.7889743037097408,
      "VC@10": 0.5032588855023022,
      "VC@25": 0.5281530485019669,
      "VC@50": 0.7131089728307637,
      "VC@200": 0.9348579872379698,
      "Recall@10": 0.5,
      "Recall@50": 0.54,
      "Spearman": 0.34065794699504554,
      "n_samples": 715
    },
    "2020-10": {
      "VC@20": 0.4950071959297422,
      "VC@100": 0.7862699487824808,
      "Recall@20": 0.4,
      "Recall@100": 0.44,
      "NDCG": 0.6459374417883299,
      "VC@10": 0.43973299090102913,
      "VC@25": 0.6154215671932868,
      "VC@50": 0.7094024979918709,
      "VC@200": 0.9580590370316686,
      "Recall@10": 0.3,
      "Recall@50": 0.54,
      "Spearman": 0.3654507983983549,
      "n_samples": 763
    },
    "2020-11": {
      "VC@20": 0.7419490127895565,
      "VC@100": 0.9126886507284576,
      "Recall@20": 0.35,
      "Recall@100": 0.52,
      "NDCG": 0.8374918615556176,
      "VC@10": 0.7005607740211636,
      "VC@25": 0.7445247543573192,
      "VC@50": 0.8840860039230819,
      "VC@200": 0.9443699076920571,
      "Recall@10": 0.4,
      "Recall@50": 0.62,
      "Spearman": 0.4151829422667472,
      "n_samples": 508
    },
    "2020-12": {
      "VC@20": 0.6151306800418758,
      "VC@100": 0.8400858753479509,
      "Recall@20": 0.5,
      "Recall@100": 0.57,
      "NDCG": 0.6783037930098641,
      "VC@10": 0.5129368315725239,
      "VC@25": 0.6283435904983445,
      "VC@50": 0.713793032971475,
      "VC@200": 0.974083351599814,
      "Recall@10": 0.3,
      "Recall@50": 0.58,
      "Spearman": 0.4039813965601708,
      "n_samples": 550
    },
    "2021-01": {
      "VC@20": 0.368460158451183,
      "VC@100": 0.8612904862890239,
      "Recall@20": 0.3,
      "Recall@100": 0.51,
      "NDCG": 0.6073813603281634,
      "VC@10": 0.3275330392794286,
      "VC@25": 0.3912344201395066,
      "VC@50": 0.7038754914847797,
      "VC@200": 0.924489613274393,
      "Recall@10": 0.4,
      "Recall@50": 0.56,
      "Spearman": 0.43045248937531233,
      "n_samples": 407
    },
    "2021-02": {
      "VC@20": 0.615267418914235,
      "VC@100": 0.9391935087936943,
      "Recall@20": 0.4,
      "Recall@100": 0.41,
      "NDCG": 0.5955016440271578,
      "VC@10": 0.41126974416367856,
      "VC@25": 0.6237609549360078,
      "VC@50": 0.9023676651445877,
      "VC@200": 0.9534679251818705,
      "Recall@10": 0.3,
      "Recall@50": 0.62,
      "Spearman": 0.32277729487100487,
      "n_samples": 650
    },
    "2021-03": {
      "VC@20": 0.5649951387172217,
      "VC@100": 0.7785392803538739,
      "Recall@20": 0.4,
      "Recall@100": 0.4,
      "NDCG": 0.6188725890117932,
      "VC@10": 0.5059495732024043,
      "VC@25": 0.5698525966600373,
      "VC@50": 0.6329124101860025,
      "VC@200": 0.8106273220805009,
      "Recall@10": 0.5,
      "Recall@50": 0.36,
      "Spearman": 0.2882819626029292,
      "n_samples": 669
    },
    "2021-04": {
      "VC@20": 0.27548214796673487,
      "VC@100": 0.6742755839072073,
      "Recall@20": 0.2,
      "Recall@100": 0.4,
      "NDCG": 0.6102604746669692,
      "VC@10": 0.2450833888695388,
      "VC@25": 0.2804751499477547,
      "VC@50": 0.39019303745105716,
      "VC@200": 0.7822010003830396,
      "Recall@10": 0.2,
      "Recall@50": 0.38,
      "Spearman": 0.2644229119832419,
      "n_samples": 661
    },
    "2021-05": {
      "VC@20": 0.34838094094931815,
      "VC@100": 0.6984645008101528,
      "Recall@20": 0.25,
      "Recall@100": 0.48,
      "NDCG": 0.6662484440918994,
      "VC@10": 0.2078924871691533,
      "VC@25": 0.3759929641106413,
      "VC@50": 0.5498637879167969,
      "VC@200": 0.8079567699165994,
      "Recall@10": 0.3,
      "Recall@50": 0.44,
      "Spearman": 0.2824622174649433,
      "n_samples": 681
    },
    "2021-06": {
      "VC@20": 0.30982985724772427,
      "VC@100": 0.934811449532635,
      "Recall@20": 0.25,
      "Recall@100": 0.51,
      "NDCG": 0.43397979497719735,
      "VC@10": 0.28276977823117616,
      "VC@25": 0.31527401213285966,
      "VC@50": 0.8299883279566354,
      "VC@200": 0.9530152168070098,
      "Recall@10": 0.2,
      "Recall@50": 0.46,
      "Spearman": 0.3556915193454504,
      "n_samples": 556
    },
    "2021-07": {
      "VC@20": 0.48416602018377497,
      "VC@100": 0.861015939606337,
      "Recall@20": 0.45,
      "Recall@100": 0.48,
      "NDCG": 0.5646882113982898,
      "VC@10": 0.38932095878130546,
      "VC@25": 0.712099075810158,
      "VC@50": 0.8095067245922447,
      "VC@200": 0.8900416809272097,
      "Recall@10": 0.3,
      "Recall@50": 0.56,
      "Spearman": 0.36975890009715134,
      "n_samples": 513
    },
    "2021-08": {
      "VC@20": 0.32564457907826255,
      "VC@100": 0.940519975166092,
      "Recall@20": 0.4,
      "Recall@100": 0.59,
      "NDCG": 0.5197746936823492,
      "VC@10": 0.27942780750290575,
      "VC@25": 0.4385404351965312,
      "VC@50": 0.8590663615364377,
      "VC@200": 0.9854190362307794,
      "Recall@10": 0.4,
      "Recall@50": 0.62,
      "Spearman": 0.4362412485327549,
      "n_samples": 552
    },
    "2021-09": {
      "VC@20": 0.5632463779923398,
      "VC@100": 0.8891384466336809,
      "Recall@20": 0.35,
      "Recall@100": 0.48,
      "NDCG": 0.8188567730626866,
      "VC@10": 0.4523005757418557,
      "VC@25": 0.5963115961954067,
      "VC@50": 0.8163583147219422,
      "VC@200": 0.9093408970109339,
      "Recall@10": 0.4,
      "Recall@50": 0.54,
      "Spearman": 0.3435607810528986,
      "n_samples": 621
    },
    "2021-10": {
      "VC@20": 0.5416252900223627,
      "VC@100": 0.7983900186728462,
      "Recall@20": 0.55,
      "Recall@100": 0.45,
      "NDCG": 0.7900464079292299,
      "VC@10": 0.40317995458034567,
      "VC@25": 0.5597020302831457,
      "VC@50": 0.6707275826369301,
      "VC@200": 0.8882247484302438,
      "Recall@10": 0.5,
      "Recall@50": 0.44,