{
  "version": "v3g",
  "features": [
    "da_rank_value",
    "bf_6",
    "bf_12",
    "bf_15",
    "bfo_6",
    "bfo_12",
    "bf_combined_6",
    "bf_combined_12",
    "bin_-100_cid_max",
    "bin_-50_cid_max",
    "bin_80_cid_max",
    "bin_90_cid_max",
    "bin_100_cid_max",
    "bin_110_cid_max",
    "bin_110_cid_min",
    "bin_70_cid_max",
    "limit_min",
    "count_cids"
  ],
  "feature_groups": "history",
  "monotone": false,
  "feature_importance_dev_averaged": {
    "da_rank_value": 0.048302940604257244,
    "bf_6": 0.010492157771838342,
    "bf_12": 0.35116452162929457,
    "bf_15": 0.03300165757837293,
    "bfo_6": 0.008751533458313771,
    "bfo_12": 0.24997094463982217,
    "bf_combined_6": 0.006335675338629034,
    "bf_combined_12": 0.0741937434767193,
    "bin_-100_cid_max": 0.016402169093594356,
    "bin_-50_cid_max": 0.02467481748308262,
    "bin_80_cid_max": 0.016523562860606723,
    "bin_90_cid_max": 0.019132998146809507,
    "bin_100_cid_max": 0.027317276358895606,
    "bin_110_cid_max": 0.030518015771506903,
    "bin_110_cid_min": 0.020201720378061765,
    "bin_70_cid_max": 0.018049427071947045,
    "limit_min": 0.02369622130898646,
    "count_cids": 0.021270617029261682
  },
  "feature_importance_all_averaged": {
    "da_rank_value": 0.048340133045751535,
    "bf_6": 0.010221418351440421,
    "bf_12": 0.40553769860127015,
    "bf_15": 0.03565154983474198,
    "bfo_6": 0.007685479473025421,
    "bfo_12": 0.18074266817948628,
    "bf_combined_6": 0.007862101592625119,
    "bf_combined_12": 0.10373670614284228,
    "bin_-100_cid_max": 0.016148705540278665,
    "bin_-50_cid_max": 0.023863635202423242,
    "bin_80_cid_max": 0.0156869119082461,
    "bin_90_cid_max": 0.01818013075396942,
    "bin_100_cid_max": 0.023570887435616014,
    "bin_110_cid_max": 0.025316257996417037,
    "bin_110_cid_min": 0.01768490822737101,
    "bin_70_cid_max": 0.017788925032340138,
    "limit_min": 0.021926979916654755,
    "count_cids": 0.020054902765500388
  },
  "feature_importance_per_split": {
    "2022-06": {
      "da_rank_value": 0.048936972800958524,
      "bf_6": 0.0070938902306756525,
      "bf_12": 0.1154477052917061,
      "bf_15": 0.04074327712857871,
      "bfo_6": 0.016898088172694583,
      "bfo_12": 0.5103520590976355,
      "bf_combined_6": 0.00883363345748185,
      "bf_combined_12": 0.008765006741906974,
      "bin_-100_cid_max": 0.020032702361519696,
      "bin_-50_cid_max": 0.02491937636822668,
      "bin_80_cid_max": 0.016698345560239025,
      "bin_90_cid_max": 0.01675505196406084,
      "bin_100_cid_max": 0.03463985200813628,
      "bin_110_cid_max": 0.02923067212449982,
      "bin_110_cid_min": 0.031750768274980246,
      "bin_70_cid_max": 0.018053091738348615,
      "limit_min": 0.02658015669821073,
      "count_cids": 0.024269349980140204
    },
    "2023-06": {
      "da_rank_value": 0.0428036779608967,
      "bf_6": 0.01580183830484582,
      "bf_12": 0.4878014132781627,
      "bf_15": 0.04064288975091715,
      "bfo_6": 0.007398890389539415,
      "bfo_12": 0.013308683213019522,
      "bf_combined_6": 0.003367486329484466,
      "bf_combined_12": 0.15702486546236147,
      "bin_-100_cid_max": 0.01524715004437103,
      "bin_-50_cid_max": 0.022318337436419797,
      "bin_80_cid_max": 0.019383472928406722,
      "bin_90_cid_max": 0.018824775487895795,
      "bin_100_cid_max": 0.019685374318186212,
      "bin_110_cid_max": 0.047748862474038034,
      "bin_110_cid_min": 0.0186557947632732,
      "bin_70_cid_max": 0.020790373099095816,
      "limit_min": 0.029631985724152942,
      "count_cids": 0.019564129034933254
    },
    "2024-06": {
      "da_rank_value": 0.05236026520742017,
      "bf_6": 0.008329260451106168,
      "bf_12": 0.3888775465037207,
      "bf_15": 0.02193387366487904,
      "bfo_6": 0.004717387410222938,
      "bfo_12": 0.2777861498543555,
      "bf_combined_6": 0.007167998962506611,
      "bf_combined_12": 0.04827134257919485,
      "bin_-100_cid_max": 0.015051853219389384,
      "bin_-50_cid_max": 0.02643049976289669,
      "bin_80_cid_max": 0.014095818010274768,
      "bin_90_cid_max": 0.020880304530410412,
      "bin_100_cid_max": 0.028890754087137024,
      "bin_110_cid_max": 0.01736482678112439,
      "bin_110_cid_min": 0.014181475279233378,
      "bin_70_cid_max": 0.015825853182332608,
      "limit_min": 0.017069699137627833,
      "count_cids": 0.020765091376167544
    },
    "2025-06": {
      "da_rank_value": 0.048417605456438154,
      "bf_6": 0.009657464098280102,
      "bf_12": 0.51879783769042,
      "bf_15": 0.041171314951323416,
      "bfo_6": 0.005464873112052031,
      "bfo_12": 0.03653913516097296,
      "bf_combined_6": 0.011041670259838222,
      "bf_combined_12": 0.16527513827078696,
      "bin_-100_cid_max": 0.01562073717607289,
      "bin_-50_cid_max": 0.022173930405856218,
      "bin_80_cid_max": 0.013944155488435027,
      "bin_90_cid_max": 0.01619529375424422,
      "bin_100_cid_max": 0.0157671033979205,
      "bin_110_cid_max": 0.014480918920710692,
      "bin_110_cid_min": 0.01244235095698351,
      "bin_70_cid_max": 0.017246295396148525,
      "limit_min": 0.018241623692554592,
      "count_cids": 0.017522551810961993
    }
  },
  "walltimes": {
    "2022-06": 0.565671443939209,
    "2023-06": 0.7100265026092529,
    "2024-06": 0.8095400333404541,
    "2025-06": 0.8822903633117676
  },
  "n_train_rows": {
    "2022-06": 31375,
    "2023-06": 40375,
    "2024-06": 49821,
    "2025-06": 58363
  }
}