{
  "eval_config": {
    "eval_months": [
      "2020-06",
      "2020-07",
      "2020-08",
      "2020-09",
      "2020-10",
      "2020-11",
      "2020-12",
      "2021-01",
      "2021-02",
      "2021-03",
      "2021-04",
      "2021-05",
      "2021-06",
      "2021-07",
      "2021-08",
      "2021-09",
      "2021-10",
      "2021-11",
      "2021-12",
      "2022-01",
      "2022-02",
      "2022-03",
      "2022-04",
      "2022-05",
      "2022-06",
      "2022-07",
      "2022-08",
      "2022-09",
      "2022-10",
      "2022-11",
      "2022-12",
      "2023-01",
      "2023-02",
      "2023-03",
      "2023-04",
      "2023-05"
    ],
    "class_type": "offpeak",
    "period_type": "f0",
    "lag": 1,
    "note": "v12a: extended BF (d12, blend partial into bf windows)"
  },
  "per_month": {
    "2020-06": {
      "VC@20": 0.5254783371500522,
      "VC@100": 0.6539557654726866,
      "Recall@20": 0.45,
      "Recall@100": 0.35,
      "NDCG": 0.4856273203310996,
      "VC@10": 0.45815663763570613,
      "VC@25": 0.5571682789751924,
      "VC@50": 0.6478002500945894,
      "VC@200": 0.8276178981693506,
      "Recall@10": 0.4,
      "Recall@50": 0.46,
      "Spearman": 0.30296503626971116,
      "n_samples": 562
    },
    "2020-07": {
      "VC@20": 0.45145985879826084,
      "VC@100": 0.6657392929721803,
      "Recall@20": 0.4,
      "Recall@100": 0.38,
      "NDCG": 0.7085865448491839,
      "VC@10": 0.4193846874800722,
      "VC@25": 0.5540600544053342,
      "VC@50": 0.5635856269890045,
      "VC@200": 0.7443693012061747,
      "Recall@10": 0.5,
      "Recall@50": 0.36,
      "Spearman": 0.2366138575570965,
      "n_samples": 484
    },
    "2020-08": {
      "VC@20": 0.7046911917235132,
      "VC@100": 0.8086082664187941,
      "Recall@20": 0.45,
      "Recall@100": 0.41,
      "NDCG": 0.8484594959117231,
      "VC@10": 0.6643401700166334,
      "VC@25": 0.7507236568839402,
      "VC@50": 0.7812370366960598,
      "VC@200": 0.9131209296403344,
      "Recall@10": 0.7,
      "Recall@50": 0.52,
      "Spearman": 0.3118557095217028,
      "n_samples": 494
    },
    "2020-09": {
      "VC@20": 0.8683031469556786,
      "VC@100": 0.9462789435210246,
      "Recall@20": 0.45,
      "Recall@100": 0.34,
      "NDCG": 0.607170680180323,
      "VC@10": 0.4700769798812851,
      "VC@25": 0.8768178306324633,
      "VC@50": 0.9013700801311683,
      "VC@200": 0.9869673335751911,
      "Recall@10": 0.6,
      "Recall@50": 0.44,
      "Spearman": 0.28429773179613865,
      "n_samples": 678
    },
    "2020-10": {
      "VC@20": 0.5974306323055573,
      "VC@100": 0.8190829135827904,
      "Recall@20": 0.4,
      "Recall@100": 0.51,
      "NDCG": 0.7206736604105889,
      "VC@10": 0.5067220418144697,
      "VC@25": 0.6105194853818007,
      "VC@50": 0.6927179874148268,
      "VC@200": 0.8659905150960229,
      "Recall@10": 0.5,
      "Recall@50": 0.46,
      "Spearman": 0.39565269260792596,
      "n_samples": 731
    },
    "2020-11": {
      "VC@20": 0.7733730225446535,
      "VC@100": 0.9627126682121829,
      "Recall@20": 0.45,
      "Recall@100": 0.48,
      "NDCG": 0.6093858816345148,
      "VC@10": 0.25147175575730984,
      "VC@25": 0.8593096380706922,
      "VC@50": 0.9009599186152468,
      "VC@200": 0.9877941768752697,
      "Recall@10": 0.2,
      "Recall@50": 0.58,
      "Spearman": 0.43100323848361743,
      "n_samples": 504
    },
    "2020-12": {
      "VC@20": 0.5700297855491038,
      "VC@100": 0.8820011278031913,
      "Recall@20": 0.35,
      "Recall@100": 0.49,
      "NDCG": 0.8155048025645729,
      "VC@10": 0.40951027409175167,
      "VC@25": 0.5919432962808043,
      "VC@50": 0.8478984659731558,
      "VC@200": 0.9838095629235093,
      "Recall@10": 0.4,
      "Recall@50": 0.48,
      "Spearman": 0.39161550704586595,
      "n_samples": 559
    },
    "2021-01": {
      "VC@20": 0.6284528724163606,
      "VC@100": 0.8612859414188261,
      "Recall@20": 0.35,
      "Recall@100": 0.48,
      "NDCG": 0.5628620477651832,
      "VC@10": 0.47706178525498344,
      "VC@25": 0.6350232031734769,
      "VC@50": 0.6920997450332794,
      "VC@200": 0.9326805697348242,
      "Recall@10": 0.3,
      "Recall@50": 0.46,
      "Spearman": 0.36763794637305774,
      "n_samples": 394
    },
    "2021-02": {
      "VC@20": 0.6440383916737683,
      "VC@100": 0.830150589832517,
      "Recall@20": 0.4,
      "Recall@100": 0.36,
      "NDCG": 0.6649512673983563,
      "VC@10": 0.5186286284447519,
      "VC@25": 0.6452197378540899,
      "VC@50": 0.7574129635088006,
      "VC@200": 0.9615733402102393,
      "Recall@10": 0.3,
      "Recall@50": 0.48,
      "Spearman": 0.34568463456823917,
      "n_samples": 647
    },
    "2021-03": {
      "VC@20": 0.6069723591738105,
      "VC@100": 0.7891924442828379,
      "Recall@20": 0.35,
      "Recall@100": 0.39,
      "NDCG": 0.5489478379730617,
      "VC@10": 0.5695547876274559,
      "VC@25": 0.6107221852539053,
      "VC@50": 0.7184525375059602,
      "VC@200": 0.8961394469097215,
      "Recall@10": 0.4,
      "Recall@50": 0.46,
      "Spearman": 0.3074570571101035,
      "n_samples": 641
    },
    "2021-04": {
      "VC@20": 0.46477951857329386,
      "VC@100": 0.7493833335527893,
      "Recall@20": 0.4,
      "Recall@100": 0.44,
      "NDCG": 0.7549220763973057,
      "VC@10": 0.3620552761047373,
      "VC@25": 0.5000045812714831,
      "VC@50": 0.6786604556356647,
      "VC@200": 0.8981681042656128,
      "Recall@10": 0.4,
      "Recall@50": 0.5,
      "Spearman": 0.32663662387150594,
      "n_samples": 639
    },
    "2021-05": {
      "VC@20": 0.3518291283404793,
      "VC@100": 0.7496382207582282,
      "Recall@20": 0.3,
      "Recall@100": 0.45,
      "NDCG": 0.5839593242889705,
      "VC@10": 0.24546534361158218,
      "VC@25": 0.3579928227888373,
      "VC@50": 0.5343854551144659,
      "VC@200": 0.8246629837259701,
      "Recall@10": 0.4,
      "Recall@50": 0.42,
      "Spearman": 0.2647500901027771,
      "n_samples": 654
    },
    "2021-06": {
      "VC@20": 0.4096376017228346,
      "VC@100": 0.6671230181587167,
      "Recall@20": 0.45,
      "Recall@100": 0.34,
      "NDCG": 0.54904569677286,
      "VC@10": 0.21792367419364447,
      "VC@25": 0.4105982410783929,
      "VC@50": 0.6603767743511987,
      "VC@200": 0.7784916711303238,
      "Recall@10": 0.2,
      "Recall@50": 0.48,
      "Spearman": 0.3029482286600121,
      "n_samples": 547
    },
    "2021-07": {
      "VC@20": 0.7515345428018302,
      "VC@100": 0.8805310391848401,
      "Recall@20": 0.45,
      "Recall@100": 0.43,
      "NDCG": 0.7010132230684588,
      "VC@10": 0.7094108981957271,
      "VC@25": 0.7805319383501022,
      "VC@50": 0.8271880600235814,
      "VC@200": 0.951206210651746,
      "Recall@10": 0.6,
      "Recall@50": 0.56,
      "Spearman": 0.37637439823966995,
      "n_samples": 490
    },
    "2021-08": {
      "VC@20": 0.612502846001474,
      "VC@100": 0.8814290548100198,
      "Recall@20": 0.6,
      "Recall@100": 0.49,
      "NDCG": 0.7363150005775045,
      "VC@10": 0.43861791862099353,
      "VC@25": 0.6164875742542715,
      "VC@50": 0.8736227473096452,
      "VC@200": 0.9582635378880812,
      "Recall@10": 0.4,
      "Recall@50": 0.66,
      "Spearman": 0.4186003024853304,
      "n_samples": 525
    },
    "2021-09": {
      "VC@20": 0.7692592730112244,
      "VC@100": 0.9198825532607853,
      "Recall@20": 0.5,
      "Recall@100": 0.44,
      "NDCG": 0.8163968005184024,
      "VC@10": 0.5682691566463529,
      "VC@25": 0.785516504232572,
      "VC@50": 0.818198948326488,
      "VC@200": 0.9590018280550183,
      "Recall@10": 0.4,
      "Recall@50": 0.5,
      "Spearman": 0.35864669545840905,
      "n_samples": 611
    },
    "2021-10": {
      "VC@20": 0.6829989954544384,
      "VC@100": 0.8102968118657228,
      "Recall@20": 0.5,
      "Recall@100": 0.39,
      "NDCG": 0.793100617713988,
      "VC@10": 0.650290094091394,
      "VC@25": 0.7356333459764417,
      "VC@50": 0.7528691321957561,