{
  "eval_config": {
    "eval_months": [
      "2020-09",
      "2020-12",
      "2021-03",
      "2021-06",
      "2021-09",
      "2021-12",
      "2022-03",
      "2022-06",
      "2022-09",
      "2022-12",
      "2023-03",
      "2023-05"
    ],
    "class_type": "onpeak",
    "period_type": "f0",
    "train_months": 8,
    "val_months": 0,
    "mode": "eval"
  },
  "per_month": {
    "2020-09": {
      "VC@20": 0.4898658678742963,
      "VC@100": 0.6921117633360572,
      "Recall@20": 0.3,
      "Recall@100": 0.23,
      "NDCG": 0.799167882448936,
      "VC@10": 0.472497630865112,
      "VC@25": 0.48986586787429637,
      "VC@50": 0.6253656352972735,
      "VC@200": 0.8796845667317571,
      "Recall@10": 0.4,
      "Recall@50": 0.28,
      "Spearman": 0.18939416954562163,
      "Tier0-AP": 1.0,
      "Tier01-AP": 1.0,
      "n_samples": 715
    },
    "2021-06": {
      "VC@20": 0.3612168703108668,
      "VC@100": 0.5411718633838668,
      "Recall@20": 0.25,
      "Recall@100": 0.25,
      "NDCG": 0.3511978651338516,
      "VC@10": 0.04459211098506286,
      "VC@25": 0.3705055534562592,
      "VC@50": 0.3978752688137026,
      "VC@200": 0.9080219270361427,
      "Recall@10": 0.1,
      "Recall@50": 0.22,
      "Spearman": 0.27215533621959,
      "Tier0-AP": 1.0,
      "Tier01-AP": 1.0,
      "n_samples": 556
    },
    "2020-12": {
      "VC@20": 0.70778336988612,
      "VC@100": 0.8357911346993525,
      "Recall@20": 0.45,
      "Recall@100": 0.34,
      "NDCG": 0.5396405615968419,
      "VC@10": 0.26450244107586646,
      "VC@25": 0.70778336988612,
      "VC@50": 0.7672349515650797,
      "VC@200": 0.9602485877856776,
      "Recall@10": 0.3,
      "Recall@50": 0.38,
      "Spearman": 0.2566082058040912,
      "Tier0-AP": 1.0,
      "Tier01-AP": 1.0,
      "n_samples": 550
    },
    "2021-03": {
      "VC@20": 0.2593755656703053,
      "VC@100": 0.7760862304175697,
      "Recall@20": 0.3,
      "Recall@100": 0.25,
      "NDCG": 0.5046561576481572,
      "VC@10": 0.18453035302150775,
      "VC@25": 0.2596854604948123,
      "VC@50": 0.5666299233012388,
      "VC@200": 0.8746867480508513,
      "Recall@10": 0.2,
      "Recall@50": 0.2,
      "Spearman": 0.18184170149891712,
      "Tier0-AP": 1.0,
      "Tier01-AP": 1.0,
      "n_samples": 669
    },
    "2021-09": {
      "VC@20": 0.5044087677680023,
      "VC@100": 0.7416271370696428,
      "Recall@20": 0.3,
      "Recall@100": 0.26,
      "NDCG": 0.8036851345389296,
      "VC@10": 0.39081596638767835,
      "VC@25": 0.6036570393543098,
      "VC@50": 0.680410704566526,
      "VC@200": 0.830649404594928,
      "Recall@10": 0.3,
      "Recall@50": 0.26,
      "Spearman": 0.20914077374321355,
      "Tier0-AP": 1.0,
      "Tier01-AP": 1.0,
      "n_samples": 621
    },
    "2021-12": {
      "VC@20": 0.48525249024421724,
      "VC@100": 0.6599552488359043,
      "Recall@20": 0.2,
      "Recall@100": 0.2,
      "NDCG": 0.5407115663733703,
      "VC@10": 0.32152486038825917,
      "VC@25": 0.49360541248363166,
      "VC@50": 0.5423861390302368,
      "VC@200": 0.8671413199998261,
      "Recall@10": 0.1,
      "Recall@50": 0.14,
      "Spearman": 0.11163440552410037,
      "Tier0-AP": 1.0,
      "Tier01-AP": 1.0,
      "n_samples": 448
    },
    "2022-03": {
      "VC@20": 0.3434000884397321,
      "VC@100": 0.6150932644577395,
      "Recall@20": 0.2,
      "Recall@100": 0.25,
      "NDCG": 0.5724436896792,
      "VC@10": 0.2642376405288311,
      "VC@25": 0.3434000884397321,
      "VC@50": 0.37227184994412144,
      "VC@200": 0.6954868235920499,
      "Recall@10": 0.3,
      "Recall@50": 0.18,
      "Spearman": 0.2115967217327459,
      "Tier0-AP": 1.0,
      "Tier01-AP": 1.0,
      "n_samples": 717
    },
    "2022-06": {
      "VC@20": 0.20540788488244588,
      "VC@100": 0.6060963638180847,
      "Recall@20": 0.1,
      "Recall@100": 0.23,
      "NDCG": 0.35128658206909175,
      "VC@10": 0.05085748252800979,
      "VC@25": 0.208974722216226,
      "VC@50": 0.2724146045828416,
      "VC@200": 0.8920073010869187,
      "Recall@10": 0.1,
      "Recall@50": 0.22,
      "Spearman": 0.16496047528985133,
      "Tier0-AP": 1.0,
      "Tier01-AP": 1.0,
      "n_samples": 578
    },
    "2022-09": {
      "VC@20": 0.14888083365964264,
      "VC@100": 0.6359157299666072,
      "Recall@20": 0.15,
      "Recall@100": 0.35,
      "NDCG": 0.5876003643139561,
      "VC@10": 0.1470983185146875,
      "VC@25": 0.14888083365964264,
      "VC@50": 0.3058853000188153,
      "VC@200": 0.8535880608496464,
      "Recall@10": 0.2,
      "Recall@50": 0.18,
      "Spearman": 0.2290651930145649,
      "Tier0-AP": 1.0,
      "Tier01-AP": 1.0,
      "n_samples": 600
    },
    "2022-12": {
      "VC@20": 0.2512276817234426,
      "VC@100": 0.4104709543851093,
      "Recall@20": 0.15,
      "Recall@100": 0.19,
      "NDCG": 0.39058014874881536,
      "VC@10": 0.019992510874018217,
      "VC@25": 0.2563273977413674,
      "VC@50": 0.3883637455863498,
      "VC@200": 0.7996801006878768,
      "Recall@10": 0.0,
      "Recall@50": 0.24,
      "Spearman": 0.15523821635084548,
      "Tier0-AP": 1.0,
      "Tier01-AP": 1.0,
      "n_samples": 525
    },
    "2023-05": {
      "VC@20": 0.3051793286378956,
      "VC@100": 0.6949973769560845,
      "Recall@20": 0.25,
      "Recall@100": 0.29,
      "NDCG": 0.49221100343622215,
      "VC@10": 0.1115845804360604,
      "VC@25": 0.34212327508306134,
      "VC@50": 0.4982846518039878,
      "VC@200": 0.813008892720258,
      "Recall@10": 0.2,
      "Recall@50": 0.26,
      "Spearman": 0.22933581530369532,
      "Tier0-AP": 1.0,
      "Tier01-AP": 1.0,
      "n_samples": 655
    },
    "2023-03": {
      "VC@20": 0.14315560707688038,
      "VC@100": 0.2875709979445706,
      "Recall@20": 0.2,
      "Recall@100": 0.2,
      "NDCG": 0.2792259222932941,
      "VC@10": 0.051795132629446135,
      "VC@25": 0.16783407839974956,
      "VC@50": 0.21542742136357887,
      "VC@200": 0.7259258985495403,
      "Recall@10": 0.1,
      "Recall@50": 0.32,
      "Spearman": 0.149359613614104,
      "Tier0-AP": 1.0,
      "Tier01-AP": 1.0,
      "n_samples": 780
    }
  },
  "aggregate": {
    "mean": {
      "VC@20": 0.35042952968115393,
      "VC@100": 0.6247406721058825,
      "Recall@20": 0.23750000000000002,
      "Recall@100": 0.25333333333333335,
      "NDCG": 0.5177005731900556,
      "VC@10": 0.19366908568621166,
      "VC@25": 0.3660535915907674,
      "VC@50": 0.46937918298947934,
      "VC@200": 0.8416774693071228,
      "Recall@10": 0.19166666666666668,
      "Recall@50": 0.23999999999999996,
      "Spearman": 0.19669421897011174,
      "Tier0-AP": 1.0,
      "Tier01-AP": 1.0,
      "n_samples": 617.8333333333334
    },
    "std": {
      "VC@20": 0.16175905970284893,
      "VC@100": 0.14690398449298958,
      "Recall@20": 0.08926785535678562,
      "Recall@100": 0.04921607686744466,
      "NDCG": 0.15789529194384905,
      "VC@10": 0.14284540677448845,
      "VC@25": 0.16842951495178773,
      "VC@50": 0.16440050705651046,
      "VC@200": 0.07176096111954337,
      "Recall@10": 0.11149240133549711,
      "Recall@50": 0.0632455532033676,
      "Spearman": 0.04495338000513018,
      "Tier0-AP": 0.0,
      "Tier01-AP": 0.0,
      "n_samples": 90.0803653535121
    },
    "min": {
      "VC@20": 0.14315560707688038,
      "VC@100": 0.2875709979445706,
      "Recall@20": 0.1,
      "Recall@100": 0.19,
      "NDCG": 0.2792259222932941,
      "VC@10": 0.019992510874018217,
      "VC@25": 0.14888083365964264,
      "VC@50": 0.21542742136357887,
      "VC@200": 0.6954868235920499,
      "Recall@10": 0.0,
      "Recall@50": 0.14,
      "Spearman": 0.11163440552410037,
      "Tier0-AP": 1.0,
      "Tier01-AP": 1.0,
      "n_samples": 448.0
    },
    "max": {
      "VC@20": 0.70778336988612,
      "VC@100": 0.8357911346993525,
      "Recall@20": 0.45,
      "Recall@100": 0.35,
      "NDCG": 0.8036851345389296,
      "VC@10": 0.472497630865112,
      "VC@25": 0.70778336988612,