{
  "eval_config": {
    "eval_months": [
      "2020-06",
      "2020-07",
      "2020-08",
      "2020-09",
      "2020-10",
      "2020-11",
      "2020-12",
      "2021-01",
      "2021-02",
      "2021-03",
      "2021-04",
      "2021-05",
      "2021-06",
      "2021-07",
      "2021-08",
      "2021-09",
      "2021-10",
      "2021-11",
      "2021-12",
      "2022-01",
      "2022-02",
      "2022-03",
      "2022-04",
      "2022-05",
      "2022-06",
      "2022-07",
      "2022-08",
      "2022-09",
      "2022-10",
      "2022-11",
      "2022-12",
      "2023-01",
      "2023-02",
      "2023-03",
      "2023-04",
      "2023-05"
    ],
    "class_type": "onpeak",
    "period_type": "f0",
    "lag": 1
  },
  "per_month": {
    "2020-06": {
      "VC@20": 0.09958179828022727,
      "VC@100": 0.4339112072276535,
      "Recall@20": 0.15,
      "Recall@100": 0.41,
      "NDCG": 0.5337642502909512,
      "VC@10": 0.09288348343564061,
      "VC@25": 0.16457812580047085,
      "VC@50": 0.2870760793097693,
      "VC@200": 0.7660822384743806,
      "Recall@10": 0.0,
      "Recall@50": 0.36,
      "Spearman": 0.3947521163766847,
      "n_samples": 492
    },
    "2020-07": {
      "VC@20": 0.27349486548852103,
      "VC@100": 0.8124174947915193,
      "Recall@20": 0.2,
      "Recall@100": 0.37,
      "NDCG": 0.36866397705069665,
      "VC@10": 0.020457281323460974,
      "VC@25": 0.2770146421192808,
      "VC@50": 0.6648922221581057,
      "VC@200": 0.9105522671679345,
      "Recall@10": 0.0,
      "Recall@50": 0.5,
      "Spearman": 0.31688523081414827,
      "n_samples": 402
    },
    "2020-08": {
      "VC@20": 0.27525148524564685,
      "VC@100": 0.6718216284637152,
      "Recall@20": 0.25,
      "Recall@100": 0.45,
      "NDCG": 0.6518118376245889,
      "VC@10": 0.21135088554148565,
      "VC@25": 0.29332016901796054,
      "VC@50": 0.5365437954762915,
      "VC@200": 0.9932250597856762,
      "Recall@10": 0.3,
      "Recall@50": 0.42,
      "Spearman": 0.4101949947734658,
      "n_samples": 448
    },
    "2020-09": {
      "VC@20": 0.34861399291974116,
      "VC@100": 0.5987703319090856,
      "Recall@20": 0.4,
      "Recall@100": 0.43,
      "NDCG": 0.49915226179258065,
      "VC@10": 0.020644587064352078,
      "VC@25": 0.38219864993363817,
      "VC@50": 0.39954569175533705,
      "VC@200": 0.8995685859303062,
      "Recall@10": 0.0,
      "Recall@50": 0.26,
      "Spearman": 0.4157576915876538,
      "n_samples": 636
    },
    "2020-10": {
      "VC@20": 0.1981207604094126,
      "VC@100": 0.848148330165077,
      "Recall@20": 0.35,
      "Recall@100": 0.41,
      "NDCG": 0.4614076670292906,
      "VC@10": 0.15398998147842202,
      "VC@25": 0.3893178872993001,
      "VC@50": 0.8292884911780267,
      "VC@200": 0.9484447311791978,
      "Recall@10": 0.1,
      "Recall@50": 0.42,
      "Spearman": 0.3150000435458734,
      "n_samples": 569
    },
    "2020-11": {
      "VC@20": 0.18086136651217294,
      "VC@100": 0.5020520237923579,
      "Recall@20": 0.1,
      "Recall@100": 0.39,
      "NDCG": 0.3855389373636995,
      "VC@10": 0.17203284004821173,
      "VC@25": 0.3409997314233221,
      "VC@50": 0.42375798195616243,
      "VC@200": 0.5920382030622852,
      "Recall@10": 0.2,
      "Recall@50": 0.32,
      "Spearman": 0.22903300013368852,
      "n_samples": 554
    },
    "2020-12": {
      "VC@20": 0.023878859768735987,
      "VC@100": 0.6732508977816887,
      "Recall@20": 0.05,
      "Recall@100": 0.41,
      "NDCG": 0.35170727848063055,
      "VC@10": 0.002738295066768385,
      "VC@25": 0.03423877697010746,
      "VC@50": 0.3794846229103166,
      "VC@200": 0.7269225241526637,
      "Recall@10": 0.0,
      "Recall@50": 0.42,
      "Spearman": 0.31762274899191967,
      "n_samples": 538
    },
    "2021-01": {
      "VC@20": 0.39977201362972076,
      "VC@100": 0.7797286884910163,
      "Recall@20": 0.5,
      "Recall@100": 0.36,
      "NDCG": 0.5188754148454838,
      "VC@10": 0.36704213574540334,
      "VC@25": 0.40050064261243007,
      "VC@50": 0.6636984644538335,
      "VC@200": 0.956557699486142,
      "Recall@10": 0.6,
      "Recall@50": 0.44,
      "Spearman": 0.2919224742202002,
      "n_samples": 398
    },
    "2021-02": {
      "VC@20": 0.15329663536229393,
      "VC@100": 0.6262729608704299,
      "Recall@20": 0.25,
      "Recall@100": 0.54,
      "NDCG": 0.4292624918061077,
      "VC@10": 0.12382272622202628,
      "VC@25": 0.17771108948893416,
      "VC@50": 0.41146914628836223,
      "VC@200": 0.7049798949592254,
      "Recall@10": 0.2,
      "Recall@50": 0.44,
      "Spearman": 0.34925965510606094,
      "n_samples": 478
    },
    "2021-03": {
      "VC@20": 0.07050023972729046,
      "VC@100": 0.4107312807951378,
      "Recall@20": 0.2,
      "Recall@100": 0.37,
      "NDCG": 0.3419407485681207,
      "VC@10": 0.024464277759869413,
      "VC@25": 0.07575059069666523,
      "VC@50": 0.3502741416876897,
      "VC@200": 0.8505309324840777,
      "Recall@10": 0.0,
      "Recall@50": 0.28,
      "Spearman": 0.2944461298884414,
      "n_samples": 524
    },
    "2021-04": {
      "VC@20": 0.2947002300530418,
      "VC@100": 0.7479603061142843,
      "Recall@20": 0.35,
      "Recall@100": 0.4,
      "NDCG": 0.5441882231229508,
      "VC@10": 0.15339984974682835,
      "VC@25": 0.34447265526810145,
      "VC@50": 0.581962326247643,
      "VC@200": 0.8094290414881434,
      "Recall@10": 0.0,
      "Recall@50": 0.4,
      "Spearman": 0.2909926963428579,
      "n_samples": 525
    },
    "2021-05": {
      "VC@20": 0.37728267276218946,
      "VC@100": 0.6684562025999964,
      "Recall@20": 0.4,
      "Recall@100": 0.47,
      "NDCG": 0.5651502995917961,
      "VC@10": 0.2029691286894728,
      "VC@25": 0.38677616610788224,
      "VC@50": 0.4334335409490855,
      "VC@200": 0.899943324217856,
      "Recall@10": 0.3,
      "Recall@50": 0.4,
      "Spearman": 0.37679048980639696,
      "n_samples": 536
    },
    "2021-06": {
      "VC@20": 0.07881752090452147,
      "VC@100": 0.7444821682451399,
      "Recall@20": 0.0,
      "Recall@100": 0.46,
      "NDCG": 0.48548234861057704,
      "VC@10": 0.03360440169797307,
      "VC@25": 0.19232896828540336,
      "VC@50": 0.47779235209295373,
      "VC@200": 0.828941333922593,
      "Recall@10": 0.0,
      "Recall@50": 0.48,
      "Spearman": 0.40518369706244123,
      "n_samples": 513
    },
    "2021-07": {
      "VC@20": 0.3132600084597035,
      "VC@100": 0.8093090827786381,
      "Recall@20": 0.3,
      "Recall@100": 0.47,
      "NDCG": 0.7130569112901269,
      "VC@10": 0.20307851038062785,
      "VC@25": 0.3280297308785654,
      "VC@50": 0.5733545091388391,
      "VC@200": 0.8711005705127006,
      "Recall@10": 0.3,
      "Recall@50": 0.52,
      "Spearman": 0.41049044576417504,
      "n_samples": 427
    },
    "2021-08": {
      "VC@20": 0.4795407188314957,
      "VC@100": 0.6674221967175406,
      "Recall@20": 0.4,
      "Recall@100": 0.45,
      "NDCG": 0.7833904535572797,
      "VC@10": 0.19547705125815487,
      "VC@25": 0.47954071883149574,
      "VC@50": 0.6025567657289742,
      "VC@200": 0.7871593088262486,
      "Recall@10": 0.3,
      "Recall@50": 0.38,
      "Spearman": 0.3817094671227616,
      "n_samples": 474
    },
    "2021-09": {
      "VC@20": 0.6172136095159504,
      "VC@100": 0.8022096932632358,
      "Recall@20": 0.5,
      "Recall@100": 0.4,
      "NDCG": 0.5543018168481021,
      "VC@10": 0.2134484557690115,
      "VC@25": 0.6192139476729425,
      "VC@50": 0.6834126593919478,
      "VC@200": 0.8534420966288615,
      "Recall@10": 0.4,
      "Recall@50": 0.44,
      "Spearman": 0.2894983227252319,
      "n_samples": 579
    },
    "2021-10": {
      "VC@20": 0.5604235654030084,
      "VC@100": 0.6667589733324744,
      "Recall@20": 0.3,
      "Recall@100": 0.36,
      "NDCG": 0.6435377839214526,
      "VC@10": 0.22111996879189524,
      "VC@25": 0.5941493051664097,
      "VC@50": 0.6551990526678388,
      "VC@200": 0.8187563199104141,