{
  "eval_config": {
    "eval_months": [
      "2020-06",
      "2020-07",
      "2020-08",
      "2020-09",
      "2020-10",
      "2020-11",
      "2020-12",
      "2021-01",
      "2021-02",
      "2021-03",
      "2021-04",
      "2021-05",
      "2021-06",
      "2021-07",
      "2021-08",
      "2021-09",
      "2021-10",
      "2021-11",
      "2021-12",
      "2022-01",
      "2022-02",
      "2022-03",
      "2022-04",
      "2022-05",
      "2022-06",
      "2022-07",
      "2022-08",
      "2022-09",
      "2022-10",
      "2022-11",
      "2022-12",
      "2023-01",
      "2023-02",
      "2023-03",
      "2023-04",
      "2023-05"
    ],
    "class_type": "onpeak",
    "period_type": "f0",
    "lag": 1
  },
  "per_month": {
    "2020-06": {
      "VC@20": 0.1271860533225701,
      "VC@100": 0.64081242892313,
      "Recall@20": 0.2,
      "Recall@100": 0.44,
      "NDCG": 0.5363675248427896,
      "VC@10": 0.09424863314755257,
      "VC@25": 0.17342376290340403,
      "VC@50": 0.23320675838932872,
      "VC@200": 0.8384273751704834,
      "Recall@10": 0.0,
      "Recall@50": 0.34,
      "Spearman": 0.3935971411710118,
      "n_samples": 492
    },
    "2020-07": {
      "VC@20": 0.27349486548852103,
      "VC@100": 0.8124174947915193,
      "Recall@20": 0.2,
      "Recall@100": 0.4,
      "NDCG": 0.3701083554358309,
      "VC@10": 0.020457281323460974,
      "VC@25": 0.27701464211928073,
      "VC@50": 0.6785151479841269,
      "VC@200": 0.9103224501281428,
      "Recall@10": 0.0,
      "Recall@50": 0.52,
      "Spearman": 0.30639282515088717,
      "n_samples": 402
    },
    "2020-08": {
      "VC@20": 0.27525148524564685,
      "VC@100": 0.5502397160355568,
      "Recall@20": 0.25,
      "Recall@100": 0.47,
      "NDCG": 0.6484423271933603,
      "VC@10": 0.21135088554148565,
      "VC@25": 0.34695503938783545,
      "VC@50": 0.5365437954762915,
      "VC@200": 0.9932250597856763,
      "Recall@10": 0.3,
      "Recall@50": 0.42,
      "Spearman": 0.40779233888498445,
      "n_samples": 448
    },
    "2020-09": {
      "VC@20": 0.3232848813140879,
      "VC@100": 0.5894440917974875,
      "Recall@20": 0.35,
      "Recall@100": 0.43,
      "NDCG": 0.5032447013824772,
      "VC@10": 0.020644587064352078,
      "VC@25": 0.3315404267223318,
      "VC@50": 0.40120034472982363,
      "VC@200": 0.8977312499843191,
      "Recall@10": 0.0,
      "Recall@50": 0.26,
      "Spearman": 0.44453846510684414,
      "n_samples": 636
    },
    "2020-10": {
      "VC@20": 0.6183017867014095,
      "VC@100": 0.8309032911526527,
      "Recall@20": 0.55,
      "Recall@100": 0.4,
      "NDCG": 0.548474407316783,
      "VC@10": 0.24893502669491246,
      "VC@25": 0.6295048318523739,
      "VC@50": 0.8292884911780267,
      "VC@200": 0.9432960531681518,
      "Recall@10": 0.2,
      "Recall@50": 0.42,
      "Spearman": 0.3194836251276472,
      "n_samples": 569
    },
    "2020-11": {
      "VC@20": 0.2574830339835757,
      "VC@100": 0.5020520237923579,
      "Recall@20": 0.15,
      "Recall@100": 0.39,
      "NDCG": 0.39840869559106384,
      "VC@10": 0.17203284004821173,
      "VC@25": 0.2753332661714149,
      "VC@50": 0.40798245668215993,
      "VC@200": 0.7552725478214511,
      "Recall@10": 0.2,
      "Recall@50": 0.28,
      "Spearman": 0.2760614057233518,
      "n_samples": 554
    },
    "2020-12": {
      "VC@20": 0.0823586614227421,
      "VC@100": 0.7020915707825932,
      "Recall@20": 0.1,
      "Recall@100": 0.41,
      "NDCG": 0.36160139544906555,
      "VC@10": 0.002738295066768385,
      "VC@25": 0.09438080956854067,
      "VC@50": 0.5276741958951394,
      "VC@200": 0.7253277502710465,
      "Recall@10": 0.0,
      "Recall@50": 0.4,
      "Spearman": 0.30756306428995317,
      "n_samples": 538
    },
    "2021-01": {
      "VC@20": 0.35295814247525187,
      "VC@100": 0.7823183045233268,
      "Recall@20": 0.4,
      "Recall@100": 0.4,
      "NDCG": 0.55079192258141,
      "VC@10": 0.3121362168328133,
      "VC@25": 0.4024129459162231,
      "VC@50": 0.6314907139992132,
      "VC@200": 0.996410644413136,
      "Recall@10": 0.6,
      "Recall@50": 0.48,
      "Spearman": 0.31213372125211436,
      "n_samples": 398
    },
    "2021-02": {
      "VC@20": 0.1532966353622939,
      "VC@100": 0.6202296221434983,
      "Recall@20": 0.25,
      "Recall@100": 0.52,
      "NDCG": 0.457014079417836,
      "VC@10": 0.14515476580852904,
      "VC@25": 0.18991831655225427,
      "VC@50": 0.4057107185670589,
      "VC@200": 0.7189503448498303,
      "Recall@10": 0.2,
      "Recall@50": 0.46,
      "Spearman": 0.35560514939273186,
      "n_samples": 478
    },
    "2021-03": {
      "VC@20": 0.06411501593312352,
      "VC@100": 0.4208741280847825,
      "Recall@20": 0.15,
      "Recall@100": 0.41,
      "NDCG": 0.3345742388809185,
      "VC@10": 0.024464277759869413,
      "VC@25": 0.08100094166604002,
      "VC@50": 0.2639197495532355,
      "VC@200": 0.7175383863024473,
      "Recall@10": 0.0,
      "Recall@50": 0.26,
      "Spearman": 0.2962069716774671,
      "n_samples": 524
    },
    "2021-04": {
      "VC@20": 0.25664022366621986,
      "VC@100": 0.7398880925423587,
      "Recall@20": 0.3,
      "Recall@100": 0.4,
      "NDCG": 0.5131219090505689,
      "VC@10": 0.11102254293225934,
      "VC@25": 0.34403904883086467,
      "VC@50": 0.5892838050164166,
      "VC@200": 0.8201030707018352,
      "Recall@10": 0.0,
      "Recall@50": 0.4,
      "Spearman": 0.29556789504977554,
      "n_samples": 525
    },
    "2021-05": {
      "VC@20": 0.3774447844221422,
      "VC@100": 0.6840644304896785,
      "Recall@20": 0.4,
      "Recall@100": 0.48,
      "NDCG": 0.6580421119079647,
      "VC@10": 0.2029691286894728,
      "VC@25": 0.38702169897550487,
      "VC@50": 0.43459737340465276,
      "VC@200": 0.8954660973413553,
      "Recall@10": 0.3,
      "Recall@50": 0.42,
      "Spearman": 0.379984461052963,
      "n_samples": 536
    },
    "2021-06": {
      "VC@20": 0.09446784375645868,
      "VC@100": 0.8115355166911563,
      "Recall@20": 0.0,
      "Recall@100": 0.49,
      "NDCG": 0.4952725304254302,
      "VC@10": 0.03823238787737285,
      "VC@25": 0.17955783787776,
      "VC@50": 0.5914089995908139,
      "VC@200": 0.8293072635580839,
      "Recall@10": 0.0,
      "Recall@50": 0.52,
      "Spearman": 0.40806761594179136,
      "n_samples": 513
    },
    "2021-07": {
      "VC@20": 0.3267192434586715,
      "VC@100": 0.8034536073534964,
      "Recall@20": 0.3,
      "Recall@100": 0.47,
      "NDCG": 0.716814018982679,
      "VC@10": 0.24412950834057845,
      "VC@25": 0.32856049056455744,
      "VC@50": 0.4996211889746378,
      "VC@200": 0.9066343025571362,
      "Recall@10": 0.4,
      "Recall@50": 0.52,
      "Spearman": 0.41623729459217906,
      "n_samples": 427
    },
    "2021-08": {
      "VC@20": 0.47954071883149574,
      "VC@100": 0.6598179651925554,
      "Recall@20": 0.4,
      "Recall@100": 0.41,
      "NDCG": 0.7584550426475005,
      "VC@10": 0.3206155322603875,
      "VC@25": 0.47994114741445804,
      "VC@50": 0.6053158157951167,
      "VC@200": 0.9283520269592906,
      "Recall@10": 0.5,
      "Recall@50": 0.4,
      "Spearman": 0.3664607119780419,
      "n_samples": 474
    },
    "2021-09": {
      "VC@20": 0.6172136095159505,
      "VC@100": 0.720021430487343,
      "Recall@20": 0.5,
      "Recall@100": 0.36,
      "NDCG": 0.5590995093087112,
      "VC@10": 0.21344845576901147,
      "VC@25": 0.6192139476729425,
      "VC@50": 0.6820398314396103,
      "VC@200": 0.8535359263277267,
      "Recall@10": 0.4,
      "Recall@50": 0.42,
      "Spearman": 0.29074830548907227,
      "n_samples": 579
    },
    "2021-10": {
      "VC@20": 0.5593477701620535,
      "VC@100": 0.6578354440718787,
      "Recall@20": 0.3,
      "Recall@100": 0.35,
      "NDCG": 0.5179978671374007,
      "VC@10": 0.22192758847550004,
      "VC@25": 0.5615961604500125,
      "VC@50": 0.6551281043287306,
      "VC@200": 0.9410811847181249,