{
  "eval_config": {
    "eval_months": [
      "2020-06",
      "2020-07",
      "2020-08",
      "2020-10",
      "2020-11",
      "2021-01",
      "2021-02",
      "2021-04",
      "2021-05",
      "2021-07",
      "2021-08",
      "2021-10",
      "2021-11",
      "2022-01",
      "2022-02",
      "2022-04",
      "2022-05",
      "2022-07",
      "2022-08",
      "2022-10",
      "2022-11",
      "2023-01",
      "2023-02",
      "2023-04"
    ],
    "class_type": "onpeak",
    "period_type": "f0",
    "train_months": 8,
    "val_months": 0,
    "mode": "extra_24"
  },
  "per_month": {
    "2020-06": {
      "VC@20": 0.27444757098569716,
      "VC@100": 0.5978781491095962,
      "Recall@20": 0.2,
      "Recall@100": 0.23,
      "NDCG": 0.5881331737698493,
      "VC@10": 0.17672265267209183,
      "VC@25": 0.2837996035677799,
      "VC@50": 0.3781216560320228,
      "VC@200": 0.6940019535378356,
      "Recall@10": 0.2,
      "Recall@50": 0.22,
      "Spearman": 0.10760799298068197,
      "Tier0-AP": 1.0,
      "Tier01-AP": 1.0,
      "n_samples": 577
    },
    "2020-07": {
      "VC@20": 0.3166052784189197,
      "VC@100": 0.5602979719426423,
      "Recall@20": 0.25,
      "Recall@100": 0.31,
      "NDCG": 0.4341392683458543,
      "VC@10": 0.16443896490648918,
      "VC@25": 0.4027685048260247,
      "VC@50": 0.4068951732893687,
      "VC@200": 0.6458194671078442,
      "Recall@10": 0.2,
      "Recall@50": 0.22,
      "Spearman": 0.1760253675353924,
      "Tier0-AP": 1.0,
      "Tier01-AP": 1.0,
      "n_samples": 497
    },
    "2020-08": {
      "VC@20": 0.25976111401798674,
      "VC@100": 0.5133370948153027,
      "Recall@20": 0.25,
      "Recall@100": 0.3,
      "NDCG": 0.566482368709639,
      "VC@10": 0.24359493848428665,
      "VC@25": 0.25976111401798674,
      "VC@50": 0.4353115722949092,
      "VC@200": 0.6645023117631013,
      "Recall@10": 0.4,
      "Recall@50": 0.2,
      "Spearman": 0.09855929214560287,
      "Tier0-AP": 1.0,
      "Tier01-AP": 1.0,
      "n_samples": 507
    },
    "2020-10": {
      "VC@20": 0.42289918312196445,
      "VC@100": 0.6684138988268101,
      "Recall@20": 0.2,
      "Recall@100": 0.27,
      "NDCG": 0.7955990172482951,
      "VC@10": 0.42289918312196445,
      "VC@25": 0.435253870010352,
      "VC@50": 0.5251712694772882,
      "VC@200": 0.7390802950477529,
      "Recall@10": 0.4,
      "Recall@50": 0.26,
      "Spearman": 0.15824345975404247,
      "Tier0-AP": 1.0,
      "Tier01-AP": 1.0,
      "n_samples": 763
    },
    "2020-11": {
      "VC@20": 0.7126554440427162,
      "VC@100": 0.7834548518728935,
      "Recall@20": 0.3,
      "Recall@100": 0.22,
      "NDCG": 0.8122509923440877,
      "VC@10": 0.57247522571224,
      "VC@25": 0.7405902067815359,
      "VC@50": 0.7409946554273267,
      "VC@200": 0.9547647575804789,
      "Recall@10": 0.3,
      "Recall@50": 0.18,
      "Spearman": 0.1874395676913131,
      "Tier0-AP": 1.0,
      "Tier01-AP": 1.0,
      "n_samples": 508
    },
    "2021-01": {
      "VC@20": 0.18212374301680223,
      "VC@100": 0.7733542733668088,
      "Recall@20": 0.2,
      "Recall@100": 0.33,
      "NDCG": 0.49506573109951113,
      "VC@10": 0.1165332311858403,
      "VC@25": 0.3181780955317106,
      "VC@50": 0.3301707268117264,
      "VC@200": 0.9069104997422255,
      "Recall@10": 0.1,
      "Recall@50": 0.22,
      "Spearman": 0.24290886506634307,
      "Tier0-AP": 1.0,
      "Tier01-AP": 1.0,
      "n_samples": 407
    },
    "2021-02": {
      "VC@20": 0.41085301852991507,
      "VC@100": 0.7267124095671464,
      "Recall@20": 0.25,
      "Recall@100": 0.15,
      "NDCG": 0.7289522977959602,
      "VC@10": 0.3436014117991992,
      "VC@25": 0.41181901632527323,
      "VC@50": 0.7139283700533373,
      "VC@200": 0.927292706712584,
      "Recall@10": 0.1,
      "Recall@50": 0.2,
      "Spearman": 0.15958284112592885,
      "Tier0-AP": 1.0,
      "Tier01-AP": 1.0,
      "n_samples": 650
    },
    "2021-04": {
      "VC@20": 0.15422758508466639,
      "VC@100": 0.4702183098527169,
      "Recall@20": 0.1,
      "Recall@100": 0.21,
      "NDCG": 0.4715852962543534,
      "VC@10": 0.12045477295976431,
      "VC@25": 0.22412121382490413,
      "VC@50": 0.3603806652643202,
      "VC@200": 0.7346823489026684,
      "Recall@10": 0.1,
      "Recall@50": 0.22,
      "Spearman": 0.12674884542176723,
      "Tier0-AP": 1.0,
      "Tier01-AP": 1.0,
      "n_samples": 661
    },
    "2021-05": {
      "VC@20": 0.21602820010363372,
      "VC@100": 0.6046029505806779,
      "Recall@20": 0.15,
      "Recall@100": 0.35,
      "NDCG": 0.5043771146931117,
      "VC@10": 0.12945963166833904,
      "VC@25": 0.24965236938856078,
      "VC@50": 0.3630845591863927,
      "VC@200": 0.7420088011588886,
      "Recall@10": 0.2,
      "Recall@50": 0.32,
      "Spearman": 0.23215330391985342,
      "Tier0-AP": 0.9999999999999999,
      "Tier01-AP": 0.9999999999999999,
      "n_samples": 681
    },
    "2021-07": {
      "VC@20": 0.6728148974542897,
      "VC@100": 0.7605037509635031,
      "Recall@20": 0.5,
      "Recall@100": 0.31,
      "NDCG": 0.8039408156777877,
      "VC@10": 0.4137445477029719,
      "VC@25": 0.6728148974542897,
      "VC@50": 0.730194938476662,
      "VC@200": 0.8840910462393538,
      "Recall@10": 0.4,
      "Recall@50": 0.3,
      "Spearman": 0.16842220677695474,
      "Tier0-AP": 1.0,
      "Tier01-AP": 1.0,
      "n_samples": 513
    },
    "2021-08": {
      "VC@20": 0.6575422136319231,
      "VC@100": 0.7582406188778095,
      "Recall@20": 0.45,
      "Recall@100": 0.32,
      "NDCG": 0.5739518086189899,
      "VC@10": 0.4912546656953703,
      "VC@25": 0.6575422136319231,
      "VC@50": 0.7486221483267131,
      "VC@200": 0.9691809914915646,
      "Recall@10": 0.5,
      "Recall@50": 0.4,
      "Spearman": 0.29149292705340496,
      "Tier0-AP": 1.0,
      "Tier01-AP": 1.0,
      "n_samples": 552
    },
    "2021-10": {
      "VC@20": 0.3592349197414885,
      "VC@100": 0.5958145622154488,
      "Recall@20": 0.3,
      "Recall@100": 0.24,
      "NDCG": 0.648883321307317,
      "VC@10": 0.32745682492162975,
      "VC@25": 0.3609305964820387,
      "VC@50": 0.4817363865836216,
      "VC@200": 0.7105828952099555,
      "Recall@10": 0.5,
      "Recall@50": 0.28,
      "Spearman": 0.16884018427286496,
      "Tier0-AP": 1.0,
      "Tier01-AP": 1.0,
      "n_samples": 804
    },
    "2021-11": {
      "VC@20": 0.359811516878218,
      "VC@100": 0.8242720233546502,
      "Recall@20": 0.15,
      "Recall@100": 0.19,
      "NDCG": 0.5125335201955331,
      "VC@10": 0.2778563031448115,
      "VC@25": 0.3661265724021552,
      "VC@50": 0.8041772387845169,
      "VC@200": 0.8811377967226093,
      "Recall@10": 0.1,
      "Recall@50": 0.2,
      "Spearman": 0.07230485100042212,
      "Tier0-AP": 1.0,
      "Tier01-AP": 1.0,
      "n_samples": 594
    },
    "2022-01": {
      "VC@20": 0.5469733787236108,
      "VC@100": 0.6831913491471119,
      "Recall@20": 0.2,
      "Recall@100": 0.23,
      "NDCG": 0.7541582279738642,
      "VC@10": 0.35341462319394634,
      "VC@25": 0.5711176081508316,
      "VC@50": 0.61294855970824,
      "VC@200": 0.7389241533317557,
      "Recall@10": 0.3,
      "Recall@50": 0.26,
      "Spearman": 0.0960935329839628,
      "Tier0-AP": 1.0,
      "Tier01-AP": 1.0,
      "n_samples": 414
    },
    "2022-02": {
      "VC@20": 0.6206200228900906,
      "VC@100": 0.8112084489192266,
      "Recall@20": 0.25,
      "Recall@100": 0.28,
      "NDCG": 0.6810621264110105,
      "VC@10": 0.6043206297201605,
      "VC@25": 0.6206200228900906,
      "VC@50": 0.6348695811543982,
      "VC@200": 0.8970616798335206,
      "Recall@10": 0.4,
      "Recall@50": 0.22,
      "Spearman": 0.17261086412764362,
      "Tier0-AP": 1.0,
      "Tier01-AP": 1.0,
      "n_samples": 411
    },
    "2022-04": {
      "VC@20": 0.20193981333792257,
      "VC@100": 0.5778881006808885,
      "Recall@20": 0.25,
      "Recall@100": 0.19,
      "NDCG": 0.44693674521586396,