{
  "eval_config": {
    "eval_months": [
      "2020-09",
      "2020-12",
      "2021-03",
      "2021-06",
      "2021-09",
      "2021-12",
      "2022-03",
      "2022-06",
      "2022-09",
      "2022-12",
      "2023-03",
      "2023-05"
    ],
    "class_type": "dailyoffpeak",
    "period_type": "f0",
    "mode": "eval"
  },
  "per_month": {
    "2020-09": {
      "VC@20": 0.4654843755742218,
      "VC@100": 0.6930288073602653,
      "Recall@20": 0.25,
      "Recall@100": 0.22,
      "NDCG": 0.3039546674555074,
      "VC@10": 0.010702296248124538,
      "VC@25": 0.4654843755742218,
      "VC@50": 0.5306999953662795,
      "VC@200": 0.8601543188670712,
      "Recall@10": 0.0,
      "Recall@50": 0.2,
      "Spearman": 0.22056974172017849,
      "n_samples": 597
    },
    "2020-12": {
      "VC@20": 0.1712122122921982,
      "VC@100": 0.7601733669281086,
      "Recall@20": 0.15,
      "Recall@100": 0.26,
      "NDCG": 0.44628801673940555,
      "VC@10": 0.16720334491360975,
      "VC@25": 0.1712122122921983,
      "VC@50": 0.26343540544285204,
      "VC@200": 0.8219746924897787,
      "Recall@10": 0.3,
      "Recall@50": 0.3,
      "Spearman": 0.3057358456929328,
      "n_samples": 514
    },
    "2021-03": {
      "VC@20": 0.08312009026211543,
      "VC@100": 0.228426958316519,
      "Recall@20": 0.25,
      "Recall@100": 0.31,
      "NDCG": 0.28008571187950404,
      "VC@10": 0.06463088653821489,
      "VC@25": 0.08312009026211543,
      "VC@50": 0.20186226399629478,
      "VC@200": 0.3379949739343435,
      "Recall@10": 0.0,
      "Recall@50": 0.34,
      "Spearman": 0.339020370584466,
      "n_samples": 507
    },
    "2021-06": {
      "VC@20": 0.01050012805034208,
      "VC@100": 0.6952300231303635,
      "Recall@20": 0.0,
      "Recall@100": 0.26,
      "NDCG": 0.35816580061592607,
      "VC@10": 0.01050012805034208,
      "VC@25": 0.06259425927958473,
      "VC@50": 0.2694545055427505,
      "VC@200": 0.9962336939068365,
      "Recall@10": 0.0,
      "Recall@50": 0.18,
      "Spearman": 0.3252881120795924,
      "n_samples": 472
    },
    "2021-09": {
      "VC@20": 0.11964105098616155,
      "VC@100": 0.2216334881154889,
      "Recall@20": 0.2,
      "Recall@100": 0.17,
      "NDCG": 0.2207225123293706,
      "VC@10": 0.11964105098616155,
      "VC@25": 0.1203099857477817,
      "VC@50": 0.12447358742126798,
      "VC@200": 0.9053417084271986,
      "Recall@10": 0.1,
      "Recall@50": 0.2,
      "Spearman": 0.15883601165585765,
      "n_samples": 541
    },
    "2021-12": {
      "VC@20": 0.27972653709036105,
      "VC@100": 0.8559572873697052,
      "Recall@20": 0.3,
      "Recall@100": 0.32,
      "NDCG": 0.44816068479422566,
      "VC@10": 0.14645613953033257,
      "VC@25": 0.5276001469595436,
      "VC@50": 0.6797760979861577,
      "VC@200": 0.9080060744919136,
      "Recall@10": 0.1,
      "Recall@50": 0.32,
      "Spearman": 0.34441599495056147,
      "n_samples": 456
    },
    "2022-03": {
      "VC@20": 0.6412961491836876,
      "VC@100": 0.7893698033408648,
      "Recall@20": 0.65,
      "Recall@100": 0.32,
      "NDCG": 0.8298917860008432,
      "VC@10": 0.48875816912565606,
      "VC@25": 0.6481829884146946,
      "VC@50": 0.6965541142687396,
      "VC@200": 0.969212935874239,
      "Recall@10": 0.3,
      "Recall@50": 0.48,
      "Spearman": 0.29046370535570726,
      "n_samples": 483
    },
    "2022-06": {
      "VC@20": 0.629193227676176,
      "VC@100": 0.8364431606040958,
      "Recall@20": 0.1,
      "Recall@100": 0.25,
      "NDCG": 0.2762575708949164,
      "VC@10": 0.00017781087909139685,
      "VC@25": 0.6299042965256663,
      "VC@50": 0.6869424633339295,
      "VC@200": 0.8629766309694152,
      "Recall@10": 0.0,
      "Recall@50": 0.34,
      "Spearman": 0.29588329292824217,
      "n_samples": 534
    },
    "2022-09": {
      "VC@20": 0.26700561335764594,
      "VC@100": 0.4816103543208552,
      "Recall@20": 0.3,
      "Recall@100": 0.25,
      "NDCG": 0.49499621559051,
      "VC@10": 0.26700561335764594,
      "VC@25": 0.2671486288390718,
      "VC@50": 0.42832707640602097,
      "VC@200": 0.8397082484178912,
      "Recall@10": 0.5,
      "Recall@50": 0.34,
      "Spearman": 0.28440620995611626,
      "n_samples": 607
    },
    "2022-12": {
      "VC@20": 0.13856837975014694,
      "VC@100": 0.5287843777923918,
      "Recall@20": 0.15,
      "Recall@100": 0.28,
      "NDCG": 0.5020416926676718,
      "VC@10": 0.102007602565746,
      "VC@25": 0.15384368033528614,
      "VC@50": 0.24817773793912629,
      "VC@200": 0.685725032749212,
      "Recall@10": 0.3,
      "Recall@50": 0.26,
      "Spearman": 0.18378691114625068,
      "n_samples": 609
    },
    "2023-03": {
      "VC@20": 0.0,
      "VC@100": 0.19987933041430728,
      "Recall@20": 0.0,
      "Recall@100": 0.17,
      "NDCG": 0.30595792974328917,
      "VC@10": 0.0,
      "VC@25": 0.0,
      "VC@50": 0.06706448142948283,
      "VC@200": 0.4379322132076979,
      "Recall@10": 0.0,
      "Recall@50": 0.06,
      "Spearman": 0.13864562793819954,
      "n_samples": 593
    },
    "2023-05": {
      "VC@20": 0.4499579388248392,
      "VC@100": 0.6777907496800502,
      "Recall@20": 0.25,
      "Recall@100": 0.2,
      "NDCG": 0.3192078706472662,
      "VC@10": 0.3980042313087943,
      "VC@25": 0.4547690599895187,
      "VC@50": 0.6310035255400329,
      "VC@200": 0.6828562614573856,
      "Recall@10": 0.1,
      "Recall@50": 0.28,
      "Spearman": 0.2549417135023558,
      "n_samples": 598
    }
  },
  "aggregate": {
    "mean": {
      "VC@20": 0.27130880858732465,
      "VC@100": 0.580693975614418,
      "Recall@20": 0.21666666666666665,
      "Recall@100": 0.2508333333333334,
      "NDCG": 0.3988108716132029,
      "VC@10": 0.14792393945864327,
      "VC@25": 0.29868081035164024,
      "VC@50": 0.40231427122274455,
      "VC@200": 0.7756763987327485,
      "Recall@10": 0.1416666666666667,
      "Recall@50": 0.27499999999999997,
      "Spearman": 0.2618327947925384,
      "n_samples": 542.5833333333334
    },
    "std": {
      "VC@20": 0.2164809494541197,
      "VC@100": 0.23499110675644416,
      "Recall@20": 0.1637240225365708,
      "Recall@100": 0.0505731044023292,
      "NDCG": 0.157286078943921,
      "VC@10": 0.15398427343289556,
      "VC@25": 0.2232154753747707,
      "VC@50": 0.22444370033689579,
      "VC@200": 0.19658980076996313,
      "Recall@10": 0.16051133570215184,
      "Recall@50": 0.10169398540064534,
      "Spearman": 0.06760509622610089,
      "n_samples": 54.25473609638968
    },
    "min": {
      "VC@20": 0.0,
      "VC@100": 0.19987933041430728,
      "Recall@20": 0.0,
      "Recall@100": 0.17,
      "NDCG": 0.2207225123293706,
      "VC@10": 0.0,
      "VC@25": 0.0,
      "VC@50": 0.06706448142948283,
      "VC@200": 0.3379949739343435,
      "Recall@10": 0.0,
      "Recall@50": 0.06,
      "Spearman": 0.13864562793819954,
      "n_samples": 456.0
    },
    "max": {
      "VC@20": 0.6412961491836876,
      "VC@100": 0.8559572873697052,
      "Recall@20": 0.65,
      "Recall@100": 0.32,
      "NDCG": 0.8298917860008432,
      "VC@10": 0.48875816912565606,
      "VC@25": 0.6481829884146946,
      "VC@50": 0.6965541142687396,
      "VC@200": 0.9962336939068365,
      "Recall@10": 0.5,
      "Recall@50": 0.48,
      "Spearman": 0.34441599495056147,
      "n_samples": 609.0
    },
    "bottom_2_mean": {
      "VC@20": 0.00525006402517104,
      "VC@100": 0.21075640926489808,
      "Recall@20": 0.0,
      "Recall@100": 0.17,
      "NDCG": 0.2484900416121435,
      "VC@10": 8.890543954569843e-05,
      "VC@25": 0.031297129639792365,
      "VC@50": 0.0957690344253754,
      "VC@200": 0.3879635935710207,
      "Recall@10": 0.0,
      "Recall@50": 0.12,
      "Spearman": 0.14874081979702858,
      "n_samples": 464.0
    }
  },
  "n_months": 12,
  "n_months_requested": 12,
  "skipped_months": []
}