{
  "v0c": {
    "K=150": {
      "VC@150": 0.5195615613707475,
      "Recall@150": 0.30317888239428714,
      "NB12_Count@150": 0.0,
      "NB12_SP@150": 0.0,
      "Dorm_inK@150": 1.3333333333333333,
      "Dang20k_Recall@150": 0.6377164502164502,
      "Dang40k_Recall@150": 0.4222222222222222
    },
    "K=200": {
      "VC@200": 0.5953903097687901,
      "Recall@200": 0.37613067886522283,
      "NB12_Count@200": 0.6666666666666666,
      "NB12_SP@200": 0.0009911589660864834,
      "Dorm_inK@200": 6.333333333333333,
      "Dang20k_Recall@200": 0.7543290043290044,
      "Dang40k_Recall@200": 0.48888888888888893
    },
    "K=300": {
      "VC@300": 0.6991525327299851,
      "Recall@300": 0.4688616283515694,
      "NB12_Count@300": 3.3333333333333335,
      "NB12_SP@300": 0.10888096854627272,
      "Dorm_inK@300": 33.333333333333336,
      "Dang20k_Recall@300": 0.8084415584415585,
      "Dang40k_Recall@300": 0.5555555555555555
    },
    "K=400": {
      "VC@400": 0.7535200205687241,
      "Recall@400": 0.5394612876711702,
      "NB12_Count@400": 5.666666666666667,
      "NB12_SP@400": 0.17399748311747534,
      "Dorm_inK@400": 80.66666666666667,
      "Dang20k_Recall@400": 0.8690476190476191,
      "Dang40k_Recall@400": 0.5555555555555555
    }
  },
  "S1_v0c_3f_logistic": {
    "K=150": {
      "VC@150": 0.4917122571683179,
      "Recall@150": 0.32448565959892206,
      "NB12_Count@150": 0.0,
      "NB12_SP@150": 0.0,
      "Dorm_inK@150": 1.6666666666666667,
      "Dang20k_Recall@150": 0.6204004329004329,
      "Dang40k_Recall@150": 0.4222222222222222
    },
    "K=200": {
      "VC@200": 0.5687953832623286,
      "Recall@200": 0.40399005890931905,
      "NB12_Count@200": 0.0,
      "NB12_SP@200": 0.0,
      "Dorm_inK@200": 3.0,
      "Dang20k_Recall@200": 0.6858766233766235,
      "Dang40k_Recall@200": 0.4222222222222222
    },
    "K=300": {
      "VC@300": 0.6647230452952565,
      "Recall@300": 0.5153971857234764,
      "NB12_Count@300": 0.6666666666666666,
      "NB12_SP@300": 0.012629543990734805,
      "Dorm_inK@300": 6.0,
      "Dang20k_Recall@300": 0.7846320346320347,
      "Dang40k_Recall@300": 0.48888888888888893
    },
    "K=400": {
      "VC@400": 0.7237938303627397,
      "Recall@400": 0.5946318224798693,
      "NB12_Count@400": 2.0,
      "NB12_SP@400": 0.020102008019277046,
      "Dorm_inK@400": 16.0,
      "Dang20k_Recall@400": 0.8387445887445888,
      "Dang40k_Recall@400": 0.48888888888888893
    }
  },
  "S1_v0c_3f_ridge": {
    "K=150": {
      "VC@150": 0.4947862870421546,
      "Recall@150": 0.32955287987123744,
      "NB12_Count@150": 0.0,
      "NB12_SP@150": 0.0,
      "Dorm_inK@150": 0.0,
      "Dang20k_Recall@150": 0.6204004329004329,
      "Dang40k_Recall@150": 0.4222222222222222
    },
    "K=200": {
      "VC@200": 0.570722206709173,
      "Recall@200": 0.40899334436881407,
      "NB12_Count@200": 0.0,
      "NB12_SP@200": 0.0,
      "Dorm_inK@200": 0.0,
      "Dang20k_Recall@200": 0.6858766233766235,
      "Dang40k_Recall@200": 0.4222222222222222
    },
    "K=300": {
      "VC@300": 0.6736917083303938,
      "Recall@300": 0.517898828453224,
      "NB12_Count@300": 0.0,
      "NB12_SP@300": 0.0,
      "Dorm_inK@300": 2.0,
      "Dang20k_Recall@300": 0.814935064935065,
      "Dang40k_Recall@300": 0.48888888888888893
    },
    "K=400": {
      "VC@400": 0.7278521449859365,
      "Recall@400": 0.5945895808577911,
      "NB12_Count@400": 0.3333333333333333,
      "NB12_SP@400": 0.012629514813948353,
      "Dorm_inK@400": 4.0,
      "Dang20k_Recall@400": 0.8387445887445888,
      "Dang40k_Recall@400": 0.48888888888888893
    }
  },
  "S2_+spda_4f_logistic": {
    "K=150": {
      "VC@150": 0.49204986054197364,
      "Recall@150": 0.327534440086727,
      "NB12_Count@150": 0.0,
      "NB12_SP@150": 0.0,
      "Dorm_inK@150": 1.6666666666666667,
      "Dang20k_Recall@150": 0.6204004329004329,
      "Dang40k_Recall@150": 0.4222222222222222
    },
    "K=200": {
      "VC@200": 0.5655432032517925,
      "Recall@200": 0.4004721560169699,
      "NB12_Count@200": 0.0,
      "NB12_SP@200": 0.0,
      "Dorm_inK@200": 3.0,
      "Dang20k_Recall@200": 0.6858766233766235,
      "Dang40k_Recall@200": 0.4222222222222222
    },
    "K=300": {
      "VC@300": 0.6630918649210065,
      "Recall@300": 0.5141393240882564,
      "NB12_Count@300": 0.6666666666666666,
      "NB12_SP@300": 0.012629543990734805,
      "Dorm_inK@300": 5.666666666666667,
      "Dang20k_Recall@300": 0.7846320346320347,
      "Dang40k_Recall@300": 0.48888888888888893
    },
    "K=400": {
      "VC@400": 0.7246487030053856,
      "Recall@400": 0.5956340021017783,
      "NB12_Count@400": 2.0,
      "NB12_SP@400": 0.020102008019277046,
      "Dorm_inK@400": 16.333333333333332,
      "Dang20k_Recall@400": 0.8387445887445888,
      "Dang40k_Recall@400": 0.48888888888888893
    }
  },
  "S2_+spda_4f_ridge": {
    "K=150": {
      "VC@150": 0.5014250885682624,
      "Recall@150": 0.32877822118125427,
      "NB12_Count@150": 0.0,
      "NB12_SP@150": 0.0,
      "Dorm_inK@150": 1.0,
      "Dang20k_Recall@150": 0.6174242424242424,
      "Dang40k_Recall@150": 0.35555555555555557
    },
    "K=200": {
      "VC@200": 0.5862132408460988,
      "Recall@200": 0.4055036025578504,
      "NB12_Count@200": 0.0,
      "NB12_SP@200": 0.0,
      "Dorm_inK@200": 1.0,
      "Dang20k_Recall@200": 0.7067099567099567,
      "Dang40k_Recall@200": 0.4222222222222222
    },
    "K=300": {
      "VC@300": 0.6779602891370969,
      "Recall@300": 0.5181404299258424,
      "NB12_Count@300": 0.0,
      "NB12_SP@300": 0.0,
      "Dorm_inK@300": 3.0,
      "Dang20k_Recall@300": 0.814935064935065,
      "Dang40k_Recall@300": 0.48888888888888893
    },
    "K=400": {
      "VC@400": 0.7270237867651317,
      "Recall@400": 0.5971053041282314,
      "NB12_Count@400": 0.3333333333333333,
      "NB12_SP@400": 0.012629514813948353,
      "Dorm_inK@400": 5.333333333333333,
      "Dang20k_Recall@400": 0.8387445887445888,
      "Dang40k_Recall@400": 0.48888888888888893
    }
  },
  "S3_+bins_7f_logistic": {
    "K=150": {
      "VC@150": 0.4938286758297427,
      "Recall@150": 0.3282950182360173,
      "NB12_Count@150": 0.0,
      "NB12_SP@150": 0.0,
      "Dorm_inK@150": 0.0,
      "Dang20k_Recall@150": 0.6204004329004329,
      "Dang40k_Recall@150": 0.4222222222222222
    },
    "K=200": {
      "VC@200": 0.5715932664503147,
      "Recall@200": 0.40297379874671746,
      "NB12_Count@200": 0.0,
      "NB12_SP@200": 0.0,
      "Dorm_inK@200": 1.0,
      "Dang20k_Recall@200": 0.6858766233766235,
      "Dang40k_Recall@200": 0.4222222222222222
    },
    "K=300": {
      "VC@300": 0.6649567060944584,
      "Recall@300": 0.5186594066025143,
      "NB12_Count@300": 1.0,
      "NB12_SP@300": 0.013620673780034835,
      "Dorm_inK@300": 4.0,
      "Dang20k_Recall@300": 0.7846320346320347,
      "Dang40k_Recall@300": 0.48888888888888893
    },
    "K=400": {
      "VC@400": 0.7261368749545785,
      "Recall@400": 0.5940846847218121,
      "NB12_Count@400": 2.0,
      "NB12_SP@400": 0.03088222113588669,
      "Dorm_inK@400": 14.0,
      "Dang20k_Recall@400": 0.8387445887445888,
      "Dang40k_Recall@400": 0.48888888888888893
    }
  },
  "S3_+bins_7f_ridge": {
    "K=150": {
      "VC@150": 0.5009689243961464,
      "Recall@150": 0.32730691915480126,
      "NB12_Count@150": 0.0,
      "NB12_SP@150": 0.0,
      "Dorm_inK@150": 1.0,
      "Dang20k_Recall@150": 0.6174242424242424,
      "Dang40k_Recall@150": 0.35555555555555557
    },
    "K=200": {
      "VC@200": 0.5863171411011018,
      "Recall@200": 0.40776364381497937,
      "NB12_Count@200": 0.0,
      "NB12_SP@200": 0.0,
      "Dorm_inK@200": 1.0,
      "Dang20k_Recall@200": 0.7067099567099567,
      "Dang40k_Recall@200": 0.4222222222222222
    },
    "K=300": {
      "VC@300": 0.6789976647921492,
      "Recall@300": 0.5254037566424664,
      "NB12_Count@300": 0.0,
      "NB12_SP@300": 0.0,
      "Dorm_inK@300": 1.3333333333333333,