{
  "eval_config": {
    "eval_months": [
      "2020-09",
      "2020-12",
      "2021-03",
      "2021-06",
      "2021-09",
      "2021-12",
      "2022-03",
      "2022-06",
      "2022-09",
      "2022-12",
      "2023-03",
      "2023-05"
    ],
    "class_type": "onpeak",
    "period_type": "f0",
    "train_months": 8,
    "val_months": 0,
    "mode": "eval"
  },
  "per_month": {
    "2020-12": {
      "VC@20": 0.592841716827846,
      "VC@100": 0.810422210367784,
      "Recall@20": 0.35,
      "Recall@100": 0.34,
      "NDCG": 0.6178668249564605,
      "VC@10": 0.25312281119891883,
      "VC@25": 0.7593595121287089,
      "VC@50": 0.7820902772543551,
      "VC@200": 0.9281375748767999,
      "Recall@10": 0.3,
      "Recall@50": 0.38,
      "Spearman": 0.2247598850679409,
      "Tier0-AP": 1.0,
      "Tier01-AP": 1.0,
      "n_samples": 550
    },
    "2021-06": {
      "VC@20": 0.380698364540029,
      "VC@100": 0.5015109337502391,
      "Recall@20": 0.35,
      "Recall@100": 0.29,
      "NDCG": 0.3682144082681515,
      "VC@10": 0.1345962968002481,
      "VC@25": 0.3806983645400291,
      "VC@50": 0.44680829302293923,
      "VC@200": 0.847528552439675,
      "Recall@10": 0.2,
      "Recall@50": 0.24,
      "Spearman": 0.2128000585751738,
      "Tier0-AP": 1.0,
      "Tier01-AP": 1.0,
      "n_samples": 556
    },
    "2021-03": {
      "VC@20": 0.23097283610139166,
      "VC@100": 0.3869028984852902,
      "Recall@20": 0.2,
      "Recall@100": 0.24,
      "NDCG": 0.441434087720495,
      "VC@10": 0.19892586978214483,
      "VC@25": 0.2444727593136615,
      "VC@50": 0.2940008037143476,
      "VC@200": 0.8549061123448977,
      "Recall@10": 0.3,
      "Recall@50": 0.16,
      "Spearman": 0.1650804970548749,
      "Tier0-AP": 1.0,
      "Tier01-AP": 1.0,
      "n_samples": 669
    },
    "2020-09": {
      "VC@20": 0.4593614493298422,
      "VC@100": 0.6762641803480418,
      "Recall@20": 0.2,
      "Recall@100": 0.21,
      "NDCG": 0.7864463094145832,
      "VC@10": 0.45633413529320926,
      "VC@25": 0.47092502305030615,
      "VC@50": 0.48796947061011603,
      "VC@200": 0.7474430563377722,
      "Recall@10": 0.4,
      "Recall@50": 0.18,
      "Spearman": 0.15215379252482367,
      "Tier0-AP": 1.0,
      "Tier01-AP": 1.0,
      "n_samples": 715
    },
    "2021-12": {
      "VC@20": 0.47048960905812287,
      "VC@100": 0.6873555484337818,
      "Recall@20": 0.15,
      "Recall@100": 0.22,
      "NDCG": 0.7475872413572401,
      "VC@10": 0.32152486038825917,
      "VC@25": 0.4704896090581229,
      "VC@50": 0.5380613291066734,
      "VC@200": 0.8677140507924264,
      "Recall@10": 0.1,
      "Recall@50": 0.14,
      "Spearman": 0.08656998311524784,
      "Tier0-AP": 0.9999999999999999,
      "Tier01-AP": 0.9999999999999999,
      "n_samples": 448
    },
    "2021-09": {
      "VC@20": 0.6171340833849988,
      "VC@100": 0.7383481170065784,
      "Recall@20": 0.35,
      "Recall@100": 0.28,
      "NDCG": 0.855445725996257,
      "VC@10": 0.5557220473980724,
      "VC@25": 0.6514634463225052,
      "VC@50": 0.6886442585208384,
      "VC@200": 0.8291410512511987,
      "Recall@10": 0.5,
      "Recall@50": 0.3,
      "Spearman": 0.21696828436396973,
      "Tier0-AP": 1.0,
      "Tier01-AP": 1.0,
      "n_samples": 621
    },
    "2022-06": {
      "VC@20": 0.18263562326541277,
      "VC@100": 0.45912148988873536,
      "Recall@20": 0.15,
      "Recall@100": 0.31,
      "NDCG": 0.378596980484572,
      "VC@10": 0.10407294698997759,
      "VC@25": 0.1862024605991929,
      "VC@50": 0.37196376668362213,
      "VC@200": 0.8344661629998487,
      "Recall@10": 0.2,
      "Recall@50": 0.28,
      "Spearman": 0.19304300779731265,
      "Tier0-AP": 1.0,
      "Tier01-AP": 1.0,
      "n_samples": 578
    },
    "2022-03": {
      "VC@20": 0.1990032173058585,
      "VC@100": 0.5480635230497274,
      "Recall@20": 0.15,
      "Recall@100": 0.19,
      "NDCG": 0.6476401711249704,
      "VC@10": 0.14501193815398278,
      "VC@25": 0.21721521310434305,
      "VC@50": 0.48150617991589806,
      "VC@200": 0.7092974001668936,
      "Recall@10": 0.1,
      "Recall@50": 0.22,
      "Spearman": 0.13486557019577775,
      "Tier0-AP": 1.0,
      "Tier01-AP": 1.0,
      "n_samples": 717
    },
    "2022-09": {
      "VC@20": 0.2286082079185339,
      "VC@100": 0.6106377021953429,
      "Recall@20": 0.25,
      "Recall@100": 0.3,
      "NDCG": 0.604490430999346,
      "VC@10": 0.1456036720210568,
      "VC@25": 0.2286082079185339,
      "VC@50": 0.48028665582357866,
      "VC@200": 0.7833521313330171,
      "Recall@10": 0.2,
      "Recall@50": 0.26,
      "Spearman": 0.21258620245206128,
      "Tier0-AP": 1.0,
      "Tier01-AP": 1.0,
      "n_samples": 600
    },
    "2022-12": {
      "VC@20": 0.03359255101094895,
      "VC@100": 0.5302846764973351,
      "Recall@20": 0.05,
      "Recall@100": 0.24,
      "NDCG": 0.3869545234980832,
      "VC@10": 0.03359255101094895,
      "VC@25": 0.21164323186021716,
      "VC@50": 0.4647168136858961,
      "VC@200": 0.730424491236161,
      "Recall@10": 0.0,
      "Recall@50": 0.26,
      "Spearman": 0.186175832837762,
      "Tier0-AP": 1.0,
      "Tier01-AP": 1.0,
      "n_samples": 525
    },
    "2023-03": {
      "VC@20": 0.089815206607052,
      "VC@100": 0.33315939772488595,
      "Recall@20": 0.15,
      "Recall@100": 0.24,
      "NDCG": 0.2750606293560887,
      "VC@10": 0.05860435257879817,
      "VC@25": 0.14074307858077464,
      "VC@50": 0.26224401620132437,
      "VC@200": 0.4371383508421849,
      "Recall@10": 0.1,
      "Recall@50": 0.3,
      "Spearman": 0.16299053420714932,
      "Tier0-AP": 1.0,
      "Tier01-AP": 1.0,
      "n_samples": 780
    },
    "2023-05": {
      "VC@20": 0.3854984845696787,
      "VC@100": 0.6873549724245976,
      "Recall@20": 0.25,
      "Recall@100": 0.32,
      "NDCG": 0.5882540932631446,
      "VC@10": 0.3711240690217447,
      "VC@25": 0.4151610814247464,
      "VC@50": 0.5006125119475803,
      "VC@200": 0.8826568630283226,
      "Recall@10": 0.4,
      "Recall@50": 0.28,
      "Spearman": 0.2445682553523353,
      "Tier0-AP": 1.0,
      "Tier01-AP": 1.0,
      "n_samples": 655
    }
  },
  "aggregate": {
    "mean": {
      "VC@20": 0.3225542791599763,
      "VC@100": 0.580785470847695,
      "Recall@20": 0.21666666666666667,
      "Recall@100": 0.265,
      "NDCG": 0.5581659522032827,
      "VC@10": 0.23151962921978012,
      "VC@25": 0.3647484989917618,
      "VC@50": 0.4832420313739309,
      "VC@200": 0.7876838164707665,
      "Recall@10": 0.23333333333333336,
      "Recall@50": 0.25,
      "Spearman": 0.18271349196203576,
      "Tier0-AP": 1.0,
      "Tier01-AP": 1.0,
      "n_samples": 617.8333333333334
    },
    "std": {
      "VC@20": 0.1820022453419877,
      "VC@100": 0.13961177002015862,
      "Recall@20": 0.09204467514322716,
      "Recall@100": 0.045916591046519704,
      "NDCG": 0.17851321234569328,
      "VC@10": 0.15661654463673846,
      "VC@25": 0.1878471492742596,
      "VC@50": 0.1395072137376441,
      "VC@200": 0.12284908163705979,
      "Recall@10": 0.14337208778404376,
      "Recall@50": 0.06454972243679029,
      "Spearman": 0.042671594246559925,
      "Tier0-AP": 3.204937810639273e-17,
      "Tier01-AP": 3.204937810639273e-17,
      "n_samples": 90.0803653535121
    },
    "min": {
      "VC@20": 0.03359255101094895,
      "VC@100": 0.33315939772488595,
      "Recall@20": 0.05,
      "Recall@100": 0.19,
      "NDCG": 0.2750606293560887,
      "VC@10": 0.03359255101094895,
      "VC@25": 0.14074307858077464,
      "VC@50": 0.26224401620132437,
      "VC@200": 0.4371383508421849,
      "Recall@10": 0.0,
      "Recall@50": 0.14,
      "Spearman": 0.08656998311524784,
      "Tier0-AP": 0.9999999999999999,
      "Tier01-AP": 0.9999999999999999,
      "n_samples": 448.0
    },
    "max": {
      "VC@20": 0.6171340833849988,
      "VC@100": 0.810422210367784,
      "Recall@20": 0.35,
      "Recall@100": 0.34,
      "NDCG": 0.855445725996257,