{
  "v0a": {
    "K=50": {
      "VC@50": 0.32985718127621616,
      "Recall@50": 0.08641577398296878,
      "Abs_SP@50": 0.2943674104168687,
      "NB12_Count@50": 1.0,
      "NB12_SP@50": 0.039314144086881594,
      "Dang20k_Recall@50": 0.4363758926258927,
      "Dorm_inK@50": 5.666666666666667,
      "Dang40k_Recall@50": 0.49280303030303024
    },
    "K=200": {
      "VC@200": 0.5744374301566408,
      "Recall@200": 0.2264999055974619,
      "Abs_SP@200": 0.5128387224395304,
      "NB12_Count@200": 4.666666666666667,
      "NB12_SP@200": 0.10014222009613723,
      "Dang20k_Recall@200": 0.7236394392644393,
      "Dorm_inK@200": 56.5,
      "Dang40k_Recall@200": 0.6780303030303031
    },
    "K=250": {
      "VC@250": 0.6024921459019633,
      "Recall@250": 0.2679314897614454,
      "Abs_SP@250": 0.5379104033824216,
      "NB12_Count@250": 7.166666666666667,
      "NB12_SP@250": 0.12186439794728972,
      "Dang20k_Recall@250": 0.7330640424390426,
      "Dorm_inK@250": 73.66666666666667,
      "Dang40k_Recall@250": 0.6780303030303031
    },
    "K=400": {
      "VC@400": 0.6827537491641019,
      "Recall@400": 0.3693239150510849,
      "Abs_SP@400": 0.6091587784549024,
      "NB12_Count@400": 14.0,
      "NB12_SP@400": 0.20455982398006167,
      "Dang20k_Recall@400": 0.7881579069079069,
      "Dorm_inK@400": 140.16666666666666,
      "Dang40k_Recall@400": 0.7098484848484848
    }
  },
  "v0c": {
    "K=50": {
      "VC@50": 0.3110081148589966,
      "Recall@50": 0.10729995860806374,
      "Abs_SP@50": 0.27737640435783867,
      "NB12_Count@50": 0.0,
      "NB12_SP@50": 0.0,
      "Dang20k_Recall@50": 0.41227591852591855,
      "Dorm_inK@50": 0.08333333333333333,
      "Dang40k_Recall@50": 0.33674242424242423
    },
    "K=200": {
      "VC@200": 0.5984342232068668,
      "Recall@200": 0.3163407218658481,
      "Abs_SP@200": 0.5349111562789358,
      "NB12_Count@200": 0.6666666666666666,
      "NB12_SP@200": 0.004670549355516898,
      "Dang20k_Recall@200": 0.7264935296185296,
      "Dorm_inK@200": 5.166666666666667,
      "Dang40k_Recall@200": 0.628030303030303
    },
    "K=250": {
      "VC@250": 0.6339084167668079,
      "Recall@250": 0.3543858361788684,
      "Abs_SP@250": 0.5663599356719027,
      "NB12_Count@250": 1.75,
      "NB12_SP@250": 0.03862586736828097,
      "Dang20k_Recall@250": 0.7500168812668813,
      "Dorm_inK@250": 14.25,
      "Dang40k_Recall@250": 0.6446969696969697
    },
    "K=400": {
      "VC@400": 0.7076782622889929,
      "Recall@400": 0.4455518627738408,
      "Abs_SP@400": 0.632074253171116,
      "NB12_Count@400": 9.083333333333334,
      "NB12_SP@400": 0.14774653152367356,
      "Dang20k_Recall@400": 0.7938559126059127,
      "Dorm_inK@400": 79.41666666666667,
      "Dang40k_Recall@400": 0.693181818181818
    }
  },
  "v0c_cross": {
    "K=50": {
      "VC@50": 0.3093325711529742,
      "Recall@50": 0.10935896704878267,
      "Abs_SP@50": 0.27603206576647543,
      "NB12_Count@50": 0.0,
      "NB12_SP@50": 0.0,
      "Dang20k_Recall@50": 0.40064923502423505,
      "Dorm_inK@50": 0.0,
      "Dang40k_Recall@50": 0.35340909090909084
    },
    "K=200": {
      "VC@200": 0.5996196926236574,
      "Recall@200": 0.3260987404400978,
      "Abs_SP@200": 0.5359747019071764,
      "NB12_Count@200": 0.08333333333333333,
      "NB12_SP@200": 2.0268010907251942e-05,
      "Dang20k_Recall@200": 0.7264935296185296,
      "Dorm_inK@200": 1.5833333333333333,
      "Dang40k_Recall@200": 0.628030303030303
    },
    "K=250": {
      "VC@250": 0.634774727222399,
      "Recall@250": 0.37058988863730447,
      "Abs_SP@250": 0.5671016807919433,
      "NB12_Count@250": 1.0,
      "NB12_SP@250": 0.038296014177341485,
      "Dang20k_Recall@250": 0.7500168812668813,
      "Dorm_inK@250": 5.75,
      "Dang40k_Recall@250": 0.6446969696969697
    },
    "K=400": {
      "VC@400": 0.7076226551409902,
      "Recall@400": 0.4562102242551423,
      "Abs_SP@400": 0.6320116517037406,
      "NB12_Count@400": 8.0,
      "NB12_SP@400": 0.13741710224615208,
      "Dang20k_Recall@400": 0.7938559126059127,
      "Dorm_inK@400": 63.666666666666664,
      "Dang40k_Recall@400": 0.693181818181818
    }
  },
  "blend_a0.05": {
    "K=50": {
      "VC@50": 0.3110081148589966,
      "Recall@50": 0.10729995860806374,
      "Abs_SP@50": 0.27737640435783867,
      "NB12_Count@50": 0.0,
      "NB12_SP@50": 0.0,
      "Dang20k_Recall@50": 0.41227591852591855,
      "Dorm_inK@50": 0.08333333333333333,
      "Dang40k_Recall@50": 0.33674242424242423
    },
    "K=200": {
      "VC@200": 0.6026931214099727,
      "Recall@200": 0.31180438929265647,
      "Abs_SP@200": 0.538386449613681,
      "NB12_Count@200": 1.5833333333333333,
      "NB12_SP@200": 0.03259249902411515,
      "Dang20k_Recall@200": 0.7448085479335479,
      "Dorm_inK@200": 13.416666666666666,
      "Dang40k_Recall@200": 0.6446969696969697
    },
    "K=250": {
      "VC@250": 0.627150860040033,
      "Recall@250": 0.34514645505788827,
      "Abs_SP@250": 0.5602617751107685,
      "NB12_Count@250": 3.25,
      "NB12_SP@250": 0.06440322894572141,
      "Dang20k_Recall@250": 0.7500168812668813,
      "Dorm_inK@250": 30.166666666666668,
      "Dang40k_Recall@250": 0.6446969696969697
    },
    "K=400": {
      "VC@400": 0.7129937716835069,
      "Recall@400": 0.4431260358490147,
      "Abs_SP@400": 0.6363693616053278,
      "NB12_Count@400": 13.166666666666666,
      "NB12_SP@400": 0.20599186906310063,
      "Dang20k_Recall@400": 0.7962597587597587,
      "Dorm_inK@400": 101.25,
      "Dang40k_Recall@400": 0.7098484848484848
    }
  },
  "blend_a0.10": {
    "K=50": {
      "VC@50": 0.3110081148589966,
      "Recall@50": 0.10729995860806374,
      "Abs_SP@50": 0.27737640435783867,
      "NB12_Count@50": 0.0,
      "NB12_SP@50": 0.0,
      "Dang20k_Recall@50": 0.41227591852591855,
      "Dorm_inK@50": 0.08333333333333333,
      "Dang40k_Recall@50": 0.33674242424242423
    },
    "K=200": {
      "VC@200": 0.5912979136133559,
      "Recall@200": 0.29640496745864725,
      "Abs_SP@200": 0.5283732740789213,
      "NB12_Count@200": 3.3333333333333335,
      "NB12_SP@200": 0.06157213045605908,
      "Dang20k_Recall@200": 0.7320244570244571,
      "Dorm_inK@200": 30.083333333333332,
      "Dang40k_Recall@200": 0.628030303030303
    },
    "K=250": {
      "VC@250": 0.6304762925249855,
      "Recall@250": 0.33855017631183415,
      "Abs_SP@250": 0.5629498200999348,
      "NB12_Count@250": 6.666666666666667,
      "NB12_SP@250": 0.11869730286781649,
      "Dang20k_Recall@250": 0.7512188043438043,
      "Dorm_inK@250": 52.333333333333336,
      "Dang40k_Recall@250": 0.6613636363636363
    },
    "K=400": {
      "VC@400": 0.7035711847940748,
      "Recall@400": 0.4310306320020368,
      "Abs_SP@400": 0.6279780274139428,
      "NB12_Count@400": 15.25,
      "NB12_SP@400": 0.2173687212462795,
      "Dang20k_Recall@400": 0.7881579069079069,
      "Dorm_inK@400": 124.0,
      "Dang40k_Recall@400": 0.7098484848484848
    }
  },
  "blend_a0.15": {
    "K=50": {
      "VC@50": 0.3081067979134962,
      "Recall@50": 0.10636227292773098,
      "Abs_SP@50": 0.2748589094850901,
      "NB12_Count@50": 0.0,
      "NB12_SP@50": 0.0,
      "Dang20k_Recall@50": 0.404700160950161,
      "Dorm_inK@50": 0.4166666666666667,
      "Dang40k_Recall@50": 0.33674242424242423
    },
    "K=200": {
      "VC@200": 0.5847661732834302,
      "Recall@200": 0.2827258438515062,
      "Abs_SP@200": 0.5225733412715808,
      "NB12_Count@200": 6.333333333333333,
      "NB12_SP@200": 0.10017043362330295,
      "Dang20k_Recall@200": 0.7236911236911237,
      "Dorm_inK@200": 49.916666666666664,
      "Dang40k_Recall@200": 0.628030303030303
    },
    "K=250": {
      "VC@250": 0.6250908576013878,
      "Recall@250": 0.32698855535647786,
      "Abs_SP@250": 0.5578970805595425,
      "NB12_Count@250": 10.666666666666666,
      "NB12_SP@250": 0.17386271676987708,
      "Dang20k_Recall@250": 0.7512552262552262,
      "Dorm_inK@250": 73.0,