{
  "importance_type": "gain",
  "model": "ltr_ranker",
  "n_months": 24,
  "per_month": {
    "2020-06": {
      "da_rank_value": 7930620791.693115,
      "constraint_limit": 7607269649.104492,
      "v62b_formula_score": 1380732568.066208,
      "prob_exceed_110": 1082823036.3390503,
      "prob_exceed_90": 539631663.1000977,
      "prob_exceed_80": 520247886.0098877,
      "prob_exceed_85": 197817144.59555054,
      "prob_exceed_100": 147404918.2911377,
      "density_ori_rank_value": 90915486.42071533,
      "ori_mean": 27055202.302124023,
      "density_mix_rank_value": 8519395.5390625,
      "mix_mean": 5455326.5,
      "mean_branch_max": 1844448.447265625
    },
    "2020-07": {
      "da_rank_value": 8570815613.253326,
      "constraint_limit": 6026413869.584457,
      "v62b_formula_score": 1422896011.5909271,
      "prob_exceed_80": 729681689.8291016,
      "prob_exceed_110": 426625204.7632141,
      "density_ori_rank_value": 343931572.97268677,
      "prob_exceed_85": 253977468.3990898,
      "prob_exceed_100": 130943091.19177246,
      "prob_exceed_90": 130486385.14367676,
      "ori_mean": 46260422.76586914,
      "mean_branch_max": 21914895.37927246,
      "density_mix_rank_value": 3278680.0,
      "mix_mean": 857964.0
    },
    "2020-08": {
      "constraint_limit": 7461839174.129753,
      "da_rank_value": 6783286037.132202,
      "v62b_formula_score": 1573989973.2715454,
      "prob_exceed_85": 597368945.4951172,
      "prob_exceed_110": 520687255.7355957,
      "ori_mean": 225488091.8569336,
      "density_ori_rank_value": 177596691.30664062,
      "prob_exceed_80": 175636005.09783936,
      "prob_exceed_90": 129084406.7265625,
      "prob_exceed_100": 105160150.703125,
      "mean_branch_max": 5760080.0,
      "mix_mean": 4841319.079711914,
      "density_mix_rank_value": 955412.0
    },
    "2020-10": {
      "constraint_limit": 7575819473.604004,
      "da_rank_value": 6372873140.995361,
      "v62b_formula_score": 4564135897.448364,
      "prob_exceed_110": 908375069.5982361,
      "density_ori_rank_value": 257536083.90234375,
      "prob_exceed_90": 244044528.66271973,
      "prob_exceed_85": 219330792.5078125,
      "prob_exceed_100": 154421129.4794922,
      "prob_exceed_80": 125947089.77719498,
      "ori_mean": 46203324.0,
      "mean_branch_max": 2216050.0,
      "mix_mean": 0.0,
      "density_mix_rank_value": 0.0
    },
    "2020-11": {
      "da_rank_value": 11383459610.652603,
      "constraint_limit": 11137720813.669922,
      "v62b_formula_score": 4942265667.591064,
      "prob_exceed_110": 2374135684.421631,
      "prob_exceed_90": 1043494491.5996094,
      "density_ori_rank_value": 799083616.7646484,
      "prob_exceed_85": 364133147.69177246,
      "prob_exceed_80": 270354243.3395996,
      "prob_exceed_100": 186947275.0,
      "ori_mean": 106000655.4876709,
      "mix_mean": 6420653.0,
      "mean_branch_max": 6403982.089700699,
      "density_mix_rank_value": 123473.0
    },
    "2021-01": {
      "da_rank_value": 18067468919.013336,
      "constraint_limit": 16995014472.395508,
      "v62b_formula_score": 11103991607.036003,
      "prob_exceed_110": 9242606474.883741,
      "ori_mean": 896921636.3984375,
      "density_ori_rank_value": 516374245.203125,
      "prob_exceed_80": 462708899.44368744,
      "prob_exceed_90": 417607330.19921875,
      "prob_exceed_100": 275840867.5925598,
      "prob_exceed_85": 269011698.87841797,
      "mix_mean": 1342345.0,
      "mean_branch_max": 0.0,
      "density_mix_rank_value": 0.0
    },
    "2021-02": {
      "v62b_formula_score": 16810739502.591187,
      "da_rank_value": 16135045088.655853,
      "constraint_limit": 14695908549.884766,
      "prob_exceed_110": 9075353443.944275,
      "ori_mean": 727685825.6015625,
      "prob_exceed_90": 641216080.4082031,
      "prob_exceed_80": 549950657.4344482,
      "prob_exceed_100": 411282520.0,
      "prob_exceed_85": 296385590.8984375,
      "density_ori_rank_value": 68515392.0,
      "density_mix_rank_value": 5882340.0,
      "mix_mean": 2619315.0,
      "mean_branch_max": 1334571.0
    },
    "2021-04": {
      "da_rank_value": 29803830577.987488,
      "constraint_limit": 22353102020.92859,
      "v62b_formula_score": 18570046534.69922,
      "prob_exceed_110": 8475890042.285889,
      "prob_exceed_80": 2833661536.3500977,
      "prob_exceed_100": 1910775732.0,
      "prob_exceed_90": 777281627.1796875,
      "prob_exceed_85": 675102197.1015625,
      "ori_mean": 208611778.5,
      "mean_branch_max": 31499110.0,
      "density_ori_rank_value": 20070359.013183594,
      "mix_mean": 0.0,
      "density_mix_rank_value": 0.0
    },
    "2021-05": {
      "da_rank_value": 28668085691.62607,
      "constraint_limit": 19136652716.35547,
      "v62b_formula_score": 18433594040.896484,
      "prob_exceed_110": 7577110921.725586,
      "prob_exceed_90": 1465173829.75,
      "prob_exceed_85": 1024795565.5957031,
      "density_ori_rank_value": 835961908.3608398,
      "prob_exceed_80": 809413548.6512451,
      "prob_exceed_100": 314315342.0,
      "ori_mean": 184461545.56591797,
      "mix_mean": 1101185.0,
      "density_mix_rank_value": 775402.0,
      "mean_branch_max": 327379.0
    },
    "2021-07": {
      "constraint_limit": 20598001485.927307,
      "da_rank_value": 20426362313.266846,
      "v62b_formula_score": 13796706042.101562,
      "prob_exceed_110": 4640624344.866394,
      "prob_exceed_85": 1203997665.1931572,
      "prob_exceed_80": 1085648639.5810547,
      "density_ori_rank_value": 682295588.0859375,
      "ori_mean": 540638057.3173828,
      "prob_exceed_100": 454836090.2558594,
      "prob_exceed_90": 335074778.4082184,
      "density_mix_rank_value": 40410694.0,
      "mean_branch_max": 1360801.5,
      "mix_mean": 466892.3298339844
    },
    "2021-08": {
      "constraint_limit": 15302419302.332153,
      "da_rank_value": 14525179783.8654,
      "v62b_formula_score": 10134762087.594727,
      "prob_exceed_110": 4024507964.326996,
      "prob_exceed_80": 960272424.7519531,
      "prob_exceed_85": 787347410.1689453,
      "prob_exceed_100": 703427314.3007812,
      "prob_exceed_90": 295040000.0817871,
      "density_ori_rank_value": 244656794.0,
      "ori_mean": 241879454.0,
      "mean_branch_max": 441525.56982421875,
      "density_mix_rank_value": 260085.6015625,
      "mix_mean": 68094.703125
    },
    "2021-10": {
      "da_rank_value": 26655544519.297695,
      "constraint_limit": 17298730414.488647,
      "prob_exceed_110": 14259173519.681519,
      "v62b_formula_score": 7987640906.203125,
      "prob_exceed_100": 2166237292.8007812,
      "prob_exceed_80": 957504089.3017578,
      "prob_exceed_85": 931647114.5002441,
      "density_ori_rank_value": 250019063.19921875,
      "ori_mean": 246521869.10351562,
      "prob_exceed_90": 130092786.99804688,
      "mean_branch_max": 3869520.0,
      "density_mix_rank_value": 2036867.1015625,
      "mix_mean": 1042025.80078125
    },
    "2021-11": {
      "da_rank_value": 19933685052.68701,
      "prob_exceed_110": 16281645640.880877,
      "constraint_limit": 15924252470.566895,
      "v62b_formula_score": 4826241723.553528,
      "prob_exceed_100": 2034455334.0,
      "prob_exceed_85": 1660990002.6644287,
      "prob_exceed_80": 986615732.3160648,
      "prob_exceed_90": 555472836.5908203,
      "density_ori_rank_value": 486156213.3984375,
      "ori_mean": 220941916.13232422,
      "mean_branch_max": 36254941.8984375,
      "mix_mean": 33979880.3984375,
      "density_mix_rank_value": 694488.90234375
    },
    "2022-01": {
      "da_rank_value": 28759846351.235107,
      "constraint_limit": 21168898166.69873,
      "prob_exceed_110": 18028061687.282715,
      "prob_exceed_100": 11050427710.218079,
      "v62b_formula_score": 8676468835.867767,
      "ori_mean": 1229084023.8286133,
      "prob_exceed_80": 699991976.7131348,
      "density_ori_rank_value": 544854273.4799805,
      "density_mix_rank_value": 534909626.40234375,