{
  "eval_config": {
    "eval_months": [
      "2020-06",
      "2020-07",
      "2020-08",
      "2020-09",
      "2020-10",
      "2020-11",
      "2020-12",
      "2021-01",
      "2021-02",
      "2021-03",
      "2021-04",
      "2021-05",
      "2021-06",
      "2021-07",
      "2021-08",
      "2021-09",
      "2021-10",
      "2021-11",
      "2021-12",
      "2022-01",
      "2022-02",
      "2022-03",
      "2022-04",
      "2022-05",
      "2022-06",
      "2022-07",
      "2022-08",
      "2022-09",
      "2022-10",
      "2022-11",
      "2022-12",
      "2023-01",
      "2023-02",
      "2023-03",
      "2023-04",
      "2023-05"
    ],
    "class_type": "onpeak",
    "period_type": "f0",
    "lag": 1,
    "variant": "v3d"
  },
  "per_month": {
    "2020-06": {
      "VC@20": 0.041530913730141034,
      "VC@100": 0.51708349064507,
      "Recall@20": 0.05,
      "Recall@100": 0.36,
      "NDCG": 0.375677964477929,
      "VC@10": 0.03052849155664073,
      "VC@25": 0.04436713924103589,
      "VC@50": 0.29889448728405055,
      "VC@200": 0.949709189473194,
      "Recall@10": 0.0,
      "Recall@50": 0.32,
      "Spearman": 0.30833430851773835,
      "n_samples": 350
    },
    "2020-07": {
      "VC@20": 0.17572476654032573,
      "VC@100": 0.8621213301584398,
      "Recall@20": 0.1,
      "Recall@100": 0.4,
      "NDCG": 0.33636912742979136,
      "VC@10": 0.16972103389526236,
      "VC@25": 0.1810016721256318,
      "VC@50": 0.6216668981222739,
      "VC@200": 0.9702197078239898,
      "Recall@10": 0.1,
      "Recall@50": 0.26,
      "Spearman": 0.2604028257982232,
      "n_samples": 305
    },
    "2020-08": {
      "VC@20": 0.3765463636177248,
      "VC@100": 0.9189446409444115,
      "Recall@20": 0.15,
      "Recall@100": 0.46,
      "NDCG": 0.4608598465641652,
      "VC@10": 0.19880701769940437,
      "VC@25": 0.3765463636177248,
      "VC@50": 0.7031372514250789,
      "VC@200": 0.9947338439808117,
      "Recall@10": 0.1,
      "Recall@50": 0.34,
      "Spearman": 0.32640357700242445,
      "n_samples": 334
    },
    "2020-09": {
      "VC@20": 0.012094535535497719,
      "VC@100": 0.5710552334404542,
      "Recall@20": 0.0,
      "Recall@100": 0.37,
      "NDCG": 0.37508876970920013,
      "VC@10": 0.0026688585835822473,
      "VC@25": 0.012792753126673084,
      "VC@50": 0.38323704617484877,
      "VC@200": 0.9763379789987613,
      "Recall@10": 0.0,
      "Recall@50": 0.32,
      "Spearman": 0.37458408460618764,
      "n_samples": 466
    },
    "2020-10": {
      "VC@20": 0.1486628871689643,
      "VC@100": 0.8379945419595045,
      "Recall@20": 0.2,
      "Recall@100": 0.36,
      "NDCG": 0.3684588851804008,
      "VC@10": 0.10724805645805659,
      "VC@25": 0.3242551416776189,
      "VC@50": 0.7861532713438596,
      "VC@200": 0.9353887946559515,
      "Recall@10": 0.1,
      "Recall@50": 0.4,
      "Spearman": 0.28901976069719554,
      "n_samples": 419
    },
    "2020-11": {
      "VC@20": 0.02470256131462407,
      "VC@100": 0.4254028939830364,
      "Recall@20": 0.05,
      "Recall@100": 0.33,
      "NDCG": 0.2820413458010571,
      "VC@10": 0.023732379506018076,
      "VC@25": 0.04401818813696335,
      "VC@50": 0.35112369575514274,
      "VC@200": 0.8196882459355446,
      "Recall@10": 0.1,
      "Recall@50": 0.28,
      "Spearman": 0.2725906152048518,
      "n_samples": 379
    },
    "2020-12": {
      "VC@20": 0.07287170361187412,
      "VC@100": 0.683146586952664,
      "Recall@20": 0.15,
      "Recall@100": 0.39,
      "NDCG": 0.3393374144615769,
      "VC@10": 0.06282026608547427,
      "VC@25": 0.24720367810805882,
      "VC@50": 0.4242231258919712,
      "VC@200": 0.7387774714631701,
      "Recall@10": 0.1,
      "Recall@50": 0.32,
      "Spearman": 0.2565573702848516,
      "n_samples": 365
    },
    "2021-01": {
      "VC@20": 0.07680657338693883,
      "VC@100": 0.7479372892158537,
      "Recall@20": 0.1,
      "Recall@100": 0.43,
      "NDCG": 0.3019153477688702,
      "VC@10": 0.07680657338693883,
      "VC@25": 0.07680657338693883,
      "VC@50": 0.27404336363926945,
      "VC@200": 0.8476945971683141,
      "Recall@10": 0.1,
      "Recall@50": 0.24,
      "Spearman": 0.22505936717651936,
      "n_samples": 286
    },
    "2021-02": {
      "VC@20": 0.05300517003656644,
      "VC@100": 0.8270416985192228,
      "Recall@20": 0.1,
      "Recall@100": 0.4,
      "NDCG": 0.35088719662289003,
      "VC@10": 0.0,
      "VC@25": 0.2438092435974205,
      "VC@50": 0.557077911208591,
      "VC@200": 0.9982426448636998,
      "Recall@10": 0.0,
      "Recall@50": 0.3,
      "Spearman": 0.301155738708743,
      "n_samples": 327
    },
    "2021-03": {
      "VC@20": 0.03011776061462363,
      "VC@100": 0.7764755941944473,
      "Recall@20": 0.05,
      "Recall@100": 0.43,
      "NDCG": 0.2946426171700855,
      "VC@10": 0.027384119112114347,
      "VC@25": 0.03117850915790795,
      "VC@50": 0.3707697443269858,
      "VC@200": 0.8580596809467089,
      "Recall@10": 0.0,
      "Recall@50": 0.3,
      "Spearman": 0.27892545794279566,
      "n_samples": 360
    },
    "2021-04": {
      "VC@20": 0.008763488187673075,
      "VC@100": 0.7534170343594944,
      "Recall@20": 0.0,
      "Recall@100": 0.42,
      "NDCG": 0.32728667570311837,
      "VC@10": 0.004065386474173211,
      "VC@25": 0.03436653358730434,
      "VC@50": 0.5107411758246465,
      "VC@200": 0.7767066266764889,
      "Recall@10": 0.0,
      "Recall@50": 0.32,
      "Spearman": 0.21445039707810368,
      "n_samples": 368
    },
    "2021-05": {
      "VC@20": 0.06646379167718897,
      "VC@100": 0.7511770488596433,
      "Recall@20": 0.05,
      "Recall@100": 0.37,
      "NDCG": 0.38037512435079057,
      "VC@10": 0.06155644203612518,
      "VC@25": 0.06962472916078388,
      "VC@50": 0.3560475958650637,
      "VC@200": 0.9639533103860244,
      "Recall@10": 0.1,
      "Recall@50": 0.34,
      "Spearman": 0.31035396263681725,
      "n_samples": 379
    },
    "2021-06": {
      "VC@20": 0.08444674558996161,
      "VC@100": 0.7146076750437056,
      "Recall@20": 0.1,
      "Recall@100": 0.37,
      "NDCG": 0.3589565571312768,
      "VC@10": 0.06554147087263036,
      "VC@25": 0.09744131377530181,
      "VC@50": 0.4009057727945847,
      "VC@200": 0.7763271704112406,
      "Recall@10": 0.1,
      "Recall@50": 0.34,
      "Spearman": 0.3099617319974738,
      "n_samples": 372
    },
    "2021-07": {
      "VC@20": 0.10599559988209088,
      "VC@100": 0.7157124293244889,
      "Recall@20": 0.1,
      "Recall@100": 0.49,
      "NDCG": 0.37479744368352214,
      "VC@10": 0.0019879266803186145,
      "VC@25": 0.10641205588058644,
      "VC@50": 0.5339611407510654,
      "VC@200": 0.7805823486426462,
      "Recall@10": 0.0,
      "Recall@50": 0.4,
      "Spearman": 0.29664595744699296,
      "n_samples": 307
    },
    "2021-08": {
      "VC@20": 0.025997024569706935,
      "VC@100": 0.7708448403652326,
      "Recall@20": 0.1,
      "Recall@100": 0.41,
      "NDCG": 0.3682032761234452,
      "VC@10": 0.00852969593403965,
      "VC@25": 0.02657656403270207,
      "VC@50": 0.5528117668733583,
      "VC@200": 0.9533839110992919,
      "Recall@10": 0.0,
      "Recall@50": 0.32,
      "Spearman": 0.3469757749039092,
      "n_samples": 340
    },
    "2021-09": {
      "VC@20": 0.005523110702561513,
      "VC@100": 0.7439560008844787,
      "Recall@20": 0.0,
      "Recall@100": 0.38,
      "NDCG": 0.3258494683532244,
      "VC@10": 0.0007856773620054297,
      "VC@25": 0.005523110702561513,
      "VC@50": 0.5587889150271889,
      "VC@200": 0.7689373462238456,
      "Recall@10": 0.0,
      "Recall@50": 0.32,
      "Spearman": 0.2763927818434199,
      "n_samples": 415
    },
    "2021-10": {
      "VC@20": 0.21739240469717125,
      "VC@100": 0.47000847785062605,
      "Recall@20": 0.15,
      "Recall@100": 0.39,
      "NDCG": 0.3853482345980156,
      "VC@10": 0.2039929939719125,
      "VC@25": 0.21883557663027398,
      "VC@50": 0.43601692186625124,