{
  "eval_config": {
    "eval_months": [
      "2020-06",
      "2020-07",
      "2020-08",
      "2020-09",
      "2020-10",
      "2020-11",
      "2020-12",
      "2021-01",
      "2021-02",
      "2021-03",
      "2021-04",
      "2021-05",
      "2021-06",
      "2021-07",
      "2021-08",
      "2021-09",
      "2021-10",
      "2021-11",
      "2021-12",
      "2022-01",
      "2022-02",
      "2022-03",
      "2022-04",
      "2022-05",
      "2022-06",
      "2022-07",
      "2022-08",
      "2022-09",
      "2022-10",
      "2022-11",
      "2022-12",
      "2023-01",
      "2023-02",
      "2023-03",
      "2023-04",
      "2023-05"
    ],
    "class_type": "onpeak",
    "period_type": "f0",
    "lag": 1,
    "note": "v11a: v10e-lag1 + bf_partial (d8 fixed window)"
  },
  "per_month": {
    "2020-06": {
      "VC@20": 0.30591197024941874,
      "VC@100": 0.4682259740717256,
      "Recall@20": 0.25,
      "Recall@100": 0.38,
      "NDCG": 0.6512767681994377,
      "VC@10": 0.2935928885498132,
      "VC@25": 0.31365236163954063,
      "VC@50": 0.3722302862766857,
      "VC@200": 0.5821545502184176,
      "Recall@10": 0.3,
      "Recall@50": 0.38,
      "Spearman": 0.2689898581735137,
      "n_samples": 577
    },
    "2020-07": {
      "VC@20": 0.48666876323331404,
      "VC@100": 0.6666717445797996,
      "Recall@20": 0.35,
      "Recall@100": 0.41,
      "NDCG": 0.6190060666808023,
      "VC@10": 0.3888825924538436,
      "VC@25": 0.49506702007878634,
      "VC@50": 0.5215001899431957,
      "VC@200": 0.7193348614395693,
      "Recall@10": 0.5,
      "Recall@50": 0.38,
      "Spearman": 0.28134975704204834,
      "n_samples": 497
    },
    "2020-08": {
      "VC@20": 0.43018402572380066,
      "VC@100": 0.5835401920723807,
      "Recall@20": 0.35,
      "Recall@100": 0.39,
      "NDCG": 0.738247037767783,
      "VC@10": 0.4063664676177842,
      "VC@25": 0.4454165704665376,
      "VC@50": 0.48480211007298457,
      "VC@200": 0.7078737471783194,
      "Recall@10": 0.6,
      "Recall@50": 0.36,
      "Spearman": 0.2829445740529392,
      "n_samples": 507
    },
    "2020-09": {
      "VC@20": 0.6304533362338075,
      "VC@100": 0.8208574537898239,
      "Recall@20": 0.35,
      "Recall@100": 0.39,
      "NDCG": 0.80132102791471,
      "VC@10": 0.49922995260221886,
      "VC@25": 0.6404993564014324,
      "VC@50": 0.6485055197972864,
      "VC@200": 0.8865503443572859,
      "Recall@10": 0.5,
      "Recall@50": 0.36,
      "Spearman": 0.3279021921165998,
      "n_samples": 715
    },
    "2020-10": {
      "VC@20": 0.48711927832064505,
      "VC@100": 0.8061054461528525,
      "Recall@20": 0.35,
      "Recall@100": 0.43,
      "NDCG": 0.6329026006345125,
      "VC@10": 0.44180369638588374,
      "VC@25": 0.48728451212598367,
      "VC@50": 0.7097858443886457,
      "VC@200": 0.9573495386474729,
      "Recall@10": 0.3,
      "Recall@50": 0.48,
      "Spearman": 0.34762997345429175,
      "n_samples": 763
    },
    "2020-11": {
      "VC@20": 0.4530190760033422,
      "VC@100": 0.8785892741226374,
      "Recall@20": 0.3,
      "Recall@100": 0.47,
      "NDCG": 0.7770455369077857,
      "VC@10": 0.421121155862689,
      "VC@25": 0.5889021948987072,
      "VC@50": 0.6269179030861964,
      "VC@200": 0.9482574687183163,
      "Recall@10": 0.3,
      "Recall@50": 0.48,
      "Spearman": 0.3600716032016341,
      "n_samples": 508
    },
    "2020-12": {
      "VC@20": 0.6271550346763947,
      "VC@100": 0.9020163815455595,
      "Recall@20": 0.4,
      "Recall@100": 0.52,
      "NDCG": 0.6942312228306695,
      "VC@10": 0.515613650473319,
      "VC@25": 0.6357508421054794,
      "VC@50": 0.7766148749312911,
      "VC@200": 0.9077130903457065,
      "Recall@10": 0.4,
      "Recall@50": 0.56,
      "Spearman": 0.35361226899628756,
      "n_samples": 550
    },
    "2021-01": {
      "VC@20": 0.5270438374718313,
      "VC@100": 0.8708317904594709,
      "Recall@20": 0.4,
      "Recall@100": 0.51,
      "NDCG": 0.6528558173633737,
      "VC@10": 0.45829872155078616,
      "VC@25": 0.5771341459245415,
      "VC@50": 0.6531694263153073,
      "VC@200": 0.9225460100560177,
      "Recall@10": 0.4,
      "Recall@50": 0.54,
      "Spearman": 0.383696375333163,
      "n_samples": 407
    },
    "2021-02": {
      "VC@20": 0.5100409883081698,
      "VC@100": 0.9208659462833265,
      "Recall@20": 0.4,
      "Recall@100": 0.38,
      "NDCG": 0.7689059887011814,
      "VC@10": 0.48198169241692934,
      "VC@25": 0.5107505832920308,
      "VC@50": 0.6493169325955829,
      "VC@200": 0.9534313774260348,
      "Recall@10": 0.3,
      "Recall@50": 0.38,
      "Spearman": 0.2846979548062524,
      "n_samples": 650
    },
    "2021-03": {
      "VC@20": 0.5066619072409209,
      "VC@100": 0.7000982234387417,
      "Recall@20": 0.35,
      "Recall@100": 0.38,
      "NDCG": 0.6431866006237017,
      "VC@10": 0.488150950625448,
      "VC@25": 0.5593499309575618,
      "VC@50": 0.6722694686413795,
      "VC@200": 0.7775503940786226,
      "Recall@10": 0.4,
      "Recall@50": 0.4,
      "Spearman": 0.28382223023638153,
      "n_samples": 669
    },
    "2021-04": {
      "VC@20": 0.3741707278945332,
      "VC@100": 0.5954468539082405,
      "Recall@20": 0.3,
      "Recall@100": 0.4,
      "NDCG": 0.6260951593927189,
      "VC@10": 0.23058249709063408,
      "VC@25": 0.44533311895900923,
      "VC@50": 0.5419480615350298,
      "VC@200": 0.7173009449839607,
      "Recall@10": 0.2,
      "Recall@50": 0.44,
      "Spearman": 0.26334888374163,
      "n_samples": 661
    },
    "2021-05": {
      "VC@20": 0.30561781349212874,
      "VC@100": 0.6431348801631821,
      "Recall@20": 0.25,
      "Recall@100": 0.46,
      "NDCG": 0.6584705389460445,
      "VC@10": 0.20223619655870106,
      "VC@25": 0.3441148514993995,
      "VC@50": 0.40473411206017335,
      "VC@200": 0.7238748848513761,
      "Recall@10": 0.3,
      "Recall@50": 0.4,
      "Spearman": 0.24304920638513383,
      "n_samples": 681
    },
    "2021-06": {
      "VC@20": 0.37011536587006594,
      "VC@100": 0.8743681459566175,
      "Recall@20": 0.3,
      "Recall@100": 0.47,
      "NDCG": 0.4064794550204806,
      "VC@10": 0.059619777768120906,
      "VC@25": 0.38550365594777064,
      "VC@50": 0.781915466887332,
      "VC@200": 0.9547651582636062,
      "Recall@10": 0.1,
      "Recall@50": 0.46,
      "Spearman": 0.33147617301820714,
      "n_samples": 556
    },
    "2021-07": {
      "VC@20": 0.5209541776422115,
      "VC@100": 0.8489159483959566,
      "Recall@20": 0.4,
      "Recall@100": 0.47,
      "NDCG": 0.5784941966990363,
      "VC@10": 0.39882539042930404,
      "VC@25": 0.5421840862737158,
      "VC@50": 0.8141424712908716,
      "VC@200": 0.8882152352991834,
      "Recall@10": 0.3,
      "Recall@50": 0.5,
      "Spearman": 0.3283719759604804,
      "n_samples": 513
    },
    "2021-08": {
      "VC@20": 0.32444825757322143,
      "VC@100": 0.9302932454038872,
      "Recall@20": 0.4,
      "Recall@100": 0.58,
      "NDCG": 0.5223680945928926,
      "VC@10": 0.16556664941167487,
      "VC@25": 0.4587123137283979,
      "VC@50": 0.7402788502586728,
      "VC@200": 0.9674724498832867,
      "Recall@10": 0.2,
      "Recall@50": 0.54,
      "Spearman": 0.40538144701439516,
      "n_samples": 552
    },
    "2021-09": {
      "VC@20": 0.45970609380717214,
      "VC@100": 0.8673337758714282,
      "Recall@20": 0.3,
      "Recall@100": 0.44,
      "NDCG": 0.7980763174191294,
      "VC@10": 0.4189267021334925,
      "VC@25": 0.5717654420541008,
      "VC@50": 0.8124462450457488,
      "VC@200": 0.9065303377763048,
      "Recall@10": 0.3,
      "Recall@50": 0.52,
      "Spearman": 0.3366295101094844,
      "n_samples": 621
    },
    "2021-10": {
      "VC@20": 0.5484439536079977,
      "VC@100": 0.6901786689682764,
      "Recall@20": 0.55,
      "Recall@100": 0.43,
      "NDCG": 0.7798642003468027,
      "VC@10": 0.43500898192112547,
      "VC@25": 0.5525491220289666,
      "VC@50": 0.6203687398758955,