{
  "eval_config": {
    "eval_months": [
      "2020-09",
      "2020-11",
      "2021-01",
      "2021-03",
      "2021-05",
      "2021-07",
      "2021-09",
      "2021-11",
      "2022-03",
      "2022-06",
      "2022-09",
      "2022-12"
    ],
    "class_type": "onpeak",
    "period_type": "f0",
    "train_months": 6,
    "val_months": 2,
    "ev_scoring": true
  },
  "per_month": {
    "2020-09": {
      "AUC": 0.8320981141104865,
      "AP": 0.44185857622033825,
      "Brier": 0.14148987856413747,
      "S1-VCAP@100": 0.012836392175830942,
      "S1-VCAP@500": 0.12916690271656622,
      "S1-NDCG": 0.7483047284945751,
      "EV-VC@100": 0.0979444800765529,
      "EV-VC@500": 0.29580878191291005,
      "EV-NDCG": 0.832826847170806,
      "Spearman": 0.41471477488930036,
      "C-RMSE": 1131.7724481680593,
      "C-MAE": 550.764368175953,
      "EV-VC@1000": 0.36148702790390985,
      "R-REC@500": 0.039907269415466136,
      "binding_rate": 0.09467668984330295,
      "n_samples": 127571,
      "n_binding": 12078
    },
    "2020-11": {
      "AUC": 0.8477824321041556,
      "AP": 0.47215051608050723,
      "Brier": 0.1501139405260891,
      "S1-VCAP@100": 0.10065920584322038,
      "S1-VCAP@500": 0.24629724156350608,
      "S1-NDCG": 0.7526333601417825,
      "EV-VC@100": 0.1466230509192843,
      "EV-VC@500": 0.2909392222669527,
      "EV-NDCG": 0.7779310839550359,
      "Spearman": 0.5280673396889541,
      "C-RMSE": 2640.390412917294,
      "C-MAE": 880.483309857831,
      "EV-VC@1000": 0.3165653524440773,
      "R-REC@500": 0.04438356164383562,
      "binding_rate": 0.08600309454057069,
      "n_samples": 127321,
      "n_binding": 10950
    },
    "2021-01": {
      "AUC": 0.8595216503225058,
      "AP": 0.40791639607979513,
      "Brier": 0.1396238884465878,
      "S1-VCAP@100": 0.03628091835289465,
      "S1-VCAP@500": 0.17746402675966796,
      "S1-NDCG": 0.7314794634857941,
      "EV-VC@100": 0.03146378370660888,
      "EV-VC@500": 0.1620233609830094,
      "EV-NDCG": 0.7358672855758381,
      "Spearman": 0.43367298587175285,
      "C-RMSE": 2040.2917727308354,
      "C-MAE": 801.1264111109651,
      "EV-VC@1000": 0.24694677160655684,
      "R-REC@500": 0.03210363277949873,
      "binding_rate": 0.07474058639052009,
      "n_samples": 142533,
      "n_binding": 10653
    },
    "2021-03": {
      "AUC": 0.8346309273985303,
      "AP": 0.4351140166836521,
      "Brier": 0.1475084240754944,
      "S1-VCAP@100": 0.04556395772108892,
      "S1-VCAP@500": 0.22088779746380405,
      "S1-NDCG": 0.7828414219708066,
      "EV-VC@100": 0.01647240294329643,
      "EV-VC@500": 0.24149860567934558,
      "EV-NDCG": 0.761376329424984,
      "Spearman": 0.4223806192268464,
      "C-RMSE": 1995.2650898343334,
      "C-MAE": 776.3235674550307,
      "EV-VC@1000": 0.3660607488811702,
      "R-REC@500": 0.040140401404014044,
      "binding_rate": 0.07933991702548503,
      "n_samples": 140043,
      "n_binding": 11111
    },
    "2021-05": {
      "AUC": 0.8145134761658828,
      "AP": 0.32904876715124287,
      "Brier": 0.16273650659785702,
      "S1-VCAP@100": 0.003375994060516944,
      "S1-VCAP@500": 0.10812790828327155,
      "S1-NDCG": 0.7366764669898087,
      "EV-VC@100": 0.0006467634887101733,
      "EV-VC@500": 0.09182083544582048,
      "EV-NDCG": 0.7156744356165408,
      "Spearman": 0.4757965557943599,
      "C-RMSE": 1957.982262533649,
      "C-MAE": 923.6709667824076,
      "EV-VC@1000": 0.20059804466538134,
      "R-REC@500": 0.015522945118330647,
      "binding_rate": 0.08354948902212583,
      "n_samples": 141102,
      "n_binding": 11789
    },
    "2021-07": {
      "AUC": 0.8553484442381032,
      "AP": 0.3388043188172262,
      "Brier": 0.149162870294065,
      "S1-VCAP@100": 0.04197565472450936,
      "S1-VCAP@500": 0.1804126982402903,
      "S1-NDCG": 0.7107306382773663,
      "EV-VC@100": 0.11760936158580018,
      "EV-VC@500": 0.32344781136845313,
      "EV-NDCG": 0.7988695842482264,
      "Spearman": 0.39601763644563,
      "C-RMSE": 1942.9005989163845,
      "C-MAE": 820.116184128439,
      "EV-VC@1000": 0.46627710969673114,
      "R-REC@500": 0.04720363288718929,
      "binding_rate": 0.05844391674814918,
      "n_samples": 143180,
      "n_binding": 8368
    },
    "2021-09": {
      "AUC": 0.8361990441855133,
      "AP": 0.4383652334129584,
      "Brier": 0.13589666042870566,
      "S1-VCAP@100": 0.12380869289060846,
      "S1-VCAP@500": 0.40810311966118423,
      "S1-NDCG": 0.7501151270478452,
      "EV-VC@100": 0.21698684583791347,
      "EV-VC@500": 0.39744646794860244,
      "EV-NDCG": 0.7965934956269219,
      "Spearman": 0.41419534294399485,
      "C-RMSE": 3307.681608941389,
      "C-MAE": 1110.1842842426765,
      "EV-VC@1000": 0.44044252672289214,
      "R-REC@500": 0.028425241614553724,
      "binding_rate": 0.0825769904857286,
      "n_samples": 127808,
      "n_binding": 10554
    },
    "2021-11": {
      "AUC": 0.81738487271928,
      "AP": 0.4139719092910503,
      "Brier": 0.14664951392293832,
      "S1-VCAP@100": 0.019180127717648262,
      "S1-VCAP@500": 0.1670331240008157,
      "S1-NDCG": 0.752662844576005,
      "EV-VC@100": 0.03379276143399409,
      "EV-VC@500": 0.1844325272280855,
      "EV-NDCG": 0.7557205076813139,
      "Spearman": 0.2650702738639269,
      "C-RMSE": 4766.57306035999,
      "C-MAE": 1931.9858093730031,
      "EV-VC@1000": 0.3205858443634919,
      "R-REC@500": 0.03668677645524213,
      "binding_rate": 0.09685340913577323,
      "n_samples": 126645,
      "n_binding": 12266
    },
    "2022-03": {
      "AUC": 0.8303740390974933,
      "AP": 0.34976116271043245,
      "Brier": 0.16127244679426284,
      "S1-VCAP@100": 0.06363268448744237,
      "S1-VCAP@500": 0.2334887758439146,
      "S1-NDCG": 0.7738193881187856,
      "EV-VC@100": 0.07642093583814177,
      "EV-VC@500": 0.3464532838310061,
      "EV-NDCG": 0.798047087510372,
      "Spearman": 0.3864634156897427,
      "C-RMSE": 2994.2881181871235,
      "C-MAE": 1225.0323618526406,
      "EV-VC@1000": 0.3855292730057431,
      "R-REC@500": 0.03908889103368401,
      "binding_rate": 0.07425430361058953,
      "n_samples": 139534,
      "n_binding": 10361
    },
    "2022-06": {
      "AUC": 0.8019272677779011,
      "AP": 0.2874215015760395,
      "Brier": 0.15876930377739082,
      "S1-VCAP@100": 0.007292806501637741,
      "S1-VCAP@500": 0.03921177010137688,
      "S1-NDCG": 0.6063533792072258,
      "EV-VC@100": 0.016574682162507817,
      "EV-VC@500": 0.06764885813262916,
      "EV-NDCG": 0.6052083903397398,
      "Spearman": 0.2742260019502143,
      "C-RMSE": 5799.870243597928,
      "C-MAE": 2225.4483916540025,
      "EV-VC@1000": 0.1059201801429259,
      "R-REC@500": 0.03543109505169126,
      "binding_rate": 0.07738432740180354,
      "n_samples": 128747,
      "n_binding": 9963
    },
    "2022-09": {
      "AUC": 0.8364933479129167,
      "AP": 0.3637854799661613,
      "Brier": 0.16240830692298058,
      "S1-VCAP@100": 0.028383785854360525,
      "S1-VCAP@500": 0.08751616844400834,
      "S1-NDCG": 0.7243844957111688,
      "EV-VC@100": 0.031580203722432414,
      "EV-VC@500": 0.07201592640877937,
      "EV-NDCG": 0.6816457272845241,
      "Spearman": 0.33044331287716844,
      "C-RMSE": 2362.2645510097705,
      "C-MAE": 1114.6969669504563,
      "EV-VC@1000": 0.1176651804727485,
      "R-REC@500": 0.031243639324241807,
      "binding_rate": 0.0761197961049223,
      "n_samples": 129086,
      "n_binding": 9826
    },
    "2022-12": {
      "AUC": 0.8190491714554924,
      "AP": 0.2726741164082971,
      "Brier": 0.16305675250576904,
      "S1-VCAP@100": 0.08012044047607249,
      "S1-VCAP@500": 0.31088299548407466,
      "S1-NDCG": 0.7122611529199153,
      "EV-VC@100": 0.12360027155548621,
      "EV-VC@500": 0.34431020281680114,
      "EV-NDCG": 0.7614170435110896,
      "Spearman": 0.386620877215112,
      "C-RMSE": 3323.870928245379,
      "C-MAE": 1260.183624102911,
      "EV-VC@1000": 0.41461970743225884,