{
  "per_month": {
    "2022-06/aq1": {
      "VC@20": 0.35172040093731427,
      "VC@100": 0.5769382508005678,
      "Recall@20": 0.4,
      "Recall@100": 0.57,
      "NDCG": 0.6136471654972431,
      "VC@10": 0.16100184455805674,
      "VC@25": 0.4239599348917627,
      "VC@50": 0.45692178875542183,
      "VC@200": 0.868468617475811,
      "Recall@10": 0.2,
      "Recall@50": 0.42,
      "Spearman": 0.4241840044294344,
      "Tier0-AP": 0.47931794828676483,
      "Tier01-AP": 0.6632149310104352,
      "n_samples": 325
    },
    "2022-06/aq2": {
      "VC@20": 0.4950157257984473,
      "VC@100": 0.8188593350791135,
      "Recall@20": 0.7,
      "Recall@100": 0.66,
      "NDCG": 0.7493728778777803,
      "VC@10": 0.3241339933850611,
      "VC@25": 0.5135494816447355,
      "VC@50": 0.6803613319278903,
      "VC@200": 0.9317197704513959,
      "Recall@10": 0.6,
      "Recall@50": 0.56,
      "Spearman": 0.5015484390310447,
      "Tier0-AP": 0.5579679101324586,
      "Tier01-AP": 0.6710367137286468,
      "n_samples": 302
    },
    "2022-06/aq3": {
      "VC@20": 0.5890686685525834,
      "VC@100": 0.8608941398741281,
      "Recall@20": 0.25,
      "Recall@100": 0.45,
      "NDCG": 0.8959409678261817,
      "VC@10": 0.5753819766082603,
      "VC@25": 0.5977567425694148,
      "VC@50": 0.7790042567162034,
      "VC@200": 0.9673456266539929,
      "Recall@10": 0.4,
      "Recall@50": 0.38,
      "Spearman": 0.3113578561797234,
      "Tier0-AP": 0.40104564591847736,
      "Tier01-AP": 0.4486021858861501,
      "n_samples": 262
    },
    "2022-06/aq4": {
      "VC@20": 0.35397150612298456,
      "VC@100": 0.8496563251791451,
      "Recall@20": 0.55,
      "Recall@100": 0.55,
      "NDCG": 0.7181086621854095,
      "VC@10": 0.21126551767579443,
      "VC@25": 0.44603210179356767,
      "VC@50": 0.6900144203914695,
      "VC@200": 0.9429972090273158,
      "Recall@10": 0.3,
      "Recall@50": 0.54,
      "Spearman": 0.45672345710268164,
      "Tier0-AP": 0.5533698602931181,
      "Tier01-AP": 0.6642497422335358,
      "n_samples": 380
    },
    "2023-06/aq1": {
      "VC@20": 0.29654358195792396,
      "VC@100": 0.7762993397922617,
      "Recall@20": 0.4,
      "Recall@100": 0.59,
      "NDCG": 0.6558838347735225,
      "VC@10": 0.14600850513200547,
      "VC@25": 0.3145922332875175,
      "VC@50": 0.7037980557810763,
      "VC@200": 0.9766847281624672,
      "Recall@10": 0.2,
      "Recall@50": 0.52,
      "Spearman": 0.4935030126253685,
      "Tier0-AP": 0.455566635918664,
      "Tier01-AP": 0.6265918686003286,
      "n_samples": 276
    },
    "2023-06/aq2": {
      "VC@20": 0.3092508710794251,
      "VC@100": 0.8885966765231019,
      "Recall@20": 0.35,
      "Recall@100": 0.59,
      "NDCG": 0.5352497407600042,
      "VC@10": 0.18323721122684802,
      "VC@25": 0.34596914238571264,
      "VC@50": 0.7327680871323716,
      "VC@200": 0.9440834008593733,
      "Recall@10": 0.1,
      "Recall@50": 0.58,
      "Spearman": 0.5109502529387708,
      "Tier0-AP": 0.5501866335357933,
      "Tier01-AP": 0.705267297109038,
      "n_samples": 410
    },
    "2023-06/aq3": {
      "VC@20": 0.1689503140403086,
      "VC@100": 0.5447411256778035,
      "Recall@20": 0.1,
      "Recall@100": 0.6,
      "NDCG": 0.5896453042121472,
      "VC@10": 0.10145306518182473,
      "VC@25": 0.21101699995476048,
      "VC@50": 0.36604446048240136,
      "VC@200": 0.6858135435401732,
      "Recall@10": 0.1,
      "Recall@50": 0.46,
      "Spearman": 0.5024691365244569,
      "Tier0-AP": 0.6426657345344515,
      "Tier01-AP": 0.7136277752171496,
      "n_samples": 504
    },
    "2023-06/aq4": {
      "VC@20": 0.21949181280604757,
      "VC@100": 0.757272603840685,
      "Recall@20": 0.35,
      "Recall@100": 0.58,
      "NDCG": 0.6971218933304512,
      "VC@10": 0.18456463686955873,
      "VC@25": 0.26412979262511715,
      "VC@50": 0.3946404257261828,
      "VC@200": 0.8525728681598407,
      "Recall@10": 0.3,
      "Recall@50": 0.52,
      "Spearman": 0.5066474267094426,
      "Tier0-AP": 0.554464362679358,
      "Tier01-AP": 0.6859594706719188,
      "n_samples": 459
    },
    "2024-06/aq1": {
      "VC@20": 0.2686396604065962,
      "VC@100": 0.7146831331348866,
      "Recall@20": 0.4,
      "Recall@100": 0.61,
      "NDCG": 0.7860652324329899,
      "VC@10": 0.1939491903842943,
      "VC@25": 0.28704407084473843,
      "VC@50": 0.5095618209874637,
      "VC@200": 0.9084259771605253,
      "Recall@10": 0.3,
      "Recall@50": 0.54,
      "Spearman": 0.5761572614226691,
      "Tier0-AP": 0.6396879639088557,
      "Tier01-AP": 0.7283827231530622,
      "n_samples": 425
    },
    "2024-06/aq2": {
      "VC@20": 0.36208010940990304,
      "VC@100": 0.6621556949146367,
      "Recall@20": 0.4,
      "Recall@100": 0.53,
      "NDCG": 0.8142930143367542,
      "VC@10": 0.23616543279349128,
      "VC@25": 0.4002179696417698,
      "VC@50": 0.5091764299093728,
      "VC@200": 0.8427012557222782,
      "Recall@10": 0.4,
      "Recall@50": 0.38,
      "Spearman": 0.5036083080403753,
      "Tier0-AP": 0.5104467709009982,
      "Tier01-AP": 0.6977861097799399,
      "n_samples": 483
    },
    "2024-06/aq3": {
      "VC@20": 0.31945292833671124,
      "VC@100": 0.7877310417496537,
      "Recall@20": 0.3,
      "Recall@100": 0.6,
      "NDCG": 0.5971548535311934,
      "VC@10": 0.25984297509168963,
      "VC@25": 0.32087397675731627,
      "VC@50": 0.4764671220819882,
      "VC@200": 0.9335626406140528,
      "Recall@10": 0.4,
      "Recall@50": 0.46,
      "Spearman": 0.5032044753155619,
      "Tier0-AP": 0.5632918654451634,
      "Tier01-AP": 0.6551011543477168,
      "n_samples": 315
    },
    "2024-06/aq4": {
      "VC@20": 0.2746327696130109,
      "VC@100": 0.47651227683566455,
      "Recall@20": 0.2,
      "Recall@100": 0.48,
      "NDCG": 0.7197387607357191,
      "VC@10": 0.197007796071075,
      "VC@25": 0.31208518738509683,
      "VC@50": 0.38874804849767175,
      "VC@200": 0.8261697065345792,
      "Recall@10": 0.2,
      "Recall@50": 0.52,
      "Spearman": 0.4810356600938596,
      "Tier0-AP": 0.6071310235432131,
      "Tier01-AP": 0.6831529023119232,
      "n_samples": 476
    }
  },
  "aggregate": {
    "mean": {
      "VC@20": 0.33406819575510466,
      "VC@100": 0.7261949952834706,
      "Recall@20": 0.3666666666666667,
      "Recall@100": 0.5675,
      "NDCG": 0.6976851922916163,
      "VC@10": 0.23116767874816332,
      "VC@25": 0.36976896948179244,
      "VC@50": 0.5572921873657929,
      "VC@200": 0.8900454453634837,
      "Recall@10": 0.2916666666666667,
      "Recall@50": 0.48999999999999994,
      "Spearman": 0.4809491075344492,
      "Tier0-AP": 0.542928529591443,
      "Tier01-AP": 0.6619144061708204,
      "n_samples": 384.75
    },
    "std": {
      "VC@20": 0.10911174920259493,
      "VC@100": 0.12825384692122396,
      "Recall@20": 0.14907119849998599,
      "Recall@100": 0.05539629951540084,
      "NDCG": 0.10052494139952868,
      "VC@10": 0.117044173103834,
      "VC@25": 0.10601312946817862,
      "VC@50": 0.14341427331687748,
      "VC@200": 0.0780363261746143,
      "Recall@10": 0.13819269959814165,
      "Recall@50": 0.06557438524302002,
      "Spearman": 0.061406574973067896,
      "Tier0-AP": 0.06906018364125112,
      "Tier01-AP": 0.06962660402488413,
      "n_samples": 82.74974823728066
    },
    "min": {
      "VC@20": 0.1689503140403086,
      "VC@100": 0.47651227683566455,
      "Recall@20": 0.1,
      "Recall@100": 0.45,
      "NDCG": 0.5352497407600042,
      "VC@10": 0.10145306518182473,
      "VC@25": 0.21101699995476048,
      "VC@50": 0.36604446048240136,
      "VC@200": 0.6858135435401732,
      "Recall@10": 0.1,
      "Recall@50": 0.38,
      "Spearman": 0.3113578561797234,
      "Tier0-AP": 0.40104564591847736,
      "Tier01-AP": 0.4486021858861501,
      "n_samples": 262.0
    },
    "max": {
      "VC@20": 0.5890686685525834,
      "VC@100": 0.8885966765231019,
      "Recall@20": 0.7,
      "Recall@100": 0.66,