{
  "eval_config": {
    "eval_months": [
      "2020-09",
      "2020-11",
      "2021-01",
      "2021-04",
      "2021-06",
      "2021-08",
      "2021-10",
      "2021-12",
      "2022-03",
      "2022-06",
      "2022-09",
      "2022-12"
    ],
    "class_type": "onpeak",
    "ptype": "f0",
    "train_months": 10,
    "val_months": 2,
    "threshold_beta": 0.7
  },
  "per_month": {
    "2020-09": {
      "S1-AUC": 0.8403,
      "S1-AP": 0.3898,
      "S1-VCAP@100": 0.0052,
      "S1-VCAP@500": 0.0499,
      "S1-VCAP@1000": 0.1091,
      "S1-NDCG": 0.7546,
      "S1-BRIER": 0.1404,
      "S1-REC": 0.413,
      "S1-CAP@100": 0.37,
      "S1-CAP@500": 0.552,
      "precision": 0.4402,
      "f1": 0.4262,
      "threshold": 0.84937,
      "n_samples": 285159,
      "n_positive": 19619,
      "binding_rate": 0.0688,
      "pred_binding_rate": 0.0645
    },
    "2020-11": {
      "S1-AUC": 0.8268,
      "S1-AP": 0.4288,
      "S1-VCAP@100": 0.006,
      "S1-VCAP@500": 0.0446,
      "S1-VCAP@1000": 0.1185,
      "S1-NDCG": 0.7259,
      "S1-BRIER": 0.145,
      "S1-REC": 0.4186,
      "S1-CAP@100": 0.98,
      "S1-CAP@500": 0.952,
      "precision": 0.4733,
      "f1": 0.4442,
      "threshold": 0.822897,
      "n_samples": 267789,
      "n_positive": 25205,
      "binding_rate": 0.0941,
      "pred_binding_rate": 0.0832
    },
    "2021-01": {
      "S1-AUC": 0.8536,
      "S1-AP": 0.4415,
      "S1-VCAP@100": 0.0332,
      "S1-VCAP@500": 0.1681,
      "S1-VCAP@1000": 0.2669,
      "S1-NDCG": 0.7832,
      "S1-BRIER": 0.1468,
      "S1-REC": 0.4812,
      "S1-CAP@100": 0.91,
      "S1-CAP@500": 0.928,
      "precision": 0.4578,
      "f1": 0.4692,
      "threshold": 0.852697,
      "n_samples": 268702,
      "n_positive": 21247,
      "binding_rate": 0.0791,
      "pred_binding_rate": 0.0831
    },
    "2021-04": {
      "S1-AUC": 0.8331,
      "S1-AP": 0.4241,
      "S1-VCAP@100": 0.0116,
      "S1-VCAP@500": 0.0536,
      "S1-VCAP@1000": 0.0962,
      "S1-NDCG": 0.6623,
      "S1-BRIER": 0.1409,
      "S1-REC": 0.453,
      "S1-CAP@100": 0.53,
      "S1-CAP@500": 0.412,
      "precision": 0.4943,
      "f1": 0.4728,
      "threshold": 0.853202,
      "n_samples": 267965,
      "n_positive": 21286,
      "binding_rate": 0.0794,
      "pred_binding_rate": 0.0728
    },
    "2021-06": {
      "S1-AUC": 0.8211,
      "S1-AP": 0.3513,
      "S1-VCAP@100": 0.0011,
      "S1-VCAP@500": 0.0519,
      "S1-VCAP@1000": 0.1181,
      "S1-NDCG": 0.7637,
      "S1-BRIER": 0.1549,
      "S1-REC": 0.4866,
      "S1-CAP@100": 0.97,
      "S1-CAP@500": 0.868,
      "precision": 0.4091,
      "f1": 0.4445,
      "threshold": 0.81181,
      "n_samples": 269154,
      "n_positive": 22264,
      "binding_rate": 0.0827,
      "pred_binding_rate": 0.0984
    },
    "2021-08": {
      "S1-AUC": 0.8501,
      "S1-AP": 0.3945,
      "S1-VCAP@100": 0.0136,
      "S1-VCAP@500": 0.0775,
      "S1-VCAP@1000": 0.1554,
      "S1-NDCG": 0.6727,
      "S1-BRIER": 0.1443,
      "S1-REC": 0.4353,
      "S1-CAP@100": 0.94,
      "S1-CAP@500": 0.81,
      "precision": 0.443,
      "f1": 0.4391,
      "threshold": 0.846354,
      "n_samples": 272673,
      "n_positive": 18814,
      "binding_rate": 0.069,
      "pred_binding_rate": 0.0678
    },
    "2021-10": {
      "S1-AUC": 0.8482,
      "S1-AP": 0.4457,
      "S1-VCAP@100": 0.0279,
      "S1-VCAP@500": 0.1964,
      "S1-VCAP@1000": 0.2932,
      "S1-NDCG": 0.7648,
      "S1-BRIER": 0.1324,
      "S1-REC": 0.3966,
      "S1-CAP@100": 0.81,
      "S1-CAP@500": 0.794,
      "precision": 0.5195,
      "f1": 0.4498,
      "threshold": 0.860177,
      "n_samples": 270336,
      "n_positive": 20898,
      "binding_rate": 0.0773,
      "pred_binding_rate": 0.059
    },
    "2021-12": {
      "S1-AUC": 0.809,
      "S1-AP": 0.4187,
      "S1-VCAP@100": 0.0244,
      "S1-VCAP@500": 0.0915,
      "S1-VCAP@1000": 0.1638,
      "S1-NDCG": 0.7957,
      "S1-BRIER": 0.1445,
      "S1-REC": 0.4164,
      "S1-CAP@100": 1.0,
      "S1-CAP@500": 0.978,
      "precision": 0.4449,
      "f1": 0.4302,
      "threshold": 0.776724,
      "n_samples": 266013,
      "n_positive": 26766,
      "binding_rate": 0.1006,
      "pred_binding_rate": 0.0942
    },
    "2022-03": {
      "S1-AUC": 0.8434,
      "S1-AP": 0.3619,
      "S1-VCAP@100": 0.0395,
      "S1-VCAP@500": 0.099,
      "S1-VCAP@1000": 0.2054,
      "S1-NDCG": 0.7002,
      "S1-BRIER": 0.1499,
      "S1-REC": 0.3719,
      "S1-CAP@100": 1.0,
      "S1-CAP@500": 0.95,
      "precision": 0.3966,
      "f1": 0.3838,
      "threshold": 0.860852,
      "n_samples": 269079,
      "n_positive": 18815,
      "binding_rate": 0.0699,
      "pred_binding_rate": 0.0656
    },
    "2022-06": {
      "S1-AUC": 0.8208,
      "S1-AP": 0.3835,
      "S1-VCAP@100": 0.0245,
      "S1-VCAP@500": 0.1184,
      "S1-VCAP@1000": 0.1706,
      "S1-NDCG": 0.759,
      "S1-BRIER": 0.1493,
      "S1-REC": 0.3264,
      "S1-CAP@100": 0.36,
      "S1-CAP@500": 0.508,
      "precision": 0.45,
      "f1": 0.3783,
      "threshold": 0.845702,
      "n_samples": 267808,
      "n_positive": 21377,
      "binding_rate": 0.0798,
      "pred_binding_rate": 0.0579
    },
    "2022-09": {
      "S1-AUC": 0.833,
      "S1-AP": 0.3085,
      "S1-VCAP@100": 0.0097,
      "S1-VCAP@500": 0.0392,
      "S1-VCAP@1000": 0.0797,
      "S1-NDCG": 0.7035,
      "S1-BRIER": 0.1546,
      "S1-REC": 0.4426,
      "S1-CAP@100": 0.57,
      "S1-CAP@500": 0.672,
      "precision": 0.3121,
      "f1": 0.3661,
      "threshold": 0.776997,
      "n_samples": 286418,
      "n_positive": 18987,
      "binding_rate": 0.0663,
      "pred_binding_rate": 0.094
    },
    "2022-12": {
      "S1-AUC": 0.8088,
      "S1-AP": 0.3564,
      "S1-VCAP@100": 0.0003,
      "S1-VCAP@500": 0.0505,
      "S1-VCAP@1000": 0.1037,
      "S1-NDCG": 0.7016,
      "S1-BRIER": 0.1514,
      "S1-REC": 0.4225,
      "S1-CAP@100": 0.96,
      "S1-CAP@500": 0.83,
      "precision": 0.4136,
      "f1": 0.418,
      "threshold": 0.785573,
      "n_samples": 259370,
      "n_positive": 21930,
      "binding_rate": 0.0846,
      "pred_binding_rate": 0.0864
    }
  },
  "aggregate": {
    "mean": {
      "S1-AP": 0.3921,
      "S1-AUC": 0.8323,
      "S1-BRIER": 0.1462,
      "S1-CAP@100": 0.7833,
      "S1-CAP@500": 0.7712,
      "S1-NDCG": 0.7323,
      "S1-REC": 0.422,
      "S1-VCAP@100": 0.0164,
      "S1-VCAP@1000": 0.1567,
      "S1-VCAP@500": 0.0867,
      "binding_rate": 0.0793,
      "f1": 0.4269,
      "n_positive": 21434.0,
      "n_samples": 270872.1667,
      "precision": 0.4379,
      "pred_binding_rate": 0.0772,
      "threshold": 0.8285
    },
    "std": {
      "S1-AP": 0.0419,
      "S1-AUC": 0.0154,
      "S1-BRIER": 0.0064,
      "S1-CAP@100": 0.2522,
      "S1-CAP@500": 0.1914,
      "S1-NDCG": 0.0439,
      "S1-REC": 0.0444,
      "S1-VCAP@100": 0.0131,
      "S1-VCAP@1000": 0.0681,
      "S1-VCAP@500": 0.0513,
      "binding_rate": 0.0104,
      "f1": 0.0346,
      "n_positive": 2466.8455,
      "n_samples": 7648.245,
      "precision": 0.0528,
      "pred_binding_rate": 0.0144,
      "threshold": 0.0327
    },
    "min": {
      "S1-AP": 0.3085,
      "S1-AUC": 0.8088,
      "S1-BRIER": 0.1324,
      "S1-CAP@100": 0.36,
      "S1-CAP@500": 0.412,
      "S1-NDCG": 0.6623,
      "S1-REC": 0.3264,
      "S1-VCAP@100": 0.0003,
      "S1-VCAP@1000": 0.0797,
      "S1-VCAP@500": 0.0392,
      "binding_rate": 0.0663,
      "f1": 0.3661,
      "n_positive": 18814,
      "n_samples": 259370,
      "precision": 0.3121,
      "pred_binding_rate": 0.0579,
      "threshold": 0.7767
    },
    "max": {
      "S1-AP": 0.4457,
      "S1-AUC": 0.8536,
      "S1-BRIER": 0.1549,
      "S1-CAP@100": 1.0,
      "S1-CAP@500": 0.978,
      "S1-NDCG": 0.7957,
      "S1-REC": 0.4866,
      "S1-VCAP@100": 0.0395,
      "S1-VCAP@1000": 0.2932,
      "S1-VCAP@500": 0.1964,
      "binding_rate": 0.1006,
      "f1": 0.4728,
      "n_positive": 26766,
      "n_samples": 286418,