{
  "eval_config": {
    "eval_groups": [
      "2022-06/aq1",
      "2022-06/aq2",
      "2022-06/aq3",
      "2022-06/aq4",
      "2023-06/aq1",
      "2023-06/aq2",
      "2023-06/aq3",
      "2023-06/aq4",
      "2024-06/aq1",
      "2024-06/aq2",
      "2024-06/aq3",
      "2024-06/aq4"
    ],
    "mode": "eval"
  },
  "per_month": {
    "2022-06/aq1": {
      "VC@20": 0.21911518088553067,
      "VC@100": 0.7534118249286635,
      "Recall@20": 0.25,
      "Recall@100": 0.53,
      "NDCG": 0.6162978501202444,
      "VC@10": 0.09818306719373675,
      "VC@25": 0.23162371651354025,
      "VC@50": 0.485390051910349,
      "VC@200": 0.873096587122677,
      "Recall@10": 0.2,
      "Recall@50": 0.44,
      "Spearman": 0.35214673560974324,
      "Tier0-AP": 0.383457109211592,
      "Tier01-AP": 0.5764755829386911,
      "n_samples": 325
    },
    "2022-06/aq2": {
      "VC@20": 0.3999245584404793,
      "VC@100": 0.826835048415926,
      "Recall@20": 0.5,
      "Recall@100": 0.59,
      "NDCG": 0.6640998479589317,
      "VC@10": 0.12025294089320938,
      "VC@25": 0.4632360270567207,
      "VC@50": 0.6530857653795034,
      "VC@200": 0.9485212432938263,
      "Recall@10": 0.0,
      "Recall@50": 0.52,
      "Spearman": 0.4217732019609014,
      "Tier0-AP": 0.48243595366545444,
      "Tier01-AP": 0.6132718955921714,
      "n_samples": 302
    },
    "2022-06/aq3": {
      "VC@20": 0.590781670761005,
      "VC@100": 0.8636758832940974,
      "Recall@20": 0.3,
      "Recall@100": 0.42,
      "NDCG": 0.4505144534541852,
      "VC@10": 0.4610474326697443,
      "VC@25": 0.5992849510489594,
      "VC@50": 0.731137416098718,
      "VC@200": 0.9748733596619998,
      "Recall@10": 0.2,
      "Recall@50": 0.34,
      "Spearman": 0.2587606753734605,
      "Tier0-AP": 0.3448263037174566,
      "Tier01-AP": 0.3997065821709396,
      "n_samples": 262
    },
    "2022-06/aq4": {
      "VC@20": 0.30238254822280136,
      "VC@100": 0.7966235716463094,
      "Recall@20": 0.55,
      "Recall@100": 0.44,
      "NDCG": 0.7250756087218819,
      "VC@10": 0.22082280554558134,
      "VC@25": 0.31188044788723546,
      "VC@50": 0.6942357183619986,
      "VC@200": 0.9294549535893161,
      "Recall@10": 0.4,
      "Recall@50": 0.56,
      "Spearman": 0.37569063009867504,
      "Tier0-AP": 0.4681832109466257,
      "Tier01-AP": 0.5825065141890821,
      "n_samples": 380
    },
    "2023-06/aq1": {
      "VC@20": 0.21097500557029641,
      "VC@100": 0.5400989849555212,
      "Recall@20": 0.2,
      "Recall@100": 0.54,
      "NDCG": 0.6397883023552703,
      "VC@10": 0.18124828922013164,
      "VC@25": 0.28580247555767907,
      "VC@50": 0.4232034803827637,
      "VC@200": 0.924075228612692,
      "Recall@10": 0.2,
      "Recall@50": 0.48,
      "Spearman": 0.3823809044458377,
      "Tier0-AP": 0.4899465334768395,
      "Tier01-AP": 0.5708384091931904,
      "n_samples": 276
    },
    "2023-06/aq2": {
      "VC@20": 0.63373428577008,
      "VC@100": 0.838694206780727,
      "Recall@20": 0.65,
      "Recall@100": 0.61,
      "NDCG": 0.6194472349147224,
      "VC@10": 0.4656005067594921,
      "VC@25": 0.6573613339677817,
      "VC@50": 0.7668499970430193,
      "VC@200": 0.8872126829042224,
      "Recall@10": 0.4,
      "Recall@50": 0.6,
      "Spearman": 0.35828819885226504,
      "Tier0-AP": 0.5649246925141121,
      "Tier01-AP": 0.632930246573392,
      "n_samples": 410
    },
    "2023-06/aq3": {
      "VC@20": 0.20902111172232055,
      "VC@100": 0.5258515103835425,
      "Recall@20": 0.35,
      "Recall@100": 0.58,
      "NDCG": 0.5517646754791101,
      "VC@10": 0.13931222692344616,
      "VC@25": 0.24242607063847674,
      "VC@50": 0.3482744265549646,
      "VC@200": 0.7426309068877488,
      "Recall@10": 0.1,
      "Recall@50": 0.34,
      "Spearman": 0.41621718746264874,
      "Tier0-AP": 0.5867570964900777,
      "Tier01-AP": 0.6464506431123497,
      "n_samples": 504
    },
    "2023-06/aq4": {
      "VC@20": 0.15924787716124866,
      "VC@100": 0.48593056753601804,
      "Recall@20": 0.25,
      "Recall@100": 0.55,
      "NDCG": 0.5116475704408714,
      "VC@10": 0.06252245170949935,
      "VC@25": 0.1772074026163994,
      "VC@50": 0.4007491052221504,
      "VC@200": 0.5758058596160583,
      "Recall@10": 0.0,
      "Recall@50": 0.48,
      "Spearman": 0.3373423744555188,
      "Tier0-AP": 0.4950278793101984,
      "Tier01-AP": 0.6009467068495616,
      "n_samples": 459
    },
    "2024-06/aq1": {
      "VC@20": 0.2686841695897508,
      "VC@100": 0.7310540599668439,
      "Recall@20": 0.35,
      "Recall@100": 0.6,
      "NDCG": 0.6294425962170049,
      "VC@10": 0.11100365644883561,
      "VC@25": 0.3126579897806858,
      "VC@50": 0.43025505317105034,
      "VC@200": 0.8388742226498521,
      "Recall@10": 0.2,
      "Recall@50": 0.48,
      "Spearman": 0.4117632940771894,
      "Tier0-AP": 0.4767427955485155,
      "Tier01-AP": 0.6081008043237558,
      "n_samples": 425
    },
    "2024-06/aq2": {
      "VC@20": 0.33133212850437493,
      "VC@100": 0.6766463332611368,
      "Recall@20": 0.35,
      "Recall@100": 0.49,
      "NDCG": 0.7486653971760449,
      "VC@10": 0.16991404322552373,
      "VC@25": 0.33855018997126185,
      "VC@50": 0.4840670264469219,
      "VC@200": 0.7806125986636961,
      "Recall@10": 0.3,
      "Recall@50": 0.36,
      "Spearman": 0.40698432983398475,
      "Tier0-AP": 0.44072454935320354,
      "Tier01-AP": 0.6201580466474067,
      "n_samples": 483
    },
    "2024-06/aq3": {
      "VC@20": 0.29199250211516375,
      "VC@100": 0.7599861225063209,
      "Recall@20": 0.3,
      "Recall@100": 0.53,
      "NDCG": 0.47936304292444515,
      "VC@10": 0.10949071003882262,
      "VC@25": 0.32940417348952244,
      "VC@50": 0.43236800787117535,
      "VC@200": 0.8834643190059702,
      "Recall@10": 0.1,
      "Recall@50": 0.44,
      "Spearman": 0.42309302813459465,
      "Tier0-AP": 0.44664545438002434,
      "Tier01-AP": 0.5773394549700245,
      "n_samples": 315
    },
    "2024-06/aq4": {
      "VC@20": 0.11795404547473907,
      "VC@100": 0.5234680019725186,
      "Recall@20": 0.05,
      "Recall@100": 0.49,
      "NDCG": 0.5487306084081486,
      "VC@10": 0.0452075601643594,
      "VC@25": 0.1401513893185877,
      "VC@50": 0.3146786461186638,
      "VC@200": 0.7172258720784782,
      "Recall@10": 0.0,
      "Recall@50": 0.4,
      "Spearman": 0.3134686439747851,
      "Tier0-AP": 0.45304497714431924,
      "Tier01-AP": 0.5490596102147915,
      "n_samples": 476
    }
  },
  "aggregate": {
    "mean": {
      "VC@20": 0.3112620903514825,
      "VC@100": 0.6935230096373023,
      "Recall@20": 0.34166666666666673,
      "Recall@100": 0.5308333333333334,
      "NDCG": 0.5987364323475718,
      "VC@10": 0.18205047423269852,
      "VC@25": 0.3407988473205709,
      "VC@50": 0.5136912245467732,
      "VC@200": 0.8396539861738782,
      "Recall@10": 0.17500000000000002,
      "Recall@50": 0.4533333333333334,
      "Spearman": 0.371492433689967,
      "Tier0-AP": 0.4693930463132016,
      "Tier01-AP": 0.5814820413979463,
      "n_samples": 384.75
    },
    "std": {
      "VC@20": 0.15333092920219432,
      "VC@100": 0.1328507654720758,
      "Recall@20": 0.15523280008497634,
      "Recall@100": 0.058659800734593544,
      "NDCG": 0.08878310777701419,
      "VC@10": 0.13413174175859938,
      "VC@25": 0.1514990071376055,
      "VC@50": 0.1490429607851015,
      "VC@200": 0.11110488641078516,
      "Recall@10": 0.13616778865306828,
      "Recall@50": 0.08013876853447538,
      "Spearman": 0.04830348938854673,
      "Tier0-AP": 0.06371437554526868,
      "Tier01-AP": 0.06104082697788711,
      "n_samples": 82.74974823728066
    },
    "min": {
      "VC@20": 0.11795404547473907,
      "VC@100": 0.48593056753601804,
      "Recall@20": 0.05,
      "Recall@100": 0.42,
      "NDCG": 0.4505144534541852,
      "VC@10": 0.0452075601643594,
      "VC@25": 0.1401513893185877,
      "VC@50": 0.3146786461186638,
      "VC@200": 0.5758058596160583,