{
  "score_blend_v1_a30": {
    "mean": {
      "VC@20": 0.29553248272280286,
      "VC@100": 0.6955954986662468,
      "Recall@20": 0.31666666666666665,
      "Recall@100": 0.5308333333333334,
      "NDCG": 0.6127153005550382,
      "VC@10": 0.17477611444876406,
      "VC@25": 0.3342963276519033,
      "VC@50": 0.5336103267428208,
      "VC@200": 0.8398721802202522,
      "Recall@10": 0.15833333333333333,
      "Recall@50": 0.4583333333333334,
      "Spearman": 0.36471709843447125,
      "Tier0-AP": 0.47053836163672624,
      "Tier01-AP": 0.5824721953828998,
      "n_samples": 384.75
    },
    "bottom_2_mean": {
      "VC@20": 0.1542351331192782,
      "VC@100": 0.5031287408310366,
      "Recall@20": 0.15000000000000002,
      "Recall@100": 0.435,
      "NDCG": 0.5008505598914499,
      "VC@10": 0.028178720408809328,
      "VC@25": 0.17178110015546155,
      "VC@50": 0.3542650548233358,
      "VC@200": 0.6461312285641954,
      "Recall@10": 0.0,
      "Recall@50": 0.33,
      "Spearman": 0.282990784002487,
      "Tier0-AP": 0.37079683331512747,
      "Tier01-AP": 0.48113942601875326,
      "n_samples": 269.0
    }
  },
  "score_blend_v1_a50": {
    "mean": {
      "VC@20": 0.30290854118256155,
      "VC@100": 0.6920558203405572,
      "Recall@20": 0.31666666666666665,
      "Recall@100": 0.53,
      "NDCG": 0.6127977684487406,
      "VC@10": 0.18034677260844165,
      "VC@25": 0.33955404180445514,
      "VC@50": 0.5312657115708678,
      "VC@200": 0.8400569654113781,
      "Recall@10": 0.16666666666666666,
      "Recall@50": 0.4566666666666667,
      "Spearman": 0.3645316135625052,
      "Tier0-AP": 0.4674616694068339,
      "Tier01-AP": 0.5808822004756565,
      "n_samples": 384.75
    },
    "bottom_2_mean": {
      "VC@20": 0.13860096131799388,
      "VC@100": 0.5021381976382497,
      "Recall@20": 0.125,
      "Recall@100": 0.435,
      "NDCG": 0.47831685777166416,
      "VC@10": 0.06073203840699541,
      "VC@25": 0.1645203819597637,
      "VC@50": 0.34446546399814315,
      "VC@200": 0.6467214060497724,
      "Recall@10": 0.0,
      "Recall@50": 0.33,
      "Spearman": 0.2837653916618039,
      "Tier0-AP": 0.3650305210596961,
      "Tier01-AP": 0.47468745305374554,
      "n_samples": 269.0
    }
  },
  "score_blend_v1_a70": {
    "mean": {
      "VC@20": 0.3030022046542122,
      "VC@100": 0.6878218710972973,
      "Recall@20": 0.3083333333333333,
      "Recall@100": 0.5216666666666667,
      "NDCG": 0.5998678737844191,
      "VC@10": 0.14670571576706135,
      "VC@25": 0.34026097144138107,
      "VC@50": 0.5266548927722203,
      "VC@200": 0.8386453517470825,
      "Recall@10": 0.16666666666666666,
      "Recall@50": 0.4583333333333333,
      "Spearman": 0.36390641159559767,
      "Tier0-AP": 0.4638525144775055,
      "Tier01-AP": 0.5798313494237793,
      "n_samples": 384.75
    },
    "bottom_2_mean": {
      "VC@20": 0.13860096131799388,
      "VC@100": 0.4956410708218837,
      "Recall@20": 0.125,
      "Recall@100": 0.435,
      "NDCG": 0.4266337688587496,
      "VC@10": 0.0423850320579352,
      "VC@25": 0.15867939596749356,
      "VC@50": 0.34311595212409957,
      "VC@200": 0.6429794707333515,
      "Recall@10": 0.0,
      "Recall@50": 0.36,
      "Spearman": 0.2838017234797925,
      "Tier0-AP": 0.35660037084814555,
      "Tier01-AP": 0.4698566083788138,
      "n_samples": 269.0
    }
  },
  "rank_blend_v1": {
    "mean": {
      "VC@20": 0.29792726512568585,
      "VC@100": 0.6875881558824061,
      "Recall@20": 0.3208333333333333,
      "Recall@100": 0.5225000000000001,
      "NDCG": 0.6100113669856834,
      "VC@10": 0.18098170462908666,
      "VC@25": 0.3266337456013797,
      "VC@50": 0.5261287711154944,
      "VC@200": 0.8364227363030525,
      "Recall@10": 0.17500000000000002,
      "Recall@50": 0.45500000000000007,
      "Spearman": 0.360455369803496,
      "Tier0-AP": 0.465703437847729,
      "Tier01-AP": 0.5811008222828752,
      "n_samples": 384.75
    },
    "bottom_2_mean": {
      "VC@20": 0.13597093319011053,
      "VC@100": 0.4941589823017335,
      "Recall@20": 0.15,
      "Recall@100": 0.43,
      "NDCG": 0.4987920280293996,
      "VC@10": 0.05350447543815391,
      "VC@25": 0.15071116376836205,
      "VC@50": 0.34446546399814315,
      "VC@200": 0.6429794707333516,
      "Recall@10": 0.0,
      "Recall@50": 0.33999999999999997,
      "Spearman": 0.279383285185806,
      "Tier0-AP": 0.3678921735965787,
      "Tier01-AP": 0.47943397932002196,
      "n_samples": 269.0
    }
  },
  "rrf_v1": {
    "mean": {
      "VC@20": 0.29639736726027904,
      "VC@100": 0.6887885960035982,
      "Recall@20": 0.32083333333333325,
      "Recall@100": 0.5233333333333333,
      "NDCG": 0.6088651617876645,
      "VC@10": 0.18098170462908666,
      "VC@25": 0.33138254851380394,
      "VC@50": 0.526113188557361,
      "VC@200": 0.8365835605130041,
      "Recall@10": 0.17500000000000002,
      "Recall@50": 0.45500000000000007,
      "Spearman": 0.3601743520699812,
      "Tier0-AP": 0.46563616395988117,
      "Tier01-AP": 0.5807242249993464,
      "n_samples": 384.75
    },
    "bottom_2_mean": {
      "VC@20": 0.13597093319011053,
      "VC@100": 0.4979710803605605,
      "Recall@20": 0.15,
      "Recall@100": 0.43,
      "NDCG": 0.49926626684146197,
      "VC@10": 0.05350447543815391,
      "VC@25": 0.1726151517178362,
      "VC@50": 0.3444654639981432,
      "VC@200": 0.6446574801725262,
      "Recall@10": 0.0,
      "Recall@50": 0.33999999999999997,
      "Spearman": 0.27897015354715454,
      "Tier0-AP": 0.3669516363612694,
      "Tier01-AP": 0.4786372481449957,
      "n_samples": 269.0
    }
  },
  "score_blend_v7d_a30": {
    "mean": {
      "VC@20": 0.2949994708481735,
      "VC@100": 0.6903976566025408,
      "Recall@20": 0.3208333333333333,
      "Recall@100": 0.5258333333333334,
      "NDCG": 0.6089206470601256,
      "VC@10": 0.1853700036672529,
      "VC@25": 0.3407941731964062,
      "VC@50": 0.5248818191482554,
      "VC@200": 0.840507101505973,
      "Recall@10": 0.17500000000000002,
      "Recall@50": 0.4550000000000001,
      "Spearman": 0.36943325606514277,
      "Tier0-AP": 0.4705692441817623,
      "Tier01-AP": 0.5813431209435082,
      "n_samples": 384.75
    },
    "bottom_2_mean": {
      "VC@20": 0.15423513311927817,
      "VC@100": 0.5032932010011593,
      "Recall@20": 0.175,
      "Recall@100": 0.435,
      "NDCG": 0.5001389656995983,
      "VC@10": 0.07543146758913945,
      "VC@25": 0.18948395277031937,
      "VC@50": 0.34306617252577876,
      "VC@200": 0.6464392480199403,
      "Recall@10": 0.0,
      "Recall@50": 0.32,
      "Spearman": 0.28504592882549457,
      "Tier0-AP": 0.3731118803494042,
      "Tier01-AP": 0.4806820867839656,
      "n_samples": 269.0
    }
  },
  "score_blend_v7d_a50": {
    "mean": {
      "VC@20": 0.3011032840189724,
      "VC@100": 0.6909718264298945,
      "Recall@20": 0.32083333333333336,
      "Recall@100": 0.5258333333333334,
      "NDCG": 0.603284304158852,
      "VC@10": 0.18789525446001928,
      "VC@25": 0.33247557617382484,
      "VC@50": 0.5293764114358032,
      "VC@200": 0.8406201308563793,
      "Recall@10": 0.18333333333333335,
      "Recall@50": 0.4616666666666667,
      "Spearman": 0.37046802567817955,
      "Tier0-AP": 0.469620519834045,
      "Tier01-AP": 0.5813615592179131,
      "n_samples": 384.75
    },
    "bottom_2_mean": {
      "VC@20": 0.13547052159520107,
      "VC@100": 0.5035755234333917,
      "Recall@20": 0.125,
      "Recall@100": 0.43,
      "NDCG": 0.48255113826625473,
      "VC@10": 0.07370963451168064,
      "VC@25": 0.1565521497606322,
      "VC@50": 0.3463419448040136,
      "VC@200": 0.6464410395052859,
      "Recall@10": 0.0,
      "Recall@50": 0.34,
      "Spearman": 0.2844739958557172,
      "Tier0-AP": 0.36995371949932965,
      "Tier01-AP": 0.4758689977141587,
      "n_samples": 269.0
    }
  },
  "score_blend_v7d_a70": {
    "mean": {
      "VC@20": 0.3112620903514825,
      "VC@100": 0.6935230096373023,