{
  "eval_config": {
    "eval_months": [
      "2020-06",
      "2020-07",
      "2020-08",
      "2020-09",
      "2020-10",
      "2020-11",
      "2020-12",
      "2021-01",
      "2021-02",
      "2021-03",
      "2021-04",
      "2021-05",
      "2021-06",
      "2021-07",
      "2021-08",
      "2021-09",
      "2021-10",
      "2021-11",
      "2021-12",
      "2022-01",
      "2022-02",
      "2022-03",
      "2022-04",
      "2022-05",
      "2022-06",
      "2022-07",
      "2022-08",
      "2022-09",
      "2022-10",
      "2022-11",
      "2022-12",
      "2023-01",
      "2023-02",
      "2023-03",
      "2023-04",
      "2023-05"
    ],
    "class_type": "onpeak",
    "period_type": "f0",
    "mode": "eval"
  },
  "per_month": {
    "2020-06": {
      "VC@20": 0.27498948645459026,
      "VC@100": 0.4524859993702882,
      "Recall@20": 0.2,
      "Recall@100": 0.21,
      "NDCG": 0.5227160496521945,
      "VC@10": 0.27444757098569716,
      "VC@25": 0.27498948645459026,
      "VC@50": 0.35422872961142815,
      "VC@200": 0.5961629549998239,
      "Recall@10": 0.3,
      "Recall@50": 0.22,
      "Spearman": 0.17978345863418488,
      "n_samples": 577
    },
    "2020-07": {
      "VC@20": 0.3109876974394318,
      "VC@100": 0.574690505847084,
      "Recall@20": 0.25,
      "Recall@100": 0.22,
      "NDCG": 0.43189477448037233,
      "VC@10": 0.1475508095057577,
      "VC@25": 0.38859610244378695,
      "VC@50": 0.5097267426061929,
      "VC@200": 0.7509696753674182,
      "Recall@10": 0.2,
      "Recall@50": 0.26,
      "Spearman": 0.19851880502315628,
      "n_samples": 497
    },
    "2020-08": {
      "VC@20": 0.24359493848428665,
      "VC@100": 0.5719069210812848,
      "Recall@20": 0.2,
      "Recall@100": 0.23,
      "NDCG": 0.5207431939752194,
      "VC@10": 0.24359493848428665,
      "VC@25": 0.2855979412944689,
      "VC@50": 0.46972221045810386,
      "VC@200": 0.6917034731775824,
      "Recall@10": 0.4,
      "Recall@50": 0.24,
      "Spearman": 0.18599792412364427,
      "n_samples": 507
    },
    "2020-09": {
      "VC@20": 0.4593614493298422,
      "VC@100": 0.8008291825464416,
      "Recall@20": 0.2,
      "Recall@100": 0.2,
      "NDCG": 0.5954802982053019,
      "VC@10": 0.4125734549130315,
      "VC@25": 0.46402128563684586,
      "VC@50": 0.6315215732681307,
      "VC@200": 0.860029692431028,
      "Recall@10": 0.3,
      "Recall@50": 0.22,
      "Spearman": 0.199801317519693,
      "n_samples": 715
    },
    "2020-10": {
      "VC@20": 0.496454169841998,
      "VC@100": 0.6758103314334173,
      "Recall@20": 0.35,
      "Recall@100": 0.23,
      "NDCG": 0.5990632200196541,
      "VC@10": 0.44093908358881073,
      "VC@25": 0.5229158850800124,
      "VC@50": 0.625237229066288,
      "VC@200": 0.8051010468461894,
      "Recall@10": 0.5,
      "Recall@50": 0.3,
      "Spearman": 0.22542260471497427,
      "n_samples": 763
    },
    "2020-11": {
      "VC@20": 0.7306140032990236,
      "VC@100": 0.8405522960831968,
      "Recall@20": 0.35,
      "Recall@100": 0.26,
      "NDCG": 0.6100344592244477,
      "VC@10": 0.5591067755140178,
      "VC@25": 0.7306140032990236,
      "VC@50": 0.7675364839573882,
      "VC@200": 0.8821204981581486,
      "Recall@10": 0.3,
      "Recall@50": 0.28,
      "Spearman": 0.21264996988686177,
      "n_samples": 508
    },
    "2020-12": {
      "VC@20": 0.6408422428159744,
      "VC@100": 0.8167292016518883,
      "Recall@20": 0.4,
      "Recall@100": 0.32,
      "NDCG": 0.5075865115642382,
      "VC@10": 0.3012700818190539,
      "VC@25": 0.6436433675048989,
      "VC@50": 0.7348273133609959,
      "VC@200": 0.9312641979757027,
      "Recall@10": 0.3,
      "Recall@50": 0.32,
      "Spearman": 0.27437912306764917,
      "n_samples": 550
    },
    "2021-01": {
      "VC@20": 0.17288199822133302,
      "VC@100": 0.7023873431111904,
      "Recall@20": 0.2,
      "Recall@100": 0.37,
      "NDCG": 0.45456132111727693,
      "VC@10": 0.16123868827181367,
      "VC@25": 0.17288199822133302,
      "VC@50": 0.3706641192597305,
      "VC@200": 0.9921363954688207,
      "Recall@10": 0.2,
      "Recall@50": 0.28,
      "Spearman": 0.2962070192544178,
      "n_samples": 407
    },
    "2021-02": {
      "VC@20": 0.3638362392521678,
      "VC@100": 0.685181407831737,
      "Recall@20": 0.2,
      "Recall@100": 0.14,
      "NDCG": 0.5153460803301726,
      "VC@10": 0.3436014117991992,
      "VC@25": 0.3638362392521678,
      "VC@50": 0.41159457249582376,
      "VC@200": 0.9502254488927346,
      "Recall@10": 0.1,
      "Recall@50": 0.12,
      "Spearman": 0.20114595047750472,
      "n_samples": 650
    },
    "2021-03": {
      "VC@20": 0.44408236001663315,
      "VC@100": 0.8152680116284978,
      "Recall@20": 0.2,
      "Recall@100": 0.25,
      "NDCG": 0.4497049452779544,
      "VC@10": 0.1685355561281722,
      "VC@25": 0.475819431511373,
      "VC@50": 0.5970887513999107,
      "VC@200": 0.8603955827806239,
      "Recall@10": 0.2,
      "Recall@50": 0.26,
      "Spearman": 0.19384576116992464,
      "n_samples": 669
    },
    "2021-04": {
      "VC@20": 0.15422758508466639,
      "VC@100": 0.5122928705224791,
      "Recall@20": 0.1,
      "Recall@100": 0.23,
      "NDCG": 0.49182860866867334,
      "VC@10": 0.13839542418233788,
      "VC@25": 0.18264903814948788,
      "VC@50": 0.34057943688573067,
      "VC@200": 0.6364104047880892,
      "Recall@10": 0.1,
      "Recall@50": 0.2,
      "Spearman": 0.13219222849104484,
      "n_samples": 661
    },
    "2021-05": {
      "VC@20": 0.1599463864922439,
      "VC@100": 0.384764307730585,
      "Recall@20": 0.1,
      "Recall@100": 0.27,
      "NDCG": 0.4718071770802474,
      "VC@10": 0.12960498110328827,
      "VC@25": 0.17630680836801496,
      "VC@50": 0.2682004866057475,
      "VC@200": 0.6957621065412644,
      "Recall@10": 0.2,
      "Recall@50": 0.22,
      "Spearman": 0.1777297685770565,
      "n_samples": 681
    },
    "2021-06": {
      "VC@20": 0.3617246026706784,
      "VC@100": 0.7729169310575986,
      "Recall@20": 0.35,
      "Recall@100": 0.25,
      "NDCG": 0.3907871709678552,
      "VC@10": 0.26827136824050135,
      "VC@25": 0.36651849579734186,
      "VC@50": 0.49761867518796743,
      "VC@200": 0.8981553917482348,
      "Recall@10": 0.2,
      "Recall@50": 0.24,
      "Spearman": 0.2653320556917839,
      "n_samples": 556
    },
    "2021-07": {
      "VC@20": 0.46984196192841593,
      "VC@100": 0.7497539306441244,
      "Recall@20": 0.3,
      "Recall@100": 0.23,
      "NDCG": 0.5083177414151957,
      "VC@10": 0.413744547702972,
      "VC@25": 0.6725321898710699,
      "VC@50": 0.6839943337614978,
      "VC@200": 0.8921914494687079,
      "Recall@10": 0.4,
      "Recall@50": 0.24,
      "Spearman": 0.24764302074156813,
      "n_samples": 513
    },
    "2021-08": {
      "VC@20": 0.6517844668000033,
      "VC@100": 0.8019752446662848,
      "Recall@20": 0.4,
      "Recall@100": 0.25,
      "NDCG": 0.5091477086525118,
      "VC@10": 0.4236405053877353,
      "VC@25": 0.6972860115874971,
      "VC@50": 0.7651322635238419,
      "VC@200": 0.9693833756684695,
      "Recall@10": 0.4,
      "Recall@50": 0.3,
      "Spearman": 0.29582833782735996,
      "n_samples": 552
    },
    "2021-09": {
      "VC@20": 0.5051571838324025,
      "VC@100": 0.7526739762603306,
      "Recall@20": 0.25,
      "Recall@100": 0.24,
      "NDCG": 0.6370666209400644,
      "VC@10": 0.5051571838324025,
      "VC@25": 0.6500579609692098,
      "VC@50": 0.6601611406496545,
      "VC@200": 0.8227103102632317,
      "Recall@10": 0.5,
      "Recall@50": 0.24,
      "Spearman": 0.18295520866604043,
      "n_samples": 621
    },
    "2021-10": {
      "VC@20": 0.3592349197414885,
      "VC@100": 0.5530379729435453,
      "Recall@20": 0.3,
      "Recall@100": 0.25,
      "NDCG": 0.6042565264198337,
      "VC@10": 0.23104384175902404,
      "VC@25": 0.370419636223151,
      "VC@50": 0.4895430976667262,
      "VC@200": 0.7626717435200304,