{
  "per_group_lo": {
    "2025-06/aq1": {
      "VC@150": 0.49929725955030635,
      "Recall@150": 0.2973856209150327,
      "Abs_SP@150": 0.4198407832648646,
      "NB12_Count@150": 0,
      "NB12_SP@150": 0.0,
      "Dang_Recall@150": 0.5,
      "Dang_SP_Ratio@150": 0.4777458419458007,
      "Dang_Count@150": 3,
      "Dang_Total": 6,
      "Dorm_inK@150": 3,
      "Dorm_SP@150": 0.0
    },
    "2025-06/aq2": {
      "VC@150": 0.5321549954716854,
      "Recall@150": 0.26975476839237056,
      "Abs_SP@150": 0.42436636781173004,
      "NB12_Count@150": 1,
      "NB12_SP@150": 4.394146890881821e-08,
      "Dang_Recall@150": 0.6363636363636364,
      "Dang_SP_Ratio@150": 0.6332369553511306,
      "Dang_Count@150": 7,
      "Dang_Total": 11,
      "Dorm_inK@150": 3,
      "Dorm_SP@150": 0.02
    },
    "2025-06/aq3": {
      "VC@150": 0.5808263923817549,
      "Recall@150": 0.3129251700680272,
      "Abs_SP@150": 0.4801979539077073,
      "NB12_Count@150": 0,
      "NB12_SP@150": 0.0,
      "Dang_Recall@150": 0.8,
      "Dang_SP_Ratio@150": 0.846001902393749,
      "Dang_Count@150": 8,
      "Dang_Total": 10,
      "Dorm_inK@150": 1,
      "Dorm_SP@150": 0.0
    }
  },
  "per_group_hi": {
    "2025-06/aq1": {
      "VC@300": 0.779236098215183,
      "Recall@300": 0.4869281045751634,
      "Abs_SP@300": 0.6552311024450098,
      "NB12_Count@300": 5,
      "NB12_SP@300": 0.2531586172988324,
      "Dang_Recall@300": 1.0,
      "Dang_SP_Ratio@300": 1.0,
      "Dang_Count@300": 6,
      "Dang_Total": 6,
      "Dorm_inK@300": 43,
      "Dorm_SP@300": 28998.95
    },
    "2025-06/aq2": {
      "VC@300": 0.6926490503210879,
      "Recall@300": 0.44686648501362397,
      "Abs_SP@300": 0.5523521608445445,
      "NB12_Count@300": 5,
      "NB12_SP@300": 0.16278646651972054,
      "Dang_Recall@300": 0.7272727272727273,
      "Dang_SP_Ratio@300": 0.7094246226667992,
      "Dang_Count@300": 8,
      "Dang_Total": 11,
      "Dorm_inK@300": 38,
      "Dorm_SP@300": 74092.40999999999
    },
    "2025-06/aq3": {
      "VC@300": 0.6980722684197614,
      "Recall@300": 0.47959183673469385,
      "Abs_SP@300": 0.5771309282284796,
      "NB12_Count@300": 6,
      "NB12_SP@300": 0.20023826848211976,
      "Dang_Recall@300": 0.9,
      "Dang_SP_Ratio@300": 0.9040283098353237,
      "Dang_Count@300": 9,
      "Dang_Total": 10,
      "Dorm_inK@300": 42,
      "Dorm_SP@300": 72976.04000000001
    }
  },
  "mean_lo": {
    "VC@150": 0.5374262158012489,
    "Recall@150": 0.2933551864584768,
    "Abs_SP@150": 0.44146836832810066,
    "NB12_Count@150": 0.3333333333333333,
    "NB12_SP@150": 1.4647156302939403e-08,
    "Dang_Recall@150": 0.6454545454545454,
    "Dang_SP_Ratio@150": 0.6523282332302268,
    "Dang_Count@150": 6.0,
    "Dang_Total": 9.0,
    "Dorm_inK@150": 2.3333333333333335,
    "Dorm_SP@150": 0.006666666666666667
  },
  "mean_hi": {
    "VC@300": 0.7233191389853442,
    "Recall@300": 0.47112880877449376,
    "Abs_SP@300": 0.5949047305060112,
    "NB12_Count@300": 5.333333333333333,
    "NB12_SP@300": 0.2053944507668909,
    "Dang_Recall@300": 0.8757575757575758,
    "Dang_SP_Ratio@300": 0.8711509775007077,
    "Dang_Count@300": 7.666666666666667,
    "Dang_Total": 9.0,
    "Dorm_inK@300": 41.0,
    "Dorm_SP@300": 58689.13333333333
  }
}