{
  "eval_config": {
    "eval_groups": [
      "2022-06/aq1",
      "2022-06/aq2",
      "2022-06/aq3",
      "2022-06/aq4",
      "2023-06/aq1",
      "2023-06/aq2",
      "2023-06/aq3",
      "2023-06/aq4",
      "2024-06/aq1",
      "2024-06/aq2",
      "2024-06/aq3",
      "2024-06/aq4"
    ],
    "mode": "eval"
  },
  "per_month": {
    "2022-06/aq1": {
      "VC@20": 0.3439131758294716,
      "VC@100": 0.6539546627551319,
      "Recall@20": 0.4,
      "Recall@100": 0.59,
      "NDCG": 0.6458346215025664,
      "VC@10": 0.1267073262788787,
      "VC@25": 0.3758973396221417,
      "VC@50": 0.449447029903174,
      "VC@200": 0.8725667918866682,
      "Recall@10": 0.1,
      "Recall@50": 0.4,
      "Spearman": 0.44491317911994854,
      "Tier0-AP": 0.43483875789938037,
      "Tier01-AP": 0.6708417825428902,
      "n_samples": 325
    },
    "2022-06/aq2": {
      "VC@20": 0.44115146863486754,
      "VC@100": 0.7611655831285035,
      "Recall@20": 0.65,
      "Recall@100": 0.62,
      "NDCG": 0.7669518020454463,
      "VC@10": 0.2450637157044262,
      "VC@25": 0.5509509259467997,
      "VC@50": 0.6807222318124989,
      "VC@200": 0.9537614687220253,
      "Recall@10": 0.5,
      "Recall@50": 0.56,
      "Spearman": 0.5145363153608346,
      "Tier0-AP": 0.5348074799774565,
      "Tier01-AP": 0.6838635247483733,
      "n_samples": 302
    },
    "2022-06/aq3": {
      "VC@20": 0.6161385376561167,
      "VC@100": 0.8686180982321513,
      "Recall@20": 0.35,
      "Recall@100": 0.44,
      "NDCG": 0.8887247986888234,
      "VC@10": 0.5356288601910217,
      "VC@25": 0.6161385376561167,
      "VC@50": 0.7234054241427197,
      "VC@200": 0.9673674201482386,
      "Recall@10": 0.3,
      "Recall@50": 0.36,
      "Spearman": 0.318781412343104,
      "Tier0-AP": 0.4101558323285652,
      "Tier01-AP": 0.4571761742472861,
      "n_samples": 262
    },
    "2022-06/aq4": {
      "VC@20": 0.2984649679907186,
      "VC@100": 0.8138338557988148,
      "Recall@20": 0.45,
      "Recall@100": 0.54,
      "NDCG": 0.6520355967232366,
      "VC@10": 0.16772512138295237,
      "VC@25": 0.37348320191437956,
      "VC@50": 0.663284980724053,
      "VC@200": 0.9469414213802642,
      "Recall@10": 0.2,
      "Recall@50": 0.52,
      "Spearman": 0.45410872122688795,
      "Tier0-AP": 0.5288344734697195,
      "Tier01-AP": 0.6576583551474521,
      "n_samples": 380
    },
    "2023-06/aq1": {
      "VC@20": 0.23390073928550767,
      "VC@100": 0.7960313336119595,
      "Recall@20": 0.3,
      "Recall@100": 0.63,
      "NDCG": 0.5390763561243148,
      "VC@10": 0.1268524879943429,
      "VC@25": 0.31473858857398884,
      "VC@50": 0.3672529557345632,
      "VC@200": 0.9769720045362099,
      "Recall@10": 0.1,
      "Recall@50": 0.44,
      "Spearman": 0.4846353131861324,
      "Tier0-AP": 0.45975751484617383,
      "Tier01-AP": 0.6332075169982014,
      "n_samples": 276
    },
    "2023-06/aq2": {
      "VC@20": 0.31920942101032596,
      "VC@100": 0.8942526384123554,
      "Recall@20": 0.4,
      "Recall@100": 0.63,
      "NDCG": 0.5487982171028956,
      "VC@10": 0.23328284047109643,
      "VC@25": 0.6269441396752797,
      "VC@50": 0.7384083929439892,
      "VC@200": 0.9408019015634117,
      "Recall@10": 0.3,
      "Recall@50": 0.56,
      "Spearman": 0.4987084019927761,
      "Tier0-AP": 0.5763849615593496,
      "Tier01-AP": 0.6982553815083302,
      "n_samples": 410
    },
    "2023-06/aq3": {
      "VC@20": 0.1687251577331388,
      "VC@100": 0.544162475855689,
      "Recall@20": 0.1,
      "Recall@100": 0.6,
      "NDCG": 0.5901145225983783,
      "VC@10": 0.10145306518182473,
      "VC@25": 0.19128786639643716,
      "VC@50": 0.37464647852487926,
      "VC@200": 0.6452965503797355,
      "Recall@10": 0.1,
      "Recall@50": 0.44,
      "Spearman": 0.4874274396187117,
      "Tier0-AP": 0.6311259167911804,
      "Tier01-AP": 0.691546402278153,
      "n_samples": 504
    },
    "2023-06/aq4": {
      "VC@20": 0.2365502395538283,
      "VC@100": 0.7660509879571933,
      "Recall@20": 0.35,
      "Recall@100": 0.56,
      "NDCG": 0.7323041515470956,
      "VC@10": 0.1668628320093244,
      "VC@25": 0.2758592735115205,
      "VC@50": 0.5355705402328601,
      "VC@200": 0.8416388205829453,
      "Recall@10": 0.3,
      "Recall@50": 0.54,
      "Spearman": 0.4771873731086059,
      "Tier0-AP": 0.5254042883961683,
      "Tier01-AP": 0.6483456526770676,
      "n_samples": 459
    },
    "2024-06/aq1": {
      "VC@20": 0.28209851165237027,
      "VC@100": 0.7203436183817484,
      "Recall@20": 0.45,
      "Recall@100": 0.62,
      "NDCG": 0.7164192964153895,
      "VC@10": 0.17130428307794413,
      "VC@25": 0.3167938879085397,
      "VC@50": 0.4916551905404149,
      "VC@200": 0.8912074895002031,
      "Recall@10": 0.3,
      "Recall@50": 0.5,
      "Spearman": 0.5782024870859379,
      "Tier0-AP": 0.6153398034045386,
      "Tier01-AP": 0.7147017739256427,
      "n_samples": 425
    },
    "2024-06/aq2": {
      "VC@20": 0.37160639485573244,
      "VC@100": 0.6590317639457787,
      "Recall@20": 0.4,
      "Recall@100": 0.55,
      "NDCG": 0.726046678782319,
      "VC@10": 0.235614960538202,
      "VC@25": 0.4178479044827403,
      "VC@50": 0.537754044123533,
      "VC@200": 0.8484898356588029,
      "Recall@10": 0.4,
      "Recall@50": 0.46,
      "Spearman": 0.5091323523018114,
      "Tier0-AP": 0.5472453579391292,
      "Tier01-AP": 0.7051962683397072,
      "n_samples": 483
    },
    "2024-06/aq3": {
      "VC@20": 0.3181316395316065,
      "VC@100": 0.808134489550899,
      "Recall@20": 0.3,
      "Recall@100": 0.64,
      "NDCG": 0.5465883179615895,
      "VC@10": 0.20226658852965787,
      "VC@25": 0.3367239407163527,
      "VC@50": 0.48028495956613354,
      "VC@200": 0.9337402080531964,
      "Recall@10": 0.2,
      "Recall@50": 0.46,
      "Spearman": 0.5252221662683328,
      "Tier0-AP": 0.5229842087987678,
      "Tier01-AP": 0.6512084950982014,
      "n_samples": 315
    },
    "2024-06/aq4": {
      "VC@20": 0.2609557459672242,
      "VC@100": 0.47940749864267074,
      "Recall@20": 0.2,
      "Recall@100": 0.47,
      "NDCG": 0.7049430458744891,
      "VC@10": 0.18520732479670457,
      "VC@25": 0.28625373145635363,
      "VC@50": 0.367849264164954,
      "VC@200": 0.8574505448134526,
      "Recall@10": 0.3,
      "Recall@50": 0.5,
      "Spearman": 0.49353919919254313,
      "Tier0-AP": 0.5891442315884748,
      "Tier01-AP": 0.6680979839956982,
      "n_samples": 476
    }
  },
  "aggregate": {
    "mean": {
      "VC@20": 0.32423716664174235,
      "VC@100": 0.7304155838560745,
      "Recall@20": 0.36250000000000004,
      "Recall@100": 0.5741666666666666,
      "NDCG": 0.6714864504472119,
      "VC@10": 0.208164117179698,
      "VC@25": 0.39024327815505416,
      "VC@50": 0.5341901243678144,
      "VC@200": 0.8896862047687629,
      "Recall@10": 0.25833333333333336,
      "Recall@50": 0.47833333333333333,
      "Spearman": 0.4821995300671356,
      "Tier0-AP": 0.531335235583242,
      "Tier01-AP": 0.6566749426255836,
      "n_samples": 384.75
    },
    "std": {
      "VC@20": 0.11107316360991829,
      "VC@100": 0.12048543089311724,
      "Recall@20": 0.13090231727004176,
      "Recall@100": 0.062243919828008545,
      "NDCG": 0.10081425613007862,
      "VC@10": 0.10796404758809262,
      "VC@25": 0.13278193540413954,
      "VC@50": 0.13182916117447,
      "VC@200": 0.08691809962675634,
      "Recall@10": 0.11873172373979173,
      "Recall@50": 0.060254091608417416,
      "Spearman": 0.05928948967468974,
      "Tier0-AP": 0.0657533595171251,
      "Tier01-AP": 0.06467063533193687,
      "n_samples": 82.74974823728066
    },
    "min": {
      "VC@20": 0.1687251577331388,
      "VC@100": 0.47940749864267074,
      "Recall@20": 0.1,
      "Recall@100": 0.44,
      "NDCG": 0.5390763561243148,
      "VC@10": 0.10145306518182473,
      "VC@25": 0.19128786639643716,
      "VC@50": 0.3672529557345632,
      "VC@200": 0.6452965503797355,
      "Recall@10": 0.1,