{
  "eval_config": {
    "eval_months": [
      "2020-12",
      "2021-09",
      "2022-06",
      "2023-03"
    ],
    "class_type": "onpeak",
    "period_type": "f0",
    "train_months": 8,
    "val_months": 0,
    "mode": "screen"
  },
  "per_month": {
    "2020-12": {
      "VC@20": 0.692314662505527,
      "VC@100": 0.9083654420166257,
      "Recall@20": 0.95,
      "Recall@100": 0.76,
      "NDCG": 0.9961517163213961,
      "VC@10": 0.5839994792560448,
      "VC@25": 0.7229598601608412,
      "VC@50": 0.8339198905190339,
      "VC@200": 0.974952718077189,
      "Recall@10": 0.7,
      "Recall@50": 0.98,
      "Spearman": 0.8907277218917788,
      "Tier0-AP": 0.8972267683700207,
      "Tier01-AP": 0.8791334914081914,
      "n_samples": 550
    },
    "2021-09": {
      "VC@20": 0.6473576558245902,
      "VC@100": 0.8678053925157285,
      "Recall@20": 1.0,
      "Recall@100": 0.78,
      "NDCG": 0.970909893463555,
      "VC@10": 0.5249731860322486,
      "VC@25": 0.6806457583584276,
      "VC@50": 0.780264184051717,
      "VC@200": 0.9661723262037496,
      "Recall@10": 0.8,
      "Recall@50": 0.88,
      "Spearman": 0.9282549359313791,
      "Tier0-AP": 0.8865251189332024,
      "Tier01-AP": 0.9148063113934654,
      "n_samples": 621
    },
    "2022-06": {
      "VC@20": 0.6149137093308327,
      "VC@100": 0.8752773064799102,
      "Recall@20": 0.85,
      "Recall@100": 0.83,
      "NDCG": 0.9594014674543763,
      "VC@10": 0.43577197598835804,
      "VC@25": 0.64934836462931,
      "VC@50": 0.7693941863271668,
      "VC@200": 0.9511358127189202,
      "Recall@10": 0.5,
      "Recall@50": 1.0,
      "Spearman": 0.9036622290519667,
      "Tier0-AP": 0.9034766618811979,
      "Tier01-AP": 0.8865116740783272,
      "n_samples": 578
    },
    "2023-03": {
      "VC@20": 0.5800868013892495,
      "VC@100": 0.8603482600321825,
      "Recall@20": 0.85,
      "Recall@100": 0.83,
      "NDCG": 0.9540494564431871,
      "VC@10": 0.4663648411207005,
      "VC@25": 0.6270389684979271,
      "VC@50": 0.7474180977038426,
      "VC@200": 0.9270147926562831,
      "Recall@10": 0.6,
      "Recall@50": 0.94,
      "Spearman": 0.8857498612512389,
      "Tier0-AP": 0.8873306640699264,
      "Tier01-AP": 0.8670078870616016,
      "n_samples": 780
    }
  },
  "aggregate": {
    "mean": {
      "VC@20": 0.6336682072625499,
      "VC@100": 0.8779491002611117,
      "Recall@20": 0.9125,
      "Recall@100": 0.8,
      "NDCG": 0.9701281334206286,
      "VC@10": 0.502777370599338,
      "VC@25": 0.6699982379116265,
      "VC@50": 0.7827490896504401,
      "VC@200": 0.9548189124140355,
      "Recall@10": 0.65,
      "Recall@50": 0.95,
      "Spearman": 0.9020986870315908,
      "Tier0-AP": 0.8936398033135868,
      "Tier01-AP": 0.8868648409853964,
      "n_samples": 632.25
    },
    "std": {
      "VC@20": 0.041380871071454606,
      "VC@100": 0.01833696206699418,
      "Recall@20": 0.0649519052838329,
      "Recall@100": 0.030822070014844855,
      "NDCG": 0.01621282849978914,
      "VC@10": 0.056800705029470155,
      "VC@25": 0.036021588034358315,
      "VC@50": 0.03182474686494914,
      "VC@200": 0.018172124490752995,
      "Recall@10": 0.1118033988749895,
      "Recall@50": 0.04582575694955839,
      "Spearman": 0.016455827028474406,
      "Tier0-AP": 0.007072023695938148,
      "Tier01-AP": 0.01757073476583933,
      "n_samples": 88.97295937530683
    },
    "min": {
      "VC@20": 0.5800868013892495,
      "VC@100": 0.8603482600321825,
      "Recall@20": 0.85,
      "Recall@100": 0.76,
      "NDCG": 0.9540494564431871,
      "VC@10": 0.43577197598835804,
      "VC@25": 0.6270389684979271,
      "VC@50": 0.7474180977038426,
      "VC@200": 0.9270147926562831,
      "Recall@10": 0.5,
      "Recall@50": 0.88,
      "Spearman": 0.8857498612512389,
      "Tier0-AP": 0.8865251189332024,
      "Tier01-AP": 0.8670078870616016,
      "n_samples": 550.0
    },
    "max": {
      "VC@20": 0.692314662505527,
      "VC@100": 0.9083654420166257,
      "Recall@20": 1.0,
      "Recall@100": 0.83,
      "NDCG": 0.9961517163213961,
      "VC@10": 0.5839994792560448,
      "VC@25": 0.7229598601608412,
      "VC@50": 0.8339198905190339,
      "VC@200": 0.974952718077189,
      "Recall@10": 0.8,
      "Recall@50": 1.0,
      "Spearman": 0.9282549359313791,
      "Tier0-AP": 0.9034766618811979,
      "Tier01-AP": 0.9148063113934654,
      "n_samples": 780.0
    },
    "bottom_2_mean": {
      "VC@20": 0.597500255360041,
      "VC@100": 0.8640768262739555,
      "Recall@20": 0.85,
      "Recall@100": 0.77,
      "NDCG": 0.9567254619487817,
      "VC@10": 0.45106840855452923,
      "VC@25": 0.6381936665636185,
      "VC@50": 0.7584061420155047,
      "VC@200": 0.9390753026876016,
      "Recall@10": 0.55,
      "Recall@50": 0.9099999999999999,
      "Spearman": 0.8882387915715089,
      "Tier0-AP": 0.8869278915015644,
      "Tier01-AP": 0.8730706892348965,
      "n_samples": 564.0
    }
  },
  "n_months": 4,
  "n_months_requested": 4,
  "skipped_months": []
}