{
  "v0a": {
    "K=50": {
      "VC@50": 0.4043853543717059,
      "Recall@50": 0.09407252002441324,
      "Abs_SP@50": 0.36887089657391786,
      "NB12_Count@50": 0.4166666666666667,
      "NB12_SP@50": 0.005176112429393334,
      "Dang20k_Recall@50": 0.48896567005119634,
      "Dorm_inK@50": 7.5,
      "Dang40k_Recall@50": 0.5140542328042328
    },
    "K=200": {
      "VC@200": 0.6576838727174135,
      "Recall@200": 0.2602437849346188,
      "Abs_SP@200": 0.5990351630442411,
      "NB12_Count@200": 4.833333333333333,
      "NB12_SP@200": 0.08887745856374892,
      "Dang20k_Recall@200": 0.7792239680397576,
      "Dorm_inK@200": 53.083333333333336,
      "Dang40k_Recall@200": 0.6932870370370371
    },
    "K=250": {
      "VC@250": 0.7036307542392973,
      "Recall@250": 0.3095950554405356,
      "Abs_SP@250": 0.6407137751165376,
      "NB12_Count@250": 6.916666666666667,
      "NB12_SP@250": 0.1090868012918188,
      "Dang20k_Recall@250": 0.8283799777220829,
      "Dorm_inK@250": 72.41666666666667,
      "Dang40k_Recall@250": 0.7141203703703703
    },
    "K=400": {
      "VC@400": 0.7671195173334026,
      "Recall@400": 0.41971442384633706,
      "Abs_SP@400": 0.6988068744622011,
      "NB12_Count@400": 12.916666666666666,
      "NB12_SP@400": 0.17467653041527345,
      "Dang20k_Recall@400": 0.8691459551656919,
      "Dorm_inK@400": 140.58333333333334,
      "Dang40k_Recall@400": 0.7141203703703703
    }
  },
  "v0c": {
    "K=50": {
      "VC@50": 0.4013777069243532,
      "Recall@50": 0.12589268707105697,
      "Abs_SP@50": 0.3659842620537557,
      "NB12_Count@50": 0.0,
      "NB12_SP@50": 0.0,
      "Dang20k_Recall@50": 0.45934025769552084,
      "Dorm_inK@50": 0.0,
      "Dang40k_Recall@50": 0.4684523809523809
    },
    "K=200": {
      "VC@200": 0.6894920669645984,
      "Recall@200": 0.3485051505096044,
      "Abs_SP@200": 0.6281264935824983,
      "NB12_Count@200": 0.5833333333333334,
      "NB12_SP@200": 0.016902213334549412,
      "Dang20k_Recall@200": 0.7766698396632608,
      "Dorm_inK@200": 5.666666666666667,
      "Dang40k_Recall@200": 0.681382275132275
    },
    "K=250": {
      "VC@250": 0.7183245785876959,
      "Recall@250": 0.39272780334913043,
      "Abs_SP@250": 0.6545064344027377,
      "NB12_Count@250": 2.4166666666666665,
      "NB12_SP@250": 0.048607115336291994,
      "Dang20k_Recall@250": 0.7978382119829489,
      "Dorm_inK@250": 18.75,
      "Dang40k_Recall@250": 0.681382275132275
    },
    "K=400": {
      "VC@400": 0.7782817711389335,
      "Recall@400": 0.49100412540402966,
      "Abs_SP@400": 0.7089728148005713,
      "NB12_Count@400": 8.416666666666666,
      "NB12_SP@400": 0.13600708124865413,
      "Dang20k_Recall@400": 0.8639376218323586,
      "Dorm_inK@400": 84.58333333333333,
      "Dang40k_Recall@400": 0.7141203703703703
    }
  },
  "v0c_cross": {
    "K=50": {
      "VC@50": 0.3529876766269206,
      "Recall@50": 0.12785586718066946,
      "Abs_SP@50": 0.32107621203274195,
      "NB12_Count@50": 0.0,
      "NB12_SP@50": 0.0,
      "Dang20k_Recall@50": 0.3985160550950025,
      "Dorm_inK@50": 0.0,
      "Dang40k_Recall@50": 0.3567791005291005
    },
    "K=200": {
      "VC@200": 0.6840498378687271,
      "Recall@200": 0.3573707096253673,
      "Abs_SP@200": 0.6234495039353145,
      "NB12_Count@200": 0.4166666666666667,
      "NB12_SP@200": 0.026003523273363482,
      "Dang20k_Recall@200": 0.7552081994516205,
      "Dorm_inK@200": 1.25,
      "Dang40k_Recall@200": 0.681382275132275
    },
    "K=250": {
      "VC@250": 0.7169685105848923,
      "Recall@250": 0.4086557686186345,
      "Abs_SP@250": 0.6532548489609105,
      "NB12_Count@250": 0.9166666666666666,
      "NB12_SP@250": 0.03301782715571877,
      "Dang20k_Recall@250": 0.7926298786496155,
      "Dorm_inK@250": 5.916666666666667,
      "Dang40k_Recall@250": 0.681382275132275
    },
    "K=400": {
      "VC@400": 0.7784534090496747,
      "Recall@400": 0.5051974521367352,
      "Abs_SP@400": 0.7090879133385771,
      "NB12_Count@400": 7.583333333333333,
      "NB12_SP@400": 0.12875468490847783,
      "Dang20k_Recall@400": 0.8639376218323586,
      "Dorm_inK@400": 66.83333333333333,
      "Dang40k_Recall@400": 0.7141203703703703
    }
  },
  "blend_a0.05": {
    "K=50": {
      "VC@50": 0.4013777069243532,
      "Recall@50": 0.12589268707105697,
      "Abs_SP@50": 0.3659842620537557,
      "NB12_Count@50": 0.0,
      "NB12_SP@50": 0.0,
      "Dang20k_Recall@50": 0.45934025769552084,
      "Dorm_inK@50": 0.0,
      "Dang40k_Recall@50": 0.4684523809523809
    },
    "K=200": {
      "VC@200": 0.687839060193355,
      "Recall@200": 0.3417377808900593,
      "Abs_SP@200": 0.6264858459725781,
      "NB12_Count@200": 2.3333333333333335,
      "NB12_SP@200": 0.0501417066166689,
      "Dang20k_Recall@200": 0.7822915327849539,
      "Dorm_inK@200": 16.0,
      "Dang40k_Recall@200": 0.681382275132275
    },
    "K=250": {
      "VC@250": 0.7174570401226631,
      "Recall@250": 0.382628694293649,
      "Abs_SP@250": 0.6535972653382224,
      "NB12_Count@250": 4.333333333333333,
      "NB12_SP@250": 0.07829966249370819,
      "Dang20k_Recall@250": 0.7926298786496155,
      "Dorm_inK@250": 34.166666666666664,
      "Dang40k_Recall@250": 0.681382275132275
    },
    "K=400": {
      "VC@400": 0.786161888729482,
      "Recall@400": 0.4828388136087975,
      "Abs_SP@400": 0.7156731227471985,
      "NB12_Count@400": 11.333333333333334,
      "NB12_SP@400": 0.19874034081751638,
      "Dang20k_Recall@400": 0.8750983361180729,
      "Dorm_inK@400": 106.75,
      "Dang40k_Recall@400": 0.7233796296296297
    }
  },
  "blend_a0.10": {
    "K=50": {
      "VC@50": 0.3966988143621452,
      "Recall@50": 0.12552395550763512,
      "Abs_SP@50": 0.36167327028973456,
      "NB12_Count@50": 0.0,
      "NB12_SP@50": 0.0,
      "Dang20k_Recall@50": 0.45293000128526445,
      "Dorm_inK@50": 0.08333333333333333,
      "Dang40k_Recall@50": 0.4476190476190476
    },
    "K=200": {
      "VC@200": 0.6835963033639386,
      "Recall@200": 0.335241778300377,
      "Abs_SP@200": 0.6225058013948993,
      "NB12_Count@200": 4.833333333333333,
      "NB12_SP@200": 0.08426359948725858,
      "Dang20k_Recall@200": 0.7612389012060065,
      "Dorm_inK@200": 31.916666666666668,
      "Dang40k_Recall@200": 0.6730489417989417
    },
    "K=250": {
      "VC@250": 0.7101008468652795,
      "Recall@250": 0.3735393871142503,
      "Abs_SP@250": 0.6466200053444183,
      "NB12_Count@250": 6.916666666666667,
      "NB12_SP@250": 0.10460080469675233,
      "Dang20k_Recall@250": 0.7941962946897158,
      "Dorm_inK@250": 51.583333333333336,
      "Dang40k_Recall@250": 0.681382275132275
    },
    "K=400": {
      "VC@400": 0.7787315580285771,
      "Recall@400": 0.46762352120545786,
      "Abs_SP@400": 0.7088103785930325,
      "NB12_Count@400": 13.25,
      "NB12_SP@400": 0.21193169318698232,
      "Dang20k_Recall@400": 0.8598205583402952,
      "Dorm_inK@400": 126.33333333333333,
      "Dang40k_Recall@400": 0.7233796296296297
    }
  },
  "blend_a0.15": {
    "K=50": {
      "VC@50": 0.3993993186074339,
      "Recall@50": 0.12478649238079148,
      "Abs_SP@50": 0.3640871257961041,
      "NB12_Count@50": 0.08333333333333333,
      "NB12_SP@50": 0.011072499167353124,
      "Dang20k_Recall@50": 0.45987444572970887,
      "Dorm_inK@50": 0.5833333333333334,
      "Dang40k_Recall@50": 0.4476190476190476
    },
    "K=200": {
      "VC@200": 0.6650624025558179,
      "Recall@200": 0.3206329870825964,
      "Abs_SP@200": 0.605968852102395,
      "NB12_Count@200": 6.583333333333333,
      "NB12_SP@200": 0.10461077080758045,
      "Dang20k_Recall@200": 0.7397111234282288,
      "Dorm_inK@200": 48.583333333333336,
      "Dang40k_Recall@200": 0.6563822751322751
    },
    "K=250": {
      "VC@250": 0.6992041491604457,
      "Recall@250": 0.35810546532626336,
      "Abs_SP@250": 0.636676050472699,
      "NB12_Count@250": 9.083333333333334,
      "NB12_SP@250": 0.13288108514162553,