{
  "v0a": {
    "K=50": {
      "VC@50": 0.40331792639705627,
      "Recall@50": 0.09312367246804326,
      "Abs_SP@50": 0.3692514333912255,
      "NB12_Count@50": 0.4166666666666667,
      "NB12_SP@50": 0.005035617913415259,
      "Dang20k_Recall@50": 0.48896567005119634,
      "Dorm_inK@50": 7.5,
      "Dang40k_Recall@50": 0.5140542328042328
    },
    "K=200": {
      "VC@200": 0.6564148222850944,
      "Recall@200": 0.25897962344408687,
      "Abs_SP@200": 0.6000137751450284,
      "NB12_Count@200": 4.75,
      "NB12_SP@200": 0.08893970057908245,
      "Dang20k_Recall@200": 0.7792239680397576,
      "Dorm_inK@200": 52.0,
      "Dang40k_Recall@200": 0.6932870370370371
    },
    "K=250": {
      "VC@250": 0.7029318773978851,
      "Recall@250": 0.3073171820056196,
      "Abs_SP@250": 0.6425671146336559,
      "NB12_Count@250": 6.833333333333333,
      "NB12_SP@250": 0.10950449520196655,
      "Dang20k_Recall@250": 0.8283799777220829,
      "Dorm_inK@250": 71.58333333333333,
      "Dang40k_Recall@250": 0.7141203703703703
    },
    "K=400": {
      "VC@400": 0.7676424432437504,
      "Recall@400": 0.41797525000514746,
      "Abs_SP@400": 0.70191941305928,
      "NB12_Count@400": 13.0,
      "NB12_SP@400": 0.17703957008810667,
      "Dang20k_Recall@400": 0.8691459551656919,
      "Dorm_inK@400": 139.41666666666666,
      "Dang40k_Recall@400": 0.7141203703703703
    }
  },
  "v0c": {
    "K=50": {
      "VC@50": 0.3926082998990798,
      "Recall@50": 0.12346710402282542,
      "Abs_SP@50": 0.35876909809704666,
      "NB12_Count@50": 0.0,
      "NB12_SP@50": 0.0,
      "Dang20k_Recall@50": 0.4485440363729838,
      "Dorm_inK@50": 0.0,
      "Dang40k_Recall@50": 0.4392857142857143
    },
    "K=200": {
      "VC@200": 0.6889686851153973,
      "Recall@200": 0.3461946579863628,
      "Abs_SP@200": 0.6300017793579167,
      "NB12_Count@200": 0.5,
      "NB12_SP@200": 0.016731248369326397,
      "Dang20k_Recall@200": 0.7766698396632608,
      "Dorm_inK@200": 5.416666666666667,
      "Dang40k_Recall@200": 0.681382275132275
    },
    "K=250": {
      "VC@250": 0.7184752299232283,
      "Recall@250": 0.38854873780876403,
      "Abs_SP@250": 0.6570576421521589,
      "NB12_Count@250": 2.3333333333333335,
      "NB12_SP@250": 0.04898089702150187,
      "Dang20k_Recall@250": 0.7978382119829489,
      "Dorm_inK@250": 18.416666666666668,
      "Dang40k_Recall@250": 0.681382275132275
    },
    "K=400": {
      "VC@400": 0.7788159547429278,
      "Recall@400": 0.48938864821486905,
      "Abs_SP@400": 0.7121588999110645,
      "NB12_Count@400": 8.416666666666666,
      "NB12_SP@400": 0.13711651153130905,
      "Dang20k_Recall@400": 0.8639376218323586,
      "Dorm_inK@400": 82.91666666666667,
      "Dang40k_Recall@400": 0.7141203703703703
    }
  },
  "v0c_cross": {
    "K=50": {
      "VC@50": 0.3486563258172925,
      "Recall@50": 0.1250086127868236,
      "Abs_SP@50": 0.31818860984199643,
      "NB12_Count@50": 0.0,
      "NB12_SP@50": 0.0,
      "Dang20k_Recall@50": 0.3985160550950025,
      "Dorm_inK@50": 0.0,
      "Dang40k_Recall@50": 0.3567791005291005
    },
    "K=200": {
      "VC@200": 0.6782997575578732,
      "Recall@200": 0.3541966505414013,
      "Abs_SP@200": 0.6203120358815548,
      "NB12_Count@200": 0.4166666666666667,
      "NB12_SP@200": 0.026082132323549074,
      "Dang20k_Recall@200": 0.7552081994516205,
      "Dorm_inK@200": 1.25,
      "Dang40k_Recall@200": 0.681382275132275
    },
    "K=250": {
      "VC@250": 0.71637778035186,
      "Recall@250": 0.40507882481760515,
      "Abs_SP@250": 0.6551301223755653,
      "NB12_Count@250": 0.9166666666666666,
      "NB12_SP@250": 0.03298539035879235,
      "Dang20k_Recall@250": 0.7926298786496155,
      "Dorm_inK@250": 5.916666666666667,
      "Dang40k_Recall@250": 0.681382275132275
    },
    "K=400": {
      "VC@400": 0.7763949020827742,
      "Recall@400": 0.5023630246575521,
      "Abs_SP@400": 0.7099396627993095,
      "NB12_Count@400": 7.333333333333333,
      "NB12_SP@400": 0.11813661175294883,
      "Dang20k_Recall@400": 0.8639376218323586,
      "Dorm_inK@400": 65.66666666666667,
      "Dang40k_Recall@400": 0.7141203703703703
    }
  },
  "blend_a0.05": {
    "K=50": {
      "VC@50": 0.3926082998990798,
      "Recall@50": 0.12346710402282542,
      "Abs_SP@50": 0.35876909809704666,
      "NB12_Count@50": 0.0,
      "NB12_SP@50": 0.0,
      "Dang20k_Recall@50": 0.4485440363729838,
      "Dorm_inK@50": 0.0,
      "Dang40k_Recall@50": 0.4392857142857143
    },
    "K=200": {
      "VC@200": 0.6874258784327304,
      "Recall@200": 0.3390114914896237,
      "Abs_SP@200": 0.6283889915235213,
      "NB12_Count@200": 2.25,
      "NB12_SP@200": 0.05301327735408559,
      "Dang20k_Recall@200": 0.7822915327849539,
      "Dorm_inK@200": 15.75,
      "Dang40k_Recall@200": 0.681382275132275
    },
    "K=250": {
      "VC@250": 0.7135028223685552,
      "Recall@250": 0.3784866113391401,
      "Abs_SP@250": 0.6523883369051745,
      "NB12_Count@250": 4.333333333333333,
      "NB12_SP@250": 0.07706503260687873,
      "Dang20k_Recall@250": 0.7926298786496155,
      "Dorm_inK@250": 33.5,
      "Dang40k_Recall@250": 0.681382275132275
    },
    "K=400": {
      "VC@400": 0.7776565011109277,
      "Recall@400": 0.4799188565638511,
      "Abs_SP@400": 0.7112317835173191,
      "NB12_Count@400": 10.916666666666666,
      "NB12_SP@400": 0.16393051454300447,
      "Dang20k_Recall@400": 0.8691459551656919,
      "Dorm_inK@400": 104.25,
      "Dang40k_Recall@400": 0.7141203703703703
    }
  },
  "blend_a0.10": {
    "K=50": {
      "VC@50": 0.392500771769607,
      "Recall@50": 0.1231198818006032,
      "Abs_SP@50": 0.3586689007246197,
      "NB12_Count@50": 0.0,
      "NB12_SP@50": 0.0,
      "Dang20k_Recall@50": 0.4485440363729838,
      "Dorm_inK@50": 0.08333333333333333,
      "Dang40k_Recall@50": 0.4392857142857143
    },
    "K=200": {
      "VC@200": 0.680454587951424,
      "Recall@200": 0.3312324454710958,
      "Abs_SP@200": 0.621979934196128,
      "NB12_Count@200": 4.25,
      "NB12_SP@200": 0.0774492241511436,
      "Dang20k_Recall@200": 0.7612389012060065,
      "Dorm_inK@200": 31.166666666666668,
      "Dang40k_Recall@200": 0.6730489417989417
    },
    "K=250": {
      "VC@250": 0.7092359712124576,
      "Recall@250": 0.36998509750473807,
      "Abs_SP@250": 0.6482318141639726,
      "NB12_Count@250": 6.666666666666667,
      "NB12_SP@250": 0.10468231682844432,
      "Dang20k_Recall@250": 0.7941962946897158,
      "Dorm_inK@250": 50.583333333333336,
      "Dang40k_Recall@250": 0.681382275132275
    },
    "K=400": {
      "VC@400": 0.7770623529136899,
      "Recall@400": 0.46675457386919117,
      "Abs_SP@400": 0.7100285672832004,
      "NB12_Count@400": 13.0,
      "NB12_SP@400": 0.20412590471462352,
      "Dang20k_Recall@400": 0.8598205583402952,
      "Dorm_inK@400": 123.41666666666667,
      "Dang40k_Recall@400": 0.7233796296296297
    }
  },
  "blend_a0.15": {
    "K=50": {
      "VC@50": 0.3953785934522634,
      "Recall@50": 0.12308594278640102,
      "Abs_SP@50": 0.36124397582072376,
      "NB12_Count@50": 0.08333333333333333,
      "NB12_SP@50": 0.011081053460684533,
      "Dang20k_Recall@50": 0.4554884808174282,
      "Dorm_inK@50": 0.4166666666666667,
      "Dang40k_Recall@50": 0.4392857142857143
    },
    "K=200": {
      "VC@200": 0.6642398160665824,
      "Recall@200": 0.31767183989244496,
      "Abs_SP@200": 0.6072782530558146,
      "NB12_Count@200": 6.166666666666667,
      "NB12_SP@200": 0.1008100553090272,
      "Dang20k_Recall@200": 0.7456635043806097,
      "Dorm_inK@200": 47.583333333333336,
      "Dang40k_Recall@200": 0.6563822751322751
    },
    "K=250": {
      "VC@250": 0.7005193328270081,
      "Recall@250": 0.35743862017421985,
      "Abs_SP@250": 0.6402719955758475,
      "NB12_Count@250": 9.0,
      "NB12_SP@250": 0.14022770975823445,
      "Dang20k_Recall@250": 0.7767855804040015,
      "Dorm_inK@250": 69.58333333333333,