{
  "v0a": {
    "K=50": {
      "VC@50": 0.33227498821610874,
      "Recall@50": 0.08722830280466848,
      "Abs_SP@50": 0.29429053846628,
      "NB12_Count@50": 1.1666666666666667,
      "NB12_SP@50": 0.042014314712288635,
      "Dang20k_Recall@50": 0.4345443907943909,
      "Dorm_inK@50": 6.0,
      "Dang40k_Recall@50": 0.49280303030303024
    },
    "K=200": {
      "VC@200": 0.5778253572885688,
      "Recall@200": 0.22969214424780326,
      "Abs_SP@200": 0.5119635805549476,
      "NB12_Count@200": 4.916666666666667,
      "NB12_SP@200": 0.10426842778655931,
      "Dang20k_Recall@200": 0.7199764356014356,
      "Dorm_inK@200": 57.166666666666664,
      "Dang40k_Recall@200": 0.6780303030303031
    },
    "K=250": {
      "VC@250": 0.6075059798266783,
      "Recall@250": 0.2701117153805617,
      "Abs_SP@250": 0.5381753117624201,
      "NB12_Count@250": 7.416666666666667,
      "NB12_SP@250": 0.13092711219189881,
      "Dang20k_Recall@250": 0.7294010387760387,
      "Dorm_inK@250": 74.41666666666667,
      "Dang40k_Recall@250": 0.6780303030303031
    },
    "K=400": {
      "VC@400": 0.6886184289423146,
      "Recall@400": 0.3726339113468758,
      "Abs_SP@400": 0.6097667553948184,
      "NB12_Count@400": 14.333333333333334,
      "NB12_SP@400": 0.2086159064114432,
      "Dang20k_Recall@400": 0.7899894087394087,
      "Dorm_inK@400": 140.58333333333334,
      "Dang40k_Recall@400": 0.7098484848484848
    }
  },
  "v0c": {
    "K=50": {
      "VC@50": 0.31377157625188384,
      "Recall@50": 0.1093156821675871,
      "Abs_SP@50": 0.27769951445743163,
      "NB12_Count@50": 0.0,
      "NB12_SP@50": 0.0,
      "Dang20k_Recall@50": 0.4109022921522922,
      "Dorm_inK@50": 0.08333333333333333,
      "Dang40k_Recall@50": 0.33674242424242423
    },
    "K=200": {
      "VC@200": 0.6037401474674872,
      "Recall@200": 0.3200206226607321,
      "Abs_SP@200": 0.5356133578586308,
      "NB12_Count@200": 0.6666666666666666,
      "NB12_SP@200": 0.00476682417770068,
      "Dang20k_Recall@200": 0.7287829069079069,
      "Dorm_inK@200": 5.333333333333333,
      "Dang40k_Recall@200": 0.628030303030303
    },
    "K=250": {
      "VC@250": 0.6394134735548346,
      "Recall@250": 0.3574116974011661,
      "Abs_SP@250": 0.5668584480808683,
      "NB12_Count@250": 1.8333333333333333,
      "NB12_SP@250": 0.04134710795245892,
      "Dang20k_Recall@250": 0.7523062585562585,
      "Dorm_inK@250": 14.666666666666666,
      "Dang40k_Recall@250": 0.6446969696969697
    },
    "K=400": {
      "VC@400": 0.7119975606220207,
      "Recall@400": 0.44833048449217944,
      "Abs_SP@400": 0.6310345098470771,
      "NB12_Count@400": 9.416666666666666,
      "NB12_SP@400": 0.1524276218174006,
      "Dang20k_Recall@400": 0.79614528989529,
      "Dorm_inK@400": 80.75,
      "Dang40k_Recall@400": 0.693181818181818
    }
  },
  "v0c_cross": {
    "K=50": {
      "VC@50": 0.3146652952631001,
      "Recall@50": 0.11171693209345063,
      "Abs_SP@50": 0.27874272236381975,
      "NB12_Count@50": 0.0,
      "NB12_SP@50": 0.0,
      "Dang20k_Recall@50": 0.4080769924519924,
      "Dorm_inK@50": 0.0,
      "Dang40k_Recall@50": 0.35340909090909084
    },
    "K=200": {
      "VC@200": 0.6044341104465077,
      "Recall@200": 0.3302546067361628,
      "Abs_SP@200": 0.536189369890653,
      "NB12_Count@200": 0.08333333333333333,
      "NB12_SP@200": 2.035482412260457e-05,
      "Dang20k_Recall@200": 0.7287829069079069,
      "Dorm_inK@200": 1.6666666666666667,
      "Dang40k_Recall@200": 0.628030303030303
    },
    "K=250": {
      "VC@250": 0.6393910357422351,
      "Recall@250": 0.3728343665532625,
      "Abs_SP@250": 0.5668049632882562,
      "NB12_Count@250": 1.0,
      "NB12_SP@250": 0.040728642043250406,
      "Dang20k_Recall@250": 0.7523062585562585,
      "Dorm_inK@250": 5.916666666666667,
      "Dang40k_Recall@250": 0.6446969696969697
    },
    "K=400": {
      "VC@400": 0.7130312845889496,
      "Recall@400": 0.45836916466926514,
      "Abs_SP@400": 0.6319855200892637,
      "NB12_Count@400": 8.25,
      "NB12_SP@400": 0.14437870913824846,
      "Dang20k_Recall@400": 0.79614528989529,
      "Dorm_inK@400": 65.0,
      "Dang40k_Recall@400": 0.693181818181818
    }
  },
  "blend_a0.05": {
    "K=50": {
      "VC@50": 0.31377157625188384,
      "Recall@50": 0.1093156821675871,
      "Abs_SP@50": 0.27769951445743163,
      "NB12_Count@50": 0.0,
      "NB12_SP@50": 0.0,
      "Dang20k_Recall@50": 0.4109022921522922,
      "Dorm_inK@50": 0.08333333333333333,
      "Dang40k_Recall@50": 0.33674242424242423
    },
    "K=200": {
      "VC@200": 0.6035978190195479,
      "Recall@200": 0.3147088927762906,
      "Abs_SP@200": 0.5352566931485684,
      "NB12_Count@200": 1.8333333333333333,
      "NB12_SP@200": 0.026124281029379665,
      "Dang20k_Recall@200": 0.7406876688126688,
      "Dorm_inK@200": 14.333333333333334,
      "Dang40k_Recall@200": 0.628030303030303
    },
    "K=250": {
      "VC@250": 0.6319878920855384,
      "Recall@250": 0.34880520031852374,
      "Abs_SP@250": 0.5602571077405801,
      "NB12_Count@250": 3.75,
      "NB12_SP@250": 0.06579399522769608,
      "Dang20k_Recall@250": 0.7523062585562585,
      "Dorm_inK@250": 31.083333333333332,
      "Dang40k_Recall@250": 0.6446969696969697
    },
    "K=400": {
      "VC@400": 0.716788987585931,
      "Recall@400": 0.44691511352028274,
      "Abs_SP@400": 0.6349338876827023,
      "NB12_Count@400": 13.75,
      "NB12_SP@400": 0.20913447566373833,
      "Dang20k_Recall@400": 0.7980912605912606,
      "Dorm_inK@400": 102.91666666666667,
      "Dang40k_Recall@400": 0.7098484848484848
    }
  },
  "blend_a0.10": {
    "K=50": {
      "VC@50": 0.31377157625188384,
      "Recall@50": 0.1093156821675871,
      "Abs_SP@50": 0.27769951445743163,
      "NB12_Count@50": 0.0,
      "NB12_SP@50": 0.0,
      "Dang20k_Recall@50": 0.4109022921522922,
      "Dorm_inK@50": 0.08333333333333333,
      "Dang40k_Recall@50": 0.33674242424242423
    },
    "K=200": {
      "VC@200": 0.5931341906813872,
      "Recall@200": 0.29945283556379243,
      "Abs_SP@200": 0.5263009999168005,
      "NB12_Count@200": 3.75,
      "NB12_SP@200": 0.06057789601791544,
      "Dang20k_Recall@200": 0.7279035779035778,
      "Dorm_inK@200": 31.5,
      "Dang40k_Recall@200": 0.6113636363636363
    },
    "K=250": {
      "VC@250": 0.6362852064921171,
      "Recall@250": 0.3411204897574634,
      "Abs_SP@250": 0.5636251171713335,
      "NB12_Count@250": 7.416666666666667,
      "NB12_SP@250": 0.1317147375172035,
      "Dang20k_Recall@250": 0.7535081816331816,
      "Dorm_inK@250": 54.166666666666664,
      "Dang40k_Recall@250": 0.6613636363636363
    },
    "K=400": {
      "VC@400": 0.7071738484848976,
      "Recall@400": 0.43373608000018987,
      "Abs_SP@400": 0.6264990685720491,
      "NB12_Count@400": 15.583333333333334,
      "NB12_SP@400": 0.22031838338920529,
      "Dang20k_Recall@400": 0.7899894087394087,
      "Dorm_inK@400": 126.25,
      "Dang40k_Recall@400": 0.7098484848484848
    }
  },
  "blend_a0.15": {
    "K=50": {
      "VC@50": 0.31030306804279156,
      "Recall@50": 0.10837041511311855,
      "Abs_SP@50": 0.2747205254151897,
      "NB12_Count@50": 0.08333333333333333,
      "NB12_SP@50": 2.035482412260457e-05,
      "Dang20k_Recall@50": 0.4033265345765346,
      "Dorm_inK@50": 0.6666666666666666,
      "Dang40k_Recall@50": 0.33674242424242423
    },
    "K=200": {
      "VC@200": 0.5903403211558964,
      "Recall@200": 0.2862769098759843,
      "Abs_SP@200": 0.5237200340273243,
      "NB12_Count@200": 6.916666666666667,
      "NB12_SP@200": 0.1039762525427056,
      "Dang20k_Recall@200": 0.7279035779035778,
      "Dorm_inK@200": 50.75,
      "Dang40k_Recall@200": 0.6113636363636363
    },
    "K=250": {
      "VC@250": 0.6243902129903235,
      "Recall@250": 0.32833382655641974,
      "Abs_SP@250": 0.5533010363330433,
      "NB12_Count@250": 10.833333333333334,
      "NB12_SP@250": 0.1660977708487244,
      "Dang20k_Recall@250": 0.7466764716764717,