{
  "eval_config": {
    "eval_months": [
      "2020-12",
      "2021-09",
      "2022-06",
      "2023-03"
    ],
    "class_type": "onpeak",
    "period_type": "f0",
    "train_months": 8,
    "val_months": 0,
    "mode": "screen"
  },
  "per_month": {
    "2023-03": {
      "VC@20": 0.14315560707688038,
      "VC@100": 0.2875709979445706,
      "Recall@20": 0.2,
      "Recall@100": 0.2,
      "NDCG": 0.2792259222932941,
      "VC@10": 0.051795132629446135,
      "VC@25": 0.16783407839974956,
      "VC@50": 0.21542742136357887,
      "VC@200": 0.7259258985495403,
      "Recall@10": 0.1,
      "Recall@50": 0.32,
      "Spearman": 0.149359613614104,
      "Tier0-AP": 1.0,
      "Tier01-AP": 1.0,
      "n_samples": 780
    },
    "2022-06": {
      "VC@20": 0.20540788488244588,
      "VC@100": 0.6060963638180847,
      "Recall@20": 0.1,
      "Recall@100": 0.23,
      "NDCG": 0.35128658206909175,
      "VC@10": 0.05085748252800979,
      "VC@25": 0.208974722216226,
      "VC@50": 0.2724146045828416,
      "VC@200": 0.8920073010869187,
      "Recall@10": 0.1,
      "Recall@50": 0.22,
      "Spearman": 0.16496047528985133,
      "Tier0-AP": 1.0,
      "Tier01-AP": 1.0,
      "n_samples": 578
    },
    "2020-12": {
      "VC@20": 0.70778336988612,
      "VC@100": 0.8357911346993525,
      "Recall@20": 0.45,
      "Recall@100": 0.34,
      "NDCG": 0.5396405615968419,
      "VC@10": 0.26450244107586646,
      "VC@25": 0.70778336988612,
      "VC@50": 0.7672349515650797,
      "VC@200": 0.9602485877856776,
      "Recall@10": 0.3,
      "Recall@50": 0.38,
      "Spearman": 0.2566082058040912,
      "Tier0-AP": 1.0,
      "Tier01-AP": 1.0,
      "n_samples": 550
    },
    "2021-09": {
      "VC@20": 0.5044087677680023,
      "VC@100": 0.7416271370696428,
      "Recall@20": 0.3,
      "Recall@100": 0.26,
      "NDCG": 0.8036851345389296,
      "VC@10": 0.39081596638767835,
      "VC@25": 0.6036570393543098,
      "VC@50": 0.680410704566526,
      "VC@200": 0.830649404594928,
      "Recall@10": 0.3,
      "Recall@50": 0.26,
      "Spearman": 0.20914077374321355,
      "Tier0-AP": 1.0,
      "Tier01-AP": 1.0,
      "n_samples": 621
    }
  },
  "aggregate": {
    "mean": {
      "VC@20": 0.3901889074033621,
      "VC@100": 0.6177714083829127,
      "Recall@20": 0.2625,
      "Recall@100": 0.2575,
      "NDCG": 0.49345955012453935,
      "VC@10": 0.1894927556552502,
      "VC@25": 0.42206230246410137,
      "VC@50": 0.4838719205195065,
      "VC@200": 0.8522077980042662,
      "Recall@10": 0.2,
      "Recall@50": 0.29500000000000004,
      "Spearman": 0.19501726711281503,
      "Tier0-AP": 1.0,
      "Tier01-AP": 1.0,
      "n_samples": 632.25
    },
    "std": {
      "VC@20": 0.22862736978296086,
      "VC@100": 0.2073894044490078,
      "Recall@20": 0.1293010054098575,
      "Recall@100": 0.05214163403653553,
      "NDCG": 0.2027817787581559,
      "VC@10": 0.14520490903248973,
      "VC@25": 0.23698706905747555,
      "VC@50": 0.24274407644071913,
      "VC@200": 0.08612301544665993,
      "Recall@10": 0.09999999999999999,
      "Recall@50": 0.060621778264910706,
      "Spearman": 0.04177603746799351,
      "Tier0-AP": 0.0,
      "Tier01-AP": 0.0,
      "n_samples": 88.97295937530683
    },
    "min": {
      "VC@20": 0.14315560707688038,
      "VC@100": 0.2875709979445706,
      "Recall@20": 0.1,
      "Recall@100": 0.2,
      "NDCG": 0.2792259222932941,
      "VC@10": 0.05085748252800979,
      "VC@25": 0.16783407839974956,
      "VC@50": 0.21542742136357887,
      "VC@200": 0.7259258985495403,
      "Recall@10": 0.1,
      "Recall@50": 0.22,
      "Spearman": 0.149359613614104,
      "Tier0-AP": 1.0,
      "Tier01-AP": 1.0,
      "n_samples": 550.0
    },
    "max": {
      "VC@20": 0.70778336988612,
      "VC@100": 0.8357911346993525,
      "Recall@20": 0.45,
      "Recall@100": 0.34,
      "NDCG": 0.8036851345389296,
      "VC@10": 0.39081596638767835,
      "VC@25": 0.70778336988612,
      "VC@50": 0.7672349515650797,
      "VC@200": 0.9602485877856776,
      "Recall@10": 0.3,
      "Recall@50": 0.38,
      "Spearman": 0.2566082058040912,
      "Tier0-AP": 1.0,
      "Tier01-AP": 1.0,
      "n_samples": 780.0
    },
    "bottom_2_mean": {
      "VC@20": 0.17428174597966312,
      "VC@100": 0.4468336808813277,
      "Recall@20": 0.15000000000000002,
      "Recall@100": 0.21500000000000002,
      "NDCG": 0.3152562521811929,
      "VC@10": 0.05132630757872796,
      "VC@25": 0.18840440030798777,
      "VC@50": 0.24392101297321023,
      "VC@200": 0.7782876515722341,
      "Recall@10": 0.1,
      "Recall@50": 0.24,
      "Spearman": 0.15716004445197768,
      "Tier0-AP": 1.0,
      "Tier01-AP": 1.0,
      "n_samples": 564.0
    }
  },
  "n_months": 4,
  "n_months_requested": 4,
  "skipped_months": []
}