{
  "v0a": {
    "K=50": {
      "VC@50": 0.3647202112916495,
      "Recall@50": 0.1044561715907459,
      "Abs_SP@50": 0.3181795676734947,
      "NB12_Count@50": 0.3333333333333333,
      "NB12_SP@50": 0.0013360444149372321,
      "Dang20k_Recall@50": 0.5467948717948717,
      "Dorm_inK@50": 7.333333333333333,
      "Dang40k_Recall@50": 0.4083333333333334
    },
    "K=200": {
      "VC@200": 0.6243592930562255,
      "Recall@200": 0.274167667820399,
      "Abs_SP@200": 0.5451186895309016,
      "NB12_Count@200": 6.666666666666667,
      "NB12_SP@200": 0.17086367577589057,
      "Dang20k_Recall@200": 0.7647435897435897,
      "Dorm_inK@200": 57.0,
      "Dang40k_Recall@200": 0.4916666666666667
    },
    "K=250": {
      "VC@250": 0.6613700989264282,
      "Recall@250": 0.3200723283115715,
      "Abs_SP@250": 0.5775755268577302,
      "NB12_Count@250": 7.333333333333333,
      "NB12_SP@250": 0.17412188753674443,
      "Dang20k_Recall@250": 0.7814102564102564,
      "Dorm_inK@250": 74.33333333333333,
      "Dang40k_Recall@250": 0.5333333333333333
    },
    "K=400": {
      "VC@400": 0.7557502026531178,
      "Recall@400": 0.45140903578498937,
      "Abs_SP@400": 0.6613011399456411,
      "NB12_Count@400": 11.666666666666666,
      "NB12_SP@400": 0.25079974286570533,
      "Dang20k_Recall@400": 0.8564102564102564,
      "Dorm_inK@400": 139.33333333333334,
      "Dang40k_Recall@400": 0.8666666666666667
    }
  },
  "v0c": {
    "K=50": {
      "VC@50": 0.3739462919209986,
      "Recall@50": 0.12892215638630042,
      "Abs_SP@50": 0.3284542458693685,
      "NB12_Count@50": 0.0,
      "NB12_SP@50": 0.0,
      "Dang20k_Recall@50": 0.5121794871794872,
      "Dorm_inK@50": 0.0,
      "Dang40k_Recall@50": 0.2333333333333333
    },
    "K=200": {
      "VC@200": 0.6529290690423472,
      "Recall@200": 0.38881957069323564,
      "Abs_SP@200": 0.5712431594762114,
      "NB12_Count@200": 0.6666666666666666,
      "NB12_SP@200": 0.004443133121883595,
      "Dang20k_Recall@200": 0.7467948717948718,
      "Dorm_inK@200": 7.333333333333333,
      "Dang40k_Recall@200": 0.4916666666666667
    },
    "K=250": {
      "VC@250": 0.678457548836804,
      "Recall@250": 0.4408456584227107,
      "Abs_SP@250": 0.5935372676090961,
      "NB12_Count@250": 1.6666666666666667,
      "NB12_SP@250": 0.010627371504901284,
      "Dang20k_Recall@250": 0.7467948717948718,
      "Dorm_inK@250": 17.0,
      "Dang40k_Recall@250": 0.4916666666666667
    },
    "K=400": {
      "VC@400": 0.8180527128257858,
      "Recall@400": 0.5709674974246228,
      "Abs_SP@400": 0.7157875555761124,
      "NB12_Count@400": 9.666666666666666,
      "NB12_SP@400": 0.23130370593309083,
      "Dang20k_Recall@400": 0.8897435897435897,
      "Dorm_inK@400": 83.0,
      "Dang40k_Recall@400": 0.8666666666666667
    }
  },
  "v0c_cross": {
    "K=50": {
      "VC@50": 0.3542962394582836,
      "Recall@50": 0.128618439268424,
      "Abs_SP@50": 0.3109992588966466,
      "NB12_Count@50": 0.0,
      "NB12_SP@50": 0.0,
      "Dang20k_Recall@50": 0.49551282051282053,
      "Dorm_inK@50": 0.0,
      "Dang40k_Recall@50": 0.2333333333333333
    },
    "K=200": {
      "VC@200": 0.6385775086155514,
      "Recall@200": 0.41110712700581487,
      "Abs_SP@200": 0.5581312159193555,
      "NB12_Count@200": 0.3333333333333333,
      "NB12_SP@200": 0.0031070887069463635,
      "Dang20k_Recall@200": 0.7051282051282052,
      "Dorm_inK@200": 1.3333333333333333,
      "Dang40k_Recall@200": 0.4916666666666667
    },
    "K=250": {
      "VC@250": 0.6797463243128631,
      "Recall@250": 0.46183635136946094,
      "Abs_SP@250": 0.5946911711332018,
      "NB12_Count@250": 0.6666666666666666,
      "NB12_SP@250": 0.004443133121883595,
      "Dang20k_Recall@250": 0.7467948717948718,
      "Dorm_inK@250": 7.0,
      "Dang40k_Recall@250": 0.4916666666666667
    },
    "K=400": {
      "VC@400": 0.8104494304992521,
      "Recall@400": 0.5893317791395302,
      "Abs_SP@400": 0.709369045877421,
      "NB12_Count@400": 7.0,
      "NB12_SP@400": 0.15363122675627386,
      "Dang20k_Recall@400": 0.8641025641025641,
      "Dorm_inK@400": 59.0,
      "Dang40k_Recall@400": 0.8666666666666667
    }
  },
  "blend_a0.05": {
    "K=50": {
      "VC@50": 0.3739462919209986,
      "Recall@50": 0.12892215638630042,
      "Abs_SP@50": 0.3284542458693685,
      "NB12_Count@50": 0.0,
      "NB12_SP@50": 0.0,
      "Dang20k_Recall@50": 0.5121794871794872,
      "Dorm_inK@50": 0.0,
      "Dang40k_Recall@50": 0.2333333333333333
    },
    "K=200": {
      "VC@200": 0.6462317794423147,
      "Recall@200": 0.3807315751166835,
      "Abs_SP@200": 0.5653419613299054,
      "NB12_Count@200": 1.0,
      "NB12_SP@200": 0.004443387162505538,
      "Dang20k_Recall@200": 0.7467948717948718,
      "Dorm_inK@200": 16.0,
      "Dang40k_Recall@200": 0.4916666666666667
    },
    "K=250": {
      "VC@250": 0.6793159002953436,
      "Recall@250": 0.4265443786347052,
      "Abs_SP@250": 0.5938928100767604,
      "NB12_Count@250": 3.6666666666666665,
      "NB12_SP@250": 0.0769687064864581,
      "Dang20k_Recall@250": 0.7724358974358975,
      "Dorm_inK@250": 36.0,
      "Dang40k_Recall@250": 0.4916666666666667
    },
    "K=400": {
      "VC@400": 0.7729943284731039,
      "Recall@400": 0.5502706595169213,
      "Abs_SP@400": 0.6751094493582084,
      "NB12_Count@400": 10.666666666666666,
      "NB12_SP@400": 0.2605605905397957,
      "Dang20k_Recall@400": 0.8480769230769231,
      "Dorm_inK@400": 103.66666666666667,
      "Dang40k_Recall@400": 0.5333333333333333
    }
  },
  "blend_a0.10": {
    "K=50": {
      "VC@50": 0.3717222454778231,
      "Recall@50": 0.12793887221717554,
      "Abs_SP@50": 0.3265988748311012,
      "NB12_Count@50": 0.0,
      "NB12_SP@50": 0.0,
      "Dang20k_Recall@50": 0.5121794871794872,
      "Dorm_inK@50": 0.3333333333333333,
      "Dang40k_Recall@50": 0.2333333333333333
    },
    "K=200": {
      "VC@200": 0.6287609205965968,
      "Recall@200": 0.35932558392125075,
      "Abs_SP@200": 0.54888364617194,
      "NB12_Count@200": 4.0,
      "NB12_SP@200": 0.120348470886032,
      "Dang20k_Recall@200": 0.7307692307692308,
      "Dorm_inK@200": 35.666666666666664,
      "Dang40k_Recall@200": 0.4916666666666667
    },
    "K=250": {
      "VC@250": 0.6879277283480895,
      "Recall@250": 0.41941994306962266,
      "Abs_SP@250": 0.6009849090443681,
      "NB12_Count@250": 7.666666666666667,
      "NB12_SP@250": 0.17436720522617097,
      "Dang20k_Recall@250": 0.8147435897435896,
      "Dorm_inK@250": 54.0,
      "Dang40k_Recall@250": 0.4916666666666667
    },
    "K=400": {
      "VC@400": 0.7573813950907485,
      "Recall@400": 0.5266535553383279,
      "Abs_SP@400": 0.661801936640607,
      "NB12_Count@400": 12.333333333333334,
      "NB12_SP@400": 0.2754449932471946,
      "Dang20k_Recall@400": 0.8314102564102565,
      "Dorm_inK@400": 129.33333333333334,
      "Dang40k_Recall@400": 0.5333333333333333
    }
  },
  "blend_a0.15": {
    "K=50": {
      "VC@50": 0.3604717090388816,
      "Recall@50": 0.12407786835617168,
      "Abs_SP@50": 0.31633668910337764,
      "NB12_Count@50": 0.3333333333333333,
      "NB12_SP@50": 0.0031070887069463635,
      "Dang20k_Recall@50": 0.5121794871794872,
      "Dorm_inK@50": 1.6666666666666667,
      "Dang40k_Recall@50": 0.2333333333333333
    },
    "K=200": {
      "VC@200": 0.6221562995113724,
      "Recall@200": 0.34455803726478124,
      "Abs_SP@200": 0.5429752449874411,
      "NB12_Count@200": 6.333333333333333,
      "NB12_SP@200": 0.1658553624874776,
      "Dang20k_Recall@200": 0.7564102564102564,
      "Dorm_inK@200": 49.666666666666664,
      "Dang40k_Recall@200": 0.4916666666666667
    },
    "K=250": {
      "VC@250": 0.6734898178410602,
      "Recall@250": 0.39517568049762125,
      "Abs_SP@250": 0.5882320817983168,
      "NB12_Count@250": 9.333333333333334,
      "NB12_SP@250": 0.2296390340493352,
      "Dang20k_Recall@250": 0.798076923076923,
      "Dorm_inK@250": 75.33333333333333,