{
  "eval_config": {
    "eval_months": [
      "2020-09",
      "2020-12",
      "2021-03",
      "2021-06",
      "2021-09",
      "2021-12",
      "2022-03",
      "2022-06",
      "2022-09",
      "2022-12",
      "2023-03",
      "2023-05"
    ],
    "class_type": "onpeak",
    "period_type": "f0",
    "mode": "eval"
  },
  "per_month": {
    "2020-09": {
      "VC@20": 0.003663224804490018,
      "VC@100": 0.6547592912716114,
      "Recall@20": 0.0,
      "Recall@100": 0.37,
      "NDCG": 0.4135692178206039,
      "VC@10": 0.0030657809234443875,
      "VC@25": 0.008738988842696319,
      "VC@50": 0.08465591623115463,
      "VC@200": 0.8351148973964617,
      "Recall@10": 0.0,
      "Recall@50": 0.14,
      "Spearman": 0.3335957197773614,
      "n_samples": 636
    },
    "2020-12": {
      "VC@20": 0.23851261365852483,
      "VC@100": 0.4534519335083683,
      "Recall@20": 0.2,
      "Recall@100": 0.32,
      "NDCG": 0.3893238594232629,
      "VC@10": 0.1289337876867178,
      "VC@25": 0.2578350865472406,
      "VC@50": 0.3870846998233378,
      "VC@200": 0.737536452676733,
      "Recall@10": 0.3,
      "Recall@50": 0.44,
      "Spearman": 0.3135234301348809,
      "n_samples": 538
    },
    "2021-03": {
      "VC@20": 0.16637002110845492,
      "VC@100": 0.3878070293501882,
      "Recall@20": 0.25,
      "Recall@100": 0.37,
      "NDCG": 0.3504095238890507,
      "VC@10": 0.04237694757468308,
      "VC@25": 0.2541566101746872,
      "VC@50": 0.36831948774516965,
      "VC@200": 0.48341403273989847,
      "Recall@10": 0.0,
      "Recall@50": 0.3,
      "Spearman": 0.2929417058994186,
      "n_samples": 524
    },
    "2021-06": {
      "VC@20": 0.21798402328131447,
      "VC@100": 0.6963290296335253,
      "Recall@20": 0.25,
      "Recall@100": 0.41,
      "NDCG": 0.48268660798615287,
      "VC@10": 0.0960311785450727,
      "VC@25": 0.21798402328131447,
      "VC@50": 0.5226182485051608,
      "VC@200": 0.801845491478865,
      "Recall@10": 0.1,
      "Recall@50": 0.5,
      "Spearman": 0.3669977337738067,
      "n_samples": 513
    },
    "2021-09": {
      "VC@20": 0.2122410055521431,
      "VC@100": 0.8175872012898384,
      "Recall@20": 0.1,
      "Recall@100": 0.34,
      "NDCG": 0.44296258145284717,
      "VC@10": 0.0,
      "VC@25": 0.32929050946905114,
      "VC@50": 0.6176352649170139,
      "VC@200": 0.8373848822545218,
      "Recall@10": 0.0,
      "Recall@50": 0.28,
      "Spearman": 0.2961346523386132,
      "n_samples": 579
    },
    "2021-12": {
      "VC@20": 0.49654093449386144,
      "VC@100": 0.9147855361968319,
      "Recall@20": 0.4,
      "Recall@100": 0.31,
      "NDCG": 0.500472488378832,
      "VC@10": 0.2200215981646537,
      "VC@25": 0.5444928412534897,
      "VC@50": 0.7970907172680809,
      "VC@200": 0.9911678933827005,
      "Recall@10": 0.4,
      "Recall@50": 0.32,
      "Spearman": 0.31820789761158236,
      "n_samples": 471
    },
    "2022-03": {
      "VC@20": 0.5591954286769881,
      "VC@100": 0.9128947160528711,
      "Recall@20": 0.3,
      "Recall@100": 0.3,
      "NDCG": 0.7810035671367718,
      "VC@10": 0.3812427267801398,
      "VC@25": 0.6709012795179474,
      "VC@50": 0.8066210337437588,
      "VC@200": 0.9544445405628478,
      "Recall@10": 0.4,
      "Recall@50": 0.36,
      "Spearman": 0.27010124261997287,
      "n_samples": 492
    },
    "2022-06": {
      "VC@20": 0.5710844634397192,
      "VC@100": 0.6845375010286292,
      "Recall@20": 0.15,
      "Recall@100": 0.22,
      "NDCG": 0.5073760999869523,
      "VC@10": 0.5671993843420685,
      "VC@25": 0.5710844634397192,
      "VC@50": 0.5985667430600137,
      "VC@200": 0.8767446341391384,
      "Recall@10": 0.3,
      "Recall@50": 0.22,
      "Spearman": 0.23068942043724838,
      "n_samples": 563
    },
    "2022-09": {
      "VC@20": 0.43261306545460637,
      "VC@100": 0.5840080953870864,
      "Recall@20": 0.55,
      "Recall@100": 0.29,
      "NDCG": 0.7468578722262771,
      "VC@10": 0.3096805149259596,
      "VC@25": 0.43414705550990884,
      "VC@50": 0.43414705550990884,
      "VC@200": 0.8644345121255589,
      "Recall@10": 0.3,
      "Recall@50": 0.22,
      "Spearman": 0.31341236385065285,
      "n_samples": 666
    },
    "2022-12": {
      "VC@20": 0.056572190505787746,
      "VC@100": 0.3599780983809239,
      "Recall@20": 0.15,
      "Recall@100": 0.33,
      "NDCG": 0.48045215342199277,
      "VC@10": 0.036091406625747745,
      "VC@25": 0.11636015351013354,
      "VC@50": 0.22690551705409703,
      "VC@200": 0.7231291395574807,
      "Recall@10": 0.0,
      "Recall@50": 0.26,
      "Spearman": 0.28467578967715135,
      "n_samples": 630
    },
    "2023-03": {
      "VC@20": 0.09060019471654601,
      "VC@100": 0.20708931397771094,
      "Recall@20": 0.2,
      "Recall@100": 0.32,
      "NDCG": 0.23708136978849031,
      "VC@10": 0.01449430807638545,
      "VC@25": 0.10960278912415625,
      "VC@50": 0.14685380485921118,
      "VC@200": 0.9058945811146705,
      "Recall@10": 0.0,
      "Recall@50": 0.3,
      "Spearman": 0.2668682808308778,
      "n_samples": 629
    },
    "2023-05": {
      "VC@20": 0.6769217726253012,
      "VC@100": 0.7802606410076229,
      "Recall@20": 0.35,
      "Recall@100": 0.29,
      "NDCG": 0.9183332461413176,
      "VC@10": 0.645172913298727,
      "VC@25": 0.6769217726253013,
      "VC@50": 0.7299079614122728,
      "VC@200": 0.8558374497158757,
      "Recall@10": 0.3,
      "Recall@50": 0.3,
      "Spearman": 0.19801504373464626,
      "n_samples": 645
    }
  },
  "aggregate": {
    "mean": {
      "VC@20": 0.31019157819314475,
      "VC@100": 0.6211240322571007,
      "Recall@20": 0.2416666666666667,
      "Recall@100": 0.32249999999999995,
      "NDCG": 0.5208773823043793,
      "VC@10": 0.20369254557863328,
      "VC@25": 0.34929296444130387,
      "VC@50": 0.4767005375107651,
      "VC@200": 0.8222457089287295,
      "Recall@10": 0.17500000000000002,
      "Recall@50": 0.3033333333333334,
      "Spearman": 0.2904302733905177,
      "n_samples": 573.8333333333334
    },
    "std": {
      "VC@20": 0.21692817874723042,
      "VC@100": 0.2178776671639309,
      "Recall@20": 0.13969212178533508,
      "Recall@100": 0.04639055219905593,
      "NDCG": 0.1881681232888072,
      "VC@10": 0.21581178567301273,
      "VC@25": 0.21756434151732781,
      "VC@50": 0.23432837709943016,
      "VC@200": 0.12632776119349276,
      "Recall@10": 0.16393596310755004,
      "Recall@50": 0.09303523824635243,
      "Spearman": 0.043501763387290567,
      "n_samples": 63.57781758513648
    },
    "min": {
      "VC@20": 0.003663224804490018,
      "VC@100": 0.20708931397771094,
      "Recall@20": 0.0,
      "Recall@100": 0.22,
      "NDCG": 0.23708136978849031,
      "VC@10": 0.0,
      "VC@25": 0.008738988842696319,
      "VC@50": 0.08465591623115463,
      "VC@200": 0.48341403273989847,
      "Recall@10": 0.0,
      "Recall@50": 0.14,
      "Spearman": 0.19801504373464626,
      "n_samples": 471.0
    },
    "max": {
      "VC@20": 0.6769217726253012,
      "VC@100": 0.9147855361968319,
      "Recall@20": 0.55,
      "Recall@100": 0.41,
      "NDCG": 0.9183332461413176,
      "VC@10": 0.645172913298727,
      "VC@25": 0.6769217726253013,
      "VC@50": 0.8066210337437588,
      "VC@200": 0.9911678933827005,
      "Recall@10": 0.4,
      "Recall@50": 0.5,
      "Spearman": 0.3669977337738067,
      "n_samples": 666.0
    },
    "bottom_2_mean": {
      "VC@20": 0.03011770765513888,
      "VC@100": 0.28353370617931745,
      "Recall@20": 0.05,
      "Recall@100": 0.255,
      "NDCG": 0.2937454468387705,
      "VC@10": 0.0015328904617221938,
      "VC@25": 0.05917088898342628,
      "VC@50": 0.11575486054518291,
      "VC@200": 0.6032715861486896,
      "Recall@10": 0.0,
      "Recall@50": 0.18,
      "Spearman": 0.21435223208594734,
      "n_samples": 481.5
    }
  },
  "n_months": 12,
  "n_months_requested": 12,
  "skipped_months": []
}