{
  "eval_config": {
    "eval_months": [
      "2020-06",
      "2020-07",
      "2020-08",
      "2020-09",
      "2020-10",
      "2020-11",
      "2020-12",
      "2021-01",
      "2021-02",
      "2021-03",
      "2021-04",
      "2021-05",
      "2021-06",
      "2021-07",
      "2021-08",
      "2021-09",
      "2021-10",
      "2021-11",
      "2021-12",
      "2022-01",
      "2022-02",
      "2022-03",
      "2022-04",
      "2022-05",
      "2022-06",
      "2022-07",
      "2022-08",
      "2022-09",
      "2022-10",
      "2022-11",
      "2022-12",
      "2023-01",
      "2023-02",
      "2023-03",
      "2023-04",
      "2023-05"
    ],
    "class_type": "onpeak",
    "period_type": "f0",
    "mode": "eval"
  },
  "per_month": {
    "2020-06": {
      "VC@20": 0.31741432561385896,
      "VC@100": 0.4898328236190375,
      "Recall@20": 0.25,
      "Recall@100": 0.22,
      "NDCG": 0.5481924993528416,
      "VC@10": 0.17672265267209183,
      "VC@25": 0.31741432561385896,
      "VC@50": 0.3477162487669978,
      "VC@200": 0.6403960138800818,
      "Recall@10": 0.2,
      "Recall@50": 0.24,
      "Spearman": 0.12782998498598444,
      "n_samples": 577
    },
    "2020-07": {
      "VC@20": 0.39418393376465816,
      "VC@100": 0.5170775402918449,
      "Recall@20": 0.3,
      "Recall@100": 0.23,
      "NDCG": 0.5515282253814939,
      "VC@10": 0.23158553956030642,
      "VC@25": 0.39461007967883766,
      "VC@50": 0.4998188301620702,
      "VC@200": 0.611409560359864,
      "Recall@10": 0.3,
      "Recall@50": 0.24,
      "Spearman": 0.17692488630675973,
      "n_samples": 497
    },
    "2020-08": {
      "VC@20": 0.39329973501133686,
      "VC@100": 0.5396961578693071,
      "Recall@20": 0.3,
      "Recall@100": 0.25,
      "NDCG": 0.6038064933050175,
      "VC@10": 0.24359493848428665,
      "VC@25": 0.409093951892194,
      "VC@50": 0.4752628825065131,
      "VC@200": 0.680545168977519,
      "Recall@10": 0.4,
      "Recall@50": 0.24,
      "Spearman": 0.16232472216988858,
      "n_samples": 507
    },
    "2020-09": {
      "VC@20": 0.47939893818177304,
      "VC@100": 0.8099846141354038,
      "Recall@20": 0.3,
      "Recall@100": 0.24,
      "NDCG": 0.6847013050016254,
      "VC@10": 0.4563341352932092,
      "VC@25": 0.6042575631106613,
      "VC@50": 0.6424818964073198,
      "VC@200": 0.8884400379061581,
      "Recall@10": 0.4,
      "Recall@50": 0.26,
      "Spearman": 0.20350485717385547,
      "n_samples": 715
    },
    "2020-10": {
      "VC@20": 0.5300268416885038,
      "VC@100": 0.6852729058772983,
      "Recall@20": 0.45,
      "Recall@100": 0.26,
      "NDCG": 0.6065962891907734,
      "VC@10": 0.41884993799143844,
      "VC@25": 0.6041776820470022,
      "VC@50": 0.635696266038431,
      "VC@200": 0.8870999721071843,
      "Recall@10": 0.4,
      "Recall@50": 0.32,
      "Spearman": 0.22280143592397772,
      "n_samples": 763
    },
    "2020-11": {
      "VC@20": 0.6098866450832138,
      "VC@100": 0.8186837272667072,
      "Recall@20": 0.3,
      "Recall@100": 0.22,
      "NDCG": 0.8379481876619981,
      "VC@10": 0.5870415382528374,
      "VC@25": 0.7447854573789671,
      "VC@50": 0.7921705085626959,
      "VC@200": 0.8913048952376748,
      "Recall@10": 0.4,
      "Recall@50": 0.32,
      "Spearman": 0.17992887858157605,
      "n_samples": 508
    },
    "2020-12": {
      "VC@20": 0.7158993645427554,
      "VC@100": 0.8279686833762337,
      "Recall@20": 0.5,
      "Recall@100": 0.33,
      "NDCG": 0.6470497037470477,
      "VC@10": 0.32949225384074615,
      "VC@25": 0.72751046596341,
      "VC@50": 0.746852208690548,
      "VC@200": 0.9680470322493226,
      "Recall@10": 0.4,
      "Recall@50": 0.36,
      "Spearman": 0.25397118422691534,
      "n_samples": 550
    },
    "2021-01": {
      "VC@20": 0.32113357582726776,
      "VC@100": 0.8536276009738453,
      "Recall@20": 0.25,
      "Recall@100": 0.31,
      "NDCG": 0.5220658317019601,
      "VC@10": 0.3089363507362413,
      "VC@25": 0.32113357582726776,
      "VC@50": 0.49790711091506845,
      "VC@200": 0.9437701298505942,
      "Recall@10": 0.3,
      "Recall@50": 0.3,
      "Spearman": 0.26540646857326056,
      "n_samples": 407
    },
    "2021-02": {
      "VC@20": 0.4108530185299151,
      "VC@100": 0.9226654359548292,
      "Recall@20": 0.25,
      "Recall@100": 0.19,
      "NDCG": 0.7394672941105255,
      "VC@10": 0.3906181910769465,
      "VC@25": 0.4108530185299151,
      "VC@50": 0.6068746328727164,
      "VC@200": 0.9418410688350582,
      "Recall@10": 0.2,
      "Recall@50": 0.14,
      "Spearman": 0.2018514371521264,
      "n_samples": 650
    },
    "2021-03": {
      "VC@20": 0.21626742451624764,
      "VC@100": 0.6561903590697369,
      "Recall@20": 0.2,
      "Recall@100": 0.26,
      "NDCG": 0.5129729176537661,
      "VC@10": 0.21626742451624764,
      "VC@25": 0.475895845072876,
      "VC@50": 0.5455869255814229,
      "VC@200": 0.8769506349268512,
      "Recall@10": 0.3,
      "Recall@50": 0.24,
      "Spearman": 0.17621001575349193,
      "n_samples": 669
    },
    "2021-04": {
      "VC@20": 0.32523447477376416,
      "VC@100": 0.47119099335302456,
      "Recall@20": 0.25,
      "Recall@100": 0.24,
      "NDCG": 0.5401615605782538,
      "VC@10": 0.18024418332524278,
      "VC@25": 0.34163485333413773,
      "VC@50": 0.3583752483131163,
      "VC@200": 0.7386876977477439,
      "Recall@10": 0.1,
      "Recall@50": 0.24,
      "Spearman": 0.15476285264484813,
      "n_samples": 661
    },
    "2021-05": {
      "VC@20": 0.1838066978458982,
      "VC@100": 0.4567221736153377,
      "Recall@20": 0.15,
      "Recall@100": 0.29,
      "NDCG": 0.5258114972616843,
      "VC@10": 0.15037742017732886,
      "VC@25": 0.20757171600236876,
      "VC@50": 0.2799964735733908,
      "VC@200": 0.6589480890468983,
      "Recall@10": 0.2,
      "Recall@50": 0.24,
      "Spearman": 0.20159774578613218,
      "n_samples": 681
    },
    "2021-06": {
      "VC@20": 0.36877611872856664,
      "VC@100": 0.5218441441788928,
      "Recall@20": 0.3,
      "Recall@100": 0.25,
      "NDCG": 0.3540012293071593,
      "VC@10": 0.04459211098506286,
      "VC@25": 0.36897385855119913,
      "VC@50": 0.49496195976345725,
      "VC@200": 0.9080219270361427,
      "Recall@10": 0.1,
      "Recall@50": 0.22,
      "Spearman": 0.25890471642484714,
      "n_samples": 556
    },
    "2021-07": {
      "VC@20": 0.43183978825282016,
      "VC@100": 0.770828754480684,
      "Recall@20": 0.35,
      "Recall@100": 0.24,
      "NDCG": 0.5119869469692966,
      "VC@10": 0.11973266047565793,
      "VC@25": 0.4977129658620595,
      "VC@50": 0.6082377665869854,
      "VC@200": 0.9008537129121822,
      "Recall@10": 0.1,
      "Recall@50": 0.3,
      "Spearman": 0.24873236757723444,
      "n_samples": 513
    },
    "2021-08": {
      "VC@20": 0.5132444396918672,
      "VC@100": 0.8468312489469246,
      "Recall@20": 0.35,
      "Recall@100": 0.32,
      "NDCG": 0.6131260663024792,
      "VC@10": 0.4912546656953702,
      "VC@25": 0.5565397825317694,
      "VC@50": 0.6083109484167969,
      "VC@200": 0.9650983783535529,
      "Recall@10": 0.5,
      "Recall@50": 0.3,
      "Spearman": 0.3077318983807705,
      "n_samples": 552
    },
    "2021-09": {
      "VC@20": 0.5030276106944442,
      "VC@100": 0.7056990512588109,
      "Recall@20": 0.3,
      "Recall@100": 0.21,
      "NDCG": 0.7950712004926053,
      "VC@10": 0.39081596638767835,
      "VC@25": 0.6025141245465965,
      "VC@50": 0.6784871760134066,
      "VC@200": 0.8476604784369661,
      "Recall@10": 0.3,
      "Recall@50": 0.24,
      "Spearman": 0.20539093532380137,
      "n_samples": 621
    },
    "2021-10": {
      "VC@20": 0.3730522108982572,
      "VC@100": 0.6435327274003215,
      "Recall@20": 0.35,
      "Recall@100": 0.32,
      "NDCG": 0.6663507305130932,
      "VC@10": 0.23104384175902404,
      "VC@25": 0.37535036003649197,
      "VC@50": 0.5193305195044786,
      "VC@200": 0.7678748188603702,