{
  "version": "v2a_v16",
  "features": [
    "da_rank_value",
    "shadow_price_da",
    "bf_6",
    "bf_12",
    "bf_15",
    "bfo_6",
    "bfo_12"
  ],
  "feature_groups": "history",
  "monotone": false,
  "feature_importance_dev_averaged": {
    "da_rank_value": 0.07380577588681556,
    "shadow_price_da": 0.1074104865632145,
    "bf_6": 0.1651471279777534,
    "bf_12": 0.18387010131873668,
    "bf_15": 0.4071918807028273,
    "bfo_6": 0.01790997565598241,
    "bfo_12": 0.044664651894670164
  },
  "feature_importance_all_averaged": {
    "da_rank_value": 0.06906436433233554,
    "shadow_price_da": 0.09247468568772758,
    "bf_6": 0.15020017652315268,
    "bf_12": 0.13545959901844193,
    "bf_15": 0.29292256147638984,
    "bfo_6": 0.01631032565662484,
    "bfo_12": 0.24356828730532754
  },
  "feature_importance_per_split": {
    "2022-06": {
      "da_rank_value": 0.09439274040122039,
      "shadow_price_da": 0.15441291780577748,
      "bf_6": 0.36508286510286975,
      "bf_12": 0.12127199075749884,
      "bf_15": 0.20068888209880628,
      "bfo_6": 0.018162483907495825,
      "bfo_12": 0.04598811992633144
    },
    "2023-06": {
      "da_rank_value": 0.08050522277066666,
      "shadow_price_da": 0.13556653340220273,
      "bf_6": 0.12359383506584806,
      "bf_12": 0.18431401458427332,
      "bf_15": 0.41176764679627936,
      "bfo_6": 0.021705988516111423,
      "bfo_12": 0.04254675886461843
    },
    "2024-06": {
      "da_rank_value": 0.05541180186833055,
      "shadow_price_da": 0.05499279781028776,
      "bf_6": 0.07291153352998347,
      "bf_12": 0.22293179660311063,
      "bf_15": 0.5335298712124122,
      "bfo_6": 0.014674663927616014,
      "bfo_12": 0.04554753504825934
    },
    "2025-06": {
      "da_rank_value": 0.05918793330429225,
      "shadow_price_da": 0.061363189564604737,
      "bf_6": 0.11906545357732624,
      "bf_12": 0.03461980025639868,
      "bf_15": 0.05489786419082844,
      "bfo_6": 0.012978230835044392,
      "bfo_12": 0.6578875282715052
    }
  },
  "walltimes": {
    "2022-06": 0.4283771514892578,
    "2023-06": 0.5344274044036865,
    "2024-06": 0.6267609596252441,
    "2025-06": 0.7030131816864014
  },
  "n_train_rows": {
    "2022-06": 31375,
    "2023-06": 40375,
    "2024-06": 49821,
    "2025-06": 58363
  }
}