{
  "eval_config": {
    "eval_months": [
      "2020-09",
      "2020-12",
      "2021-03",
      "2021-06",
      "2021-09",
      "2021-12",
      "2022-03",
      "2022-06",
      "2022-09",
      "2022-12",
      "2023-03",
      "2023-05"
    ],
    "class_type": "onpeak",
    "period_type": "f0",
    "train_months": 8,
    "val_months": 0,
    "mode": "eval"
  },
  "per_month": {
    "2020-09": {
      "VC@20": 0.4818898319118659,
      "VC@100": 0.8529811541158697,
      "Recall@20": 0.55,
      "Recall@100": 0.96,
      "NDCG": 0.9498303313012783,
      "VC@10": 0.4284250887858394,
      "VC@25": 0.5658046712143163,
      "VC@50": 0.7120595547623612,
      "VC@200": 0.9131847602345988,
      "Recall@10": 0.6,
      "Recall@50": 0.86,
      "Spearman": 0.5736248013715355,
      "Tier0-AP": 0.9292415277030661,
      "Tier01-AP": 0.7905744546028421,
      "n_samples": 715
    },
    "2020-12": {
      "VC@20": 0.6892369270655013,
      "VC@100": 0.8958527576152535,
      "Recall@20": 0.9,
      "Recall@100": 0.72,
      "NDCG": 0.9917261056199645,
      "VC@10": 0.5808239895615246,
      "VC@25": 0.7189169449113184,
      "VC@50": 0.8334739535130438,
      "VC@200": 0.9423035384180286,
      "Recall@10": 0.7,
      "Recall@50": 0.96,
      "Spearman": 0.41715057811685785,
      "Tier0-AP": 0.849978474922836,
      "Tier01-AP": 0.6932202387266889,
      "n_samples": 550
    },
    "2021-03": {
      "VC@20": 0.6175521627892038,
      "VC@100": 0.8920393470585564,
      "Recall@20": 0.85,
      "Recall@100": 0.97,
      "NDCG": 0.9654787517479695,
      "VC@10": 0.5358902644664967,
      "VC@25": 0.6736701795457135,
      "VC@50": 0.7771135238917677,
      "VC@200": 0.9168722496978164,
      "Recall@10": 0.9,
      "Recall@50": 0.92,
      "Spearman": 0.42636124087867694,
      "Tier0-AP": 0.881866338217138,
      "Tier01-AP": 0.7204345556134186,
      "n_samples": 669
    },
    "2021-06": {
      "VC@20": 0.6196685806291272,
      "VC@100": 0.9049186348365873,
      "Recall@20": 0.8,
      "Recall@100": 1.0,
      "NDCG": 0.9881231891512249,
      "VC@10": 0.4862610735597525,
      "VC@25": 0.6622542512489417,
      "VC@50": 0.7819919801859034,
      "VC@200": 0.9402132648809057,
      "Recall@10": 0.6,
      "Recall@50": 0.88,
      "Spearman": 0.5985596039125362,
      "Tier0-AP": 0.9749722412285935,
      "Tier01-AP": 0.7959838306752556,
      "n_samples": 556
    },
    "2021-09": {
      "VC@20": 0.64735765582459,
      "VC@100": 0.8792183839656412,
      "Recall@20": 1.0,
      "Recall@100": 0.85,
      "NDCG": 0.965965621911322,
      "VC@10": 0.49969249085722695,
      "VC@25": 0.674180976374274,
      "VC@50": 0.7861861184221599,
      "VC@200": 0.9009860335988846,
      "Recall@10": 0.6,
      "Recall@50": 0.98,
      "Spearman": 0.46385437409054386,
      "Tier0-AP": 0.8238033010088479,
      "Tier01-AP": 0.7184202204590123,
      "n_samples": 621
    },
    "2021-12": {
      "VC@20": 0.6582356619808785,
      "VC@100": 0.9188521431317412,
      "Recall@20": 0.8,
      "Recall@100": 0.79,
      "NDCG": 0.940062469149968,
      "VC@10": 0.49175706375874506,
      "VC@25": 0.7242181770644652,
      "VC@50": 0.850457706442768,
      "VC@200": 0.9562716540467683,
      "Recall@10": 0.5,
      "Recall@50": 0.9,
      "Spearman": 0.4718870489244385,
      "Tier0-AP": 0.9415498772805617,
      "Tier01-AP": 0.7503906558576399,
      "n_samples": 448
    },
    "2022-03": {
      "VC@20": 0.5830402127470088,
      "VC@100": 0.8485754431327194,
      "Recall@20": 0.9,
      "Recall@100": 0.9,
      "NDCG": 0.9698578546338266,
      "VC@10": 0.47814559571547105,
      "VC@25": 0.6162955042450445,
      "VC@50": 0.7271816079841044,
      "VC@200": 0.9165534104181938,
      "Recall@10": 0.7,
      "Recall@50": 0.96,
      "Spearman": 0.4718034750474926,
      "Tier0-AP": 0.9394088397859116,
      "Tier01-AP": 0.7696880933591224,
      "n_samples": 717
    },
    "2022-06": {
      "VC@20": 0.5661251727246752,
      "VC@100": 0.8837068132204043,
      "Recall@20": 0.8,
      "Recall@100": 0.87,
      "NDCG": 0.9472109935725336,
      "VC@10": 0.4035760763297489,
      "VC@25": 0.6469290623495167,
      "VC@50": 0.7684833269842103,
      "VC@200": 0.952421508547671,
      "Recall@10": 0.4,
      "Recall@50": 0.94,
      "Spearman": 0.5692504872223944,
      "Tier0-AP": 0.9692122678524846,
      "Tier01-AP": 0.8382810252470032,
      "n_samples": 578
    },
    "2022-09": {
      "VC@20": 0.5067065141065511,
      "VC@100": 0.852816412783395,
      "Recall@20": 0.75,
      "Recall@100": 0.88,
      "NDCG": 0.9553325835479013,
      "VC@10": 0.3854640573573053,
      "VC@25": 0.5689494234178357,
      "VC@50": 0.7073182507390664,
      "VC@200": 0.9550340649009575,
      "Recall@10": 0.6,
      "Recall@50": 0.9,
      "Spearman": 0.6379386378331287,
      "Tier0-AP": 0.9727227942021763,
      "Tier01-AP": 0.8955103744751898,
      "n_samples": 600
    },
    "2022-12": {
      "VC@20": 0.5891491923573953,
      "VC@100": 0.9041766669101433,
      "Recall@20": 0.65,
      "Recall@100": 0.88,
      "NDCG": 0.9319403723907456,
      "VC@10": 0.4699320090107541,
      "VC@25": 0.6120702526242224,
      "VC@50": 0.7969989955692233,
      "VC@200": 0.9468960524507903,
      "Recall@10": 0.5,
      "Recall@50": 0.94,
      "Spearman": 0.5575558606169483,
      "Tier0-AP": 0.9604441683430052,
      "Tier01-AP": 0.7976339762944584,
      "n_samples": 525
    },
    "2023-03": {
      "VC@20": 0.5589067638622016,
      "VC@100": 0.876494321642,
      "Recall@20": 0.9,
      "Recall@100": 0.96,
      "NDCG": 0.7678827220415226,
      "VC@10": 0.4205150376613216,
      "VC@25": 0.6244139075395247,
      "VC@50": 0.745592445826188,
      "VC@200": 0.9286483049596396,
      "Recall@10": 0.7,
      "Recall@50": 0.9,
      "Spearman": 0.4551026174594122,
      "Tier0-AP": 0.9366563636040082,
      "Tier01-AP": 0.7491617238609005,
      "n_samples": 780
    },
    "2023-05": {
      "VC@20": 0.5068552939391492,
      "VC@100": 0.8506423572573134,
      "Recall@20": 0.85,
      "Recall@100": 0.93,
      "NDCG": 0.9848662170726875,
      "VC@10": 0.38298508552438965,
      "VC@25": 0.5701245369167277,
      "VC@50": 0.7044556890781384,
      "VC@200": 0.9062881981508364,
      "Recall@10": 0.6,
      "Recall@50": 0.96,
      "Spearman": 0.5367393401160551,
      "Tier0-AP": 0.9068462471497433,
      "Tier01-AP": 0.7864341249942892,
      "n_samples": 655
    }
  },
  "aggregate": {
    "mean": {
      "VC@20": 0.5853936641615124,
      "VC@100": 0.8800228696391353,
      "Recall@20": 0.8125,
      "Recall@100": 0.8925000000000001,
      "NDCG": 0.9465231010117453,
      "VC@10": 0.46362231938238135,
      "VC@25": 0.6381523239543251,
      "VC@50": 0.7659427627832446,
      "VC@200": 0.9313060866920909,
      "Recall@10": 0.6166666666666666,
      "Recall@50": 0.9250000000000002,
      "Spearman": 0.5149856721325017,
      "Tier0-AP": 0.9238918701081978,
      "Tier01-AP": 0.7754777728471517,
      "n_samples": 617.8333333333334
    },
    "std": {
      "VC@20": 0.062117707445329275,
      "VC@100": 0.023195130080657253,
      "Recall@20": 0.11569536147429016,
      "Recall@100": 0.07693341276714558,
      "NDCG": 0.056849004122091866,
      "VC@10": 0.05854376632841753,
      "VC@25": 0.05255593383420794,
      "VC@50": 0.04610115190937088,
      "VC@200": 0.019109574594172837,
      "Recall@10": 0.12133516482134196,
      "Recall@50": 0.03570714214271423,
      "Spearman": 0.06959362595382715,
      "Tier0-AP": 0.04713934605722366,
      "Tier01-AP": 0.05324351400723069,
      "n_samples": 90.0803653535121
    },
    "min": {
      "VC@20": 0.4818898319118659,
      "VC@100": 0.8485754431327194,
      "Recall@20": 0.55,
      "Recall@100": 0.72,
      "NDCG": 0.7678827220415226,
      "VC@10": 0.38298508552438965,
      "VC@25": 0.5658046712143163,
      "VC@50": 0.7044556890781384,
      "VC@200": 0.9009860335988846,
      "Recall@10": 0.4,