{
  "version": "v3e_nb",
  "features": [
    "da_rank_value",
    "bf_6",
    "bf_12",
    "bf_15",
    "bfo_6",
    "bfo_12",
    "bf_combined_6",
    "bf_combined_12",
    "bin_80_cid_max",
    "bin_90_cid_max",
    "bin_100_cid_max",
    "bin_90_cid_min",
    "bin_80_cid_min",
    "bin_100_cid_min",
    "bin_70_cid_max",
    "bin_-50_cid_max",
    "limit_std",
    "count_active_cids"
  ],
  "feature_groups": "history",
  "monotone": false,
  "feature_importance_dev_averaged": {
    "da_rank_value": 0.06569592199848673,
    "bf_6": 0.009412301357148795,
    "bf_12": 0.21737721553746056,
    "bf_15": 0.11799582513888696,
    "bfo_6": 0.08234339412590397,
    "bfo_12": 0.12246605109277124,
    "bf_combined_6": 0.04287975465611687,
    "bf_combined_12": 0.10858700447189357,
    "bin_80_cid_max": 0.022379266010246344,
    "bin_90_cid_max": 0.027288057825404412,
    "bin_100_cid_max": 0.0245867099276769,
    "bin_90_cid_min": 0.012620221208788591,
    "bin_80_cid_min": 0.01502606292198516,
    "bin_100_cid_min": 0.010985965723165804,
    "bin_70_cid_max": 0.02280681864114788,
    "bin_-50_cid_max": 0.029213276239486694,
    "limit_std": 0.03676666984631351,
    "count_active_cids": 0.031569483277116006
  },
  "feature_importance_all_averaged": {
    "da_rank_value": 0.06570819348304438,
    "bf_6": 0.008854733038630016,
    "bf_12": 0.1741859703217613,
    "bf_15": 0.10046748272760414,
    "bfo_6": 0.05913083060019353,
    "bfo_12": 0.24319234782172547,
    "bf_combined_6": 0.032548982258330056,
    "bf_combined_12": 0.08499499407786948,
    "bin_80_cid_max": 0.020937106962984765,
    "bin_90_cid_max": 0.027469289977021277,
    "bin_100_cid_max": 0.024979474037317748,
    "bin_90_cid_min": 0.013100648699982915,
    "bin_80_cid_min": 0.015048335966951997,
    "bin_100_cid_min": 0.0117383923520989,
    "bin_70_cid_max": 0.023511250486784843,
    "bin_-50_cid_max": 0.027304952550594425,
    "limit_std": 0.03672395377351982,
    "count_active_cids": 0.030103060863584892
  },
  "feature_importance_per_split": {
    "2022-06": {
      "da_rank_value": 0.07418635481132269,
      "bf_6": 0.009949599381471101,
      "bf_12": 0.07027137896483146,
      "bf_15": 0.40477081694372946,
      "bfo_6": 0.014055178425379755,
      "bfo_12": 0.028716571546809802,
      "bf_combined_6": 0.11712732880612615,
      "bf_combined_12": 0.032700292841261504,
      "bin_80_cid_max": 0.021295615898075562,
      "bin_90_cid_max": 0.0277526101710025,
      "bin_100_cid_max": 0.02931023842025123,
      "bin_90_cid_min": 0.012711617280395224,
      "bin_80_cid_min": 0.012526799796139791,
      "bin_100_cid_min": 0.012558414230042104,
      "bin_70_cid_max": 0.02416086879649675,
      "bin_-50_cid_max": 0.03329683757956474,
      "limit_std": 0.042867780331746805,
      "count_active_cids": 0.03174169577535335
    },
    "2023-06": {
      "da_rank_value": 0.07943637844883132,
      "bf_6": 0.0078021900976262435,
      "bf_12": 0.03941236105778818,
      "bf_15": 0.014284604987636305,
      "bfo_6": 0.1698039770861303,
      "bfo_12": 0.27567376157604184,
      "bf_combined_6": 0.012425654486100854,
      "bf_combined_12": 0.12037122245296948,
      "bin_80_cid_max": 0.02750408708857828,
      "bin_90_cid_max": 0.03836640737007403,
      "bin_100_cid_max": 0.02488873531359592,
      "bin_90_cid_min": 0.013305233248359694,
      "bin_80_cid_min": 0.018704519920203177,
      "bin_100_cid_min": 0.01236409681554003,
      "bin_70_cid_max": 0.026543023906831276,
      "bin_-50_cid_max": 0.02781222809606966,
      "limit_std": 0.05397032992981078,
      "count_active_cids": 0.03733118811781265
    },
    "2024-06": {
      "da_rank_value": 0.04921375065135618,
      "bf_6": 0.010378771652608759,
      "bf_12": 0.45424071932267185,
      "bf_15": 0.021445678528618426,
      "bfo_6": 0.0544700421374816,
      "bfo_12": 0.057345491689958956,
      "bf_combined_6": 0.020802049580101827,
      "bf_combined_12": 0.14682705939702836,
      "bin_80_cid_max": 0.01890853822942513,
      "bin_90_cid_max": 0.01801759571687236,
      "bin_100_cid_max": 0.02136728475734712,
      "bin_90_cid_min": 0.012007529515640292,
      "bin_80_cid_min": 0.013618959075622095,
      "bin_100_cid_min": 0.008878870025410775,
      "bin_70_cid_max": 0.018926274067051867,
      "bin_-50_cid_max": 0.027777046170750903,
      "limit_std": 0.018982600531131717,
      "count_active_cids": 0.02679173895092175
    },
    "2025-06": {
      "da_rank_value": 0.06573375516851564,
      "bf_6": 0.007693309910095729,
      "bf_12": 0.08421796195828149,
      "bf_15": 0.06395568389474661,
      "bfo_6": 0.010778714355584047,
      "bfo_12": 0.4946670256079204,
      "bf_combined_6": 0.011029829178958863,
      "bf_combined_12": 0.03585248434375882,
      "bin_80_cid_max": 0.01793306814498985,
      "bin_90_cid_max": 0.027846799253518614,
      "bin_100_cid_max": 0.025797607539247862,
      "bin_90_cid_min": 0.014101386333963099,
      "bin_80_cid_min": 0.015094731052017252,
      "bin_100_cid_min": 0.013305708249260213,
      "bin_70_cid_max": 0.024978592534073887,
      "bin_-50_cid_max": 0.023329885827116845,
      "limit_std": 0.0366349755564028,
      "count_active_cids": 0.02704848109154797
    }
  },
  "walltimes": {
    "2022-06": 0.5636985301971436,
    "2023-06": 0.6688137054443359,
    "2024-06": 0.776968240737915,
    "2025-06": 0.8905441761016846
  },
  "n_train_rows": {
    "2022-06": 31375,
    "2023-06": 40375,
    "2024-06": 49821,
    "2025-06": 58363
  }
}