{
  "eval_config": {
    "eval_groups": [
      "2025-06/aq1",
      "2025-06/aq2",
      "2025-06/aq3",
      "2025-06/aq4"
    ],
    "mode": "holdout"
  },
  "per_month": {
    "2025-06/aq1": {
      "VC@20": 0.1886021188990365,
      "VC@100": 0.5402643330512884,
      "Recall@20": 0.25,
      "Recall@100": 0.5,
      "NDCG": 0.574241242311771,
      "VC@10": 0.1300402526660285,
      "VC@25": 0.3097970553728161,
      "VC@50": 0.3761124368474477,
      "VC@200": 0.9075693296059233,
      "Recall@10": 0.3,
      "Recall@50": 0.3,
      "Spearman": 0.41985746491130144,
      "Tier0-AP": 0.3868449422445584,
      "Tier01-AP": 0.6155535016487679,
      "n_samples": 395
    },
    "2025-06/aq2": {
      "VC@20": 0.31267931937989224,
      "VC@100": 0.6186698236663899,
      "Recall@20": 0.5,
      "Recall@100": 0.46,
      "NDCG": 0.6167228014784087,
      "VC@10": 0.1816793108394895,
      "VC@25": 0.31699021190190374,
      "VC@50": 0.47135273285437834,
      "VC@200": 0.8114930116911965,
      "Recall@10": 0.5,
      "Recall@50": 0.5,
      "Spearman": 0.41165039502963785,
      "Tier0-AP": 0.4247430526272934,
      "Tier01-AP": 0.6044813024616269,
      "n_samples": 385
    },
    "2025-06/aq3": {
      "VC@20": 0.09663972839452388,
      "VC@100": 0.6381066302761634,
      "Recall@20": 0.1,
      "Recall@100": 0.58,
      "NDCG": 0.4799514708409302,
      "VC@10": 0.05329155957779872,
      "VC@25": 0.15527945936952778,
      "VC@50": 0.5252948984828607,
      "VC@200": 0.9384093382951748,
      "Recall@10": 0.1,
      "Recall@50": 0.38,
      "Spearman": 0.3965232737120286,
      "Tier0-AP": 0.358811355614616,
      "Tier01-AP": 0.5617461470275316,
      "n_samples": 286
    },
    "2025-06/aq4": {
      "VC@20": 0.2627934652958219,
      "VC@100": 0.5277354855791122,
      "Recall@20": 0.4,
      "Recall@100": 0.41,
      "NDCG": 0.41641275481051204,
      "VC@10": 0.04672948050801895,
      "VC@25": 0.327483338648434,
      "VC@50": 0.5146860562260044,
      "VC@200": 0.9268738707667118,
      "Recall@10": 0.1,
      "Recall@50": 0.48,
      "Spearman": 0.3343342821978288,
      "Tier0-AP": 0.3952564358013243,
      "Tier01-AP": 0.3952564358013243,
      "n_samples": 418
    }
  },
  "aggregate": {
    "mean": {
      "VC@20": 0.21517865799231864,
      "VC@100": 0.5811940681432385,
      "Recall@20": 0.3125,
      "Recall@100": 0.4875,
      "NDCG": 0.5218320673604054,
      "VC@10": 0.10293515089783392,
      "VC@25": 0.27738751632317044,
      "VC@50": 0.4718615311026728,
      "VC@200": 0.8960863875897516,
      "Recall@10": 0.25,
      "Recall@50": 0.41500000000000004,
      "Spearman": 0.3905913539626992,
      "Tier0-AP": 0.39141394657194806,
      "Tier01-AP": 0.5442593467348127,
      "n_samples": 371.0
    },
    "std": {
      "VC@20": 0.081442217408927,
      "VC@100": 0.04789711694096987,
      "Recall@20": 0.15155444566227677,
      "Recall@100": 0.06219927652312363,
      "NDCG": 0.07845092233979094,
      "VC@10": 0.0560332330182286,
      "VC@25": 0.07077909420505242,
      "VC@50": 0.05885833124541171,
      "VC@200": 0.050067450704140856,
      "Recall@10": 0.16583123951776998,
      "Recall@50": 0.0804673846971554,
      "Spearman": 0.03354114732751836,
      "Tier0-AP": 0.02350212102981954,
      "Tier01-AP": 0.08834194378604639,
      "n_samples": 50.51237472144821
    },
    "min": {
      "VC@20": 0.09663972839452388,
      "VC@100": 0.5277354855791122,
      "Recall@20": 0.1,
      "Recall@100": 0.41,
      "NDCG": 0.41641275481051204,
      "VC@10": 0.04672948050801895,
      "VC@25": 0.15527945936952778,
      "VC@50": 0.3761124368474477,
      "VC@200": 0.8114930116911965,
      "Recall@10": 0.1,
      "Recall@50": 0.3,
      "Spearman": 0.3343342821978288,
      "Tier0-AP": 0.358811355614616,
      "Tier01-AP": 0.3952564358013243,
      "n_samples": 286.0
    },
    "max": {
      "VC@20": 0.31267931937989224,
      "VC@100": 0.6381066302761634,
      "Recall@20": 0.5,
      "Recall@100": 0.58,
      "NDCG": 0.6167228014784087,
      "VC@10": 0.1816793108394895,
      "VC@25": 0.327483338648434,
      "VC@50": 0.5252948984828607,
      "VC@200": 0.9384093382951748,
      "Recall@10": 0.5,
      "Recall@50": 0.5,
      "Spearman": 0.41985746491130144,
      "Tier0-AP": 0.4247430526272934,
      "Tier01-AP": 0.6155535016487679,
      "n_samples": 418.0
    },
    "bottom_2_mean": {
      "VC@20": 0.1426209236467802,
      "VC@100": 0.5339999093152004,
      "Recall@20": 0.175,
      "Recall@100": 0.435,
      "NDCG": 0.4481821128257211,
      "VC@10": 0.05001052004290883,
      "VC@25": 0.23253825737117195,
      "VC@50": 0.42373258485091303,
      "VC@200": 0.8595311706485599,
      "Recall@10": 0.1,
      "Recall@50": 0.33999999999999997,
      "Spearman": 0.3654287779549287,
      "Tier0-AP": 0.3728281489295872,
      "Tier01-AP": 0.47850129141442793,
      "n_samples": 335.5
    }
  },
  "n_months": 4,
  "n_months_requested": 4,
  "skipped_months": []
}