{
  "eval_config": {
    "eval_months": [
      "2020-06",
      "2020-07",
      "2020-08",
      "2020-09",
      "2020-10",
      "2020-11",
      "2020-12",
      "2021-01",
      "2021-02",
      "2021-03",
      "2021-04",
      "2021-05",
      "2021-06",
      "2021-07",
      "2021-08",
      "2021-09",
      "2021-10",
      "2021-11",
      "2021-12",
      "2022-01",
      "2022-02",
      "2022-03",
      "2022-04",
      "2022-05",
      "2022-06",
      "2022-07",
      "2022-08",
      "2022-09",
      "2022-10",
      "2022-11",
      "2022-12",
      "2023-01",
      "2023-02",
      "2023-03",
      "2023-04",
      "2023-05"
    ],
    "class_type": "dailyoffpeak",
    "period_type": "f0",
    "lag": 1,
    "variant": "v3d"
  },
  "per_month": {
    "2020-06": {
      "VC@20": 0.9125491640081987,
      "VC@100": 0.9649636178192849,
      "Recall@20": 0.15,
      "Recall@100": 0.4,
      "NDCG": 0.2572901765186006,
      "VC@10": 0.005042128164771796,
      "VC@25": 0.9125491640081987,
      "VC@50": 0.9597737668129777,
      "VC@200": 0.9965600129474724,
      "Recall@10": 0.1,
      "Recall@50": 0.3,
      "Spearman": 0.28258651438545285,
      "n_samples": 315
    },
    "2020-07": {
      "VC@20": 0.014082020907290094,
      "VC@100": 0.8894816325730088,
      "Recall@20": 0.05,
      "Recall@100": 0.41,
      "NDCG": 0.26449664387306393,
      "VC@10": 0.014082020907290094,
      "VC@25": 0.16545393923941398,
      "VC@50": 0.7491713574048289,
      "VC@200": 0.9002490830996137,
      "Recall@10": 0.1,
      "Recall@50": 0.24,
      "Spearman": 0.2057582175500835,
      "n_samples": 278
    },
    "2020-08": {
      "VC@20": 0.8931568118313141,
      "VC@100": 0.945631986814661,
      "Recall@20": 0.15,
      "Recall@100": 0.42,
      "NDCG": 0.2680270560102017,
      "VC@10": 0.0042151947317795825,
      "VC@25": 0.8931568118313141,
      "VC@50": 0.9380915539489134,
      "VC@200": 0.9885125692925987,
      "Recall@10": 0.1,
      "Recall@50": 0.36,
      "Spearman": 0.2823935864451877,
      "n_samples": 305
    },
    "2020-09": {
      "VC@20": 0.02633840380295331,
      "VC@100": 0.8193839814138948,
      "Recall@20": 0.1,
      "Recall@100": 0.32,
      "NDCG": 0.2312420519562174,
      "VC@10": 0.0,
      "VC@25": 0.026494096808697774,
      "VC@50": 0.1525366839007366,
      "VC@200": 0.9858036286580274,
      "Recall@10": 0.0,
      "Recall@50": 0.24,
      "Spearman": 0.2634967633644248,
      "n_samples": 433
    },
    "2020-10": {
      "VC@20": 0.013225203060653693,
      "VC@100": 0.7872560508995247,
      "Recall@20": 0.2,
      "Recall@100": 0.3,
      "NDCG": 0.21497178020302488,
      "VC@10": 0.00013921266379635466,
      "VC@25": 0.021981257756887442,
      "VC@50": 0.10915285297370905,
      "VC@200": 0.9858880544566192,
      "Recall@10": 0.0,
      "Recall@50": 0.26,
      "Spearman": 0.2161861680868357,
      "n_samples": 398
    },
    "2020-11": {
      "VC@20": 0.0022519423687828066,
      "VC@100": 0.816471262926295,
      "Recall@20": 0.05,
      "Recall@100": 0.39,
      "NDCG": 0.23159703616615568,
      "VC@10": 0.0022519423687828066,
      "VC@25": 0.0022519423687828066,
      "VC@50": 0.6703086969174139,
      "VC@200": 0.8839905709425768,
      "Recall@10": 0.0,
      "Recall@50": 0.24,
      "Spearman": 0.23317561659964622,
      "n_samples": 353
    },
    "2020-12": {
      "VC@20": 0.10165577909912846,
      "VC@100": 0.6835129103201109,
      "Recall@20": 0.1,
      "Recall@100": 0.34,
      "NDCG": 0.3319071079423557,
      "VC@10": 0.09912910320110777,
      "VC@25": 0.10293589639162662,
      "VC@50": 0.3876429095055795,
      "VC@200": 0.8560765659363037,
      "Recall@10": 0.1,
      "Recall@50": 0.26,
      "Spearman": 0.24653646879992971,
      "n_samples": 346
    },
    "2021-01": {
      "VC@20": 0.008246361654165325,
      "VC@100": 0.4775080017119527,
      "Recall@20": 0.15,
      "Recall@100": 0.36,
      "NDCG": 0.2068635884520031,
      "VC@10": 0.00558081089173328,
      "VC@25": 0.008246361654165325,
      "VC@50": 0.3624672833109022,
      "VC@200": 1.0,
      "Recall@10": 0.0,
      "Recall@50": 0.24,
      "Spearman": 0.255773691071304,
      "n_samples": 284
    },
    "2021-02": {
      "VC@20": 0.007565366161659566,
      "VC@100": 0.6625052569096131,
      "Recall@20": 0.05,
      "Recall@100": 0.38,
      "NDCG": 0.2718416494103683,
      "VC@10": 0.0,
      "VC@25": 0.008073581837620794,
      "VC@50": 0.3846562410833072,
      "VC@200": 0.8807137021134207,
      "Recall@10": 0.0,
      "Recall@50": 0.3,
      "Spearman": 0.2379324642485944,
      "n_samples": 317
    },
    "2021-03": {
      "VC@20": 0.052710214016320096,
      "VC@100": 0.44901725239393403,
      "Recall@20": 0.15,
      "Recall@100": 0.39,
      "NDCG": 0.2307288972665876,
      "VC@10": 0.047976274847067256,
      "VC@25": 0.0527102140163201,
      "VC@50": 0.2372181240745326,
      "VC@200": 0.5376180264351269,
      "Recall@10": 0.1,
      "Recall@50": 0.26,
      "Spearman": 0.27972759427715826,
      "n_samples": 345
    },
    "2021-04": {
      "VC@20": 0.049507500950651956,
      "VC@100": 0.7452769682876522,
      "Recall@20": 0.05,
      "Recall@100": 0.45,
      "NDCG": 0.3717429599759873,
      "VC@10": 0.04698849229227159,
      "VC@25": 0.2051874931001067,
      "VC@50": 0.3639148285935082,
      "VC@200": 0.9857577440897483,
      "Recall@10": 0.1,
      "Recall@50": 0.28,
      "Spearman": 0.3032121723622007,
      "n_samples": 348
    },
    "2021-05": {
      "VC@20": 0.1015168439508737,
      "VC@100": 0.499916672061175,
      "Recall@20": 0.05,
      "Recall@100": 0.36,
      "NDCG": 0.2884439539302027,
      "VC@10": 0.1015168439508737,
      "VC@25": 0.1015168439508737,
      "VC@50": 0.16180219737840662,
      "VC@200": 0.7574681804345998,
      "Recall@10": 0.1,
      "Recall@50": 0.22,
      "Spearman": 0.1780224652253486,
      "n_samples": 360
    },
    "2021-06": {
      "VC@20": 0.05327411933550562,
      "VC@100": 0.911219040462214,
      "Recall@20": 0.1,
      "Recall@100": 0.39,
      "NDCG": 0.3087067386420166,
      "VC@10": 0.0,
      "VC@25": 0.09274156292924504,
      "VC@50": 0.37438789274957035,
      "VC@200": 0.9999999999999999,
      "Recall@10": 0.0,
      "Recall@50": 0.28,
      "Spearman": 0.2790112852779562,
      "n_samples": 337
    },
    "2021-07": {
      "VC@20": 0.2963563411592474,
      "VC@100": 0.7857127365396085,
      "Recall@20": 0.1,
      "Recall@100": 0.44,
      "NDCG": 0.33684818529163496,
      "VC@10": 0.0,
      "VC@25": 0.2963563411592474,
      "VC@50": 0.718028520305807,
      "VC@200": 0.9991324621807732,
      "Recall@10": 0.0,
      "Recall@50": 0.28,
      "Spearman": 0.20947821549377593,
      "n_samples": 268
    },
    "2021-08": {
      "VC@20": 0.004672247806439556,
      "VC@100": 0.49593873844517183,
      "Recall@20": 0.05,
      "Recall@100": 0.32,
      "NDCG": 0.19335126094552182,
      "VC@10": 0.0,
      "VC@25": 0.004672247806439556,
      "VC@50": 0.4755773221071598,
      "VC@200": 0.5180157083367277,
      "Recall@10": 0.0,
      "Recall@50": 0.24,
      "Spearman": 0.11745246086724552,
      "n_samples": 298
    },
    "2021-09": {
      "VC@20": 0.05167030456733213,
      "VC@100": 0.2592211190734358,
      "Recall@20": 0.15,
      "Recall@100": 0.28,
      "NDCG": 0.17731990500177747,
      "VC@10": 0.0,
      "VC@25": 0.05167030456733213,
      "VC@50": 0.16131346723230808,
      "VC@200": 0.9652612456898787,
      "Recall@10": 0.0,
      "Recall@50": 0.28,
      "Spearman": 0.21517184270350426,
      "n_samples": 380
    },
    "2021-10": {
      "VC@20": 0.022682043006286436,
      "VC@100": 0.2417466561367601,
      "Recall@20": 0.15,
      "Recall@100": 0.42,
      "NDCG": 0.15778424455345608,
      "VC@10": 0.022682043006286436,
      "VC@25": 0.022682043006286436,
      "VC@50": 0.04299959606862426,
      "VC@200": 0.25659204018239073,
      "Recall@10": 0.3,
      "Recall@50": 0.24,