{
  "eval_config": {
    "eval_months": [
      "2020-09",
      "2020-11",
      "2021-01",
      "2021-03",
      "2021-05",
      "2021-07",
      "2021-09",
      "2021-11",
      "2022-03",
      "2022-06",
      "2022-09",
      "2022-12"
    ],
    "class_type": "onpeak",
    "period_type": "f0",
    "train_months": 6,
    "val_months": 2,
    "ev_scoring": true
  },
  "per_month": {
    "2020-09": {
      "AUC": 0.8320981141104865,
      "AP": 0.44185857622033825,
      "Brier": 0.14148987856413747,
      "S1-VCAP@100": 0.012836392175830942,
      "S1-VCAP@500": 0.12916690271656622,
      "S1-NDCG": 0.7483047284945751,
      "EV-VC@100": 0.026976038868426644,
      "EV-VC@500": 0.2793576599987683,
      "EV-NDCG": 0.7753579522411731,
      "Spearman": 0.4124681707288141,
      "C-RMSE": 1371.6702368584918,
      "C-MAE": 606.5835098125142,
      "EV-VC@1000": 0.3393263744648601,
      "R-REC@500": 0.039244908097367116,
      "binding_rate": 0.09467668984330295,
      "n_samples": 127571,
      "n_binding": 12078
    },
    "2020-11": {
      "AUC": 0.8477824321041556,
      "AP": 0.47215051608050723,
      "Brier": 0.1501139405260891,
      "S1-VCAP@100": 0.10065920584322038,
      "S1-VCAP@500": 0.24629724156350608,
      "S1-NDCG": 0.7526333601417825,
      "EV-VC@100": 0.10360710427076053,
      "EV-VC@500": 0.27368804439760275,
      "EV-NDCG": 0.795685730160759,
      "Spearman": 0.5187844122014618,
      "C-RMSE": 2768.122492181349,
      "C-MAE": 937.254491221882,
      "EV-VC@1000": 0.3177839970908144,
      "R-REC@500": 0.045114155251141555,
      "binding_rate": 0.08600309454057069,
      "n_samples": 127321,
      "n_binding": 10950
    },
    "2021-01": {
      "AUC": 0.8595216503225058,
      "AP": 0.40791639607979513,
      "Brier": 0.1396238884465878,
      "S1-VCAP@100": 0.03628091835289465,
      "S1-VCAP@500": 0.17746402675966796,
      "S1-NDCG": 0.7314794634857941,
      "EV-VC@100": 0.05441243063169338,
      "EV-VC@500": 0.15938963611640414,
      "EV-NDCG": 0.7387453110496814,
      "Spearman": 0.4381547244112362,
      "C-RMSE": 2110.5043468892613,
      "C-MAE": 817.0617002837523,
      "EV-VC@1000": 0.27696496676740867,
      "R-REC@500": 0.03107105979536281,
      "binding_rate": 0.07474058639052009,
      "n_samples": 142533,
      "n_binding": 10653
    },
    "2021-03": {
      "AUC": 0.8346309273985303,
      "AP": 0.4351140166836521,
      "Brier": 0.1475084240754944,
      "S1-VCAP@100": 0.04556395772108892,
      "S1-VCAP@500": 0.22088779746380405,
      "S1-NDCG": 0.7828414219708066,
      "EV-VC@100": 0.022258784370386565,
      "EV-VC@500": 0.23443606366842717,
      "EV-NDCG": 0.7652219643731277,
      "Spearman": 0.42695226516763246,
      "C-RMSE": 1898.6876078193882,
      "C-MAE": 753.2969038988784,
      "EV-VC@1000": 0.38413485246352114,
      "R-REC@500": 0.040680406804068044,
      "binding_rate": 0.07933991702548503,
      "n_samples": 140043,
      "n_binding": 11111
    },
    "2021-05": {
      "AUC": 0.8145134761658828,
      "AP": 0.32904876715124287,
      "Brier": 0.16273650659785702,
      "S1-VCAP@100": 0.003375994060516944,
      "S1-VCAP@500": 0.10812790828327155,
      "S1-NDCG": 0.7366764669898087,
      "EV-VC@100": 0.0001504327165709274,
      "EV-VC@500": 0.05960704170912027,
      "EV-NDCG": 0.711753110338503,
      "Spearman": 0.4720409926762667,
      "C-RMSE": 2415.879382028833,
      "C-MAE": 1010.7104684229502,
      "EV-VC@1000": 0.20764739762053736,
      "R-REC@500": 0.014080922894223429,
      "binding_rate": 0.08354948902212583,
      "n_samples": 141102,
      "n_binding": 11789
    },
    "2021-07": {
      "AUC": 0.8553484442381032,
      "AP": 0.3388043188172262,
      "Brier": 0.149162870294065,
      "S1-VCAP@100": 0.04197565472450936,
      "S1-VCAP@500": 0.1804126982402903,
      "S1-NDCG": 0.7107306382773663,
      "EV-VC@100": 0.11186332991077291,
      "EV-VC@500": 0.3134597455682598,
      "EV-NDCG": 0.7761863032226947,
      "Spearman": 0.40028372327527884,
      "C-RMSE": 2355.489559543965,
      "C-MAE": 878.7807578574939,
      "EV-VC@1000": 0.43550979170204823,
      "R-REC@500": 0.04541108986615679,
      "binding_rate": 0.05844391674814918,
      "n_samples": 143180,
      "n_binding": 8368
    },
    "2021-09": {
      "AUC": 0.8361990441855133,
      "AP": 0.4383652334129584,
      "Brier": 0.13589666042870566,
      "S1-VCAP@100": 0.12380869289060846,
      "S1-VCAP@500": 0.40810311966118423,
      "S1-NDCG": 0.7501151270478452,
      "EV-VC@100": 0.12229197085069597,
      "EV-VC@500": 0.394874679699289,
      "EV-NDCG": 0.7423857243506355,
      "Spearman": 0.41703663797219526,
      "C-RMSE": 3778.7620312103086,
      "C-MAE": 1160.2360862663948,
      "EV-VC@1000": 0.4957180074016335,
      "R-REC@500": 0.02870949403069926,
      "binding_rate": 0.0825769904857286,
      "n_samples": 127808,
      "n_binding": 10554
    },
    "2021-11": {
      "AUC": 0.81738487271928,
      "AP": 0.4139719092910503,
      "Brier": 0.14664951392293832,
      "S1-VCAP@100": 0.019180127717648262,
      "S1-VCAP@500": 0.1670331240008157,
      "S1-NDCG": 0.752662844576005,
      "EV-VC@100": 0.039230785673738514,
      "EV-VC@500": 0.19960024702738974,
      "EV-NDCG": 0.7498456063510853,
      "Spearman": 0.2625167848132456,
      "C-RMSE": 4746.0740403238915,
      "C-MAE": 1925.6918684652546,
      "EV-VC@1000": 0.306671723632495,
      "R-REC@500": 0.036442197945540517,
      "binding_rate": 0.09685340913577323,
      "n_samples": 126645,
      "n_binding": 12266
    },
    "2022-03": {
      "AUC": 0.8303740390974933,
      "AP": 0.34976116271043245,
      "Brier": 0.16127244679426284,
      "S1-VCAP@100": 0.06363268448744237,
      "S1-VCAP@500": 0.2334887758439146,
      "S1-NDCG": 0.7738193881187856,
      "EV-VC@100": 0.12394810642738466,
      "EV-VC@500": 0.3413316659236903,
      "EV-NDCG": 0.8449227959115616,
      "Spearman": 0.38554514006804547,
      "C-RMSE": 2346.015674398806,
      "C-MAE": 1131.64778963023,
      "EV-VC@1000": 0.40744792161129734,
      "R-REC@500": 0.03889585947302384,
      "binding_rate": 0.07425430361058953,
      "n_samples": 139534,
      "n_binding": 10361
    },
    "2022-06": {
      "AUC": 0.8019272677779011,
      "AP": 0.2874215015760395,
      "Brier": 0.15876930377739082,
      "S1-VCAP@100": 0.007292806501637741,
      "S1-VCAP@500": 0.03921177010137688,
      "S1-NDCG": 0.6063533792072258,
      "EV-VC@100": 0.014106508063021161,
      "EV-VC@500": 0.07276580833766565,
      "EV-NDCG": 0.6037316758933904,
      "Spearman": 0.2713210942411664,
      "C-RMSE": 5993.37734775914,
      "C-MAE": 2311.3341151945947,
      "EV-VC@1000": 0.09938217762449576,
      "R-REC@500": 0.038542607648298706,
      "binding_rate": 0.07738432740180354,
      "n_samples": 128747,
      "n_binding": 9963
    },
    "2022-09": {
      "AUC": 0.8364933479129167,
      "AP": 0.3637854799661613,
      "Brier": 0.16240830692298058,
      "S1-VCAP@100": 0.028383785854360525,
      "S1-VCAP@500": 0.08751616844400834,
      "S1-NDCG": 0.7243844957111688,
      "EV-VC@100": 0.027677075942390765,
      "EV-VC@500": 0.07451994880270262,
      "EV-NDCG": 0.6965983711824274,
      "Spearman": 0.32688351876860666,
      "C-RMSE": 2251.3490903668603,
      "C-MAE": 1087.6238270529504,
      "EV-VC@1000": 0.12251759274570424,
      "R-REC@500": 0.030225931202931,
      "binding_rate": 0.0761197961049223,
      "n_samples": 129086,
      "n_binding": 9826
    },
    "2022-12": {
      "AUC": 0.8190491714554924,
      "AP": 0.2726741164082971,
      "Brier": 0.16305675250576904,
      "S1-VCAP@100": 0.08012044047607249,
      "S1-VCAP@500": 0.31088299548407466,
      "S1-NDCG": 0.7122611529199153,
      "EV-VC@100": 0.19216796926360097,
      "EV-VC@500": 0.34971649590972814,
      "EV-NDCG": 0.814801531181702,
      "Spearman": 0.3866158122720117,
      "C-RMSE": 2960.7400245514314,
      "C-MAE": 1197.7790341400935,