{
  "per_group_lo": {
    "2025-06/aq1": {
      "VC@200": 0.6194035321927904,
      "Recall@200": 0.37254901960784315,
      "Abs_SP@200": 0.5208337501132303,
      "NB12_Count@200": 0,
      "NB12_SP@200": 0.0,
      "Dang_Recall@200": 0.8333333333333334,
      "Dang_SP_Ratio@200": 0.7922944313977639,
      "Dang_Count@200": 5,
      "Dang_Total": 6,
      "Dorm_inK@200": 9,
      "Dorm_SP@200": 0.0
    },
    "2025-06/aq2": {
      "VC@200": 0.5935367629422102,
      "Recall@200": 0.34332425068119893,
      "Abs_SP@200": 0.4733151852295621,
      "NB12_Count@200": 2,
      "NB12_SP@200": 0.004848523650133454,
      "Dang_Recall@200": 0.6363636363636364,
      "Dang_SP_Ratio@200": 0.6332369553511304,
      "Dang_Count@200": 7,
      "Dang_Total": 11,
      "Dorm_inK@200": 7,
      "Dorm_SP@200": 2206.8099999999995
    },
    "2025-06/aq3": {
      "VC@200": 0.643260757735867,
      "Recall@200": 0.3979591836734694,
      "Abs_SP@200": 0.5318155368719223,
      "NB12_Count@200": 1,
      "NB12_SP@200": 0.01209855440320078,
      "Dang_Recall@200": 0.8,
      "Dang_SP_Ratio@200": 0.846001902393749,
      "Dang_Count@200": 8,
      "Dang_Total": 10,
      "Dorm_inK@200": 7,
      "Dorm_SP@200": 4409.2699999999995
    }
  },
  "per_group_hi": {
    "2025-06/aq1": {
      "VC@400": 0.8280275328323257,
      "Recall@400": 0.5490196078431373,
      "Abs_SP@400": 0.6962580332651932,
      "NB12_Count@400": 7,
      "NB12_SP@400": 0.28293254545191054,
      "Dang_Recall@400": 1.0,
      "Dang_SP_Ratio@400": 1.0,
      "Dang_Count@400": 6,
      "Dang_Total": 6,
      "Dorm_inK@400": 85,
      "Dorm_SP@400": 32409.510000000002
    },
    "2025-06/aq2": {
      "VC@400": 0.7448140243379608,
      "Recall@400": 0.5013623978201635,
      "Abs_SP@400": 0.5939510572918325,
      "NB12_Count@400": 7,
      "NB12_SP@400": 0.2762697700358378,
      "Dang_Recall@400": 0.8181818181818182,
      "Dang_SP_Ratio@400": 0.7702902713439018,
      "Dang_Count@400": 9,
      "Dang_Total": 11,
      "Dorm_inK@400": 79,
      "Dorm_SP@400": 125744.43999999999
    },
    "2025-06/aq3": {
      "VC@400": 0.7912809896386289,
      "Recall@400": 0.5612244897959183,
      "Abs_SP@400": 0.6541911958105283,
      "NB12_Count@400": 11,
      "NB12_SP@400": 0.3175696636774905,
      "Dang_Recall@400": 1.0,
      "Dang_SP_Ratio@400": 1.0,
      "Dang_Count@400": 10,
      "Dang_Total": 10,
      "Dorm_inK@400": 83,
      "Dorm_SP@400": 115737.0
    }
  },
  "mean_lo": {
    "VC@200": 0.6187336842902892,
    "Recall@200": 0.3712774846541705,
    "Abs_SP@200": 0.5086548240715715,
    "NB12_Count@200": 1.0,
    "NB12_SP@200": 0.005649026017778078,
    "Dang_Recall@200": 0.7565656565656566,
    "Dang_SP_Ratio@200": 0.7571777630475478,
    "Dang_Count@200": 6.666666666666667,
    "Dang_Total": 9.0,
    "Dorm_inK@200": 7.666666666666667,
    "Dorm_SP@200": 2205.3599999999997
  },
  "mean_hi": {
    "VC@400": 0.7880408489363052,
    "Recall@400": 0.5372021651530731,
    "Abs_SP@400": 0.6481334287891847,
    "NB12_Count@400": 8.333333333333334,
    "NB12_SP@400": 0.29225732638841295,
    "Dang_Recall@400": 0.9393939393939394,
    "Dang_SP_Ratio@400": 0.9234300904479672,
    "Dang_Count@400": 8.333333333333334,
    "Dang_Total": 9.0,
    "Dorm_inK@400": 82.33333333333333,
    "Dorm_SP@400": 91296.98333333334
  }
}