{
  "eval_config": {
    "eval_months": [
      "2020-06",
      "2020-07",
      "2020-08",
      "2020-09",
      "2020-10",
      "2020-11",
      "2020-12",
      "2021-01",
      "2021-02",
      "2021-03",
      "2021-04",
      "2021-05",
      "2021-06",
      "2021-07",
      "2021-08",
      "2021-09",
      "2021-10",
      "2021-11",
      "2021-12",
      "2022-01",
      "2022-02",
      "2022-03",
      "2022-04",
      "2022-05",
      "2022-06",
      "2022-07",
      "2022-08",
      "2022-09",
      "2022-10",
      "2022-11",
      "2022-12",
      "2023-01",
      "2023-02",
      "2023-03",
      "2023-04",
      "2023-05"
    ],
    "class_type": "offpeak",
    "period_type": "f0",
    "lag": 1,
    "note": "v11a: v10e-lag1 + bf_partial (d8 fixed window)"
  },
  "per_month": {
    "2020-06": {
      "VC@20": 0.5253460340150339,
      "VC@100": 0.6539557654726867,
      "Recall@20": 0.45,
      "Recall@100": 0.34,
      "NDCG": 0.49525232941058916,
      "VC@10": 0.45815663763570613,
      "VC@25": 0.59029877632571,
      "VC@50": 0.6482294688213867,
      "VC@200": 0.834017895276448,
      "Recall@10": 0.4,
      "Recall@50": 0.5,
      "Spearman": 0.31639142355033595,
      "n_samples": 562
    },
    "2020-07": {
      "VC@20": 0.45636491013517677,
      "VC@100": 0.6643100152677196,
      "Recall@20": 0.4,
      "Recall@100": 0.37,
      "NDCG": 0.7005823046219319,
      "VC@10": 0.3905038524225484,
      "VC@25": 0.4608109137024065,
      "VC@50": 0.590029399969927,
      "VC@200": 0.7329015014853147,
      "Recall@10": 0.5,
      "Recall@50": 0.44,
      "Spearman": 0.24239734629462134,
      "n_samples": 484
    },
    "2020-08": {
      "VC@20": 0.7319084433052215,
      "VC@100": 0.7913931333824878,
      "Recall@20": 0.5,
      "Recall@100": 0.39,
      "NDCG": 0.8451468952691072,
      "VC@10": 0.6560126983511687,
      "VC@25": 0.7500956306548943,
      "VC@50": 0.7759001597119423,
      "VC@200": 0.9133742398338759,
      "Recall@10": 0.6,
      "Recall@50": 0.48,
      "Spearman": 0.30452926029801874,
      "n_samples": 494
    },
    "2020-09": {
      "VC@20": 0.8827269590098316,
      "VC@100": 0.9462789435210244,
      "Recall@20": 0.55,
      "Recall@100": 0.33,
      "NDCG": 0.62165324887297,
      "VC@10": 0.3401332047359959,
      "VC@25": 0.882960899361717,
      "VC@50": 0.9126772230115963,
      "VC@200": 0.9877818558222663,
      "Recall@10": 0.5,
      "Recall@50": 0.42,
      "Spearman": 0.2747209196836783,
      "n_samples": 678
    },
    "2020-10": {
      "VC@20": 0.5978502621859351,
      "VC@100": 0.8172032668248242,
      "Recall@20": 0.4,
      "Recall@100": 0.5,
      "NDCG": 0.72572930222502,
      "VC@10": 0.49814865722920026,
      "VC@25": 0.6125583377582016,
      "VC@50": 0.6511248473360155,
      "VC@200": 0.8631103344579771,
      "Recall@10": 0.5,
      "Recall@50": 0.46,
      "Spearman": 0.37283043157492524,
      "n_samples": 731
    },
    "2020-11": {
      "VC@20": 0.713161248890828,
      "VC@100": 0.9535577036049588,
      "Recall@20": 0.45,
      "Recall@100": 0.49,
      "NDCG": 0.6099383523582275,
      "VC@10": 0.25147175575730984,
      "VC@25": 0.8860798161782862,
      "VC@50": 0.9017385008467773,
      "VC@200": 0.9776380913734979,
      "Recall@10": 0.2,
      "Recall@50": 0.58,
      "Spearman": 0.4134925020062841,
      "n_samples": 504
    },
    "2020-12": {
      "VC@20": 0.40681414956149164,
      "VC@100": 0.8878198563293487,
      "Recall@20": 0.3,
      "Recall@100": 0.52,
      "NDCG": 0.7976723631191264,
      "VC@10": 0.3847282507898066,
      "VC@25": 0.57515451487939,
      "VC@50": 0.8568484309767269,
      "VC@200": 0.9645405562265349,
      "Recall@10": 0.4,
      "Recall@50": 0.52,
      "Spearman": 0.3724949311114863,
      "n_samples": 559
    },
    "2021-01": {
      "VC@20": 0.5769897961288756,
      "VC@100": 0.8604780594616189,
      "Recall@20": 0.25,
      "Recall@100": 0.52,
      "NDCG": 0.551266519064961,
      "VC@10": 0.5715118595492685,
      "VC@25": 0.6003355844959135,
      "VC@50": 0.800813371285039,
      "VC@200": 0.9351336355333878,
      "Recall@10": 0.4,
      "Recall@50": 0.42,
      "Spearman": 0.36500164695376514,
      "n_samples": 394
    },
    "2021-02": {
      "VC@20": 0.6117255878219566,
      "VC@100": 0.8915023107975107,
      "Recall@20": 0.35,
      "Recall@100": 0.37,
      "NDCG": 0.6421896574996131,
      "VC@10": 0.5186286284447519,
      "VC@25": 0.6452197378540899,
      "VC@50": 0.6667803441910516,
      "VC@200": 0.9630269152850813,
      "Recall@10": 0.3,
      "Recall@50": 0.44,
      "Spearman": 0.34115553099431395,
      "n_samples": 647
    },
    "2021-03": {
      "VC@20": 0.604645442586721,
      "VC@100": 0.8002123790456782,
      "Recall@20": 0.35,
      "Recall@100": 0.39,
      "NDCG": 0.5952117338973475,
      "VC@10": 0.5695547876274559,
      "VC@25": 0.6092660829801724,
      "VC@50": 0.7276169616067661,
      "VC@200": 0.8938262180672618,
      "Recall@10": 0.4,
      "Recall@50": 0.46,
      "Spearman": 0.3117094650550869,
      "n_samples": 641
    },
    "2021-04": {
      "VC@20": 0.46162802854660046,
      "VC@100": 0.7501483755509131,
      "Recall@20": 0.4,
      "Recall@100": 0.46,
      "NDCG": 0.7002202739919419,
      "VC@10": 0.40678960210352566,
      "VC@25": 0.49287211802374753,
      "VC@50": 0.657300262176155,
      "VC@200": 0.8874433173842382,
      "Recall@10": 0.5,
      "Recall@50": 0.48,
      "Spearman": 0.320063521287697,
      "n_samples": 639
    },
    "2021-05": {
      "VC@20": 0.37243266627404503,
      "VC@100": 0.7300513321575063,
      "Recall@20": 0.35,
      "Recall@100": 0.42,
      "NDCG": 0.571475623532631,
      "VC@10": 0.24546534361158218,
      "VC@25": 0.38315149373949997,
      "VC@50": 0.446167325229682,
      "VC@200": 0.8264090747528364,
      "Recall@10": 0.4,
      "Recall@50": 0.4,
      "Spearman": 0.24931484837457787,
      "n_samples": 654
    },
    "2021-06": {
      "VC@20": 0.39946481724874566,
      "VC@100": 0.6918391126376421,
      "Recall@20": 0.4,
      "Recall@100": 0.33,
      "NDCG": 0.5348120966068278,
      "VC@10": 0.2179236741936445,
      "VC@25": 0.41028325696339146,
      "VC@50": 0.6601154854221024,
      "VC@200": 0.7945595236013837,
      "Recall@10": 0.2,
      "Recall@50": 0.46,
      "Spearman": 0.31118870239233903,
      "n_samples": 547
    },
    "2021-07": {
      "VC@20": 0.5385991122502274,
      "VC@100": 0.89447347618854,
      "Recall@20": 0.45,
      "Recall@100": 0.46,
      "NDCG": 0.651585880811877,
      "VC@10": 0.48858861547314847,
      "VC@25": 0.7705391824945815,
      "VC@50": 0.842814574921577,
      "VC@200": 0.94742512299017,
      "Recall@10": 0.5,
      "Recall@50": 0.56,
      "Spearman": 0.367475573654707,
      "n_samples": 490
    },
    "2021-08": {
      "VC@20": 0.6159397937222482,
      "VC@100": 0.948173361774139,
      "Recall@20": 0.6,
      "Recall@100": 0.49,
      "NDCG": 0.8011719794908834,
      "VC@10": 0.47785990257378563,
      "VC@25": 0.6164875742542716,
      "VC@50": 0.8721788704587112,
      "VC@200": 0.9590841213885136,
      "Recall@10": 0.5,
      "Recall@50": 0.64,
      "Spearman": 0.4100138530773771,
      "n_samples": 525
    },
    "2021-09": {
      "VC@20": 0.7439053523995883,
      "VC@100": 0.8704540112887438,
      "Recall@20": 0.45,
      "Recall@100": 0.42,
      "NDCG": 0.8047222790423508,
      "VC@10": 0.5682691566463529,
      "VC@25": 0.749358701185663,
      "VC@50": 0.8357566355343814,
      "VC@200": 0.9599635877978128,
      "Recall@10": 0.4,
      "Recall@50": 0.54,
      "Spearman": 0.364761948617914,
      "n_samples": 611
    },
    "2021-10": {
      "VC@20": 0.6810837701919756,
      "VC@100": 0.8071420040471186,
      "Recall@20": 0.5,
      "Recall@100": 0.37,
      "NDCG": 0.7421008918353189,
      "VC@10": 0.650348250499223,
      "VC@25": 0.7316088516322233,
      "VC@50": 0.7517427064063112,