{
  "eval_config": {
    "eval_months": [
      "2020-06",
      "2020-07",
      "2020-08",
      "2020-09",
      "2020-10",
      "2020-11",
      "2020-12",
      "2021-01",
      "2021-02",
      "2021-03",
      "2021-04",
      "2021-05",
      "2021-06",
      "2021-07",
      "2021-08",
      "2021-09",
      "2021-10",
      "2021-11",
      "2021-12",
      "2022-01",
      "2022-02",
      "2022-03",
      "2022-04",
      "2022-05",
      "2022-06",
      "2022-07",
      "2022-08",
      "2022-09",
      "2022-10",
      "2022-11",
      "2022-12",
      "2023-01",
      "2023-02",
      "2023-03",
      "2023-04",
      "2023-05"
    ],
    "class_type": "onpeak",
    "period_type": "f0",
    "mode": "eval"
  },
  "per_month": {
    "2020-06": {
      "VC@20": 0.32045038707461426,
      "VC@100": 0.5187677106452124,
      "Recall@20": 0.25,
      "Recall@100": 0.22,
      "NDCG": 0.492146708071466,
      "VC@10": 0.17720580788064536,
      "VC@25": 0.32049751913355173,
      "VC@50": 0.3341741417424082,
      "VC@200": 0.6293998637092229,
      "Recall@10": 0.2,
      "Recall@50": 0.22,
      "Spearman": 0.1483486072756577,
      "n_samples": 577
    },
    "2020-07": {
      "VC@20": 0.38856635278517015,
      "VC@100": 0.5503418857885881,
      "Recall@20": 0.3,
      "Recall@100": 0.25,
      "NDCG": 0.5596726826299414,
      "VC@10": 0.29963194169003105,
      "VC@25": 0.39418393376465816,
      "VC@50": 0.4849254172868168,
      "VC@200": 0.6274533199542286,
      "Recall@10": 0.4,
      "Recall@50": 0.26,
      "Spearman": 0.1757508863463277,
      "n_samples": 497
    },
    "2020-08": {
      "VC@20": 0.2867150012545863,
      "VC@100": 0.5436792302896751,
      "Recall@20": 0.25,
      "Recall@100": 0.26,
      "NDCG": 0.6004764895901411,
      "VC@10": 0.24359493848428665,
      "VC@25": 0.28772103829653134,
      "VC@50": 0.46973805786397915,
      "VC@200": 0.6751817328591863,
      "Recall@10": 0.4,
      "Recall@50": 0.22,
      "Spearman": 0.15303841321699158,
      "n_samples": 507
    },
    "2020-09": {
      "VC@20": 0.48399886003321185,
      "VC@100": 0.6902384938896892,
      "Recall@20": 0.3,
      "Recall@100": 0.22,
      "NDCG": 0.6807436304431407,
      "VC@10": 0.4678977090136731,
      "VC@25": 0.4839988600332119,
      "VC@50": 0.6656577295806717,
      "VC@200": 0.8762753923118944,
      "Recall@10": 0.4,
      "Recall@50": 0.3,
      "Spearman": 0.18447307886932365,
      "n_samples": 715
    },
    "2020-10": {
      "VC@20": 0.4618285851308524,
      "VC@100": 0.6615206579708347,
      "Recall@20": 0.3,
      "Recall@100": 0.27,
      "NDCG": 0.6032210961319308,
      "VC@10": 0.4560318598158578,
      "VC@25": 0.4816001418302301,
      "VC@50": 0.6335641993355626,
      "VC@200": 0.8923153284042964,
      "Recall@10": 0.5,
      "Recall@50": 0.34,
      "Spearman": 0.2332136622150544,
      "n_samples": 763
    },
    "2020-11": {
      "VC@20": 0.741395889485921,
      "VC@100": 0.7855818906444582,
      "Recall@20": 0.3,
      "Recall@100": 0.2,
      "NDCG": 0.8583241749461291,
      "VC@10": 0.5738052075883973,
      "VC@25": 0.7461079921281188,
      "VC@50": 0.7666173263249616,
      "VC@200": 0.9246799717716382,
      "Recall@10": 0.3,
      "Recall@50": 0.3,
      "Spearman": 0.19779561784323713,
      "n_samples": 508
    },
    "2020-12": {
      "VC@20": 0.7077974279569827,
      "VC@100": 0.8524642770901999,
      "Recall@20": 0.45,
      "Recall@100": 0.33,
      "NDCG": 0.6517943690756339,
      "VC@10": 0.2690281125731385,
      "VC@25": 0.7177058807181338,
      "VC@50": 0.7723690671831962,
      "VC@200": 0.9364318907553802,
      "Recall@10": 0.3,
      "Recall@50": 0.4,
      "Spearman": 0.24098712902062291,
      "n_samples": 550
    },
    "2021-01": {
      "VC@20": 0.3375039676612625,
      "VC@100": 0.6265669128123437,
      "Recall@20": 0.3,
      "Recall@100": 0.33,
      "NDCG": 0.5135874811278601,
      "VC@10": 0.3230289365391479,
      "VC@25": 0.34479192892989907,
      "VC@50": 0.5336529848892313,
      "VC@200": 0.9891528053663294,
      "Recall@10": 0.3,
      "Recall@50": 0.28,
      "Spearman": 0.2722492734018194,
      "n_samples": 407
    },
    "2021-02": {
      "VC@20": 0.4828062910058205,
      "VC@100": 0.7521138308281538,
      "Recall@20": 0.25,
      "Recall@100": 0.15,
      "NDCG": 0.7477275974187237,
      "VC@10": 0.4828062910058205,
      "VC@25": 0.48922809718373134,
      "VC@50": 0.6236289363202052,
      "VC@200": 0.9421092481456581,
      "Recall@10": 0.4,
      "Recall@50": 0.18,
      "Spearman": 0.202829814541504,
      "n_samples": 650
    },
    "2021-03": {
      "VC@20": 0.25937556567030523,
      "VC@100": 0.6519267484133793,
      "Recall@20": 0.3,
      "Recall@100": 0.25,
      "NDCG": 0.505515471617092,
      "VC@10": 0.24665773817022027,
      "VC@25": 0.2602340749439931,
      "VC@50": 0.594508068365775,
      "VC@200": 0.876953461979181,
      "Recall@10": 0.4,
      "Recall@50": 0.28,
      "Spearman": 0.17516829259272057,
      "n_samples": 669
    },
    "2021-04": {
      "VC@20": 0.32523447477376416,
      "VC@100": 0.5076128596254985,
      "Recall@20": 0.25,
      "Recall@100": 0.25,
      "NDCG": 0.5111917551857309,
      "VC@10": 0.13443949798926935,
      "VC@25": 0.325450848858331,
      "VC@50": 0.42685464643777526,
      "VC@200": 0.7071306773771552,
      "Recall@10": 0.1,
      "Recall@50": 0.28,
      "Spearman": 0.1538364803605218,
      "n_samples": 661
    },
    "2021-05": {
      "VC@20": 0.19659005856130018,
      "VC@100": 0.44442221864667464,
      "Recall@20": 0.2,
      "Recall@100": 0.29,
      "NDCG": 0.5094543801055458,
      "VC@10": 0.15037742017732886,
      "VC@25": 0.21796664236893618,
      "VC@50": 0.2895189820450395,
      "VC@200": 0.6125377959936503,
      "Recall@10": 0.2,
      "Recall@50": 0.3,
      "Spearman": 0.18021150627595997,
      "n_samples": 681
    },
    "2021-06": {
      "VC@20": 0.13817189686631742,
      "VC@100": 0.5519710223128477,
      "Recall@20": 0.2,
      "Recall@100": 0.29,
      "NDCG": 0.3308819954873051,
      "VC@10": 0.04459211098506286,
      "VC@25": 0.14399168617519792,
      "VC@50": 0.4599941705933915,
      "VC@200": 0.9060421372061979,
      "Recall@10": 0.1,
      "Recall@50": 0.28,
      "Spearman": 0.2567082049310136,
      "n_samples": 556
    },
    "2021-07": {
      "VC@20": 0.4261968346882293,
      "VC@100": 0.7915030240646277,
      "Recall@20": 0.35,
      "Recall@100": 0.26,
      "NDCG": 0.5058105072721124,
      "VC@10": 0.11973266047565793,
      "VC@25": 0.4261968346882293,
      "VC@50": 0.6061071947880133,
      "VC@200": 0.8971138141981063,
      "Recall@10": 0.1,
      "Recall@50": 0.28,
      "Spearman": 0.2426862459241229,
      "n_samples": 513
    },
    "2021-08": {
      "VC@20": 0.5132444396918672,
      "VC@100": 0.7843906811424152,
      "Recall@20": 0.35,
      "Recall@100": 0.34,
      "NDCG": 0.6487411763314516,
      "VC@10": 0.4912546656953703,
      "VC@25": 0.5133117742770404,
      "VC@50": 0.6308358715509269,
      "VC@200": 0.9559108906480803,
      "Recall@10": 0.5,
      "Recall@50": 0.34,
      "Spearman": 0.2990388876394542,
      "n_samples": 552
    },
    "2021-09": {
      "VC@20": 0.5239651557313363,
      "VC@100": 0.7513526369232101,
      "Recall@20": 0.3,
      "Recall@100": 0.25,
      "NDCG": 0.8031298743483904,
      "VC@10": 0.39081596638767835,
      "VC@25": 0.6037327501952691,
      "VC@50": 0.6818069832346777,
      "VC@200": 0.8318533201209686,
      "Recall@10": 0.3,
      "Recall@50": 0.24,
      "Spearman": 0.21890874282368294,
      "n_samples": 621
    },
    "2021-10": {
      "VC@20": 0.33806500552371876,
      "VC@100": 0.6233353783512188,
      "Recall@20": 0.25,
      "Recall@100": 0.3,
      "NDCG": 0.653115781462826,
      "VC@10": 0.27373723160044594,
      "VC@25": 0.36323098838752993,
      "VC@50": 0.4240370751131693,
      "VC@200": 0.776762218198103,
      "Recall@10": 0.4,