{
  "eval_config": {
    "eval_months": [
      "2020-06",
      "2020-07",
      "2020-08",
      "2020-09",
      "2020-10",
      "2020-11",
      "2020-12",
      "2021-01",
      "2021-02",
      "2021-03",
      "2021-04",
      "2021-05",
      "2021-06",
      "2021-07",
      "2021-08",
      "2021-09",
      "2021-10",
      "2021-11",
      "2021-12",
      "2022-01",
      "2022-02",
      "2022-03",
      "2022-04",
      "2022-05",
      "2022-06",
      "2022-07",
      "2022-08",
      "2022-09",
      "2022-10",
      "2022-11",
      "2022-12",
      "2023-01",
      "2023-02",
      "2023-03",
      "2023-04",
      "2023-05"
    ],
    "class_type": "onpeak",
    "period_type": "f0",
    "mode": "eval"
  },
  "per_month": {
    "2020-06": {
      "VC@20": 0.337727898986296,
      "VC@100": 0.5411837178758895,
      "Recall@20": 0.3,
      "Recall@100": 0.36,
      "NDCG": 0.7029137407301898,
      "VC@10": 0.3262896019384555,
      "VC@25": 0.3433944797831678,
      "VC@50": 0.4150847496345029,
      "VC@200": 0.57576543839833,
      "Recall@10": 0.4,
      "Recall@50": 0.4,
      "Spearman": 0.27744006489263545,
      "n_samples": 577
    },
    "2020-07": {
      "VC@20": 0.48555016011776714,
      "VC@100": 0.604818615214805,
      "Recall@20": 0.35,
      "Recall@100": 0.44,
      "NDCG": 0.6201974986871388,
      "VC@10": 0.30948043457471824,
      "VC@25": 0.48666876323331415,
      "VC@50": 0.5393465555278973,
      "VC@200": 0.7621911987429534,
      "Recall@10": 0.4,
      "Recall@50": 0.42,
      "Spearman": 0.3339243135257767,
      "n_samples": 497
    },
    "2020-08": {
      "VC@20": 0.43231340704198606,
      "VC@100": 0.6321106695392368,
      "Recall@20": 0.35,
      "Recall@100": 0.43,
      "NDCG": 0.7170044577800261,
      "VC@10": 0.3120991756161248,
      "VC@25": 0.4337164489242207,
      "VC@50": 0.49335734124246394,
      "VC@200": 0.7075261971736062,
      "Recall@10": 0.5,
      "Recall@50": 0.38,
      "Spearman": 0.28957216154564763,
      "n_samples": 507
    },
    "2020-09": {
      "VC@20": 0.6313509637135434,
      "VC@100": 0.8800615669213884,
      "Recall@20": 0.35,
      "Recall@100": 0.45,
      "NDCG": 0.8099057929306597,
      "VC@10": 0.5002914859212342,
      "VC@25": 0.6381233921034088,
      "VC@50": 0.6892051161749674,
      "VC@200": 0.9072835112653004,
      "Recall@10": 0.5,
      "Recall@50": 0.46,
      "Spearman": 0.33302206795376355,
      "n_samples": 715
    },
    "2020-10": {
      "VC@20": 0.4939898001484474,
      "VC@100": 0.7794158957698606,
      "Recall@20": 0.4,
      "Recall@100": 0.46,
      "NDCG": 0.6363228001819934,
      "VC@10": 0.40553614103813945,
      "VC@25": 0.6050047439612649,
      "VC@50": 0.6923297931829323,
      "VC@200": 0.972009016378683,
      "Recall@10": 0.2,
      "Recall@50": 0.52,
      "Spearman": 0.36047378820000897,
      "n_samples": 763
    },
    "2020-11": {
      "VC@20": 0.7571731370234935,
      "VC@100": 0.9124334125050442,
      "Recall@20": 0.4,
      "Recall@100": 0.53,
      "NDCG": 0.8220288041842435,
      "VC@10": 0.5364556690209588,
      "VC@25": 0.7616179467402906,
      "VC@50": 0.8242895923024779,
      "VC@200": 0.9191386127856133,
      "Recall@10": 0.3,
      "Recall@50": 0.56,
      "Spearman": 0.40343335693812543,
      "n_samples": 508
    },
    "2020-12": {
      "VC@20": 0.6160567824947172,
      "VC@100": 0.8241134196506094,
      "Recall@20": 0.4,
      "Recall@100": 0.57,
      "NDCG": 0.6708344332198575,
      "VC@10": 0.5890575004295822,
      "VC@25": 0.6422609184440484,
      "VC@50": 0.7826582773867171,
      "VC@200": 0.9751968048816543,
      "Recall@10": 0.5,
      "Recall@50": 0.58,
      "Spearman": 0.4014499900269038,
      "n_samples": 550
    },
    "2021-01": {
      "VC@20": 0.38577519174307084,
      "VC@100": 0.8635438291908341,
      "Recall@20": 0.35,
      "Recall@100": 0.5,
      "NDCG": 0.6286633241003473,
      "VC@10": 0.3501778439109523,
      "VC@25": 0.38593063137817213,
      "VC@50": 0.6800601033255725,
      "VC@200": 0.8981024056980553,
      "Recall@10": 0.4,
      "Recall@50": 0.52,
      "Spearman": 0.4075163080807527,
      "n_samples": 407
    },
    "2021-02": {
      "VC@20": 0.5086075041070539,
      "VC@100": 0.9432937609122968,
      "Recall@20": 0.4,
      "Recall@100": 0.42,
      "NDCG": 0.574642803382669,
      "VC@10": 0.41700290940440743,
      "VC@25": 0.5089348907821076,
      "VC@50": 0.6697960614920051,
      "VC@200": 0.9575681773004728,
      "Recall@10": 0.3,
      "Recall@50": 0.44,
      "Spearman": 0.3088137168413736,
      "n_samples": 650
    },
    "2021-03": {
      "VC@20": 0.5939034117615855,
      "VC@100": 0.7848123431765477,
      "Recall@20": 0.5,
      "Recall@100": 0.41,
      "NDCG": 0.6307245130689013,
      "VC@10": 0.5249881076717803,
      "VC@25": 0.6065843212841869,
      "VC@50": 0.676832580547502,
      "VC@200": 0.8161039876321451,
      "Recall@10": 0.5,
      "Recall@50": 0.42,
      "Spearman": 0.3171792609048071,
      "n_samples": 669
    },
    "2021-04": {
      "VC@20": 0.3056595621461565,
      "VC@100": 0.6752280412586011,
      "Recall@20": 0.25,
      "Recall@100": 0.41,
      "NDCG": 0.6251330245934063,
      "VC@10": 0.22964375238257173,
      "VC@25": 0.3825230418116778,
      "VC@50": 0.46134520116904854,
      "VC@200": 0.7985498422588928,
      "Recall@10": 0.2,
      "Recall@50": 0.38,
      "Spearman": 0.2569357879980667,
      "n_samples": 661
    },
    "2021-05": {
      "VC@20": 0.3057266649257291,
      "VC@100": 0.6496206649627412,
      "Recall@20": 0.25,
      "Recall@100": 0.46,
      "NDCG": 0.6723219761588471,
      "VC@10": 0.19556991372078103,
      "VC@25": 0.320939006185126,
      "VC@50": 0.380739310712112,
      "VC@200": 0.8073555167500123,
      "Recall@10": 0.3,
      "Recall@50": 0.38,
      "Spearman": 0.2755512768587188,
      "n_samples": 681
    },
    "2021-06": {
      "VC@20": 0.30787754541680723,
      "VC@100": 0.8865849152095101,
      "Recall@20": 0.25,
      "Recall@100": 0.48,
      "NDCG": 0.3989067975557277,
      "VC@10": 0.059619777768120906,
      "VC@25": 0.3157027198028749,
      "VC@50": 0.5534978831254861,
      "VC@200": 0.9523814927331379,
      "Recall@10": 0.1,
      "Recall@50": 0.44,
      "Spearman": 0.3456214918176006,
      "n_samples": 556
    },
    "2021-07": {
      "VC@20": 0.5182006893230295,
      "VC@100": 0.8668595702293717,
      "Recall@20": 0.45,
      "Recall@100": 0.5,
      "NDCG": 0.5560175467758725,
      "VC@10": 0.34011775246315973,
      "VC@25": 0.5618433280965923,
      "VC@50": 0.7714815326003792,
      "VC@200": 0.8904474787344973,
      "Recall@10": 0.2,
      "Recall@50": 0.48,
      "Spearman": 0.3606735396143052,
      "n_samples": 513
    },
    "2021-08": {
      "VC@20": 0.32502421555035355,
      "VC@100": 0.9405199751660921,
      "Recall@20": 0.4,
      "Recall@100": 0.58,
      "NDCG": 0.5158930967453471,
      "VC@10": 0.21257196535094358,
      "VC@25": 0.4354035842057894,
      "VC@50": 0.8342711181594357,
      "VC@200": 0.9854003955829067,
      "Recall@10": 0.3,
      "Recall@50": 0.6,
      "Spearman": 0.4257623357212064,
      "n_samples": 552
    },
    "2021-09": {
      "VC@20": 0.5641512562701897,
      "VC@100": 0.8965978160919894,
      "Recall@20": 0.35,
      "Recall@100": 0.49,
      "NDCG": 0.8152783432033046,
      "VC@10": 0.44937465005595506,
      "VC@25": 0.6676915404553574,
      "VC@50": 0.8152153999142288,
      "VC@200": 0.9376524310740745,
      "Recall@10": 0.4,
      "Recall@50": 0.52,
      "Spearman": 0.35861049777050635,
      "n_samples": 621
    },
    "2021-10": {
      "VC@20": 0.4833188397513856,
      "VC@100": 0.7511306802602479,
      "Recall@20": 0.5,
      "Recall@100": 0.47,
      "NDCG": 0.7729325189169579,
      "VC@10": 0.423824265439463,
      "VC@25": 0.5217094806112771,
      "VC@50": 0.6159138806312451,
      "VC@200": 0.8552219941673582,
      "Recall@10": 0.5,