{
  "eval_config": {
    "eval_months": [
      "2020-06",
      "2020-07",
      "2020-08",
      "2020-09",
      "2020-10",
      "2020-11",
      "2020-12",
      "2021-01",
      "2021-02",
      "2021-03",
      "2021-04",
      "2021-05",
      "2021-06",
      "2021-07",
      "2021-08",
      "2021-09",
      "2021-10",
      "2021-11",
      "2021-12",
      "2022-01",
      "2022-02",
      "2022-03",
      "2022-04",
      "2022-05",
      "2022-06",
      "2022-07",
      "2022-08",
      "2022-09",
      "2022-10",
      "2022-11",
      "2022-12",
      "2023-01",
      "2023-02",
      "2023-03",
      "2023-04",
      "2023-05"
    ],
    "class_type": "dailyoffpeak",
    "period_type": "f0",
    "lag": 1
  },
  "per_month": {
    "2020-06": {
      "VC@20": 0.06385272254203493,
      "VC@100": 0.951450424082988,
      "Recall@20": 0.5,
      "Recall@100": 0.37,
      "NDCG": 0.19374642389407887,
      "VC@10": 0.037728581647438614,
      "VC@25": 0.06517698291877051,
      "VC@50": 0.07477590548333933,
      "VC@200": 0.9591570220648927,
      "Recall@10": 0.1,
      "Recall@50": 0.5,
      "Spearman": 0.2850064598851494,
      "n_samples": 452
    },
    "2020-07": {
      "VC@20": 0.7239424838109523,
      "VC@100": 0.845378369413156,
      "Recall@20": 0.4,
      "Recall@100": 0.33,
      "NDCG": 0.6729863015404414,
      "VC@10": 0.6976361827018762,
      "VC@25": 0.7329420078745835,
      "VC@50": 0.7341390599535601,
      "VC@200": 0.845378369413156,
      "Recall@10": 0.5,
      "Recall@50": 0.34,
      "Spearman": 0.2781433086669602,
      "n_samples": 367
    },
    "2020-08": {
      "VC@20": 0.03689748778763023,
      "VC@100": 0.9228341170758098,
      "Recall@20": 0.45,
      "Recall@100": 0.44,
      "NDCG": 0.2000642628135491,
      "VC@10": 0.024113197832243267,
      "VC@25": 0.039804993140216585,
      "VC@50": 0.9182796119415634,
      "VC@200": 0.9287032239352673,
      "Recall@10": 0.1,
      "Recall@50": 0.48,
      "Spearman": 0.32384093628679705,
      "n_samples": 419
    },
    "2020-09": {
      "VC@20": 0.08033752658397339,
      "VC@100": 0.7417771436149729,
      "Recall@20": 0.1,
      "Recall@100": 0.28,
      "NDCG": 0.27852955487226116,
      "VC@10": 0.020297293108379518,
      "VC@25": 0.08067786535686836,
      "VC@50": 0.5854497984331632,
      "VC@200": 0.9357095264497552,
      "Recall@10": 0.0,
      "Recall@50": 0.3,
      "Spearman": 0.28708489515871394,
      "n_samples": 597
    },
    "2020-10": {
      "VC@20": 0.09392413339347269,
      "VC@100": 0.9532924220292064,
      "Recall@20": 0.25,
      "Recall@100": 0.25,
      "NDCG": 0.26664800192973076,
      "VC@10": 0.010040511294747603,
      "VC@25": 0.09445959422496805,
      "VC@50": 0.7137527362710575,
      "VC@200": 0.9609932922565082,
      "Recall@10": 0.0,
      "Recall@50": 0.32,
      "Spearman": 0.15943140417255777,
      "n_samples": 549
    },
    "2020-11": {
      "VC@20": 0.6061844282141851,
      "VC@100": 0.8520593073458044,
      "Recall@20": 0.2,
      "Recall@100": 0.36,
      "NDCG": 0.40739882027754815,
      "VC@10": 0.5703018393418584,
      "VC@25": 0.6296413221937505,
      "VC@50": 0.6744595856148273,
      "VC@200": 0.8690219971788714,
      "Recall@10": 0.2,
      "Recall@50": 0.3,
      "Spearman": 0.25195483709013206,
      "n_samples": 515
    },
    "2020-12": {
      "VC@20": 0.32054627919780126,
      "VC@100": 0.6137489086218687,
      "Recall@20": 0.2,
      "Recall@100": 0.41,
      "NDCG": 0.7226529019087949,
      "VC@10": 0.3005107393074266,
      "VC@25": 0.33056404914298865,
      "VC@50": 0.5593704205187151,
      "VC@200": 0.822525788046486,
      "Recall@10": 0.2,
      "Recall@50": 0.42,
      "Spearman": 0.3295477644305043,
      "n_samples": 514
    },
    "2021-01": {
      "VC@20": 0.01607725439704461,
      "VC@100": 0.3646194821959356,
      "Recall@20": 0.25,
      "Recall@100": 0.4,
      "NDCG": 0.23741651716267903,
      "VC@10": 0.01593055195128145,
      "VC@25": 0.056643444336331644,
      "VC@50": 0.27168885448543656,
      "VC@200": 0.375313386616699,
      "Recall@10": 0.0,
      "Recall@50": 0.4,
      "Spearman": 0.3205918256948641,
      "n_samples": 393
    },
    "2021-02": {
      "VC@20": 0.009957770543682461,
      "VC@100": 0.6233083404865974,
      "Recall@20": 0.0,
      "Recall@100": 0.37,
      "NDCG": 0.33689577928189973,
      "VC@10": 0.002913124570670752,
      "VC@25": 0.395625368409407,
      "VC@50": 0.4260707040128123,
      "VC@200": 0.6691727103299774,
      "Recall@10": 0.0,
      "Recall@50": 0.34,
      "Spearman": 0.312998578896151,
      "n_samples": 466
    },
    "2021-03": {
      "VC@20": 0.04582667132566011,
      "VC@100": 0.24896682506460038,
      "Recall@20": 0.15,
      "Recall@100": 0.44,
      "NDCG": 0.25167537103335386,
      "VC@10": 0.036220928841718535,
      "VC@25": 0.053686173652607715,
      "VC@50": 0.17705910450851736,
      "VC@200": 0.33977876448043004,
      "Recall@10": 0.0,
      "Recall@50": 0.36,
      "Spearman": 0.3376484985203688,
      "n_samples": 507
    },
    "2021-04": {
      "VC@20": 0.1423505700231407,
      "VC@100": 0.8008067069419527,
      "Recall@20": 0.2,
      "Recall@100": 0.41,
      "NDCG": 0.4787615362768927,
      "VC@10": 0.05943170147209859,
      "VC@25": 0.41813263044636584,
      "VC@50": 0.5911674084217734,
      "VC@200": 0.9330356016710725,
      "Recall@10": 0.1,
      "Recall@50": 0.34,
      "Spearman": 0.41007074250040165,
      "n_samples": 495
    },
    "2021-05": {
      "VC@20": 0.2714110859796953,
      "VC@100": 0.45803825570084605,
      "Recall@20": 0.3,
      "Recall@100": 0.22,
      "NDCG": 0.38210297745932126,
      "VC@10": 0.24477885009329844,
      "VC@25": 0.27165311330724706,
      "VC@50": 0.42605988227831815,
      "VC@200": 0.6262564782049777,
      "Recall@10": 0.3,
      "Recall@50": 0.18,
      "Spearman": 0.17916844615261232,
      "n_samples": 513
    },
    "2021-06": {
      "VC@20": 0.22257791761688156,
      "VC@100": 0.7629991422659628,
      "Recall@20": 0.2,
      "Recall@100": 0.34,
      "NDCG": 0.39275849162785065,
      "VC@10": 0.15300389842152548,
      "VC@25": 0.22958613316422563,
      "VC@50": 0.29397106468778084,
      "VC@200": 0.9926909677760299,
      "Recall@10": 0.1,
      "Recall@50": 0.32,
      "Spearman": 0.3490524541221994,
      "n_samples": 472
    },
    "2021-07": {
      "VC@20": 0.14085599997536513,
      "VC@100": 0.5315403257345039,
      "Recall@20": 0.15,
      "Recall@100": 0.3,
      "NDCG": 0.39043966140754555,
      "VC@10": 0.14085599997536513,
      "VC@25": 0.1879424652725386,
      "VC@50": 0.3714722103324783,
      "VC@200": 0.8868705407044957,
      "Recall@10": 0.3,
      "Recall@50": 0.26,
      "Spearman": 0.2629231024963626,
      "n_samples": 377
    },
    "2021-08": {
      "VC@20": 0.048298449873253026,
      "VC@100": 0.5073961908607577,
      "Recall@20": 0.2,
      "Recall@100": 0.25,
      "NDCG": 0.22237444695267444,
      "VC@10": 0.0,
      "VC@25": 0.4716602732350764,
      "VC@50": 0.48833254817506794,
      "VC@200": 0.5280660430266729,
      "Recall@10": 0.0,
      "Recall@50": 0.22,
      "Spearman": 0.19213771128208335,
      "n_samples": 419
    },
    "2021-09": {
      "VC@20": 0.052140706174428765,
      "VC@100": 0.31365109650131034,
      "Recall@20": 0.15,
      "Recall@100": 0.27,
      "NDCG": 0.19497539846883782,
      "VC@10": 0.0,
      "VC@25": 0.05395556526136729,
      "VC@50": 0.2974047170245046,
      "VC@200": 0.3200289641855547,
      "Recall@10": 0.0,
      "Recall@50": 0.32,
      "Spearman": 0.1921253333375935,
      "n_samples": 541
    },
    "2021-10": {
      "VC@20": 0.03938527092077973,
      "VC@100": 0.25163926152183064,
      "Recall@20": 0.4,
      "Recall@100": 0.27,
      "NDCG": 0.15823109659085505,
      "VC@10": 0.024663829214505707,
      "VC@25": 0.039821891037777904,
      "VC@50": 0.247933197923237,
      "VC@200": 0.26685553936070255,