{
  "eval_config": {
    "eval_months": [
      "2020-06",
      "2020-07",
      "2020-08",
      "2020-09",
      "2020-10",
      "2020-11",
      "2020-12",
      "2021-01",
      "2021-02",
      "2021-03",
      "2021-04",
      "2021-05",
      "2021-06",
      "2021-07",
      "2021-08",
      "2021-09",
      "2021-10",
      "2021-11",
      "2021-12",
      "2022-01",
      "2022-02",
      "2022-03",
      "2022-04",
      "2022-05",
      "2022-06",
      "2022-07",
      "2022-08",
      "2022-09",
      "2022-10",
      "2022-11",
      "2022-12",
      "2023-01",
      "2023-02",
      "2023-03",
      "2023-04",
      "2023-05"
    ],
    "class_type": "dailyoffpeak",
    "period_type": "f0",
    "lag": 1
  },
  "per_month": {
    "2020-06": {
      "VC@20": 0.06514396811713445,
      "VC@100": 0.0772231931601716,
      "Recall@20": 0.5,
      "Recall@100": 0.38,
      "NDCG": 0.1762697294295122,
      "VC@10": 0.03144738462505929,
      "VC@25": 0.06554329000358972,
      "VC@50": 0.07230189153851597,
      "VC@200": 0.9828108173259583,
      "Recall@10": 0.1,
      "Recall@50": 0.46,
      "Spearman": 0.3257989654424063,
      "n_samples": 452
    },
    "2020-07": {
      "VC@20": 0.7322064698501521,
      "VC@100": 0.845378369413156,
      "Recall@20": 0.45,
      "Recall@100": 0.35,
      "NDCG": 0.6862932874288581,
      "VC@10": 0.6976361827018762,
      "VC@25": 0.7329420078745834,
      "VC@50": 0.7505660758325281,
      "VC@200": 0.853296219911447,
      "Recall@10": 0.5,
      "Recall@50": 0.36,
      "Spearman": 0.28096528686756034,
      "n_samples": 367
    },
    "2020-08": {
      "VC@20": 0.036897487787630225,
      "VC@100": 0.9256699287299462,
      "Recall@20": 0.45,
      "Recall@100": 0.44,
      "NDCG": 0.22144739491124663,
      "VC@10": 0.021936968203844737,
      "VC@25": 0.03689748778763023,
      "VC@50": 0.9182796119415633,
      "VC@200": 0.9287032239352673,
      "Recall@10": 0.1,
      "Recall@50": 0.5,
      "Spearman": 0.32968288606669566,
      "n_samples": 419
    },
    "2020-09": {
      "VC@20": 0.08033752658397338,
      "VC@100": 0.7417771436149729,
      "Recall@20": 0.1,
      "Recall@100": 0.28,
      "NDCG": 0.2750343546899484,
      "VC@10": 0.0017544224067543661,
      "VC@25": 0.08067786535686836,
      "VC@50": 0.5897431800424064,
      "VC@200": 0.9357095264497552,
      "Recall@10": 0.0,
      "Recall@50": 0.32,
      "Spearman": 0.2817064413027625,
      "n_samples": 597
    },
    "2020-10": {
      "VC@20": 0.09392413339347269,
      "VC@100": 0.9532924220292063,
      "Recall@20": 0.25,
      "Recall@100": 0.3,
      "NDCG": 0.25459655946751153,
      "VC@10": 0.010040511294747603,
      "VC@25": 0.09553051588795877,
      "VC@50": 0.7285511522339144,
      "VC@200": 0.9609932922565081,
      "Recall@10": 0.0,
      "Recall@50": 0.34,
      "Spearman": 0.1475515747204402,
      "n_samples": 549
    },
    "2020-11": {
      "VC@20": 0.6294677191234651,
      "VC@100": 0.8371997037090249,
      "Recall@20": 0.25,
      "Recall@100": 0.33,
      "NDCG": 0.3682703472768287,
      "VC@10": 7.593165143150069e-05,
      "VC@25": 0.6376072140740101,
      "VC@50": 0.7220227309747891,
      "VC@200": 0.8701357664228977,
      "Recall@10": 0.0,
      "Recall@50": 0.36,
      "Spearman": 0.24083768888275478,
      "n_samples": 515
    },
    "2020-12": {
      "VC@20": 0.33056404914298865,
      "VC@100": 0.8042443338139916,
      "Recall@20": 0.25,
      "Recall@100": 0.42,
      "NDCG": 0.4883217962418714,
      "VC@10": 0.3005107393074266,
      "VC@25": 0.33056404914298865,
      "VC@50": 0.5775875466699312,
      "VC@200": 0.8225257880464862,
      "Recall@10": 0.2,
      "Recall@50": 0.42,
      "Spearman": 0.3274223847976254,
      "n_samples": 514
    },
    "2021-01": {
      "VC@20": 0.06510254445389735,
      "VC@100": 0.3646194821959356,
      "Recall@20": 0.45,
      "Recall@100": 0.42,
      "NDCG": 0.2503204501319315,
      "VC@10": 0.017017298478165875,
      "VC@25": 0.06510254445389736,
      "VC@50": 0.2744345241237539,
      "VC@200": 0.9738654779323032,
      "Recall@10": 0.0,
      "Recall@50": 0.42,
      "Spearman": 0.32117929459040756,
      "n_samples": 393
    },
    "2021-02": {
      "VC@20": 0.2226126625759364,
      "VC@100": 0.5925574274004464,
      "Recall@20": 0.1,
      "Recall@100": 0.42,
      "NDCG": 0.34279553111192645,
      "VC@10": 0.002913124570670752,
      "VC@25": 0.3932287729481042,
      "VC@50": 0.4260707040128123,
      "VC@200": 0.6691727103299774,
      "Recall@10": 0.0,
      "Recall@50": 0.34,
      "Spearman": 0.34262081909082925,
      "n_samples": 466
    },
    "2021-03": {
      "VC@20": 0.04948464787147138,
      "VC@100": 0.26640755917764847,
      "Recall@20": 0.15,
      "Recall@100": 0.44,
      "NDCG": 0.2517986333228003,
      "VC@10": 0.036220928841718535,
      "VC@25": 0.05184943999918428,
      "VC@50": 0.17579856833994337,
      "VC@200": 0.3483069186444839,
      "Recall@10": 0.0,
      "Recall@50": 0.34,
      "Spearman": 0.34044186136714666,
      "n_samples": 507
    },
    "2021-04": {
      "VC@20": 0.1423505700231407,
      "VC@100": 0.7793653939710624,
      "Recall@20": 0.2,
      "Recall@100": 0.42,
      "NDCG": 0.4680432323452243,
      "VC@10": 0.031008538120377967,
      "VC@25": 0.4167663252619738,
      "VC@50": 0.5623982928907342,
      "VC@200": 0.9330356016710725,
      "Recall@10": 0.0,
      "Recall@50": 0.4,
      "Spearman": 0.41187829448790736,
      "n_samples": 495
    },
    "2021-05": {
      "VC@20": 0.2714110859796953,
      "VC@100": 0.46399407648371205,
      "Recall@20": 0.3,
      "Recall@100": 0.2,
      "NDCG": 0.35102059113580064,
      "VC@10": 0.044645837617097395,
      "VC@25": 0.2714110859796953,
      "VC@50": 0.42605988227831804,
      "VC@200": 0.6262564782049775,
      "Recall@10": 0.0,
      "Recall@50": 0.18,
      "Spearman": 0.1830700137809695,
      "n_samples": 513
    },
    "2021-06": {
      "VC@20": 0.1530038984215255,
      "VC@100": 0.7629991422659627,
      "Recall@20": 0.05,
      "Recall@100": 0.32,
      "NDCG": 0.3889078605335833,
      "VC@10": 0.01050012805034208,
      "VC@25": 0.15820314881888808,
      "VC@50": 0.5169819144135904,
      "VC@200": 0.9926909677760298,
      "Recall@10": 0.0,
      "Recall@50": 0.36,
      "Spearman": 0.35131389356518355,
      "n_samples": 472
    },
    "2021-07": {
      "VC@20": 0.07659903369741611,
      "VC@100": 0.5403904010248104,
      "Recall@20": 0.1,
      "Recall@100": 0.33,
      "NDCG": 0.36232315768144585,
      "VC@10": 0.02951256840024265,
      "VC@25": 0.15879018177451093,
      "VC@50": 0.3752690589173593,
      "VC@200": 0.8836433733752538,
      "Recall@10": 0.1,
      "Recall@50": 0.3,
      "Spearman": 0.2748405314766363,
      "n_samples": 377
    },
    "2021-08": {
      "VC@20": 0.048298449873253026,
      "VC@100": 0.5073961908607578,
      "Recall@20": 0.2,
      "Recall@100": 0.24,
      "NDCG": 0.21599641934162805,
      "VC@10": 0.0,
      "VC@25": 0.049545729860690495,
      "VC@50": 0.49188146353500695,
      "VC@200": 0.5280660430266729,
      "Recall@10": 0.0,
      "Recall@50": 0.24,
      "Spearman": 0.1796369136492944,
      "n_samples": 419
    },
    "2021-09": {
      "VC@20": 0.05214070617442876,
      "VC@100": 0.3136510965013103,
      "Recall@20": 0.15,
      "Recall@100": 0.27,
      "NDCG": 0.19582912589789342,
      "VC@10": 0.0,
      "VC@25": 0.07051457404257276,
      "VC@50": 0.21481885890303892,
      "VC@200": 0.3200289641855547,
      "Recall@10": 0.0,
      "Recall@50": 0.26,
      "Spearman": 0.19433815083571793,
      "n_samples": 541
    },
    "2021-10": {
      "VC@20": 0.03938527092077973,
      "VC@100": 0.2516392615218306,
      "Recall@20": 0.4,
      "Recall@100": 0.26,
      "NDCG": 0.16673403118299654,
      "VC@10": 0.017097349462196168,
      "VC@25": 0.03938527092077973,
      "VC@50": 0.247933197923237,
      "VC@200": 0.2668555393607025,