{
  "eval_config": {
    "eval_months": [
      "2020-07",
      "2020-08",
      "2020-09",
      "2020-10",
      "2020-11",
      "2020-12",
      "2021-01",
      "2021-02",
      "2021-03",
      "2021-04",
      "2021-07",
      "2021-08",
      "2021-09",
      "2021-10",
      "2021-11",
      "2021-12",
      "2022-01",
      "2022-02",
      "2022-03",
      "2022-04",
      "2022-07",
      "2022-08",
      "2022-09",
      "2022-10",
      "2022-11",
      "2022-12",
      "2023-01",
      "2023-02",
      "2023-03",
      "2023-04"
    ],
    "class_type": "onpeak",
    "period_type": "f1",
    "lag": 1,
    "note": "v11a: v10e-lag1 + bf_partial (d8 fixed window)"
  },
  "per_month": {
    "2020-07": {
      "VC@20": 0.6011776143200126,
      "VC@100": 0.7481188066038174,
      "Recall@20": 0.45,
      "Recall@100": 0.48,
      "NDCG": 0.8196626718662087,
      "VC@10": 0.5351374713794415,
      "VC@25": 0.6155453664821974,
      "VC@50": 0.6709118950285975,
      "VC@200": 0.8400710994929411,
      "Recall@10": 0.6,
      "Recall@50": 0.46,
      "Spearman": 0.3129922684176423,
      "n_samples": 403
    },
    "2020-08": {
      "VC@20": 0.6399515632502375,
      "VC@100": 0.8279141168002315,
      "Recall@20": 0.4,
      "Recall@100": 0.49,
      "NDCG": 0.7473053317620033,
      "VC@10": 0.6053905031512531,
      "VC@25": 0.655549592581123,
      "VC@50": 0.6738182212079246,
      "VC@200": 0.8939599907320401,
      "Recall@10": 0.7,
      "Recall@50": 0.44,
      "Spearman": 0.34630420345513796,
      "n_samples": 591
    },
    "2020-09": {
      "VC@20": 0.3665970580547314,
      "VC@100": 0.7715757907981086,
      "Recall@20": 0.3,
      "Recall@100": 0.46,
      "NDCG": 0.5701718400277513,
      "VC@10": 0.34450005663349836,
      "VC@25": 0.39995477083462566,
      "VC@50": 0.5132775082564965,
      "VC@200": 0.9249403912051088,
      "Recall@10": 0.2,
      "Recall@50": 0.44,
      "Spearman": 0.31659453356144795,
      "n_samples": 720
    },
    "2020-10": {
      "VC@20": 0.3633446153582532,
      "VC@100": 0.5464056402314549,
      "Recall@20": 0.35,
      "Recall@100": 0.43,
      "NDCG": 0.5106447511171971,
      "VC@10": 0.3283317541296076,
      "VC@25": 0.36352086603427414,
      "VC@50": 0.5094971225503473,
      "VC@200": 0.8789312162503123,
      "Recall@10": 0.2,
      "Recall@50": 0.42,
      "Spearman": 0.33571176810174314,
      "n_samples": 577
    },
    "2020-11": {
      "VC@20": 0.42772088942687053,
      "VC@100": 0.9188403633859566,
      "Recall@20": 0.4,
      "Recall@100": 0.46,
      "NDCG": 0.6557496276209139,
      "VC@10": 0.3903633514539384,
      "VC@25": 0.7227312303962022,
      "VC@50": 0.8011006657786929,
      "VC@200": 0.924989263046626,
      "Recall@10": 0.5,
      "Recall@50": 0.52,
      "Spearman": 0.3505639747660629,
      "n_samples": 404
    },
    "2020-12": {
      "VC@20": 0.4730838931633153,
      "VC@100": 0.9005943592634306,
      "Recall@20": 0.4,
      "Recall@100": 0.48,
      "NDCG": 0.654674513214443,
      "VC@10": 0.4582049310977035,
      "VC@25": 0.47524700956464866,
      "VC@50": 0.6952942934055099,
      "VC@200": 0.9842619479033347,
      "Recall@10": 0.6,
      "Recall@50": 0.5,
      "Spearman": 0.3837693618839357,
      "n_samples": 336
    },
    "2021-01": {
      "VC@20": 0.41773343391970436,
      "VC@100": 0.9348312756907525,
      "Recall@20": 0.35,
      "Recall@100": 0.53,
      "NDCG": 0.6575763316187871,
      "VC@10": 0.2272823829658555,
      "VC@25": 0.49106639966332066,
      "VC@50": 0.6007463547653656,
      "VC@200": 1.0,
      "Recall@10": 0.1,
      "Recall@50": 0.48,
      "Spearman": 0.42960419180854914,
      "n_samples": 351
    },
    "2021-02": {
      "VC@20": 0.39272287911047166,
      "VC@100": 0.7945024582236708,
      "Recall@20": 0.4,
      "Recall@100": 0.41,
      "NDCG": 0.6142170371696192,
      "VC@10": 0.35151793381050794,
      "VC@25": 0.6488652342665306,
      "VC@50": 0.7194769328545596,
      "VC@200": 0.9355433083441584,
      "Recall@10": 0.4,
      "Recall@50": 0.46,
      "Spearman": 0.34695984040021893,
      "n_samples": 503
    },
    "2021-03": {
      "VC@20": 0.421619581674103,
      "VC@100": 0.6910630134701197,
      "Recall@20": 0.4,
      "Recall@100": 0.39,
      "NDCG": 0.7134233516840303,
      "VC@10": 0.30186374534389565,
      "VC@25": 0.5859793055233803,
      "VC@50": 0.6118248204020623,
      "VC@200": 0.791916345196518,
      "Recall@10": 0.3,
      "Recall@50": 0.44,
      "Spearman": 0.2568908445999435,
      "n_samples": 573
    },
    "2021-04": {
      "VC@20": 0.3584465261096816,
      "VC@100": 0.7047327356336949,
      "Recall@20": 0.35,
      "Recall@100": 0.41,
      "NDCG": 0.5481268866051162,
      "VC@10": 0.24975203693499465,
      "VC@25": 0.37061624305195184,
      "VC@50": 0.553567741033168,
      "VC@200": 0.7501858290006351,
      "Recall@10": 0.3,
      "Recall@50": 0.42,
      "Spearman": 0.27836984659387437,
      "n_samples": 490
    },
    "2021-07": {
      "VC@20": 0.7631312547470828,
      "VC@100": 0.8848619880262885,
      "Recall@20": 0.45,
      "Recall@100": 0.42,
      "NDCG": 0.5527754149230245,
      "VC@10": 0.2986171257131348,
      "VC@25": 0.7764327496999346,
      "VC@50": 0.843021867512479,
      "VC@200": 0.9391473900866917,
      "Recall@10": 0.5,
      "Recall@50": 0.48,
      "Spearman": 0.321682095649247,
      "n_samples": 440
    },
    "2021-08": {
      "VC@20": 0.5265111500920965,
      "VC@100": 0.8374149936627842,
      "Recall@20": 0.4,
      "Recall@100": 0.48,
      "NDCG": 0.7826244130915034,
      "VC@10": 0.4247465656462776,
      "VC@25": 0.559697639244352,
      "VC@50": 0.6928978723247599,
      "VC@200": 0.8829514311667547,
      "Recall@10": 0.4,
      "Recall@50": 0.48,
      "Spearman": 0.3344552679067175,
      "n_samples": 539
    },
    "2021-09": {
      "VC@20": 0.28907728581290226,
      "VC@100": 0.6765594145795935,
      "Recall@20": 0.35,
      "Recall@100": 0.43,
      "NDCG": 0.6464127501201916,
      "VC@10": 0.23633990507146485,
      "VC@25": 0.3679147676793673,
      "VC@50": 0.6259826285286139,
      "VC@200": 0.8336781829464999,
      "Recall@10": 0.4,
      "Recall@50": 0.44,
      "Spearman": 0.34124089062192775,
      "n_samples": 576
    },
    "2021-10": {
      "VC@20": 0.6786352070622969,
      "VC@100": 0.7629868445873718,
      "Recall@20": 0.25,
      "Recall@100": 0.39,
      "NDCG": 0.43453484577661744,
      "VC@10": 0.6369884993065663,
      "VC@25": 0.6816331350977619,
      "VC@50": 0.74541000626458,
      "VC@200": 0.8205671632893463,
      "Recall@10": 0.3,
      "Recall@50": 0.38,
      "Spearman": 0.2312064934422457,
      "n_samples": 577
    },
    "2021-11": {
      "VC@20": 0.4105006912915351,
      "VC@100": 0.8192482871432434,
      "Recall@20": 0.25,
      "Recall@100": 0.35,
      "NDCG": 0.5080727299786165,
      "VC@10": 0.366056557051671,
      "VC@25": 0.43689319839660146,
      "VC@50": 0.4789332408597153,
      "VC@200": 0.8617847008909478,
      "Recall@10": 0.2,
      "Recall@50": 0.34,
      "Spearman": 0.24447999898472134,
      "n_samples": 345
    },
    "2021-12": {
      "VC@20": 0.6891032459086319,
      "VC@100": 0.8494902575651674,
      "Recall@20": 0.4,
      "Recall@100": 0.46,
      "NDCG": 0.8277708140390466,
      "VC@10": 0.6144433913217028,
      "VC@25": 0.6977476360177834,
      "VC@50": 0.8008724674747969,
      "VC@200": 0.8798571522046175,
      "Recall@10": 0.4,
      "Recall@50": 0.52,
      "Spearman": 0.34937770937960744,
      "n_samples": 327
    },
    "2022-01": {
      "VC@20": 0.8449305816776955,
      "VC@100": 0.926084311345309,
      "Recall@20": 0.5,
      "Recall@100": 0.51,
      "NDCG": 0.5254409331792457,
      "VC@10": 0.5609669269682648,
      "VC@25": 0.8464994488460544,
      "VC@50": 0.8817888212351818,
      "VC@200": 0.951505306467479,
      "Recall@10": 0.4,
      "Recall@50": 0.5,
      "Spearman": 0.39200486011472657,