{
  "eval_config": {
    "eval_months": [
      "2020-09",
      "2020-12",
      "2021-03",
      "2021-06",
      "2021-09",
      "2021-12",
      "2022-03",
      "2022-06",
      "2022-09",
      "2022-12",
      "2023-03",
      "2023-05"
    ],
    "class_type": "offpeak",
    "period_type": "f0",
    "mode": "eval"
  },
  "per_month": {
    "2020-09": {
      "VC@20": 0.3239336503558859,
      "VC@100": 0.9572370387032346,
      "Recall@20": 0.3,
      "Recall@100": 0.19,
      "NDCG": 0.4175366035938099,
      "VC@10": 0.19094026790284044,
      "VC@25": 0.3328139143436794,
      "VC@50": 0.7839963687241465,
      "VC@200": 0.980033493676392,
      "Recall@10": 0.2,
      "Recall@50": 0.26,
      "Spearman": 0.21029041145672128,
      "n_samples": 678
    },
    "2020-12": {
      "VC@20": 0.5738905103130687,
      "VC@100": 0.7770291061989677,
      "Recall@20": 0.3,
      "Recall@100": 0.28,
      "NDCG": 0.5654323278533127,
      "VC@10": 0.32895692679472555,
      "VC@25": 0.5810930517853847,
      "VC@50": 0.5939977396849911,
      "VC@200": 0.8809038434859602,
      "Recall@10": 0.3,
      "Recall@50": 0.3,
      "Spearman": 0.29551072642814014,
      "n_samples": 559
    },
    "2021-03": {
      "VC@20": 0.19527018615538003,
      "VC@100": 0.7453697610756268,
      "Recall@20": 0.2,
      "Recall@100": 0.26,
      "NDCG": 0.41141193630738754,
      "VC@10": 0.1780932301031008,
      "VC@25": 0.22405140678875168,
      "VC@50": 0.55468353215809,
      "VC@200": 0.9236072600071272,
      "Recall@10": 0.2,
      "Recall@50": 0.2,
      "Spearman": 0.20079653890185512,
      "n_samples": 641
    },
    "2021-06": {
      "VC@20": 0.2806350903499247,
      "VC@100": 0.7181194854024764,
      "Recall@20": 0.2,
      "Recall@100": 0.23,
      "NDCG": 0.39776547030456316,
      "VC@10": 0.09473682828410847,
      "VC@25": 0.2806350903499247,
      "VC@50": 0.3300338321134667,
      "VC@200": 0.7626644449621234,
      "Recall@10": 0.1,
      "Recall@50": 0.24,
      "Spearman": 0.23773319774807827,
      "n_samples": 547
    },
    "2021-09": {
      "VC@20": 0.6998333282758211,
      "VC@100": 0.8203706471548479,
      "Recall@20": 0.45,
      "Recall@100": 0.36,
      "NDCG": 0.5829648763046386,
      "VC@10": 0.37656972138511485,
      "VC@25": 0.6998333282758211,
      "VC@50": 0.7494101558737788,
      "VC@200": 0.8736832641647876,
      "Recall@10": 0.2,
      "Recall@50": 0.24,
      "Spearman": 0.2696428098598413,
      "n_samples": 611
    },
    "2021-12": {
      "VC@20": 0.259107575007215,
      "VC@100": 0.7105283431906739,
      "Recall@20": 0.1,
      "Recall@100": 0.18,
      "NDCG": 0.4478098440640007,
      "VC@10": 0.259107575007215,
      "VC@25": 0.259107575007215,
      "VC@50": 0.5751227295401374,
      "VC@200": 0.8986197706363955,
      "Recall@10": 0.2,
      "Recall@50": 0.18,
      "Spearman": 0.13578578329305935,
      "n_samples": 431
    },
    "2022-03": {
      "VC@20": 0.35069878043534236,
      "VC@100": 0.5175238889212893,
      "Recall@20": 0.2,
      "Recall@100": 0.21,
      "NDCG": 0.45988518355647134,
      "VC@10": 0.19979856804388796,
      "VC@25": 0.35069878043534236,
      "VC@50": 0.35700414964325927,
      "VC@200": 0.7895680340223633,
      "Recall@10": 0.2,
      "Recall@50": 0.14,
      "Spearman": 0.2201734744750472,
      "n_samples": 709
    },
    "2022-06": {
      "VC@20": 0.10264425418264989,
      "VC@100": 0.554753262423906,
      "Recall@20": 0.15,
      "Recall@100": 0.24,
      "NDCG": 0.28566958088830763,
      "VC@10": 0.09767600829192222,
      "VC@25": 0.1040890087348093,
      "VC@50": 0.37569334682834765,
      "VC@200": 0.946515357455928,
      "Recall@10": 0.1,
      "Recall@50": 0.24,
      "Spearman": 0.21476346646700717,
      "n_samples": 555
    },
    "2022-09": {
      "VC@20": 0.23414722913826785,
      "VC@100": 0.8111377973134494,
      "Recall@20": 0.2,
      "Recall@100": 0.29,
      "NDCG": 0.44997085688215005,
      "VC@10": 0.22576123329880257,
      "VC@25": 0.23414722913826785,
      "VC@50": 0.5145859298706761,
      "VC@200": 0.9278380765831648,
      "Recall@10": 0.2,
      "Recall@50": 0.2,
      "Spearman": 0.28695906429198986,
      "n_samples": 600
    },
    "2022-12": {
      "VC@20": 0.034593171168808966,
      "VC@100": 0.6792269823860511,
      "Recall@20": 0.05,
      "Recall@100": 0.22,
      "NDCG": 0.36685284888975134,
      "VC@10": 0.004665738322655885,
      "VC@25": 0.1836772957998077,
      "VC@50": 0.4896904172834147,
      "VC@200": 0.7109887789050227,
      "Recall@10": 0.0,
      "Recall@50": 0.26,
      "Spearman": 0.12060905050608701,
      "n_samples": 531
    },
    "2023-03": {
      "VC@20": 0.30504168684844274,
      "VC@100": 0.4351826094221948,
      "Recall@20": 0.3,
      "Recall@100": 0.21,
      "NDCG": 0.38275216542967916,
      "VC@10": 0.11572566100787765,
      "VC@25": 0.30504168684844274,
      "VC@50": 0.40473844446905166,
      "VC@200": 0.8279873678410913,
      "Recall@10": 0.2,
      "Recall@50": 0.22,
      "Spearman": 0.1591115760053743,
      "n_samples": 783
    },
    "2023-05": {
      "VC@20": 0.4410598207806701,
      "VC@100": 0.7150515532878187,
      "Recall@20": 0.3,
      "Recall@100": 0.27,
      "NDCG": 0.4925102106811237,
      "VC@10": 0.2505412029749652,
      "VC@25": 0.5184050642486254,
      "VC@50": 0.5714294786416044,
      "VC@200": 0.7924249506002343,
      "Recall@10": 0.2,
      "Recall@50": 0.28,
      "Spearman": 0.22247551279759203,
      "n_samples": 641
    }
  },
  "aggregate": {
    "mean": {
      "VC@20": 0.3167379402509565,
      "VC@100": 0.7034608729567114,
      "Recall@20": 0.22916666666666663,
      "Recall@100": 0.245,
      "NDCG": 0.4383801587295996,
      "VC@10": 0.19354774678476808,
      "VC@25": 0.33946611931300597,
      "VC@50": 0.525032177069247,
      "VC@200": 0.8595695535283824,
      "Recall@10": 0.17500000000000002,
      "Recall@50": 0.22999999999999998,
      "Spearman": 0.2144876343525661,
      "n_samples": 607.1666666666666
    },
    "std": {
      "VC@20": 0.17826232135967357,
      "VC@100": 0.13738006557644994,
      "Recall@20": 0.10299339245256896,
      "Recall@100": 0.04821825380496478,
      "NDCG": 0.07905969690938253,
      "VC@10": 0.10057714073716353,
      "VC@25": 0.16723896667292842,
      "VC@50": 0.1390724510160954,
      "VC@200": 0.07899615631053812,
      "Recall@10": 0.07216878364870322,
      "Recall@50": 0.042817441928883766,
      "Spearman": 0.053052058357046655,
      "n_samples": 88.58031509439455
    },
    "min": {
      "VC@20": 0.034593171168808966,
      "VC@100": 0.4351826094221948,
      "Recall@20": 0.05,
      "Recall@100": 0.18,
      "NDCG": 0.28566958088830763,
      "VC@10": 0.004665738322655885,
      "VC@25": 0.1040890087348093,
      "VC@50": 0.3300338321134667,
      "VC@200": 0.7109887789050227,
      "Recall@10": 0.0,
      "Recall@50": 0.14,
      "Spearman": 0.12060905050608701,
      "n_samples": 431.0
    },
    "max": {
      "VC@20": 0.6998333282758211,
      "VC@100": 0.9572370387032346,
      "Recall@20": 0.45,
      "Recall@100": 0.36,
      "NDCG": 0.5829648763046386,
      "VC@10": 0.37656972138511485,
      "VC@25": 0.6998333282758211,
      "VC@50": 0.7839963687241465,
      "VC@200": 0.980033493676392,
      "Recall@10": 0.3,
      "Recall@50": 0.3,
      "Spearman": 0.29551072642814014,
      "n_samples": 783.0
    },
    "bottom_2_mean": {
      "VC@20": 0.06861871267572943,
      "VC@100": 0.47635324917174204,
      "Recall@20": 0.07500000000000001,
      "Recall@100": 0.185,
      "NDCG": 0.3262612148890295,
      "VC@10": 0.04970128330338218,
      "VC@25": 0.1438831522673085,
      "VC@50": 0.343518990878363,
      "VC@200": 0.736826611933573,
      "Recall@10": 0.05,
      "Recall@50": 0.16,
      "Spearman": 0.12819741689957317,
      "n_samples": 481.0
    }
  },
  "n_months": 12,
  "n_months_requested": 12,
  "skipped_months": []
}