{
  "eval_config": {
    "eval_groups": [
      "2022-06/aq1",
      "2022-06/aq2",
      "2022-06/aq3",
      "2022-06/aq4",
      "2023-06/aq1",
      "2023-06/aq2",
      "2023-06/aq3",
      "2023-06/aq4",
      "2024-06/aq1",
      "2024-06/aq2",
      "2024-06/aq3",
      "2024-06/aq4"
    ],
    "mode": "eval"
  },
  "per_month": {
    "2022-06/aq1": {
      "VC@20": 0.21808341492918945,
      "VC@100": 0.5626687839437006,
      "Recall@20": 0.25,
      "Recall@100": 0.45,
      "NDCG": 0.6194244832250342,
      "VC@10": 0.092739497985877,
      "VC@25": 0.25146542785372133,
      "VC@50": 0.41361778265522947,
      "VC@200": 0.872300171875478,
      "Recall@10": 0.2,
      "Recall@50": 0.4,
      "Spearman": 0.3349490774136069,
      "Tier0-AP": 0.3596971193077416,
      "Tier01-AP": 0.5733380453912533,
      "n_samples": 325
    },
    "2022-06/aq2": {
      "VC@20": 0.4124855588672688,
      "VC@100": 0.8390751949567472,
      "Recall@20": 0.5,
      "Recall@100": 0.58,
      "NDCG": 0.6599562057913875,
      "VC@10": 0.13886081625467492,
      "VC@25": 0.5156565429619517,
      "VC@50": 0.6759107192478997,
      "VC@200": 0.9310741046447093,
      "Recall@10": 0.1,
      "Recall@50": 0.56,
      "Spearman": 0.41038853612390774,
      "Tier0-AP": 0.5000408293750639,
      "Tier01-AP": 0.6169607230918698,
      "n_samples": 302
    },
    "2022-06/aq3": {
      "VC@20": 0.5946269534805176,
      "VC@100": 0.8954016943718124,
      "Recall@20": 0.3,
      "Recall@100": 0.46,
      "NDCG": 0.3822991961612982,
      "VC@10": 0.052598378119348546,
      "VC@25": 0.6164288798576052,
      "VC@50": 0.7695608566861077,
      "VC@200": 0.9748162015563031,
      "Recall@10": 0.1,
      "Recall@50": 0.36,
      "Spearman": 0.2725834430371739,
      "Tier0-AP": 0.34230168009477446,
      "Tier01-AP": 0.40120746538434066,
      "n_samples": 262
    },
    "2022-06/aq4": {
      "VC@20": 0.29230774982255636,
      "VC@100": 0.8194026749971559,
      "Recall@20": 0.5,
      "Recall@100": 0.46,
      "NDCG": 0.7380381740582168,
      "VC@10": 0.1796183571980991,
      "VC@25": 0.3135216226652166,
      "VC@50": 0.6769244006778846,
      "VC@200": 0.9071818605349176,
      "Recall@10": 0.4,
      "Recall@50": 0.52,
      "Spearman": 0.3936015736645752,
      "Tier0-AP": 0.449579675489447,
      "Tier01-AP": 0.5942632105233806,
      "n_samples": 380
    },
    "2023-06/aq1": {
      "VC@20": 0.20904658166494222,
      "VC@100": 0.5499709585158271,
      "Recall@20": 0.2,
      "Recall@100": 0.51,
      "NDCG": 0.6296083387023885,
      "VC@10": 0.18124828922013164,
      "VC@25": 0.2858024755576791,
      "VC@50": 0.41916674217394434,
      "VC@200": 0.911510953224215,
      "Recall@10": 0.2,
      "Recall@50": 0.42,
      "Spearman": 0.36040860665353847,
      "Tier0-AP": 0.4742716668207154,
      "Tier01-AP": 0.5616430085919126,
      "n_samples": 276
    },
    "2023-06/aq2": {
      "VC@20": 0.6337342857700798,
      "VC@100": 0.8346700072129557,
      "Recall@20": 0.65,
      "Recall@100": 0.6,
      "NDCG": 0.6846927882495387,
      "VC@10": 0.4656005067594921,
      "VC@25": 0.6385262025367411,
      "VC@50": 0.770940811239637,
      "VC@200": 0.8882364136414787,
      "Recall@10": 0.4,
      "Recall@50": 0.6,
      "Spearman": 0.3599511174340924,
      "Tier0-AP": 0.556048476618887,
      "Tier01-AP": 0.6357534376711984,
      "n_samples": 410
    },
    "2023-06/aq3": {
      "VC@20": 0.21620535312108538,
      "VC@100": 0.512539824377661,
      "Recall@20": 0.35,
      "Recall@100": 0.57,
      "NDCG": 0.5628430664587682,
      "VC@10": 0.08890012748162637,
      "VC@25": 0.23104909599997803,
      "VC@50": 0.34642622397208184,
      "VC@200": 0.7970030969250126,
      "Recall@10": 0.1,
      "Recall@50": 0.32,
      "Spearman": 0.40851445702226385,
      "Tier0-AP": 0.5908842249863929,
      "Tier01-AP": 0.646796360196111,
      "n_samples": 504
    },
    "2023-06/aq4": {
      "VC@20": 0.15924787716124864,
      "VC@100": 0.4697781027565968,
      "Recall@20": 0.25,
      "Recall@100": 0.52,
      "NDCG": 0.5430473397458289,
      "VC@10": 0.0716535327764034,
      "VC@25": 0.19761666684489412,
      "VC@50": 0.3717748877173896,
      "VC@200": 0.5289288869385493,
      "Recall@10": 0.0,
      "Recall@50": 0.44,
      "Spearman": 0.31964953184993256,
      "Tier0-AP": 0.47607650796398154,
      "Tier01-AP": 0.5905216378761751,
      "n_samples": 459
    },
    "2024-06/aq1": {
      "VC@20": 0.24597676799194457,
      "VC@100": 0.6908441960723548,
      "Recall@20": 0.3,
      "Recall@100": 0.58,
      "NDCG": 0.6226408667018057,
      "VC@10": 0.10734902196361874,
      "VC@25": 0.3113752872487469,
      "VC@50": 0.4259275106826,
      "VC@200": 0.8469389813658009,
      "Recall@10": 0.2,
      "Recall@50": 0.48,
      "Spearman": 0.39959377608159474,
      "Tier0-AP": 0.4812355839752295,
      "Tier01-AP": 0.6098655825556721,
      "n_samples": 425
    },
    "2024-06/aq2": {
      "VC@20": 0.3070090351130782,
      "VC@100": 0.6311443194571903,
      "Recall@20": 0.25,
      "Recall@100": 0.42,
      "NDCG": 0.7369266258586368,
      "VC@10": 0.16991404322552373,
      "VC@25": 0.3470916832390454,
      "VC@50": 0.4840670264469218,
      "VC@200": 0.7754284451394611,
      "Recall@10": 0.3,
      "Recall@50": 0.36,
      "Spearman": 0.39137386672038127,
      "Tier0-AP": 0.41760704948387206,
      "Tier01-AP": 0.604673230617826,
      "n_samples": 483
    },
    "2024-06/aq3": {
      "VC@20": 0.2864987361008261,
      "VC@100": 0.770084524439256,
      "Recall@20": 0.25,
      "Recall@100": 0.55,
      "NDCG": 0.4865626866075124,
      "VC@10": 0.17019944949692503,
      "VC@25": 0.32940417348952244,
      "VC@50": 0.4282357068424023,
      "VC@200": 0.8838821595353076,
      "Recall@10": 0.2,
      "Recall@50": 0.44,
      "Spearman": 0.4145605391063638,
      "Tier0-AP": 0.4376541717139756,
      "Tier01-AP": 0.5773259329791681,
      "n_samples": 315
    },
    "2024-06/aq4": {
      "VC@20": 0.11169316602915345,
      "VC@100": 0.4527938722951674,
      "Recall@20": 0.05,
      "Recall@100": 0.46,
      "NDCG": 0.5488604792594962,
      "VC@10": 0.049364306015973976,
      "VC@25": 0.21322530409040705,
      "VC@50": 0.3230191906828838,
      "VC@200": 0.6988339307386642,
      "Recall@10": 0.0,
      "Recall@50": 0.42,
      "Spearman": 0.3065699244784955,
      "Tier0-AP": 0.44795978165939365,
      "Tier01-AP": 0.5514314573844988,
      "n_samples": 476
    }
  },
  "aggregate": {
    "mean": {
      "VC@20": 0.30724295667099083,
      "VC@100": 0.6690311794497021,
      "Recall@20": 0.3208333333333333,
      "Recall@100": 0.5133333333333333,
      "NDCG": 0.6012416875683261,
      "VC@10": 0.1473371938748079,
      "VC@25": 0.35426361352879243,
      "VC@50": 0.5087976549187485,
      "VC@200": 0.8346779338433247,
      "Recall@10": 0.18333333333333335,
      "Recall@50": 0.44333333333333336,
      "Spearman": 0.3643453707988272,
      "Tier0-AP": 0.4611130639574563,
      "Tier01-AP": 0.5803150076886173,
      "n_samples": 384.75
    },
    "std": {
      "VC@20": 0.15564146833577172,
      "VC@100": 0.1524159841616766,
      "Recall@20": 0.15337635266088304,
      "Recall@100": 0.05934831271588284,
      "NDCG": 0.09908762236959742,
      "VC@10": 0.10680387695790779,
      "VC@25": 0.1456647272272944,
      "VC@50": 0.15906639590530922,
      "VC@200": 0.11683763265459099,
      "Recall@10": 0.12801909579781012,
      "Recall@50": 0.08034647195462633,
      "Spearman": 0.04479237350892337,
      "Tier0-AP": 0.06789764760291203,
      "Tier01-AP": 0.06049890679326136,
      "n_samples": 82.74974823728066
    },
    "min": {
      "VC@20": 0.11169316602915345,
      "VC@100": 0.4527938722951674,
      "Recall@20": 0.05,
      "Recall@100": 0.42,
      "NDCG": 0.3822991961612982,
      "VC@10": 0.049364306015973976,
      "VC@25": 0.19761666684489412,
      "VC@50": 0.3230191906828838,
      "VC@200": 0.5289288869385493,