{
  "per_group": {
    "2022-06/aq1": {
      "n_branches": 2427,
      "n_binding": 342,
      "VC@20": 0.14387113517757322,
      "Recall@20": 0.03216374269005848,
      "Abs_SP@20": 0.13408062713243193,
      "NB12_Recall@20": 0.0,
      "VC@50": 0.2456441169296397,
      "Recall@50": 0.07894736842105263,
      "Abs_SP@50": 0.2289279027976464,
      "NB12_Recall@50": 0.009174311926605505,
      "VC@100": 0.3650996136023877,
      "Recall@100": 0.14619883040935672,
      "Abs_SP@100": 0.3402543887430696,
      "NB12_Recall@100": 0.009174311926605505,
      "NDCG": 0.7713770877611579,
      "Spearman": 0.26549777497807747,
      "cohort_contribution": {
        "established": {
          "count_in_top_k": 43,
          "sp_captured": 813388.97
        },
        "history_dormant": {
          "count_in_top_k": 7,
          "sp_captured": 1502.28
        },
        "history_zero": {
          "count_in_top_k": 0,
          "sp_captured": 0.0
        }
      }
    },
    "2022-06/aq2": {
      "n_branches": 2225,
      "n_binding": 408,
      "VC@20": 0.1450385040980734,
      "Recall@20": 0.03431372549019608,
      "Abs_SP@20": 0.13090204150855664,
      "NB12_Recall@20": 0.0,
      "VC@50": 0.4238293325162241,
      "Recall@50": 0.07598039215686274,
      "Abs_SP@50": 0.38251997442050006,
      "NB12_Recall@50": 0.0,
      "VC@100": 0.4558098280068366,
      "Recall@100": 0.11274509803921569,
      "Abs_SP@100": 0.41138342812342593,
      "NB12_Recall@100": 0.0,
      "NDCG": 0.8095166399415223,
      "Spearman": 0.22225470079929316,
      "cohort_contribution": {
        "established": {
          "count_in_top_k": 46,
          "sp_captured": 1237893.53
        },
        "history_dormant": {
          "count_in_top_k": 4,
          "sp_captured": 0.0
        },
        "history_zero": {
          "count_in_top_k": 0,
          "sp_captured": 0.0
        }
      }
    },
    "2022-06/aq3": {
      "n_branches": 1953,
      "n_binding": 317,
      "VC@20": 0.25880663427968703,
      "Recall@20": 0.03470031545741325,
      "Abs_SP@20": 0.2272771839676076,
      "NB12_Recall@20": 0.008547008547008548,
      "VC@50": 0.32173363595959675,
      "Recall@50": 0.07255520504731862,
      "Abs_SP@50": 0.28253802292229624,
      "NB12_Recall@50": 0.008547008547008548,
      "VC@100": 0.5893444913830113,
      "Recall@100": 0.15141955835962145,
      "Abs_SP@100": 0.5175468424955507,
      "NB12_Recall@100": 0.017094017094017096,
      "NDCG": 0.7916388621275434,
      "Spearman": 0.2471517857188546,
      "cohort_contribution": {
        "established": {
          "count_in_top_k": 44,
          "sp_captured": 609856.4199999999
        },
        "history_dormant": {
          "count_in_top_k": 6,
          "sp_captured": 38774.31
        },
        "history_zero": {
          "count_in_top_k": 0,
          "sp_captured": 0.0
        }
      }
    },
    "2022-06/aq4": {
      "n_branches": 2395,
      "n_binding": 388,
      "VC@20": 0.21659747045802832,
      "Recall@20": 0.030927835051546393,
      "Abs_SP@20": 0.19985768557648165,
      "NB12_Recall@20": 0.00625,
      "VC@50": 0.3641969185802017,
      "Recall@50": 0.07474226804123711,
      "Abs_SP@50": 0.336049876702646,
      "NB12_Recall@50": 0.00625,
      "VC@100": 0.4542151386571417,
      "Recall@100": 0.13659793814432988,
      "Abs_SP@100": 0.41911101811970525,
      "NB12_Recall@100": 0.00625,
      "NDCG": 0.7843447685438435,
      "Spearman": 0.21683810436272533,
      "cohort_contribution": {
        "established": {
          "count_in_top_k": 43,
          "sp_captured": 908600.52
        },
        "history_dormant": {
          "count_in_top_k": 7,
          "sp_captured": 110.93
        },
        "history_zero": {
          "count_in_top_k": 0,
          "sp_captured": 0.0
        }
      }
    },
    "2023-06/aq1": {
      "n_branches": 2512,
      "n_binding": 327,
      "VC@20": 0.17043953017173147,
      "Recall@20": 0.024464831804281346,
      "Abs_SP@20": 0.15358001192023263,
      "NB12_Recall@20": 0.0,
      "VC@50": 0.342638716779798,
      "Recall@50": 0.09174311926605505,
      "Abs_SP@50": 0.30874561877959444,
      "NB12_Recall@50": 0.0,
      "VC@100": 0.51627882523657,
      "Recall@100": 0.1834862385321101,
      "Abs_SP@100": 0.46520961454250076,
      "NB12_Recall@100": 0.010416666666666666,
      "NDCG": 0.7856196978133456,
      "Spearman": 0.2667988447835211,
      "cohort_contribution": {
        "established": {
          "count_in_top_k": 45,
          "sp_captured": 607212.0400000002
        },
        "history_dormant": {
          "count_in_top_k": 5,
          "sp_captured": 0.0
        },
        "history_zero": {
          "count_in_top_k": 0,
          "sp_captured": 0.0
        }
      }
    },
    "2023-06/aq2": {
      "n_branches": 2278,
      "n_binding": 422,
      "VC@20": 0.2793221678494025,
      "Recall@20": 0.030805687203791468,
      "Abs_SP@20": 0.2615903445045177,
      "NB12_Recall@20": 0.0,
      "VC@50": 0.5521143826162567,
      "Recall@50": 0.08530805687203792,
      "Abs_SP@50": 0.517065267917992,
      "NB12_Recall@50": 0.0,
      "VC@100": 0.6587540597530729,
      "Recall@100": 0.14454976303317535,
      "Abs_SP@100": 0.6169352857359494,
      "NB12_Recall@100": 0.014084507042253521,
      "NDCG": 0.8265414797098815,
      "Spearman": 0.2644050191129246,
      "cohort_contribution": {
        "established": {
          "count_in_top_k": 45,
          "sp_captured": 1890952.08
        },
        "history_dormant": {
          "count_in_top_k": 5,
          "sp_captured": 0.0
        },
        "history_zero": {
          "count_in_top_k": 0,
          "sp_captured": 0.0
        }
      }
    },
    "2023-06/aq3": {
      "n_branches": 2274,
      "n_binding": 338,
      "VC@20": 0.20190702927451393,
      "Recall@20": 0.047337278106508875,
      "Abs_SP@20": 0.16678645320937696,
      "NB12_Recall@20": 0.0,
      "VC@50": 0.30062535550686165,
      "Recall@50": 0.09763313609467456,
      "Abs_SP@50": 0.24833328968268137,
      "NB12_Recall@50": 0.009523809523809525,
      "VC@100": 0.424907337496234,
      "Recall@100": 0.16568047337278108,
      "Abs_SP@100": 0.3509971298091013,
      "NB12_Recall@100": 0.01904761904761905,
      "NDCG": 0.8101224701408798,
      "Spearman": 0.25926169444410535,
      "cohort_contribution": {
        "established": {
          "count_in_top_k": 44,
          "sp_captured": 721777.37
        },
        "history_dormant": {
          "count_in_top_k": 6,
          "sp_captured": 5290.68
        },
        "history_zero": {
          "count_in_top_k": 0,
          "sp_captured": 0.0
        }
      }
    },
    "2023-06/aq4": {
      "n_branches": 2382,
      "n_binding": 423,
      "VC@20": 0.27414835768379425,
      "Recall@20": 0.028368794326241134,
      "Abs_SP@20": 0.24777785905818064,
      "NB12_Recall@20": 0.0,
      "VC@50": 0.4143373568860729,
      "Recall@50": 0.08274231678486997,
      "Abs_SP@50": 0.3744819924672678,
      "NB12_Recall@50": 0.013605442176870748,
      "VC@100": 0.5467282129946318,
      "Recall@100": 0.13711583924349882,
      "Abs_SP@100": 0.4941380909484206,
      "NB12_Recall@100": 0.02040816326530612,
      "NDCG": 0.8182545734009895,
      "Spearman": 0.25755330597515613,
      "cohort_contribution": {
        "established": {
          "count_in_top_k": 44,
          "sp_captured": 1019818.1599999999
        },
        "history_dormant": {
          "count_in_top_k": 6,
          "sp_captured": 1719.3400000000001
        },
        "history_zero": {
          "count_in_top_k": 0,
          "sp_captured": 0.0
        }
      }
    },
    "2024-06/aq1": {
      "n_branches": 2339,
      "n_binding": 385,
      "VC@20": 0.11197213579616695,
      "Recall@20": 0.02857142857142857,
      "Abs_SP@20": 0.10407171768389636,
      "NB12_Recall@20": 0.00980392156862745,
      "VC@50": 0.31475995547354985,
      "Recall@50": 0.08831168831168831,