{
  "per_group": {
    "2022-06/aq1": {
      "n_branches": 2427,
      "n_binding": 342,
      "VC@20": 0.07850340035819149,
      "Recall@20": 0.03216374269005848,
      "Abs_SP@20": 0.07316120178702437,
      "NB12_Recall@20": 0.0,
      "VC@50": 0.1816047043502795,
      "Recall@50": 0.0935672514619883,
      "Abs_SP@50": 0.1692464066501716,
      "NB12_Recall@50": 0.0,
      "VC@100": 0.3526401413227574,
      "Recall@100": 0.1783625730994152,
      "Abs_SP@100": 0.32864279024605303,
      "NB12_Recall@100": 0.0,
      "NDCG": 0.8098941828323285,
      "Spearman": 0.30902931985435217,
      "cohort_contribution": {
        "established": {
          "count_in_top_k": 50,
          "sp_captured": 602449.1299999999
        },
        "history_dormant": {
          "count_in_top_k": 0,
          "sp_captured": 0.0
        },
        "history_zero": {
          "count_in_top_k": 0,
          "sp_captured": 0.0
        }
      }
    },
    "2022-06/aq2": {
      "n_branches": 2225,
      "n_binding": 408,
      "VC@20": 0.20648182133114906,
      "Recall@20": 0.02696078431372549,
      "Abs_SP@20": 0.18635666518165286,
      "NB12_Recall@20": 0.0,
      "VC@50": 0.33254609336703256,
      "Recall@50": 0.09068627450980392,
      "Abs_SP@50": 0.3001338354124537,
      "NB12_Recall@50": 0.0,
      "VC@100": 0.42424225927776976,
      "Recall@100": 0.14950980392156862,
      "Abs_SP@100": 0.38289265446443715,
      "NB12_Recall@100": 0.0,
      "NDCG": 0.8362145684704954,
      "Spearman": 0.27412119762492554,
      "cohort_contribution": {
        "established": {
          "count_in_top_k": 50,
          "sp_captured": 971279.3
        },
        "history_dormant": {
          "count_in_top_k": 0,
          "sp_captured": 0.0
        },
        "history_zero": {
          "count_in_top_k": 0,
          "sp_captured": 0.0
        }
      }
    },
    "2022-06/aq3": {
      "n_branches": 1953,
      "n_binding": 317,
      "VC@20": 0.33560942069628213,
      "Recall@20": 0.03470031545741325,
      "Abs_SP@20": 0.29472337237854895,
      "NB12_Recall@20": 0.0,
      "VC@50": 0.4625641513470065,
      "Recall@50": 0.0914826498422713,
      "Abs_SP@50": 0.40621168006420477,
      "NB12_Recall@50": 0.0,
      "VC@100": 0.5946968666225678,
      "Recall@100": 0.17665615141955837,
      "Abs_SP@100": 0.5222471577535814,
      "NB12_Recall@100": 0.0,
      "NDCG": 0.8218633711042285,
      "Spearman": 0.2825851006878857,
      "cohort_contribution": {
        "established": {
          "count_in_top_k": 50,
          "sp_captured": 932551.9300000002
        },
        "history_dormant": {
          "count_in_top_k": 0,
          "sp_captured": 0.0
        },
        "history_zero": {
          "count_in_top_k": 0,
          "sp_captured": 0.0
        }
      }
    },
    "2022-06/aq4": {
      "n_branches": 2395,
      "n_binding": 388,
      "VC@20": 0.16774345610970023,
      "Recall@20": 0.03350515463917526,
      "Abs_SP@20": 0.15477936486419475,
      "NB12_Recall@20": 0.0,
      "VC@50": 0.34508544614548314,
      "Recall@50": 0.09020618556701031,
      "Abs_SP@50": 0.3184154387718405,
      "NB12_Recall@50": 0.0,
      "VC@100": 0.41785730579011177,
      "Recall@100": 0.15206185567010308,
      "Abs_SP@100": 0.38556310865421034,
      "NB12_Recall@100": 0.0,
      "NDCG": 0.8325598465582135,
      "Spearman": 0.25807941527272543,
      "cohort_contribution": {
        "established": {
          "count_in_top_k": 50,
          "sp_captured": 861026.22
        },
        "history_dormant": {
          "count_in_top_k": 0,
          "sp_captured": 0.0
        },
        "history_zero": {
          "count_in_top_k": 0,
          "sp_captured": 0.0
        }
      }
    },
    "2023-06/aq1": {
      "n_branches": 2512,
      "n_binding": 327,
      "VC@20": 0.20909438681108158,
      "Recall@20": 0.04892966360856269,
      "Abs_SP@20": 0.18841121180364384,
      "NB12_Recall@20": 0.0,
      "VC@50": 0.3330470712836687,
      "Recall@50": 0.11314984709480122,
      "Abs_SP@50": 0.3001027585924892,
      "NB12_Recall@50": 0.0,
      "VC@100": 0.4364730620999143,
      "Recall@100": 0.2018348623853211,
      "Abs_SP@100": 0.3932980688964797,
      "NB12_Recall@100": 0.0,
      "NDCG": 0.823938404478707,
      "Spearman": 0.3108240774281817,
      "cohort_contribution": {
        "established": {
          "count_in_top_k": 50,
          "sp_captured": 590214.0700000001
        },
        "history_dormant": {
          "count_in_top_k": 0,
          "sp_captured": 0.0
        },
        "history_zero": {
          "count_in_top_k": 0,
          "sp_captured": 0.0
        }
      }
    },
    "2023-06/aq2": {
      "n_branches": 2278,
      "n_binding": 422,
      "VC@20": 0.35195079261415047,
      "Recall@20": 0.04265402843601896,
      "Abs_SP@20": 0.3296083866075816,
      "NB12_Recall@20": 0.0,
      "VC@50": 0.44110562109809887,
      "Recall@50": 0.0995260663507109,
      "Abs_SP@50": 0.41310352226731706,
      "NB12_Recall@50": 0.0,
      "VC@100": 0.6260869333920885,
      "Recall@100": 0.18009478672985782,
      "Abs_SP@100": 0.5863419214335867,
      "NB12_Recall@100": 0.0,
      "NDCG": 0.8530194985660392,
      "Spearman": 0.32113450157298473,
      "cohort_contribution": {
        "established": {
          "count_in_top_k": 50,
          "sp_captured": 1510755.0500000003
        },
        "history_dormant": {
          "count_in_top_k": 0,
          "sp_captured": 0.0
        },
        "history_zero": {
          "count_in_top_k": 0,
          "sp_captured": 0.0
        }
      }
    },
    "2023-06/aq3": {
      "n_branches": 2274,
      "n_binding": 338,
      "VC@20": 0.2215743775595005,
      "Recall@20": 0.05325443786982249,
      "Abs_SP@20": 0.18303277844269306,
      "NB12_Recall@20": 0.0,
      "VC@50": 0.2803680924165019,
      "Recall@50": 0.11538461538461539,
      "Abs_SP@50": 0.2315996619595142,
      "NB12_Recall@50": 0.0,
      "VC@100": 0.3853093351289007,
      "Recall@100": 0.19822485207100593,
      "Abs_SP@100": 0.318286974086664,
      "NB12_Recall@100": 0.0,
      "NDCG": 0.85470014823018,
      "Spearman": 0.3224100738560363,
      "cohort_contribution": {
        "established": {
          "count_in_top_k": 50,
          "sp_captured": 678075.48
        },
        "history_dormant": {
          "count_in_top_k": 0,
          "sp_captured": 0.0
        },
        "history_zero": {
          "count_in_top_k": 0,
          "sp_captured": 0.0
        }
      }
    },
    "2023-06/aq4": {
      "n_branches": 2382,
      "n_binding": 423,
      "VC@20": 0.35496364664881075,
      "Recall@20": 0.0425531914893617,
      "Abs_SP@20": 0.32081947582400555,
      "NB12_Recall@20": 0.0,
      "VC@50": 0.44681939388145925,
      "Recall@50": 0.09456264775413711,
      "Abs_SP@50": 0.4038395624070026,
      "NB12_Recall@50": 0.0,
      "VC@100": 0.5103379317697128,
      "Recall@100": 0.17257683215130024,
      "Abs_SP@100": 0.4612482131880163,
      "NB12_Recall@100": 0.0,
      "NDCG": 0.8642868046466858,
      "Spearman": 0.31383433176090647,
      "cohort_contribution": {
        "established": {
          "count_in_top_k": 50,
          "sp_captured": 1101621.0799999998
        },
        "history_dormant": {
          "count_in_top_k": 0,
          "sp_captured": 0.0
        },
        "history_zero": {
          "count_in_top_k": 0,
          "sp_captured": 0.0
        }
      }
    },
    "2024-06/aq1": {
      "n_branches": 2339,
      "n_binding": 385,
      "VC@20": 0.16108665071547468,
      "Recall@20": 0.04155844155844156,
      "Abs_SP@20": 0.14972085971837995,
      "NB12_Recall@20": 0.0,
      "VC@50": 0.22567744940629814,
      "Recall@50": 0.0987012987012987,
      "Abs_SP@50": 0.20975432535277283,
      "NB12_Recall@50": 0.0,
      "VC@100": 0.3773054425124934,
      "Recall@100": 0.1974025974025974,
      "Abs_SP@100": 0.350683901977531,
      "NB12_Recall@100": 0.0,
      "NDCG": 0.8704055126659229,