{
  "baseline_version": "v0c",
  "gates": {
    "VC@50": {
      "passed": false,
      "wins": 0,
      "n_groups": 3,
      "candidate_mean": 0.29947756599367653,
      "baseline_mean": 0.35470582397473455
    },
    "Recall@50": {
      "passed": false,
      "wins": 0,
      "n_groups": 3,
      "candidate_mean": 0.09298857296475964,
      "baseline_mean": 0.12294303128456953
    },
    "Abs_SP@50": {
      "passed": false,
      "wins": 0,
      "n_groups": 3,
      "candidate_mean": 0.24631922332335734,
      "baseline_mean": 0.29190216921319806
    }
  }
}