{
  "per_group": {
    "2025-06/aq1": {
      "n_branches": 2218,
      "n_binding": 306,
      "VC@50": 0.33783891656914644,
      "Recall@50": 0.10130718954248366,
      "Abs_SP@50": 0.28407637461798013,
      "NB12_Recall@50": 0.0,
      "NB12_Count@50": 0,
      "NB12_SP@50": 0.0,
      "NB6_Recall@50": 0.0,
      "NB24_Recall@50": 0.0,
      "VC@20": 0.0019073174210572385,
      "Recall@20": 0.006535947712418301,
      "Abs_SP@20": 0.001603793380946269,
      "NB12_Recall@20": 0.017857142857142856,
      "VC@100": 0.05683877115710477,
      "Recall@100": 0.05228758169934641,
      "Abs_SP@100": 0.04779364145499969,
      "NB12_Recall@100": 0.14285714285714285,
      "NDCG": 0.659711068249589,
      "Spearman": 0.08973137324414354,
      "cohort_contribution": {
        "established": {
          "count_in_top_k": 35,
          "sp_captured": 466894.67999999993
        },
        "history_dormant": {
          "count_in_top_k": 15,
          "sp_captured": 0.0
        },
        "history_zero": {
          "count_in_top_k": 0,
          "sp_captured": 0.0
        }
      }
    },
    "2025-06/aq2": {
      "n_branches": 2210,
      "n_binding": 367,
      "VC@50": 0.2931447806490908,
      "Recall@50": 0.07901907356948229,
      "Abs_SP@50": 0.23376795645177778,
      "NB12_Recall@50": 0.023809523809523808,
      "NB12_Count@50": 2,
      "NB12_SP@50": 4.17443954633773e-07,
      "NB6_Recall@50": 0.015503875968992248,
      "NB24_Recall@50": 0.0,
      "VC@20": 8.507240355554289e-08,
      "Recall@20": 0.005449591280653951,
      "Abs_SP@20": 6.784088696918063e-08,
      "NB12_Recall@20": 0.023809523809523808,
      "VC@100": 0.18187249016820467,
      "Recall@100": 0.0653950953678474,
      "Abs_SP@100": 0.14503400083493562,
      "NB12_Recall@100": 0.13095238095238096,
      "NDCG": 0.6891580327296029,
      "Spearman": 0.11302769594496444,
      "cohort_contribution": {
        "established": {
          "count_in_top_k": 35,
          "sp_captured": 654706.9300000002
        },
        "history_dormant": {
          "count_in_top_k": 15,
          "sp_captured": 0.19
        },
        "history_zero": {
          "count_in_top_k": 0,
          "sp_captured": 0.0
        }
      }
    },
    "2025-06/aq3": {
      "n_branches": 1706,
      "n_binding": 294,
      "VC@50": 0.26744900076279243,
      "Recall@50": 0.09863945578231292,
      "Abs_SP@50": 0.22111333890031412,
      "NB12_Recall@50": 0.04225352112676056,
      "NB12_Count@50": 3,
      "NB12_SP@50": 0.014699707792116922,
      "NB6_Recall@50": 0.02912621359223301,
      "NB24_Recall@50": 0.0,
      "VC@20": 0.0020796403120683492,
      "Recall@20": 0.013605442176870748,
      "Abs_SP@20": 0.0017193416756152505,
      "NB12_Recall@20": 0.056338028169014086,
      "VC@100": 0.161370138683235,
      "Recall@100": 0.08163265306122448,
      "Abs_SP@100": 0.13341268825566982,
      "NB12_Recall@100": 0.19718309859154928,
      "NDCG": 0.6935776416284034,
      "Spearman": 0.12863713438296517,
      "cohort_contribution": {
        "established": {
          "count_in_top_k": 35,
          "sp_captured": 683698.96
        },
        "history_dormant": {
          "count_in_top_k": 15,
          "sp_captured": 5357.25
        },
        "history_zero": {
          "count_in_top_k": 0,
          "sp_captured": 0.0
        }
      }
    }
  }
}