{
  "eval_config": {
    "eval_months": [
      "2020-06",
      "2020-07",
      "2020-08",
      "2020-09",
      "2020-10",
      "2020-11",
      "2020-12",
      "2021-01",
      "2021-02",
      "2021-03",
      "2021-04",
      "2021-06",
      "2021-07",
      "2021-08",
      "2021-09",
      "2021-10",
      "2021-11",
      "2021-12",
      "2022-01",
      "2022-02",
      "2022-03",
      "2022-04",
      "2022-06",
      "2022-07",
      "2022-08",
      "2022-09",
      "2022-10",
      "2022-11",
      "2022-12",
      "2023-01",
      "2023-02",
      "2023-03",
      "2023-04"
    ],
    "class_type": "wkndonpeak",
    "period_type": "f1",
    "lag": 1,
    "variant": "v3d"
  },
  "per_month": {
    "2020-06": {
      "VC@20": 0.007487068400890755,
      "VC@100": 0.5681379455770577,
      "Recall@20": 0.0,
      "Recall@100": 0.41,
      "NDCG": 0.28087190621584673,
      "VC@10": 0.004100411191304598,
      "VC@25": 0.008582300562632391,
      "VC@50": 0.1629391072643797,
      "VC@200": 0.7105794698283987,
      "Recall@10": 0.0,
      "Recall@50": 0.28,
      "Spearman": 0.21018886977031628,
      "n_samples": 272
    },
    "2020-07": {
      "VC@20": 0.2035318277408545,
      "VC@100": 0.8381714866513396,
      "Recall@20": 0.1,
      "Recall@100": 0.41,
      "NDCG": 0.3580124141667537,
      "VC@10": 0.10241586773644694,
      "VC@25": 0.3406613099227075,
      "VC@50": 0.6322570829286234,
      "VC@200": 0.9977903529200476,
      "Recall@10": 0.1,
      "Recall@50": 0.3,
      "Spearman": 0.28478809935972454,
      "n_samples": 311
    },
    "2020-08": {
      "VC@20": 0.04599018661518663,
      "VC@100": 0.6488145511583013,
      "Recall@20": 0.1,
      "Recall@100": 0.41,
      "NDCG": 0.3740141388274839,
      "VC@10": 0.0,
      "VC@25": 0.15924127252252257,
      "VC@50": 0.4151564510939512,
      "VC@200": 0.9330246541184044,
      "Recall@10": 0.0,
      "Recall@50": 0.32,
      "Spearman": 0.3183346408341604,
      "n_samples": 437
    },
    "2020-09": {
      "VC@20": 0.016427690307861675,
      "VC@100": 0.5462356249419692,
      "Recall@20": 0.05,
      "Recall@100": 0.32,
      "NDCG": 0.3199984228762704,
      "VC@10": 0.0,
      "VC@25": 0.016444270536270903,
      "VC@50": 0.4386067302463159,
      "VC@200": 0.8251183828308418,
      "Recall@10": 0.0,
      "Recall@50": 0.26,
      "Spearman": 0.2450923425698894,
      "n_samples": 409
    },
    "2020-10": {
      "VC@20": 0.02871174220129489,
      "VC@100": 0.6407412114077801,
      "Recall@20": 0.15,
      "Recall@100": 0.4,
      "NDCG": 0.2679578124048844,
      "VC@10": 0.02433918347691156,
      "VC@25": 0.02871174220129489,
      "VC@50": 0.27386096099309754,
      "VC@200": 0.9936342902241961,
      "Recall@10": 0.1,
      "Recall@50": 0.26,
      "Spearman": 0.2526798846688195,
      "n_samples": 369
    },
    "2020-11": {
      "VC@20": 0.23100119496917085,
      "VC@100": 0.787249081016054,
      "Recall@20": 0.1,
      "Recall@100": 0.45,
      "NDCG": 0.35196114174302845,
      "VC@10": 0.13753390133784785,
      "VC@25": 0.23100119496917085,
      "VC@50": 0.35692899170125586,
      "VC@200": 0.9715246610758649,
      "Recall@10": 0.1,
      "Recall@50": 0.3,
      "Spearman": 0.21443501737119167,
      "n_samples": 311
    },
    "2020-12": {
      "VC@20": 0.008976144226205589,
      "VC@100": 0.9255855691776431,
      "Recall@20": 0.15,
      "Recall@100": 0.39,
      "NDCG": 0.25288401880012285,
      "VC@10": 0.0015993506105816465,
      "VC@25": 0.008976144226205589,
      "VC@50": 0.1631373807196233,
      "VC@200": 0.9356092518693767,
      "Recall@10": 0.0,
      "Recall@50": 0.32,
      "Spearman": 0.26680185895581254,
      "n_samples": 287
    },
    "2021-01": {
      "VC@20": 0.04722911432771507,
      "VC@100": 0.9881868879745505,
      "Recall@20": 0.2,
      "Recall@100": 0.49,
      "NDCG": 0.2662003115946289,
      "VC@10": 0.04573730837138035,
      "VC@25": 0.04722911432771507,
      "VC@50": 0.10654512363011301,
      "VC@200": 0.9999999999999997,
      "Recall@10": 0.1,
      "Recall@50": 0.28,
      "Spearman": 0.3210433984145353,
      "n_samples": 264
    },
    "2021-02": {
      "VC@20": 0.1215852606634445,
      "VC@100": 0.5920032917288048,
      "Recall@20": 0.1,
      "Recall@100": 0.35,
      "NDCG": 0.35808606915655405,
      "VC@10": 0.0,
      "VC@25": 0.1215852606634445,
      "VC@50": 0.5830032137946156,
      "VC@200": 0.9044242842933549,
      "Recall@10": 0.0,
      "Recall@50": 0.38,
      "Spearman": 0.20803956355209588,
      "n_samples": 351
    },
    "2021-03": {
      "VC@20": 0.13832204914540028,
      "VC@100": 0.6895146598378289,
      "Recall@20": 0.1,
      "Recall@100": 0.34,
      "NDCG": 0.2795264978375727,
      "VC@10": 0.12874163978566558,
      "VC@25": 0.13832204914540028,
      "VC@50": 0.6687255420630199,
      "VC@200": 0.7294728304613377,
      "Recall@10": 0.1,
      "Recall@50": 0.26,
      "Spearman": 0.11295418962729467,
      "n_samples": 320
    },
    "2021-04": {
      "VC@20": 0.21407359023602926,
      "VC@100": 0.7885073753627031,
      "Recall@20": 0.1,
      "Recall@100": 0.34,
      "NDCG": 0.40921400743423303,
      "VC@10": 0.10649266864189941,
      "VC@25": 0.26927985128740256,
      "VC@50": 0.4213004469719668,
      "VC@200": 0.9750876552549339,
      "Recall@10": 0.1,
      "Recall@50": 0.22,
      "Spearman": 0.20195642704899397,
      "n_samples": 316
    },
    "2021-06": {
      "VC@20": 0.08452855938572436,
      "VC@100": 0.6601790503927548,
      "Recall@20": 0.05,
      "Recall@100": 0.4,
      "NDCG": 0.28686061021244524,
      "VC@10": 0.0,
      "VC@25": 0.08452855938572436,
      "VC@50": 0.5732258421297203,
      "VC@200": 0.9835085575957675,
      "Recall@10": 0.0,
      "Recall@50": 0.4,
      "Spearman": 0.14173349257616785,
      "n_samples": 286
    },
    "2021-07": {
      "VC@20": 0.18841727562148217,
      "VC@100": 0.5857620523413427,
      "Recall@20": 0.1,
      "Recall@100": 0.37,
      "NDCG": 0.30282573103321175,
      "VC@10": 0.0,
      "VC@25": 0.4527341657547472,
      "VC@50": 0.4708668557927329,
      "VC@200": 0.980578891723228,
      "Recall@10": 0.0,
      "Recall@50": 0.2,
      "Spearman": 0.15812950130961423,
      "n_samples": 306
    },
    "2021-08": {
      "VC@20": 0.053484348109214375,
      "VC@100": 0.7793822968510165,
      "Recall@20": 0.15,
      "Recall@100": 0.32,
      "NDCG": 0.286403725414934,
      "VC@10": 0.0,
      "VC@25": 0.11512442439183218,
      "VC@50": 0.7215228615284432,
      "VC@200": 0.8391990325131402,
      "Recall@10": 0.0,
      "Recall@50": 0.34,
      "Spearman": 0.20775866192342632,
      "n_samples": 379
    },
    "2021-09": {
      "VC@20": 0.4381557619184683,
      "VC@100": 0.7135204738604173,
      "Recall@20": 0.15,
      "Recall@100": 0.33,
      "NDCG": 0.4236100073400902,
      "VC@10": 0.2902505426584748,
      "VC@25": 0.4438113128331426,
      "VC@50": 0.6739011030629094,
      "VC@200": 0.995919727664437,
      "Recall@10": 0.1,
      "Recall@50": 0.3,
      "Spearman": 0.22359299862821835,
      "n_samples": 363
    },
    "2021-10": {
      "VC@20": 0.31172211743735884,
      "VC@100": 0.7480522586232252,
      "Recall@20": 0.2,
      "Recall@100": 0.31,
      "NDCG": 0.3032267051591947,
      "VC@10": 0.0012489256993895624,
      "VC@25": 0.31172211743735884,
      "VC@50": 0.6128552318282068,
      "VC@200": 0.7999130721478469,
      "Recall@10": 0.0,
      "Recall@50": 0.2,
      "Spearman": 0.20586506612523095,
      "n_samples": 376
    },
    "2021-11": {
      "VC@20": 0.2511312739077772,
      "VC@100": 0.9189708878405627,
      "Recall@20": 0.15,
      "Recall@100": 0.39,
      "NDCG": 0.3085774513144941,
      "VC@10": 0.07457376750226648,
      "VC@25": 0.48012409303321557,
      "VC@50": 0.5442375211685427,
      "VC@200": 0.9214708541101682,
      "Recall@10": 0.1,
      "Recall@50": 0.28,
      "Spearman": 0.1853425741434576,