{
  "eval_config": {
    "eval_months": [
      "2020-09",
      "2020-11",
      "2021-01",
      "2021-04",
      "2021-06",
      "2021-08",
      "2021-10",
      "2021-12",
      "2022-03",
      "2022-06",
      "2022-09",
      "2022-12"
    ],
    "class_type": "onpeak",
    "ptype": "f0",
    "train_months": 14,
    "val_months": 2,
    "threshold_beta": 0.7
  },
  "per_month": {
    "2020-09": {
      "S1-AUC": 0.8471,
      "S1-AP": 0.4003,
      "S1-VCAP@100": 0.012,
      "S1-VCAP@500": 0.051,
      "S1-VCAP@1000": 0.1311,
      "S1-NDCG": 0.7629,
      "S1-BRIER": 0.1426,
      "S1-REC": 0.4613,
      "S1-CAP@100": 0.39,
      "S1-CAP@500": 0.572,
      "precision": 0.4373,
      "f1": 0.449,
      "threshold": 0.825895,
      "n_samples": 285159,
      "n_positive": 19619,
      "binding_rate": 0.0688,
      "pred_binding_rate": 0.0726
    },
    "2020-11": {
      "S1-AUC": 0.8326,
      "S1-AP": 0.4351,
      "S1-VCAP@100": 0.0045,
      "S1-VCAP@500": 0.0633,
      "S1-VCAP@1000": 0.1897,
      "S1-NDCG": 0.7368,
      "S1-BRIER": 0.1483,
      "S1-REC": 0.438,
      "S1-CAP@100": 0.98,
      "S1-CAP@500": 0.96,
      "precision": 0.472,
      "f1": 0.4544,
      "threshold": 0.821484,
      "n_samples": 267789,
      "n_positive": 25205,
      "binding_rate": 0.0941,
      "pred_binding_rate": 0.0874
    },
    "2021-01": {
      "S1-AUC": 0.8532,
      "S1-AP": 0.4398,
      "S1-VCAP@100": 0.051,
      "S1-VCAP@500": 0.1597,
      "S1-VCAP@1000": 0.2885,
      "S1-NDCG": 0.7932,
      "S1-BRIER": 0.1534,
      "S1-REC": 0.3806,
      "S1-CAP@100": 0.91,
      "S1-CAP@500": 0.928,
      "precision": 0.5254,
      "f1": 0.4414,
      "threshold": 0.879161,
      "n_samples": 268702,
      "n_positive": 21247,
      "binding_rate": 0.0791,
      "pred_binding_rate": 0.0573
    },
    "2021-04": {
      "S1-AUC": 0.8342,
      "S1-AP": 0.43,
      "S1-VCAP@100": 0.0128,
      "S1-VCAP@500": 0.0534,
      "S1-VCAP@1000": 0.1106,
      "S1-NDCG": 0.6634,
      "S1-BRIER": 0.1468,
      "S1-REC": 0.4566,
      "S1-CAP@100": 0.53,
      "S1-CAP@500": 0.432,
      "precision": 0.495,
      "f1": 0.475,
      "threshold": 0.849724,
      "n_samples": 267965,
      "n_positive": 21286,
      "binding_rate": 0.0794,
      "pred_binding_rate": 0.0733
    },
    "2021-06": {
      "S1-AUC": 0.8263,
      "S1-AP": 0.3492,
      "S1-VCAP@100": 0.0014,
      "S1-VCAP@500": 0.0467,
      "S1-VCAP@1000": 0.1201,
      "S1-NDCG": 0.7632,
      "S1-BRIER": 0.1608,
      "S1-REC": 0.4734,
      "S1-CAP@100": 0.97,
      "S1-CAP@500": 0.85,
      "precision": 0.4166,
      "f1": 0.4432,
      "threshold": 0.829361,
      "n_samples": 269154,
      "n_positive": 22264,
      "binding_rate": 0.0827,
      "pred_binding_rate": 0.094
    },
    "2021-08": {
      "S1-AUC": 0.8538,
      "S1-AP": 0.3889,
      "S1-VCAP@100": 0.0129,
      "S1-VCAP@500": 0.0592,
      "S1-VCAP@1000": 0.1148,
      "S1-NDCG": 0.6678,
      "S1-BRIER": 0.1509,
      "S1-REC": 0.4496,
      "S1-CAP@100": 1.0,
      "S1-CAP@500": 0.842,
      "precision": 0.4448,
      "f1": 0.4472,
      "threshold": 0.852508,
      "n_samples": 272673,
      "n_positive": 18814,
      "binding_rate": 0.069,
      "pred_binding_rate": 0.0697
    },
    "2021-10": {
      "S1-AUC": 0.8509,
      "S1-AP": 0.4358,
      "S1-VCAP@100": 0.0541,
      "S1-VCAP@500": 0.1965,
      "S1-VCAP@1000": 0.2937,
      "S1-NDCG": 0.7979,
      "S1-BRIER": 0.1411,
      "S1-REC": 0.407,
      "S1-CAP@100": 0.84,
      "S1-CAP@500": 0.804,
      "precision": 0.5113,
      "f1": 0.4532,
      "threshold": 0.863992,
      "n_samples": 270336,
      "n_positive": 20898,
      "binding_rate": 0.0773,
      "pred_binding_rate": 0.0615
    },
    "2021-12": {
      "S1-AUC": 0.8141,
      "S1-AP": 0.4326,
      "S1-VCAP@100": 0.0252,
      "S1-VCAP@500": 0.0925,
      "S1-VCAP@1000": 0.184,
      "S1-NDCG": 0.8044,
      "S1-BRIER": 0.1514,
      "S1-REC": 0.3751,
      "S1-CAP@100": 0.96,
      "S1-CAP@500": 0.968,
      "precision": 0.4809,
      "f1": 0.4215,
      "threshold": 0.821809,
      "n_samples": 266013,
      "n_positive": 26766,
      "binding_rate": 0.1006,
      "pred_binding_rate": 0.0785
    },
    "2022-03": {
      "S1-AUC": 0.8453,
      "S1-AP": 0.3598,
      "S1-VCAP@100": 0.0335,
      "S1-VCAP@500": 0.1023,
      "S1-VCAP@1000": 0.131,
      "S1-NDCG": 0.6904,
      "S1-BRIER": 0.1563,
      "S1-REC": 0.3723,
      "S1-CAP@100": 0.93,
      "S1-CAP@500": 0.892,
      "precision": 0.4147,
      "f1": 0.3923,
      "threshold": 0.870455,
      "n_samples": 269079,
      "n_positive": 18815,
      "binding_rate": 0.0699,
      "pred_binding_rate": 0.0628
    },
    "2022-06": {
      "S1-AUC": 0.8247,
      "S1-AP": 0.387,
      "S1-VCAP@100": 0.0256,
      "S1-VCAP@500": 0.1038,
      "S1-VCAP@1000": 0.1719,
      "S1-NDCG": 0.758,
      "S1-BRIER": 0.1517,
      "S1-REC": 0.3923,
      "S1-CAP@100": 0.4,
      "S1-CAP@500": 0.544,
      "precision": 0.3857,
      "f1": 0.389,
      "threshold": 0.803043,
      "n_samples": 267808,
      "n_positive": 21377,
      "binding_rate": 0.0798,
      "pred_binding_rate": 0.0812
    },
    "2022-09": {
      "S1-AUC": 0.8345,
      "S1-AP": 0.3072,
      "S1-VCAP@100": 0.0118,
      "S1-VCAP@500": 0.0527,
      "S1-VCAP@1000": 0.0834,
      "S1-NDCG": 0.7109,
      "S1-BRIER": 0.1564,
      "S1-REC": 0.417,
      "S1-CAP@100": 0.57,
      "S1-CAP@500": 0.692,
      "precision": 0.3283,
      "f1": 0.3673,
      "threshold": 0.807275,
      "n_samples": 286418,
      "n_positive": 18987,
      "binding_rate": 0.0663,
      "pred_binding_rate": 0.0842
    },
    "2022-12": {
      "S1-AUC": 0.8186,
      "S1-AP": 0.3761,
      "S1-VCAP@100": 0.0008,
      "S1-VCAP@500": 0.0308,
      "S1-VCAP@1000": 0.0746,
      "S1-NDCG": 0.6968,
      "S1-BRIER": 0.1595,
      "S1-REC": 0.3852,
      "S1-CAP@100": 0.94,
      "S1-CAP@500": 0.816,
      "precision": 0.4272,
      "f1": 0.4051,
      "threshold": 0.813037,
      "n_samples": 259370,
      "n_positive": 21930,
      "binding_rate": 0.0846,
      "pred_binding_rate": 0.0763
    }
  },
  "aggregate": {
    "mean": {
      "S1-AP": 0.3951,
      "S1-AUC": 0.8363,
      "S1-BRIER": 0.1516,
      "S1-CAP@100": 0.785,
      "S1-CAP@500": 0.775,
      "S1-NDCG": 0.7371,
      "S1-REC": 0.4174,
      "S1-VCAP@100": 0.0205,
      "S1-VCAP@1000": 0.1578,
      "S1-VCAP@500": 0.0843,
      "binding_rate": 0.0793,
      "f1": 0.4282,
      "n_positive": 21434.0,
      "n_samples": 270872.1667,
      "precision": 0.4449,
      "pred_binding_rate": 0.0749,
      "threshold": 0.8365
    },
    "std": {
      "S1-AP": 0.042,
      "S1-AUC": 0.0137,
      "S1-BRIER": 0.0062,
      "S1-CAP@100": 0.239,
      "S1-CAP@500": 0.1759,
      "S1-NDCG": 0.0503,
      "S1-REC": 0.0369,
      "S1-VCAP@100": 0.018,
      "S1-VCAP@1000": 0.0719,
      "S1-VCAP@500": 0.05,
      "binding_rate": 0.0104,
      "f1": 0.0328,
      "n_positive": 2466.8455,
      "n_samples": 7648.245,
      "precision": 0.0561,
      "pred_binding_rate": 0.011,
      "threshold": 0.0257
    },
    "min": {
      "S1-AP": 0.3072,
      "S1-AUC": 0.8141,
      "S1-BRIER": 0.1411,
      "S1-CAP@100": 0.39,
      "S1-CAP@500": 0.432,
      "S1-NDCG": 0.6634,
      "S1-REC": 0.3723,
      "S1-VCAP@100": 0.0008,
      "S1-VCAP@1000": 0.0746,
      "S1-VCAP@500": 0.0308,
      "binding_rate": 0.0663,
      "f1": 0.3673,
      "n_positive": 18814,
      "n_samples": 259370,
      "precision": 0.3283,
      "pred_binding_rate": 0.0573,
      "threshold": 0.803
    },
    "max": {
      "S1-AP": 0.4398,
      "S1-AUC": 0.8538,
      "S1-BRIER": 0.1608,
      "S1-CAP@100": 1.0,
      "S1-CAP@500": 0.968,
      "S1-NDCG": 0.8044,
      "S1-REC": 0.4734,
      "S1-VCAP@100": 0.0541,
      "S1-VCAP@1000": 0.2937,
      "S1-VCAP@500": 0.1965,
      "binding_rate": 0.1006,
      "f1": 0.475,
      "n_positive": 26766,
      "n_samples": 286418,