{
  "eval_config": {
    "eval_months": [
      "2020-06",
      "2020-07",
      "2020-08",
      "2020-09",
      "2020-10",
      "2020-11",
      "2020-12",
      "2021-01",
      "2021-02",
      "2021-03",
      "2021-04",
      "2021-05",
      "2021-06",
      "2021-07",
      "2021-08",
      "2021-09",
      "2021-10",
      "2021-11",
      "2021-12",
      "2022-01",
      "2022-02",
      "2022-03",
      "2022-04",
      "2022-05",
      "2022-06",
      "2022-07",
      "2022-08",
      "2022-09",
      "2022-10",
      "2022-11",
      "2022-12",
      "2023-01",
      "2023-02",
      "2023-03",
      "2023-04",
      "2023-05"
    ],
    "class_type": "dailyoffpeak",
    "period_type": "f0",
    "lag": 1,
    "variant": "v3c"
  },
  "per_month": {
    "2020-06": {
      "VC@20": 0.04689982979287302,
      "VC@100": 0.9734538795168162,
      "Recall@20": 0.4,
      "Recall@100": 0.38,
      "NDCG": 0.17557819027221977,
      "VC@10": 0.04010620837827475,
      "VC@25": 0.04692263993752192,
      "VC@50": 0.05353812498438591,
      "VC@200": 0.9982197225200214,
      "Recall@10": 0.3,
      "Recall@50": 0.4,
      "Spearman": 0.3231161224006212,
      "n_samples": 315
    },
    "2020-07": {
      "VC@20": 0.7491713574048288,
      "VC@100": 0.8894816325730089,
      "Recall@20": 0.4,
      "Recall@100": 0.35,
      "NDCG": 0.4381934630335263,
      "VC@10": 0.7238511777511916,
      "VC@25": 0.7491713574048288,
      "VC@50": 0.7731382509267068,
      "VC@200": 0.9002490830996138,
      "Recall@10": 0.4,
      "Recall@50": 0.28,
      "Spearman": 0.266643218535767,
      "n_samples": 278
    },
    "2020-08": {
      "VC@20": 0.9334643173784191,
      "VC@100": 0.9414167920828815,
      "Recall@20": 0.6,
      "Recall@100": 0.46,
      "NDCG": 0.2436312882788236,
      "VC@10": 0.025284446664107927,
      "VC@25": 0.933876359217134,
      "VC@50": 0.9368856762023321,
      "VC@200": 0.9885717204864108,
      "Recall@10": 0.3,
      "Recall@50": 0.42,
      "Spearman": 0.332474779414286,
      "n_samples": 305
    },
    "2020-09": {
      "VC@20": 0.13754162765916578,
      "VC@100": 0.88303815691833,
      "Recall@20": 0.3,
      "Recall@100": 0.33,
      "NDCG": 0.3439117165834611,
      "VC@10": 0.10061407747850121,
      "VC@25": 0.13893882073669078,
      "VC@50": 0.745818025206091,
      "VC@200": 0.9843518419291376,
      "Recall@10": 0.1,
      "Recall@50": 0.32,
      "Spearman": 0.2828977784518048,
      "n_samples": 433
    },
    "2020-10": {
      "VC@20": 0.09629803997006506,
      "VC@100": 0.7881056700052395,
      "Recall@20": 0.25,
      "Recall@100": 0.31,
      "NDCG": 0.25021804315365315,
      "VC@10": 0.0956129449215642,
      "VC@25": 0.09629803997006506,
      "VC@50": 0.12191232639548041,
      "VC@200": 0.9821892161652057,
      "Recall@10": 0.3,
      "Recall@50": 0.24,
      "Spearman": 0.20155202618274598,
      "n_samples": 398
    },
    "2020-11": {
      "VC@20": 0.6310887371224084,
      "VC@100": 0.8142448900572389,
      "Recall@20": 0.2,
      "Recall@100": 0.41,
      "NDCG": 0.31456590142068463,
      "VC@10": 0.08017438398813576,
      "VC@25": 0.6534139543718364,
      "VC@50": 0.7210525867201758,
      "VC@200": 0.8840465803229304,
      "Recall@10": 0.2,
      "Recall@50": 0.4,
      "Spearman": 0.2773449803316657,
      "n_samples": 353
    },
    "2020-12": {
      "VC@20": 0.3824846460861774,
      "VC@100": 0.687052863077299,
      "Recall@20": 0.25,
      "Recall@100": 0.42,
      "NDCG": 0.3931458632003222,
      "VC@10": 0.2802202492465586,
      "VC@25": 0.4171986641687709,
      "VC@50": 0.6592574733241019,
      "VC@200": 0.8560765659363035,
      "Recall@10": 0.2,
      "Recall@50": 0.4,
      "Spearman": 0.30124894369895694,
      "n_samples": 346
    },
    "2021-01": {
      "VC@20": 0.08953821922399018,
      "VC@100": 0.47750800171195273,
      "Recall@20": 0.4,
      "Recall@100": 0.43,
      "NDCG": 0.23238302175780598,
      "VC@10": 0.05039724325621014,
      "VC@25": 0.08953821922399019,
      "VC@50": 0.39819209227877217,
      "VC@200": 1.0000000000000002,
      "Recall@10": 0.1,
      "Recall@50": 0.36,
      "Spearman": 0.3071105122847228,
      "n_samples": 284
    },
    "2021-02": {
      "VC@20": 0.2971090721368321,
      "VC@100": 0.6673971908908499,
      "Recall@20": 0.2,
      "Recall@100": 0.43,
      "NDCG": 0.3247711442450254,
      "VC@10": 0.014875765045074776,
      "VC@25": 0.3046406336481176,
      "VC@50": 0.5447281361261704,
      "VC@200": 0.8807137021134208,
      "Recall@10": 0.0,
      "Recall@50": 0.42,
      "Spearman": 0.29477728665823133,
      "n_samples": 317
    },
    "2021-03": {
      "VC@20": 0.20631892016755904,
      "VC@100": 0.44552629430071455,
      "Recall@20": 0.3,
      "Recall@100": 0.36,
      "NDCG": 0.2470482788154637,
      "VC@10": 0.03264217210124281,
      "VC@25": 0.2115275195966567,
      "VC@50": 0.34905083231480066,
      "VC@200": 0.5376180264351268,
      "Recall@10": 0.1,
      "Recall@50": 0.4,
      "Spearman": 0.3284875292701307,
      "n_samples": 345
    },
    "2021-04": {
      "VC@20": 0.31508373622868924,
      "VC@100": 0.7347356837071396,
      "Recall@20": 0.2,
      "Recall@100": 0.39,
      "NDCG": 0.4554815026548967,
      "VC@10": 0.30543702828824815,
      "VC@25": 0.3201550482685868,
      "VC@50": 0.5652743047098016,
      "VC@200": 0.9857577440897485,
      "Recall@10": 0.3,
      "Recall@50": 0.4,
      "Spearman": 0.3497581597570361,
      "n_samples": 348
    },
    "2021-05": {
      "VC@20": 0.3683487432631772,
      "VC@100": 0.5051126166763308,
      "Recall@20": 0.3,
      "Recall@100": 0.35,
      "NDCG": 0.45518143622665463,
      "VC@10": 0.1277630786987619,
      "VC@25": 0.36834874326317724,
      "VC@50": 0.4106008288719601,
      "VC@200": 0.9813572675047209,
      "Recall@10": 0.2,
      "Recall@50": 0.26,
      "Spearman": 0.2136889665982117,
      "n_samples": 360
    },
    "2021-06": {
      "VC@20": 0.3119791313774646,
      "VC@100": 0.988925093471472,
      "Recall@20": 0.35,
      "Recall@100": 0.45,
      "NDCG": 0.39575784961049804,
      "VC@10": 0.2212301892835804,
      "VC@25": 0.3119791313774646,
      "VC@50": 0.8000141670105759,
      "VC@200": 1.0,
      "Recall@10": 0.1,
      "Recall@50": 0.34,
      "Spearman": 0.3283325290166982,
      "n_samples": 337
    },
    "2021-07": {
      "VC@20": 0.30016808545247514,
      "VC@100": 0.9897250989535326,
      "Recall@20": 0.25,
      "Recall@100": 0.41,
      "NDCG": 0.4005293090127913,
      "VC@10": 0.16901805563086264,
      "VC@25": 0.5196985306078187,
      "VC@50": 0.5718971967684217,
      "VC@200": 0.9991324621807732,
      "Recall@10": 0.3,
      "Recall@50": 0.28,
      "Spearman": 0.2609157492725336,
      "n_samples": 268
    },
    "2021-08": {
      "VC@20": 0.47090507430072026,
      "VC@100": 0.5180157083367277,
      "Recall@20": 0.2,
      "Recall@100": 0.39,
      "NDCG": 0.22339563723460248,
      "VC@10": 0.001332189630964304,
      "VC@25": 0.4709050743007202,
      "VC@50": 0.4793678328916662,
      "VC@200": 0.5180157083367277,
      "Recall@10": 0.1,
      "Recall@50": 0.26,
      "Spearman": 0.1497770505519738,
      "n_samples": 298
    },
    "2021-09": {
      "VC@20": 0.12799083558640872,
      "VC@100": 0.25951457415024226,
      "Recall@20": 0.3,
      "Recall@100": 0.33,
      "NDCG": 0.21223380358686336,
      "VC@10": 0.10342204964909907,
      "VC@25": 0.12803727687149966,
      "VC@50": 0.16115933601077437,
      "VC@200": 0.9652612456898786,
      "Recall@10": 0.2,
      "Recall@50": 0.2,
      "Spearman": 0.24849701922256823,
      "n_samples": 380
    },
    "2021-10": {
      "VC@20": 0.03327430006832543,
      "VC@100": 0.2320213601364612,
      "Recall@20": 0.3,
      "Recall@100": 0.39,
      "NDCG": 0.16328324093161597,
      "VC@10": 0.008182607088507798,
      "VC@25": 0.03714300926923543,
      "VC@50": 0.03790738458476326,
      "VC@200": 0.256237171554868,