{
  "eval_config": {
    "eval_months": [
      "2020-06",
      "2020-07",
      "2020-08",
      "2020-09",
      "2020-10",
      "2020-11",
      "2020-12",
      "2021-01",
      "2021-02",
      "2021-03",
      "2021-04",
      "2021-06",
      "2021-07",
      "2021-08",
      "2021-09",
      "2021-10",
      "2021-11",
      "2021-12",
      "2022-01",
      "2022-02",
      "2022-03",
      "2022-04",
      "2022-06",
      "2022-07",
      "2022-08",
      "2022-09",
      "2022-10",
      "2022-11",
      "2022-12",
      "2023-01",
      "2023-02",
      "2023-03",
      "2023-04"
    ],
    "class_type": "onpeak",
    "period_type": "f1",
    "lag": 1,
    "variant": "v3d"
  },
  "per_month": {
    "2020-06": {
      "VC@20": 0.16414013333500757,
      "VC@100": 0.9020951045163672,
      "Recall@20": 0.05,
      "Recall@100": 0.41,
      "NDCG": 0.30833585964770227,
      "VC@10": 0.1627026135779828,
      "VC@25": 0.1692435195593862,
      "VC@50": 0.7923490972779939,
      "VC@200": 0.9325154630282257,
      "Recall@10": 0.1,
      "Recall@50": 0.3,
      "Spearman": 0.21971512437527574,
      "n_samples": 272
    },
    "2020-07": {
      "VC@20": 0.25817446097781094,
      "VC@100": 0.8099362335355421,
      "Recall@20": 0.1,
      "Recall@100": 0.42,
      "NDCG": 0.45820913745015895,
      "VC@10": 0.25817446097781094,
      "VC@25": 0.37263727310453015,
      "VC@50": 0.6446102305192032,
      "VC@200": 0.9035095067047806,
      "Recall@10": 0.2,
      "Recall@50": 0.28,
      "Spearman": 0.2241684562524779,
      "n_samples": 311
    },
    "2020-08": {
      "VC@20": 0.013077101716058338,
      "VC@100": 0.7454254245936759,
      "Recall@20": 0.0,
      "Recall@100": 0.42,
      "NDCG": 0.38039122099590095,
      "VC@10": 0.002728180151504015,
      "VC@25": 0.01307710171605834,
      "VC@50": 0.4356483449288979,
      "VC@200": 0.9789111993872514,
      "Recall@10": 0.0,
      "Recall@50": 0.32,
      "Spearman": 0.3351841628825689,
      "n_samples": 437
    },
    "2020-09": {
      "VC@20": 0.16691738411683416,
      "VC@100": 0.8695544938395473,
      "Recall@20": 0.15,
      "Recall@100": 0.38,
      "NDCG": 0.3550687308461873,
      "VC@10": 0.15831077691433781,
      "VC@25": 0.1991663091643109,
      "VC@50": 0.5040685398392708,
      "VC@200": 0.896189001597232,
      "Recall@10": 0.2,
      "Recall@50": 0.36,
      "Spearman": 0.25419506866389896,
      "n_samples": 409
    },
    "2020-10": {
      "VC@20": 0.0271672756756391,
      "VC@100": 0.4239709840835715,
      "Recall@20": 0.05,
      "Recall@100": 0.34,
      "NDCG": 0.2772860330033161,
      "VC@10": 0.02531976260114805,
      "VC@25": 0.027167275675639105,
      "VC@50": 0.3776530983151357,
      "VC@200": 0.8538795707153953,
      "Recall@10": 0.1,
      "Recall@50": 0.3,
      "Spearman": 0.2231742163352973,
      "n_samples": 369
    },
    "2020-11": {
      "VC@20": 0.22060397254558922,
      "VC@100": 0.6536693041017687,
      "Recall@20": 0.15,
      "Recall@100": 0.42,
      "NDCG": 0.33654127319815186,
      "VC@10": 0.15808342919072613,
      "VC@25": 0.22060397254558922,
      "VC@50": 0.5731307251772956,
      "VC@200": 0.8919672107878323,
      "Recall@10": 0.1,
      "Recall@50": 0.34,
      "Spearman": 0.22958370217098328,
      "n_samples": 311
    },
    "2020-12": {
      "VC@20": 0.07206573436173101,
      "VC@100": 0.7951533750110956,
      "Recall@20": 0.1,
      "Recall@100": 0.38,
      "NDCG": 0.3129356019368185,
      "VC@10": 0.07206573436173101,
      "VC@25": 0.07206573436173101,
      "VC@50": 0.2778696636975337,
      "VC@200": 0.9817637145018928,
      "Recall@10": 0.1,
      "Recall@50": 0.22,
      "Spearman": 0.271676609550646,
      "n_samples": 287
    },
    "2021-01": {
      "VC@20": 0.06897678653289598,
      "VC@100": 0.6717244849141479,
      "Recall@20": 0.1,
      "Recall@100": 0.39,
      "NDCG": 0.3061472083504074,
      "VC@10": 0.02596788493197393,
      "VC@25": 0.06897678653289598,
      "VC@50": 0.3352565204316994,
      "VC@200": 0.9981093920372336,
      "Recall@10": 0.0,
      "Recall@50": 0.32,
      "Spearman": 0.2798282184837998,
      "n_samples": 264
    },
    "2021-02": {
      "VC@20": 0.03817256254066594,
      "VC@100": 0.7973994355727873,
      "Recall@20": 0.05,
      "Recall@100": 0.49,
      "NDCG": 0.3118941850591001,
      "VC@10": 0.0,
      "VC@25": 0.06403366293905462,
      "VC@50": 0.27253965455260243,
      "VC@200": 0.8179643321377313,
      "Recall@10": 0.0,
      "Recall@50": 0.32,
      "Spearman": 0.26150714802704894,
      "n_samples": 351
    },
    "2021-03": {
      "VC@20": 0.03694522028963543,
      "VC@100": 0.7106036366120189,
      "Recall@20": 0.05,
      "Recall@100": 0.38,
      "NDCG": 0.3234683249114234,
      "VC@10": 0.0010457100593294778,
      "VC@25": 0.037030388347131335,
      "VC@50": 0.5814873672717725,
      "VC@200": 0.7872873333326219,
      "Recall@10": 0.0,
      "Recall@50": 0.38,
      "Spearman": 0.2310630887996876,
      "n_samples": 320
    },
    "2021-04": {
      "VC@20": 0.07058695383998538,
      "VC@100": 0.6286153568427556,
      "Recall@20": 0.05,
      "Recall@100": 0.41,
      "NDCG": 0.36532612638679207,
      "VC@10": 0.06407207831513032,
      "VC@25": 0.07101947913156435,
      "VC@50": 0.3330282768251071,
      "VC@200": 0.8599940866691481,
      "Recall@10": 0.1,
      "Recall@50": 0.32,
      "Spearman": 0.23889500675461106,
      "n_samples": 316
    },
    "2021-06": {
      "VC@20": 0.03599001879586291,
      "VC@100": 0.718564566068259,
      "Recall@20": 0.05,
      "Recall@100": 0.37,
      "NDCG": 0.35927586627856867,
      "VC@10": 0.001796906943710011,
      "VC@25": 0.11148817213073577,
      "VC@50": 0.657200200784879,
      "VC@200": 0.8238840923155981,
      "Recall@10": 0.0,
      "Recall@50": 0.4,
      "Spearman": 0.2671814165958543,
      "n_samples": 286
    },
    "2021-07": {
      "VC@20": 0.02675961800838841,
      "VC@100": 0.759821175641343,
      "Recall@20": 0.1,
      "Recall@100": 0.45,
      "NDCG": 0.367099811679619,
      "VC@10": 0.0005567117315054601,
      "VC@25": 0.02675961800838841,
      "VC@50": 0.5671485429580706,
      "VC@200": 0.9935162136018337,
      "Recall@10": 0.0,
      "Recall@50": 0.34,
      "Spearman": 0.3003774618371826,
      "n_samples": 306
    },
    "2021-08": {
      "VC@20": 0.06587255636873691,
      "VC@100": 0.6721545382195997,
      "Recall@20": 0.05,
      "Recall@100": 0.38,
      "NDCG": 0.33807184139916674,
      "VC@10": 0.0008078584921485493,
      "VC@25": 0.06587255636873691,
      "VC@50": 0.5662925302441263,
      "VC@200": 0.9360357659880929,
      "Recall@10": 0.0,
      "Recall@50": 0.32,
      "Spearman": 0.29205080094350794,
      "n_samples": 379
    },
    "2021-09": {
      "VC@20": 0.42037328341544794,
      "VC@100": 0.6826453127005093,
      "Recall@20": 0.2,
      "Recall@100": 0.43,
      "NDCG": 0.4257601886280201,
      "VC@10": 0.20269699578631858,
      "VC@25": 0.42781130273378526,
      "VC@50": 0.5893940290441143,
      "VC@200": 0.9983181230592236,
      "Recall@10": 0.1,
      "Recall@50": 0.36,
      "Spearman": 0.31332393471315245,
      "n_samples": 363
    },
    "2021-10": {
      "VC@20": 0.29439158114315644,
      "VC@100": 0.8344422879498995,
      "Recall@20": 0.25,
      "Recall@100": 0.34,
      "NDCG": 0.34007126143752553,
      "VC@10": 0.1361650198183032,
      "VC@25": 0.3335248769575533,
      "VC@50": 0.7481252398533433,
      "VC@200": 0.978372004443397,
      "Recall@10": 0.1,
      "Recall@50": 0.32,
      "Spearman": 0.2581407350439104,
      "n_samples": 376
    },
    "2021-11": {
      "VC@20": 0.11016341413290875,
      "VC@100": 0.982999047920388,
      "Recall@20": 0.1,
      "Recall@100": 0.48,
      "NDCG": 0.259610245352032,
      "VC@10": 0.00113657897873384,
      "VC@25": 0.3288426101787058,
      "VC@50": 0.4936991537038356,
      "VC@200": 0.9885107342617468,
      "Recall@10": 0.0,