{
  "baseline_version": "v0c",
  "gates": {
    "VC@50": {
      "passed": false,
      "wins": 1,
      "n_groups": 3,
      "candidate_mean": 0.3362064758464198,
      "baseline_mean": 0.35470582397473455
    },
    "Recall@50": {
      "passed": false,
      "wins": 0,
      "n_groups": 3,
      "candidate_mean": 0.11064304619819469,
      "baseline_mean": 0.12294303128456953
    },
    "Abs_SP@50": {
      "passed": false,
      "wins": 1,
      "n_groups": 3,
      "candidate_mean": 0.2768202939181473,
      "baseline_mean": 0.29190216921319806
    }
  }
}