{
  "eval_config": {
    "eval_months": [
      "2020-06",
      "2020-07",
      "2020-08",
      "2020-09",
      "2020-10",
      "2020-11",
      "2020-12",
      "2021-01",
      "2021-02",
      "2021-03",
      "2021-04",
      "2021-06",
      "2021-07",
      "2021-08",
      "2021-09",
      "2021-10",
      "2021-11",
      "2021-12",
      "2022-01",
      "2022-02",
      "2022-03",
      "2022-04",
      "2022-06",
      "2022-07",
      "2022-08",
      "2022-09",
      "2022-10",
      "2022-11",
      "2022-12",
      "2023-01",
      "2023-02",
      "2023-03",
      "2023-04"
    ],
    "class_type": "onpeak",
    "period_type": "f1",
    "lag": 1
  },
  "per_month": {
    "2020-06": {
      "VC@20": 0.026912872044100474,
      "VC@100": 0.732715051106382,
      "Recall@20": 0.0,
      "Recall@100": 0.44,
      "NDCG": 0.3253656814107848,
      "VC@10": 0.025061856009768353,
      "VC@25": 0.02740599335412601,
      "VC@50": 0.6681583363005957,
      "VC@200": 0.8616798198762523,
      "Recall@10": 0.0,
      "Recall@50": 0.44,
      "Spearman": 0.3357941183722199,
      "n_samples": 359
    },
    "2020-07": {
      "VC@20": 0.28998350020409486,
      "VC@100": 0.5893305933014588,
      "Recall@20": 0.25,
      "Recall@100": 0.44,
      "NDCG": 0.43275739083299475,
      "VC@10": 0.019369626488750166,
      "VC@25": 0.28998350020409486,
      "VC@50": 0.4688080884935725,
      "VC@200": 0.9207652011338725,
      "Recall@10": 0.0,
      "Recall@50": 0.28,
      "Spearman": 0.3258758047122067,
      "n_samples": 417
    },
    "2020-08": {
      "VC@20": 0.310331614319519,
      "VC@100": 0.5764939443301276,
      "Recall@20": 0.3,
      "Recall@100": 0.41,
      "NDCG": 0.5615562154245526,
      "VC@10": 0.23022158788563246,
      "VC@25": 0.3365289811534641,
      "VC@50": 0.42742759493304117,
      "VC@200": 0.8913388041608589,
      "Recall@10": 0.3,
      "Recall@50": 0.28,
      "Spearman": 0.41736906738971985,
      "n_samples": 598
    },
    "2020-09": {
      "VC@20": 0.24360544479482416,
      "VC@100": 0.6290625997469118,
      "Recall@20": 0.3,
      "Recall@100": 0.37,
      "NDCG": 0.4317905130222173,
      "VC@10": 0.053844494584925094,
      "VC@25": 0.24432160134480266,
      "VC@50": 0.5619616900712472,
      "VC@200": 0.9395854279847913,
      "Recall@10": 0.0,
      "Recall@50": 0.44,
      "Spearman": 0.32611384525242915,
      "n_samples": 574
    },
    "2020-10": {
      "VC@20": 0.2927051020379007,
      "VC@100": 0.4366822133943138,
      "Recall@20": 0.2,
      "Recall@100": 0.46,
      "NDCG": 0.4248057835595636,
      "VC@10": 0.21603005086894364,
      "VC@25": 0.2927051020379007,
      "VC@50": 0.36963349788038125,
      "VC@200": 0.46964406978217116,
      "Recall@10": 0.3,
      "Recall@50": 0.34,
      "Spearman": 0.25477767755674224,
      "n_samples": 542
    },
    "2020-11": {
      "VC@20": 0.28611470603717115,
      "VC@100": 0.7008548672750365,
      "Recall@20": 0.15,
      "Recall@100": 0.39,
      "NDCG": 0.3871845909735445,
      "VC@10": 0.014243910182420197,
      "VC@25": 0.28611470603717115,
      "VC@50": 0.48150237969162607,
      "VC@200": 0.7650434248550264,
      "Recall@10": 0.0,
      "Recall@50": 0.38,
      "Spearman": 0.3209475301421241,
      "n_samples": 452
    },
    "2020-12": {
      "VC@20": 0.3774278055738897,
      "VC@100": 0.8659419667670732,
      "Recall@20": 0.4,
      "Recall@100": 0.43,
      "NDCG": 0.49926399462927484,
      "VC@10": 0.3065811105127718,
      "VC@25": 0.37831636138888874,
      "VC@50": 0.40036044191781867,
      "VC@200": 0.939032947749425,
      "Recall@10": 0.6,
      "Recall@50": 0.38,
      "Spearman": 0.3640527666849629,
      "n_samples": 391
    },
    "2021-01": {
      "VC@20": 0.13614947581500014,
      "VC@100": 0.6394464429552456,
      "Recall@20": 0.15,
      "Recall@100": 0.41,
      "NDCG": 0.4525842341705897,
      "VC@10": 0.12054543302542806,
      "VC@25": 0.2741360668846888,
      "VC@50": 0.3958086078068264,
      "VC@200": 0.9987493124442262,
      "Recall@10": 0.3,
      "Recall@50": 0.44,
      "Spearman": 0.40844007729586085,
      "n_samples": 379
    },
    "2021-02": {
      "VC@20": 0.14058169239450233,
      "VC@100": 0.49557907640145016,
      "Recall@20": 0.2,
      "Recall@100": 0.45,
      "NDCG": 0.41690768764573394,
      "VC@10": 0.05563184081684769,
      "VC@25": 0.1854701197176901,
      "VC@50": 0.3150982320591668,
      "VC@200": 0.848906989361296,
      "Recall@10": 0.0,
      "Recall@50": 0.38,
      "Spearman": 0.3026549647671489,
      "n_samples": 521
    },
    "2021-03": {
      "VC@20": 0.19367371932105185,
      "VC@100": 0.6727881955088101,
      "Recall@20": 0.2,
      "Recall@100": 0.36,
      "NDCG": 0.4859036494361374,
      "VC@10": 0.09769791953174088,
      "VC@25": 0.28001145455645826,
      "VC@50": 0.6208206244996627,
      "VC@200": 0.8045813305490757,
      "Recall@10": 0.1,
      "Recall@50": 0.4,
      "Spearman": 0.2637343939946386,
      "n_samples": 454
    },
    "2021-04": {
      "VC@20": 0.28691922861878383,
      "VC@100": 0.6767757775185856,
      "Recall@20": 0.25,
      "Recall@100": 0.44,
      "NDCG": 0.6443575307787699,
      "VC@10": 0.27979209364533525,
      "VC@25": 0.289840186700725,
      "VC@50": 0.4530173838237519,
      "VC@200": 0.7792960436779394,
      "Recall@10": 0.5,
      "Recall@50": 0.42,
      "Spearman": 0.3326778090641326,
      "n_samples": 446
    },
    "2021-06": {
      "VC@20": 0.2427578044235168,
      "VC@100": 0.8061243261230844,
      "Recall@20": 0.3,
      "Recall@100": 0.5,
      "NDCG": 0.5542396571211996,
      "VC@10": 0.13588546712223065,
      "VC@25": 0.33580776042092697,
      "VC@50": 0.6032773963343986,
      "VC@200": 0.8939654201072947,
      "Recall@10": 0.3,
      "Recall@50": 0.44,
      "Spearman": 0.39404419699190135,
      "n_samples": 383
    },
    "2021-07": {
      "VC@20": 0.5458957207492035,
      "VC@100": 0.7547872585930977,
      "Recall@20": 0.4,
      "Recall@100": 0.47,
      "NDCG": 0.6102431221602899,
      "VC@10": 0.17105416924632244,
      "VC@25": 0.5463365687355068,
      "VC@50": 0.5954172111634352,
      "VC@200": 0.8602677901489577,
      "Recall@10": 0.2,
      "Recall@50": 0.4,
      "Spearman": 0.35473334511454746,
      "n_samples": 424
    },
    "2021-08": {
      "VC@20": 0.611203644018246,
      "VC@100": 0.7975646423842937,
      "Recall@20": 0.4,
      "Recall@100": 0.38,
      "NDCG": 0.6100434024445673,
      "VC@10": 0.5075917715996793,
      "VC@25": 0.6112036440182461,
      "VC@50": 0.6894986094098859,
      "VC@200": 0.8685072635677596,
      "Recall@10": 0.6,
      "Recall@50": 0.4,
      "Spearman": 0.33930946191528516,
      "n_samples": 530
    },
    "2021-09": {
      "VC@20": 0.5757012848299624,
      "VC@100": 0.6753967279225858,
      "Recall@20": 0.3,
      "Recall@100": 0.35,
      "NDCG": 0.4673649430500139,
      "VC@10": 0.22631828901474169,
      "VC@25": 0.5853773928875894,
      "VC@50": 0.611898489712962,
      "VC@200": 0.8342214625046989,
      "Recall@10": 0.3,
      "Recall@50": 0.52,
      "Spearman": 0.33200004405178335,
      "n_samples": 518
    },
    "2021-10": {
      "VC@20": 0.2811797001966087,
      "VC@100": 0.8079936149612896,
      "Recall@20": 0.3,
      "Recall@100": 0.37,
      "NDCG": 0.4564978882406792,
      "VC@10": 0.07654141884413257,
      "VC@25": 0.448047376606223,
      "VC@50": 0.7231463143447533,
      "VC@200": 0.8707599186947393,
      "Recall@10": 0.0,
      "Recall@50": 0.4,
      "Spearman": 0.2951231268475324,
      "n_samples": 530
    },
    "2021-11": {
      "VC@20": 0.5025737514060352,
      "VC@100": 0.9912882913155455,
      "Recall@20": 0.3,
      "Recall@100": 0.45,
      "NDCG": 0.5984343517305344,
      "VC@10": 0.5019722620211226,
      "VC@25": 0.6180197988735666,
      "VC@50": 0.859160636631601,
      "VC@200": 0.992750312584029,
      "Recall@10": 0.6,
      "Recall@50": 0.38,