{
  "eval_config": {
    "eval_months": [
      "2020-06",
      "2020-07",
      "2020-08",
      "2020-09",
      "2020-10",
      "2020-11",
      "2020-12",
      "2021-01",
      "2021-02",
      "2021-03",
      "2021-04",
      "2021-06",
      "2021-07",
      "2021-08",
      "2021-09",
      "2021-10",
      "2021-11",
      "2021-12",
      "2022-01",
      "2022-02",
      "2022-03",
      "2022-04",
      "2022-06",
      "2022-07",
      "2022-08",
      "2022-09",
      "2022-10",
      "2022-11",
      "2022-12",
      "2023-01",
      "2023-02",
      "2023-03",
      "2023-04"
    ],
    "class_type": "onpeak",
    "period_type": "f1",
    "lag": 1
  },
  "per_month": {
    "2020-06": {
      "VC@20": 0.02691287204410047,
      "VC@100": 0.7307097175761574,
      "Recall@20": 0.0,
      "Recall@100": 0.41,
      "NDCG": 0.3187669397527726,
      "VC@10": 0.023210839975436236,
      "VC@25": 0.027405993354126006,
      "VC@50": 0.5121952502364878,
      "VC@200": 0.8616798198762523,
      "Recall@10": 0.0,
      "Recall@50": 0.44,
      "Spearman": 0.32436538355318534,
      "n_samples": 359
    },
    "2020-07": {
      "VC@20": 0.28998350020409486,
      "VC@100": 0.5783510693885499,
      "Recall@20": 0.25,
      "Recall@100": 0.43,
      "NDCG": 0.43919985568447656,
      "VC@10": 0.08502305591506637,
      "VC@25": 0.28998350020409486,
      "VC@50": 0.49013798478225473,
      "VC@200": 0.921758821784197,
      "Recall@10": 0.1,
      "Recall@50": 0.32,
      "Spearman": 0.32513315847418933,
      "n_samples": 417
    },
    "2020-08": {
      "VC@20": 0.3287267604725901,
      "VC@100": 0.5702019989090467,
      "Recall@20": 0.35,
      "Recall@100": 0.41,
      "NDCG": 0.552242531895096,
      "VC@10": 0.15383320655464017,
      "VC@25": 0.3365289811534641,
      "VC@50": 0.4274275949330411,
      "VC@200": 0.9021689004730558,
      "Recall@10": 0.2,
      "Recall@50": 0.28,
      "Spearman": 0.42257720086461364,
      "n_samples": 598
    },
    "2020-09": {
      "VC@20": 0.24360544479482413,
      "VC@100": 0.6526724815107429,
      "Recall@20": 0.3,
      "Recall@100": 0.39,
      "NDCG": 0.4337544335216888,
      "VC@10": 0.0303387457671736,
      "VC@25": 0.2504756320821318,
      "VC@50": 0.48389933254662304,
      "VC@200": 0.9400876592433675,
      "Recall@10": 0.0,
      "Recall@50": 0.44,
      "Spearman": 0.3256593140924089,
      "n_samples": 574
    },
    "2020-10": {
      "VC@20": 0.2697341690532814,
      "VC@100": 0.4027717431161204,
      "Recall@20": 0.3,
      "Recall@100": 0.4,
      "NDCG": 0.37718913140130444,
      "VC@10": 0.21676322654442626,
      "VC@25": 0.27381949477738526,
      "VC@50": 0.3689898500218581,
      "VC@200": 0.4600583073718538,
      "Recall@10": 0.3,
      "Recall@50": 0.32,
      "Spearman": 0.2392954623796582,
      "n_samples": 542
    },
    "2020-11": {
      "VC@20": 0.28611470603717115,
      "VC@100": 0.7416563934194674,
      "Recall@20": 0.15,
      "Recall@100": 0.41,
      "NDCG": 0.3856433451457528,
      "VC@10": 0.014243910182420197,
      "VC@25": 0.2871872709970679,
      "VC@50": 0.48150237969162607,
      "VC@200": 0.7650434248550263,
      "Recall@10": 0.0,
      "Recall@50": 0.38,
      "Spearman": 0.3367082816154427,
      "n_samples": 452
    },
    "2020-12": {
      "VC@20": 0.33334140577631727,
      "VC@100": 0.8636175435027622,
      "Recall@20": 0.35,
      "Recall@100": 0.42,
      "NDCG": 0.4926593309097866,
      "VC@10": 0.3065811105127718,
      "VC@25": 0.3774278055738898,
      "VC@50": 0.40036044191781867,
      "VC@200": 0.939032947749425,
      "Recall@10": 0.6,
      "Recall@50": 0.38,
      "Spearman": 0.36902496195092477,
      "n_samples": 391
    },
    "2021-01": {
      "VC@20": 0.2323033544431953,
      "VC@100": 0.6373716863189027,
      "Recall@20": 0.25,
      "Recall@100": 0.41,
      "NDCG": 0.4660007366214579,
      "VC@10": 0.1274619025403219,
      "VC@25": 0.3222130061987864,
      "VC@50": 0.3958086078068264,
      "VC@200": 0.7261103248579178,
      "Recall@10": 0.3,
      "Recall@50": 0.44,
      "Spearman": 0.40536040388736966,
      "n_samples": 379
    },
    "2021-02": {
      "VC@20": 0.1238909191201133,
      "VC@100": 0.49506619424294135,
      "Recall@20": 0.1,
      "Recall@100": 0.44,
      "NDCG": 0.4248725606354912,
      "VC@10": 0.07689454662383395,
      "VC@25": 0.17292999893645852,
      "VC@50": 0.27040845873304603,
      "VC@200": 0.8670365837333577,
      "Recall@10": 0.1,
      "Recall@50": 0.34,
      "Spearman": 0.3334112981426323,
      "n_samples": 521
    },
    "2021-03": {
      "VC@20": 0.27785723036894205,
      "VC@100": 0.6807517692320183,
      "Recall@20": 0.3,
      "Recall@100": 0.36,
      "NDCG": 0.5003821495060441,
      "VC@10": 0.1051467270622261,
      "VC@25": 0.5792199191194163,
      "VC@50": 0.6658202038104115,
      "VC@200": 0.7555528767026229,
      "Recall@10": 0.1,
      "Recall@50": 0.42,
      "Spearman": 0.2748619363997262,
      "n_samples": 454
    },
    "2021-04": {
      "VC@20": 0.28832330167342796,
      "VC@100": 0.6350123458044691,
      "Recall@20": 0.25,
      "Recall@100": 0.44,
      "NDCG": 0.6425762900687882,
      "VC@10": 0.2791125439841385,
      "VC@25": 0.2979392349260924,
      "VC@50": 0.4530173838237519,
      "VC@200": 0.8744047074245864,
      "Recall@10": 0.5,
      "Recall@50": 0.42,
      "Spearman": 0.3662707497257017,
      "n_samples": 446
    },
    "2021-06": {
      "VC@20": 0.2427578044235168,
      "VC@100": 0.7920699416156752,
      "Recall@20": 0.3,
      "Recall@100": 0.46,
      "NDCG": 0.5337242721920326,
      "VC@10": 0.195478508044475,
      "VC@25": 0.27807320887778125,
      "VC@50": 0.5872299195273278,
      "VC@200": 0.8938295031862868,
      "Recall@10": 0.4,
      "Recall@50": 0.46,
      "Spearman": 0.39522430608512643,
      "n_samples": 383
    },
    "2021-07": {
      "VC@20": 0.48125923506773716,
      "VC@100": 0.7237231272624024,
      "Recall@20": 0.35,
      "Recall@100": 0.46,
      "NDCG": 0.6934750464969305,
      "VC@10": 0.16186726925225808,
      "VC@25": 0.5463365687355068,
      "VC@50": 0.6354695708627884,
      "VC@200": 0.8089573050026495,
      "Recall@10": 0.2,
      "Recall@50": 0.38,
      "Spearman": 0.3482189790887867,
      "n_samples": 424
    },
    "2021-08": {
      "VC@20": 0.6044531808428855,
      "VC@100": 0.7979521911320397,
      "Recall@20": 0.4,
      "Recall@100": 0.39,
      "NDCG": 0.7329329474299203,
      "VC@10": 0.4669532782118985,
      "VC@25": 0.6126335431070087,
      "VC@50": 0.6557091929277251,
      "VC@200": 0.8599126915148103,
      "Recall@10": 0.5,
      "Recall@50": 0.36,
      "Spearman": 0.3325949946571404,
      "n_samples": 530
    },
    "2021-09": {
      "VC@20": 0.5757012848299624,
      "VC@100": 0.6736193058663205,
      "Recall@20": 0.3,
      "Recall@100": 0.39,
      "NDCG": 0.5092200885671104,
      "VC@10": 0.4249716815541585,
      "VC@25": 0.5793730625395475,
      "VC@50": 0.6453390664399753,
      "VC@200": 0.6981808529295828,
      "Recall@10": 0.4,
      "Recall@50": 0.56,
      "Spearman": 0.3424347872635107,
      "n_samples": 518
    },
    "2021-10": {
      "VC@20": 0.2811797001966087,
      "VC@100": 0.8079936149612896,
      "Recall@20": 0.3,
      "Recall@100": 0.36,
      "NDCG": 0.4447929017072178,
      "VC@10": 0.03347773005417903,
      "VC@25": 0.448047376606223,
      "VC@50": 0.7270362216403784,
      "VC@200": 0.8767810826956044,
      "Recall@10": 0.0,
      "Recall@50": 0.42,
      "Spearman": 0.3200059601914122,
      "n_samples": 530
    },
    "2021-11": {
      "VC@20": 0.5199076349310418,
      "VC@100": 0.9912882913155455,
      "Recall@20": 0.35,
      "Recall@100": 0.42,
      "NDCG": 0.587016030088833,
      "VC@10": 0.3906357960977984,
      "VC@25": 0.5545754019810548,
      "VC@50": 0.8535121237362102,
      "VC@200": 0.9938212161643978,
      "Recall@10": 0.4,
      "Recall@50": 0.36,