{
  "eval_config": {
    "eval_months": [
      "2020-09",
      "2020-11",
      "2021-01",
      "2021-03",
      "2021-05",
      "2021-07",
      "2021-09",
      "2021-11",
      "2022-03",
      "2022-06",
      "2022-09",
      "2022-12"
    ],
    "class_type": "onpeak",
    "period_type": "f0",
    "train_months": 6,
    "val_months": 2,
    "ev_scoring": true
  },
  "per_month": {
    "2020-09": {
      "AUC": 0.8320981141104865,
      "AP": 0.44185857622033825,
      "Brier": 0.14148987856413747,
      "S1-VCAP@100": 0.012836392175830942,
      "S1-VCAP@500": 0.12916690271656622,
      "S1-NDCG": 0.7483047284945751,
      "EV-VC@100": 0.09002476720685873,
      "EV-VC@500": 0.2990151162394845,
      "EV-NDCG": 0.8216789212494112,
      "Spearman": 0.4129759277369138,
      "C-RMSE": 1163.6813787688936,
      "C-MAE": 557.7032244247328,
      "EV-VC@1000": 0.36024530763410106,
      "R-REC@500": 0.039244908097367116,
      "binding_rate": 0.09467668984330295,
      "n_samples": 127571,
      "n_binding": 12078
    },
    "2020-11": {
      "AUC": 0.8477824321041556,
      "AP": 0.47215051608050723,
      "Brier": 0.1501139405260891,
      "S1-VCAP@100": 0.10065920584322038,
      "S1-VCAP@500": 0.24629724156350608,
      "S1-NDCG": 0.7526333601417825,
      "EV-VC@100": 0.1413056355120377,
      "EV-VC@500": 0.29172568902407875,
      "EV-NDCG": 0.7700171135509233,
      "Spearman": 0.527987631988359,
      "C-RMSE": 2672.116193833211,
      "C-MAE": 901.5770026755362,
      "EV-VC@1000": 0.3225476446224862,
      "R-REC@500": 0.04438356164383562,
      "binding_rate": 0.08600309454057069,
      "n_samples": 127321,
      "n_binding": 10950
    },
    "2021-01": {
      "AUC": 0.8595216503225058,
      "AP": 0.40791639607979513,
      "Brier": 0.1396238884465878,
      "S1-VCAP@100": 0.03628091835289465,
      "S1-VCAP@500": 0.17746402675966796,
      "S1-NDCG": 0.7314794634857941,
      "EV-VC@100": 0.03146378370660888,
      "EV-VC@500": 0.16742805700373622,
      "EV-NDCG": 0.7394780308169338,
      "Spearman": 0.43222480111991873,
      "C-RMSE": 2063.8600193667785,
      "C-MAE": 811.1002063249069,
      "EV-VC@1000": 0.2633267919019125,
      "R-REC@500": 0.033417816577489906,
      "binding_rate": 0.07474058639052009,
      "n_samples": 142533,
      "n_binding": 10653
    },
    "2021-03": {
      "AUC": 0.8346309273985303,
      "AP": 0.4351140166836521,
      "Brier": 0.1475084240754944,
      "S1-VCAP@100": 0.04556395772108892,
      "S1-VCAP@500": 0.22088779746380405,
      "S1-NDCG": 0.7828414219708066,
      "EV-VC@100": 0.018896446347776458,
      "EV-VC@500": 0.23538827088545997,
      "EV-NDCG": 0.7587241458982084,
      "Spearman": 0.42292933514085523,
      "C-RMSE": 2038.2243082635462,
      "C-MAE": 793.7330479880418,
      "EV-VC@1000": 0.37293841567149516,
      "R-REC@500": 0.03942039420394204,
      "binding_rate": 0.07933991702548503,
      "n_samples": 140043,
      "n_binding": 11111
    },
    "2021-05": {
      "AUC": 0.8145134761658828,
      "AP": 0.32904876715124287,
      "Brier": 0.16273650659785702,
      "S1-VCAP@100": 0.003375994060516944,
      "S1-VCAP@500": 0.10812790828327155,
      "S1-NDCG": 0.7366764669898087,
      "EV-VC@100": 0.0033954734496853575,
      "EV-VC@500": 0.05559320684258429,
      "EV-NDCG": 0.7090856591451031,
      "Spearman": 0.47419030027617987,
      "C-RMSE": 2047.6359306294546,
      "C-MAE": 947.3596776942219,
      "EV-VC@1000": 0.1735734807541055,
      "R-REC@500": 0.011960301976418695,
      "binding_rate": 0.08354948902212583,
      "n_samples": 141102,
      "n_binding": 11789
    },
    "2021-07": {
      "AUC": 0.8553484442381032,
      "AP": 0.3388043188172262,
      "Brier": 0.149162870294065,
      "S1-VCAP@100": 0.04197565472450936,
      "S1-VCAP@500": 0.1804126982402903,
      "S1-NDCG": 0.7107306382773663,
      "EV-VC@100": 0.11290460693330671,
      "EV-VC@500": 0.32349460095799465,
      "EV-NDCG": 0.7865715915250427,
      "Spearman": 0.38730187905903646,
      "C-RMSE": 2237.826202217,
      "C-MAE": 873.835757752003,
      "EV-VC@1000": 0.4438877143872133,
      "R-REC@500": 0.04792065009560229,
      "binding_rate": 0.05844391674814918,
      "n_samples": 143180,
      "n_binding": 8368
    },
    "2021-09": {
      "AUC": 0.8361990441855133,
      "AP": 0.4383652334129584,
      "Brier": 0.13589666042870566,
      "S1-VCAP@100": 0.12380869289060846,
      "S1-VCAP@500": 0.40810311966118423,
      "S1-NDCG": 0.7501151270478452,
      "EV-VC@100": 0.23523471124869813,
      "EV-VC@500": 0.3963585648433818,
      "EV-NDCG": 0.8002113679139506,
      "Spearman": 0.4156053583472731,
      "C-RMSE": 3108.791829948954,
      "C-MAE": 1080.4026702290403,
      "EV-VC@1000": 0.4419644099897798,
      "R-REC@500": 0.027193481144589728,
      "binding_rate": 0.0825769904857286,
      "n_samples": 127808,
      "n_binding": 10554
    },
    "2021-11": {
      "AUC": 0.81738487271928,
      "AP": 0.4139719092910503,
      "Brier": 0.14664951392293832,
      "S1-VCAP@100": 0.019180127717648262,
      "S1-VCAP@500": 0.1670331240008157,
      "S1-NDCG": 0.752662844576005,
      "EV-VC@100": 0.031702688016924434,
      "EV-VC@500": 0.1401387926683813,
      "EV-NDCG": 0.7474822369410125,
      "Spearman": 0.2616023263779693,
      "C-RMSE": 4798.002465846217,
      "C-MAE": 1951.0477867539742,
      "EV-VC@1000": 0.2797570445174611,
      "R-REC@500": 0.03301809880971792,
      "binding_rate": 0.09685340913577323,
      "n_samples": 126645,
      "n_binding": 12266
    },
    "2022-03": {
      "AUC": 0.8303740390974933,
      "AP": 0.34976116271043245,
      "Brier": 0.16127244679426284,
      "S1-VCAP@100": 0.06363268448744237,
      "S1-VCAP@500": 0.2334887758439146,
      "S1-NDCG": 0.7738193881187856,
      "EV-VC@100": 0.09088005728279273,
      "EV-VC@500": 0.34883639814952877,
      "EV-NDCG": 0.8004266799855262,
      "Spearman": 0.3867287049538604,
      "C-RMSE": 2881.83507563609,
      "C-MAE": 1213.6530379119208,
      "EV-VC@1000": 0.3842373761330283,
      "R-REC@500": 0.041212238200945855,
      "binding_rate": 0.07425430361058953,
      "n_samples": 139534,
      "n_binding": 10361
    },
    "2022-06": {
      "AUC": 0.8019272677779011,
      "AP": 0.2874215015760395,
      "Brier": 0.15876930377739082,
      "S1-VCAP@100": 0.007292806501637741,
      "S1-VCAP@500": 0.03921177010137688,
      "S1-NDCG": 0.6063533792072258,
      "EV-VC@100": 0.019258177708094192,
      "EV-VC@500": 0.0670445089765261,
      "EV-NDCG": 0.6060017240997705,
      "Spearman": 0.27406490886703677,
      "C-RMSE": 5786.230709322984,
      "C-MAE": 2220.1786822134272,
      "EV-VC@1000": 0.10642599410431249,
      "R-REC@500": 0.03462812405901837,
      "binding_rate": 0.07738432740180354,
      "n_samples": 128747,
      "n_binding": 9963
    },
    "2022-09": {
      "AUC": 0.8364933479129167,
      "AP": 0.3637854799661613,
      "Brier": 0.16240830692298058,
      "S1-VCAP@100": 0.028383785854360525,
      "S1-VCAP@500": 0.08751616844400834,
      "S1-NDCG": 0.7243844957111688,
      "EV-VC@100": 0.027967429027431767,
      "EV-VC@500": 0.052693687101056166,
      "EV-NDCG": 0.6744999111960802,
      "Spearman": 0.3283569671621791,
      "C-RMSE": 2446.3801854923877,
      "C-MAE": 1129.9955964938108,
      "EV-VC@1000": 0.09489115588702011,
      "R-REC@500": 0.02615509871768777,
      "binding_rate": 0.0761197961049223,
      "n_samples": 129086,
      "n_binding": 9826
    },
    "2022-12": {
      "AUC": 0.8190491714554924,
      "AP": 0.2726741164082971,
      "Brier": 0.16305675250576904,
      "S1-VCAP@100": 0.08012044047607249,
      "S1-VCAP@500": 0.31088299548407466,
      "S1-NDCG": 0.7122611529199153,
      "EV-VC@100": 0.15809304886679118,
      "EV-VC@500": 0.3457709204575312,
      "EV-NDCG": 0.7850888241011854,
      "Spearman": 0.3862999148130745,
      "C-RMSE": 3154.902632278008,
      "C-MAE": 1229.6342307812276,