{
  "importance_type": "gain",
  "n_months": 12,
  "per_month": {
    "2020-09": {
      "prob_exceed_110": 0.007690805476158857,
      "prob_exceed_105": 0.019464297220110893,
      "prob_exceed_100": 0.0004707510524895042,
      "prob_exceed_95": 0.013173479586839676,
      "prob_exceed_90": 0.04290296137332916,
      "prob_below_100": 0.0006384063744917512,
      "prob_below_95": 0.030684299767017365,
      "prob_below_90": 0.06490691751241684,
      "expected_overload": 0.004953992087393999,
      "hist_da": 0.2353869527578354,
      "hist_da_trend": 0.448244571685791,
      "hist_physical_interaction": 0.1160494014620781,
      "overload_exceedance_product": 0.015433131717145443
    },
    "2020-11": {
      "prob_exceed_110": 0.007235285360366106,
      "prob_exceed_105": 0.0315728522837162,
      "prob_exceed_100": 0.027155473828315735,
      "prob_exceed_95": 0.012867342680692673,
      "prob_exceed_90": 0.04018908739089966,
      "prob_below_100": 0.0013410248793661594,
      "prob_below_95": 0.006705317180603743,
      "prob_below_90": 0.03887162357568741,
      "expected_overload": 0.027900729328393936,
      "hist_da": 0.22015364468097687,
      "hist_da_trend": 0.4580860733985901,
      "hist_physical_interaction": 0.11211462318897247,
      "overload_exceedance_product": 0.01580691896378994
    },
    "2021-01": {
      "prob_exceed_110": 0.009119248948991299,
      "prob_exceed_105": 0.04965949431061745,
      "prob_exceed_100": 0.029681647196412086,
      "prob_exceed_95": 0.013923498801887035,
      "prob_exceed_90": 0.03443216532468796,
      "prob_below_100": 0.01338850799947977,
      "prob_below_95": 0.0011438883375376463,
      "prob_below_90": 0.04240408539772034,
      "expected_overload": 0.03240742161870003,
      "hist_da": 0.22318843007087708,
      "hist_da_trend": 0.43597733974456787,
      "hist_physical_interaction": 0.1060873344540596,
      "overload_exceedance_product": 0.008586892858147621
    },
    "2021-04": {
      "prob_exceed_110": 0.008294975385069847,
      "prob_exceed_105": 0.02049383707344532,
      "prob_exceed_100": 0.011469503864645958,
      "prob_exceed_95": 0.07008066773414612,
      "prob_exceed_90": 0.03325314819812775,
      "prob_below_100": 0.009762177243828773,
      "prob_below_95": 0.0008973844232968986,
      "prob_below_90": 0.03839261829853058,
      "expected_overload": 0.013906331732869148,
      "hist_da": 0.25551193952560425,
      "hist_da_trend": 0.4165342152118683,
      "hist_physical_interaction": 0.11518745124340057,
      "overload_exceedance_product": 0.00621566129848361
    },
    "2021-06": {
      "prob_exceed_110": 0.011570063419640064,
      "prob_exceed_105": 0.01976812817156315,
      "prob_exceed_100": 0.002045605331659317,
      "prob_exceed_95": 0.038885701447725296,
      "prob_exceed_90": 0.03128441423177719,
      "prob_below_100": 0.003071618266403675,
      "prob_below_95": 0.0022848767694085836,
      "prob_below_90": 0.050779521465301514,
      "expected_overload": 0.020112045109272003,
      "hist_da": 0.24956384301185608,
      "hist_da_trend": 0.43860530853271484,
      "hist_physical_interaction": 0.11832333356142044,
      "overload_exceedance_product": 0.013705562800168991
    },
    "2021-08": {
      "prob_exceed_110": 0.010471454821527004,
      "prob_exceed_105": 0.012046410702168941,
      "prob_exceed_100": 0.016788333654403687,
      "prob_exceed_95": 0.027940550819039345,
      "prob_exceed_90": 0.03581748530268669,
      "prob_below_100": 0.00743457954376936,
      "prob_below_95": 0.03737068176269531,
      "prob_below_90": 0.07038778811693192,
      "expected_overload": 0.0081924544647336,
      "hist_da": 0.22772009670734406,
      "hist_da_trend": 0.45190584659576416,
      "hist_physical_interaction": 0.09016400575637817,
      "overload_exceedance_product": 0.003760403022170067
    },
    "2021-10": {
      "prob_exceed_110": 0.007562823593616486,
      "prob_exceed_105": 0.017319362610578537,
      "prob_exceed_100": 0.009620225057005882,
      "prob_exceed_95": 0.018420154228806496,
      "prob_exceed_90": 0.03413184732198715,
      "prob_below_100": 0.007744137663394213,
      "prob_below_95": 0.0033040123526006937,
      "prob_below_90": 0.058380376547575,
      "expected_overload": 0.006276336964219809,
      "hist_da": 0.22019809484481812,
      "hist_da_trend": 0.47625234723091125,
      "hist_physical_interaction": 0.13469909131526947,
      "overload_exceedance_product": 0.006091156508773565
    },
    "2021-12": {
      "prob_exceed_110": 0.002269284101203084,
      "prob_exceed_105": 0.017067547887563705,
      "prob_exceed_100": 0.011677305214107037,
      "prob_exceed_95": 0.0191018246114254,
      "prob_exceed_90": 0.023320121690630913,
      "prob_below_100": 0.006785708013921976,
      "prob_below_95": 0.030261998996138573,
      "prob_below_90": 0.06105373799800873,
      "expected_overload": 0.024200208485126495,
      "hist_da": 0.24072875082492828,
      "hist_da_trend": 0.48474588990211487,
      "hist_physical_interaction": 0.06925030797719955,
      "overload_exceedance_product": 0.009537327103316784
    },
    "2022-03": {
      "prob_exceed_110": 0.010509741492569447,
      "prob_exceed_105": 0.014818237163126469,
      "prob_exceed_100": 0.002931704046204686,
      "prob_exceed_95": 0.048196207731962204,
      "prob_exceed_90": 0.02838263288140297,
      "prob_below_100": 0.0005622990429401398,
      "prob_below_95": 0.002749772509559989,
      "prob_below_90": 0.07816865295171738,
      "expected_overload": 0.024385740980505943,
      "hist_da": 0.23251193761825562,
      "hist_da_trend": 0.4574890434741974,
      "hist_physical_interaction": 0.09111753851175308,
      "overload_exceedance_product": 0.008176532573997974
    },
    "2022-06": {
      "prob_exceed_110": 0.004688646644353867,
      "prob_exceed_105": 0.0085718659684062,
      "prob_exceed_100": 0.004119838587939739,
      "prob_exceed_95": 0.020691005513072014,
      "prob_exceed_90": 0.0438113808631897,
      "prob_below_100": 0.006311723496764898,
      "prob_below_95": 0.04628937691450119,
      "prob_below_90": 0.07167522609233856,
      "expected_overload": 0.004809273406863213,
      "hist_da": 0.2667725682258606,
      "hist_da_trend": 0.4271245300769806,
      "hist_physical_interaction": 0.0930694192647934,
      "overload_exceedance_product": 0.002065069042146206
    },
    "2022-09": {
      "prob_exceed_110": 0.003938484471291304,
      "prob_exceed_105": 0.004611424170434475,
      "prob_exceed_100": 0.007733113598078489,
      "prob_exceed_95": 0.035683877766132355,
      "prob_exceed_90": 0.03215797245502472,
      "prob_below_100": 0.006641912739723921,
      "prob_below_95": 0.004651669878512621,
      "prob_below_90": 0.07878824323415756,
      "expected_overload": 0.0037092387210577726,
      "hist_da": 0.2785760760307312,
      "hist_da_trend": 0.38285523653030396,
      "hist_physical_interaction": 0.15464997291564941,
      "overload_exceedance_product": 0.006002777721732855
    },
    "2022-12": {
      "prob_exceed_110": 0.0031207541469484568,
      "prob_exceed_105": 0.007913130335509777,
      "prob_exceed_100": 0.0077063338831067085,
      "prob_exceed_95": 0.021523579955101013,
      "prob_exceed_90": 0.03418432176113129,
      "prob_below_100": 0.0051094233058393,
      "prob_below_95": 0.01615944318473339,
      "prob_below_90": 0.07996364682912827,
      "expected_overload": 0.019005978479981422,
      "hist_da": 0.24403798580169678,
      "hist_da_trend": 0.4270857870578766,
      "hist_physical_interaction": 0.12974482774734497,
      "overload_exceedance_product": 0.004444813821464777
    }
  },
  "aggregate": {
    "mean": {
      "prob_exceed_110": 0.007205963988477985,
      "prob_exceed_105": 0.018608882324770093,
      "prob_exceed_100": 0.010949986276197402,
      "prob_exceed_95": 0.02837399090640247,
      "prob_exceed_90": 0.034488961566239595,
      "prob_below_100": 0.005732626547493662,