{
  "eval_config": {
    "eval_months": [
      "2020-09",
      "2020-11",
      "2021-01",
      "2021-04",
      "2021-06",
      "2021-08",
      "2021-10",
      "2021-12",
      "2022-03",
      "2022-06",
      "2022-09",
      "2022-12"
    ],
    "class_type": "onpeak",
    "ptype": "f0",
    "train_months": 14,
    "val_months": 2,
    "threshold_beta": 0.7
  },
  "per_month": {
    "2020-09": {
      "S1-AUC": 0.8486,
      "S1-AP": 0.3945,
      "S1-VCAP@100": 0.0228,
      "S1-VCAP@500": 0.0932,
      "S1-VCAP@1000": 0.1559,
      "S1-NDCG": 0.7852,
      "S1-BRIER": 0.1473,
      "S1-REC": 0.4556,
      "S1-CAP@100": 0.43,
      "S1-CAP@500": 0.586,
      "precision": 0.436,
      "f1": 0.4456,
      "threshold": 0.82724,
      "n_samples": 285159,
      "n_positive": 19619,
      "binding_rate": 0.0688,
      "pred_binding_rate": 0.0719
    },
    "2020-11": {
      "S1-AUC": 0.8309,
      "S1-AP": 0.422,
      "S1-VCAP@100": 0.0194,
      "S1-VCAP@500": 0.16,
      "S1-VCAP@1000": 0.2529,
      "S1-NDCG": 0.773,
      "S1-BRIER": 0.1512,
      "S1-REC": 0.5094,
      "S1-CAP@100": 0.98,
      "S1-CAP@500": 0.96,
      "precision": 0.4195,
      "f1": 0.4601,
      "threshold": 0.784749,
      "n_samples": 267789,
      "n_positive": 25205,
      "binding_rate": 0.0941,
      "pred_binding_rate": 0.1143
    },
    "2021-01": {
      "S1-AUC": 0.8504,
      "S1-AP": 0.4318,
      "S1-VCAP@100": 0.0341,
      "S1-VCAP@500": 0.1727,
      "S1-VCAP@1000": 0.2998,
      "S1-NDCG": 0.7977,
      "S1-BRIER": 0.1565,
      "S1-REC": 0.4538,
      "S1-CAP@100": 0.91,
      "S1-CAP@500": 0.928,
      "precision": 0.4944,
      "f1": 0.4732,
      "threshold": 0.849103,
      "n_samples": 268702,
      "n_positive": 21247,
      "binding_rate": 0.0791,
      "pred_binding_rate": 0.0726
    },
    "2021-04": {
      "S1-AUC": 0.8383,
      "S1-AP": 0.4251,
      "S1-VCAP@100": 0.0079,
      "S1-VCAP@500": 0.0464,
      "S1-VCAP@1000": 0.1134,
      "S1-NDCG": 0.6611,
      "S1-BRIER": 0.1462,
      "S1-REC": 0.441,
      "S1-CAP@100": 0.42,
      "S1-CAP@500": 0.394,
      "precision": 0.5029,
      "f1": 0.47,
      "threshold": 0.849486,
      "n_samples": 267965,
      "n_positive": 21286,
      "binding_rate": 0.0794,
      "pred_binding_rate": 0.0697
    },
    "2021-06": {
      "S1-AUC": 0.8285,
      "S1-AP": 0.347,
      "S1-VCAP@100": 0.0145,
      "S1-VCAP@500": 0.0966,
      "S1-VCAP@1000": 0.15,
      "S1-NDCG": 0.783,
      "S1-BRIER": 0.1606,
      "S1-REC": 0.4955,
      "S1-CAP@100": 0.97,
      "S1-CAP@500": 0.858,
      "precision": 0.4149,
      "f1": 0.4516,
      "threshold": 0.798427,
      "n_samples": 269154,
      "n_positive": 22264,
      "binding_rate": 0.0827,
      "pred_binding_rate": 0.0988
    },
    "2021-08": {
      "S1-AUC": 0.8531,
      "S1-AP": 0.3955,
      "S1-VCAP@100": 0.0459,
      "S1-VCAP@500": 0.1425,
      "S1-VCAP@1000": 0.1902,
      "S1-NDCG": 0.7241,
      "S1-BRIER": 0.1552,
      "S1-REC": 0.3908,
      "S1-CAP@100": 1.0,
      "S1-CAP@500": 0.788,
      "precision": 0.4478,
      "f1": 0.4174,
      "threshold": 0.876949,
      "n_samples": 272673,
      "n_positive": 18814,
      "binding_rate": 0.069,
      "pred_binding_rate": 0.0602
    },
    "2021-10": {
      "S1-AUC": 0.8495,
      "S1-AP": 0.4325,
      "S1-VCAP@100": 0.0875,
      "S1-VCAP@500": 0.2515,
      "S1-VCAP@1000": 0.3155,
      "S1-NDCG": 0.8325,
      "S1-BRIER": 0.1457,
      "S1-REC": 0.3881,
      "S1-CAP@100": 0.8,
      "S1-CAP@500": 0.796,
      "precision": 0.5163,
      "f1": 0.4431,
      "threshold": 0.87068,
      "n_samples": 270336,
      "n_positive": 20898,
      "binding_rate": 0.0773,
      "pred_binding_rate": 0.0581
    },
    "2021-12": {
      "S1-AUC": 0.8119,
      "S1-AP": 0.4266,
      "S1-VCAP@100": 0.0242,
      "S1-VCAP@500": 0.1151,
      "S1-VCAP@1000": 0.175,
      "S1-NDCG": 0.8169,
      "S1-BRIER": 0.1543,
      "S1-REC": 0.4171,
      "S1-CAP@100": 1.0,
      "S1-CAP@500": 0.978,
      "precision": 0.4365,
      "f1": 0.4266,
      "threshold": 0.769558,
      "n_samples": 266013,
      "n_positive": 26766,
      "binding_rate": 0.1006,
      "pred_binding_rate": 0.0961
    },
    "2022-03": {
      "S1-AUC": 0.8441,
      "S1-AP": 0.3523,
      "S1-VCAP@100": 0.0284,
      "S1-VCAP@500": 0.1363,
      "S1-VCAP@1000": 0.1927,
      "S1-NDCG": 0.7071,
      "S1-BRIER": 0.1601,
      "S1-REC": 0.3769,
      "S1-CAP@100": 1.0,
      "S1-CAP@500": 0.968,
      "precision": 0.3908,
      "f1": 0.3837,
      "threshold": 0.857794,
      "n_samples": 269079,
      "n_positive": 18815,
      "binding_rate": 0.0699,
      "pred_binding_rate": 0.0674
    },
    "2022-06": {
      "S1-AUC": 0.8201,
      "S1-AP": 0.3836,
      "S1-VCAP@100": 0.0181,
      "S1-VCAP@500": 0.0846,
      "S1-VCAP@1000": 0.1804,
      "S1-NDCG": 0.758,
      "S1-BRIER": 0.1524,
      "S1-REC": 0.3429,
      "S1-CAP@100": 0.39,
      "S1-CAP@500": 0.56,
      "precision": 0.4401,
      "f1": 0.3855,
      "threshold": 0.832672,
      "n_samples": 267808,
      "n_positive": 21377,
      "binding_rate": 0.0798,
      "pred_binding_rate": 0.0622
    },
    "2022-09": {
      "S1-AUC": 0.8306,
      "S1-AP": 0.2987,
      "S1-VCAP@100": 0.019,
      "S1-VCAP@500": 0.0604,
      "S1-VCAP@1000": 0.0886,
      "S1-NDCG": 0.73,
      "S1-BRIER": 0.1625,
      "S1-REC": 0.3372,
      "S1-CAP@100": 0.57,
      "S1-CAP@500": 0.666,
      "precision": 0.3645,
      "f1": 0.3503,
      "threshold": 0.848564,
      "n_samples": 286418,
      "n_positive": 18987,
      "binding_rate": 0.0663,
      "pred_binding_rate": 0.0613
    },
    "2022-12": {
      "S1-AUC": 0.8191,
      "S1-AP": 0.3612,
      "S1-VCAP@100": 0.0024,
      "S1-VCAP@500": 0.0466,
      "S1-VCAP@1000": 0.0708,
      "S1-NDCG": 0.7036,
      "S1-BRIER": 0.1563,
      "S1-REC": 0.4066,
      "S1-CAP@100": 1.0,
      "S1-CAP@500": 0.842,
      "precision": 0.44,
      "f1": 0.4226,
      "threshold": 0.784746,
      "n_samples": 259370,
      "n_positive": 21930,
      "binding_rate": 0.0846,
      "pred_binding_rate": 0.0781
    }
  },
  "aggregate": {
    "mean": {
      "S1-AP": 0.3892,
      "S1-AUC": 0.8354,
      "S1-BRIER": 0.154,
      "S1-CAP@100": 0.7892,
      "S1-CAP@500": 0.777,
      "S1-NDCG": 0.756,
      "S1-REC": 0.4179,
      "S1-VCAP@100": 0.027,
      "S1-VCAP@1000": 0.1821,
      "S1-VCAP@500": 0.1172,
      "binding_rate": 0.0793,
      "f1": 0.4275,
      "n_positive": 21434.0,
      "n_samples": 270872.1667,
      "precision": 0.442,
      "pred_binding_rate": 0.0759,
      "threshold": 0.8292
    },
    "std": {
      "S1-AP": 0.0423,
      "S1-AUC": 0.0139,
      "S1-BRIER": 0.0056,
      "S1-CAP@100": 0.2584,
      "S1-CAP@500": 0.1876,
      "S1-NDCG": 0.0514,
      "S1-REC": 0.0549,
      "S1-VCAP@100": 0.0222,
      "S1-VCAP@1000": 0.0766,
      "S1-VCAP@500": 0.0597,
      "binding_rate": 0.0104,
      "f1": 0.038,
      "n_positive": 2466.8455,
      "n_samples": 7648.245,
      "precision": 0.0447,
      "pred_binding_rate": 0.0179,
      "threshold": 0.0363
    },
    "min": {
      "S1-AP": 0.2987,
      "S1-AUC": 0.8119,
      "S1-BRIER": 0.1457,
      "S1-CAP@100": 0.39,
      "S1-CAP@500": 0.394,
      "S1-NDCG": 0.6611,
      "S1-REC": 0.3372,
      "S1-VCAP@100": 0.0024,
      "S1-VCAP@1000": 0.0708,
      "S1-VCAP@500": 0.0464,
      "binding_rate": 0.0663,
      "f1": 0.3503,
      "n_positive": 18814,
      "n_samples": 259370,
      "precision": 0.3645,
      "pred_binding_rate": 0.0581,
      "threshold": 0.7696
    },
    "max": {
      "S1-AP": 0.4325,
      "S1-AUC": 0.8531,
      "S1-BRIER": 0.1625,
      "S1-CAP@100": 1.0,
      "S1-CAP@500": 0.978,
      "S1-NDCG": 0.8325,
      "S1-REC": 0.5094,
      "S1-VCAP@100": 0.0875,
      "S1-VCAP@1000": 0.3155,
      "S1-VCAP@500": 0.2515,
      "binding_rate": 0.1006,
      "f1": 0.4732,
      "n_positive": 26766,
      "n_samples": 286418,
      "precision": 0.5163,