{
  "eval_config": {
    "eval_months": [
      "2020-06",
      "2020-07",
      "2020-08",
      "2020-09",
      "2020-10",
      "2020-11",
      "2020-12",
      "2021-01",
      "2021-02",
      "2021-03",
      "2021-04",
      "2021-05",
      "2021-06",
      "2021-07",
      "2021-08",
      "2021-09",
      "2021-10",
      "2021-11",
      "2021-12",
      "2022-01",
      "2022-02",
      "2022-03",
      "2022-04",
      "2022-05",
      "2022-06",
      "2022-07",
      "2022-08",
      "2022-09",
      "2022-10",
      "2022-11",
      "2022-12",
      "2023-01",
      "2023-02",
      "2023-03",
      "2023-04",
      "2023-05"
    ],
    "class_type": "wkndonpeak",
    "period_type": "f0",
    "lag": 1,
    "variant": "v3d"
  },
  "per_month": {
    "2020-06": {
      "VC@20": 0.06868693829291822,
      "VC@100": 0.7922200622366005,
      "Recall@20": 0.2,
      "Recall@100": 0.37,
      "NDCG": 0.36891614247721977,
      "VC@10": 0.006000609309376836,
      "VC@25": 0.06868693829291822,
      "VC@50": 0.42345732295573074,
      "VC@200": 0.9337357918483108,
      "Recall@10": 0.0,
      "Recall@50": 0.2,
      "Spearman": 0.29662367240651216,
      "n_samples": 350
    },
    "2020-07": {
      "VC@20": 0.008969910951605198,
      "VC@100": 0.731440085251283,
      "Recall@20": 0.0,
      "Recall@100": 0.45,
      "NDCG": 0.31641355304469254,
      "VC@10": 0.008969910951605198,
      "VC@25": 0.010282058034565967,
      "VC@50": 0.3585124202300315,
      "VC@200": 0.9165232542472532,
      "Recall@10": 0.0,
      "Recall@50": 0.28,
      "Spearman": 0.2515466279780224,
      "n_samples": 305
    },
    "2020-08": {
      "VC@20": 0.3477970533965288,
      "VC@100": 0.8159711977337393,
      "Recall@20": 0.15,
      "Recall@100": 0.46,
      "NDCG": 0.34438677440031806,
      "VC@10": 0.0,
      "VC@25": 0.3477970533965288,
      "VC@50": 0.6504198195334484,
      "VC@200": 0.9146661200652239,
      "Recall@10": 0.0,
      "Recall@50": 0.34,
      "Spearman": 0.28560966293236656,
      "n_samples": 334
    },
    "2020-09": {
      "VC@20": 0.13005869058604563,
      "VC@100": 0.646375533728514,
      "Recall@20": 0.15,
      "Recall@100": 0.36,
      "NDCG": 0.37921007254648204,
      "VC@10": 0.0,
      "VC@25": 0.1548154824280151,
      "VC@50": 0.3690419866431018,
      "VC@200": 0.9313738523859424,
      "Recall@10": 0.0,
      "Recall@50": 0.34,
      "Spearman": 0.31703915163133495,
      "n_samples": 466
    },
    "2020-10": {
      "VC@20": 0.0364365906051149,
      "VC@100": 0.5900336400113484,
      "Recall@20": 0.2,
      "Recall@100": 0.35,
      "NDCG": 0.30730956423903005,
      "VC@10": 0.0027844202164309163,
      "VC@25": 0.07175049649414339,
      "VC@50": 0.5278968913387103,
      "VC@200": 0.8650062821707939,
      "Recall@10": 0.0,
      "Recall@50": 0.3,
      "Spearman": 0.2593953597549813,
      "n_samples": 419
    },
    "2020-11": {
      "VC@20": 0.02931651481885962,
      "VC@100": 0.6774163073586041,
      "Recall@20": 0.1,
      "Recall@100": 0.33,
      "NDCG": 0.26624538982194035,
      "VC@10": 0.02931651481885962,
      "VC@25": 0.08793065007992323,
      "VC@50": 0.36537189801571257,
      "VC@200": 1.0000000000000002,
      "Recall@10": 0.1,
      "Recall@50": 0.26,
      "Spearman": 0.2563175925394349,
      "n_samples": 379
    },
    "2020-12": {
      "VC@20": 0.09097653544639447,
      "VC@100": 0.8814770284099194,
      "Recall@20": 0.05,
      "Recall@100": 0.37,
      "NDCG": 0.36694402296154033,
      "VC@10": 0.08975464914134211,
      "VC@25": 0.245293463163359,
      "VC@50": 0.4728330118477055,
      "VC@200": 0.9172939427346019,
      "Recall@10": 0.1,
      "Recall@50": 0.22,
      "Spearman": 0.20707129652638656,
      "n_samples": 365
    },
    "2021-01": {
      "VC@20": 0.009105730847467996,
      "VC@100": 0.9759729593319364,
      "Recall@20": 0.15,
      "Recall@100": 0.45,
      "NDCG": 0.2563605782418047,
      "VC@10": 0.0016224400838138356,
      "VC@25": 0.009105730847467996,
      "VC@50": 0.19099154214398234,
      "VC@200": 1.0,
      "Recall@10": 0.0,
      "Recall@50": 0.36,
      "Spearman": 0.26411111736745757,
      "n_samples": 286
    },
    "2021-02": {
      "VC@20": 0.0032290025367812834,
      "VC@100": 0.8038304272651329,
      "Recall@20": 0.1,
      "Recall@100": 0.36,
      "NDCG": 0.25426804402564496,
      "VC@10": 0.0015214552801553357,
      "VC@25": 0.031043618118814613,
      "VC@50": 0.3849128486284919,
      "VC@200": 0.9999999999999998,
      "Recall@10": 0.0,
      "Recall@50": 0.26,
      "Spearman": 0.30624317209535057,
      "n_samples": 327
    },
    "2021-03": {
      "VC@20": 0.14027110607795312,
      "VC@100": 0.7930195007217882,
      "Recall@20": 0.15,
      "Recall@100": 0.33,
      "NDCG": 0.34870055222727103,
      "VC@10": 0.05304753223156954,
      "VC@25": 0.14342892876698693,
      "VC@50": 0.4447964371048833,
      "VC@200": 0.9643360483349099,
      "Recall@10": 0.1,
      "Recall@50": 0.28,
      "Spearman": 0.21874618275544647,
      "n_samples": 360
    },
    "2021-04": {
      "VC@20": 0.13816973855611084,
      "VC@100": 0.713446023542185,
      "Recall@20": 0.1,
      "Recall@100": 0.34,
      "NDCG": 0.2647021198075049,
      "VC@10": 0.12859987847470328,
      "VC@25": 0.13816973855611084,
      "VC@50": 0.5767177271685121,
      "VC@200": 0.9935484666941523,
      "Recall@10": 0.1,
      "Recall@50": 0.22,
      "Spearman": 0.1941804421201978,
      "n_samples": 368
    },
    "2021-05": {
      "VC@20": 0.26740571323478296,
      "VC@100": 0.7787370724165068,
      "Recall@20": 0.15,
      "Recall@100": 0.38,
      "NDCG": 0.40960127776768435,
      "VC@10": 0.10575149932799563,
      "VC@25": 0.278702303738412,
      "VC@50": 0.4875081649395691,
      "VC@200": 0.928421361419839,
      "Recall@10": 0.1,
      "Recall@50": 0.22,
      "Spearman": 0.22500219309376143,
      "n_samples": 379
    },
    "2021-06": {
      "VC@20": 0.04325389334591789,
      "VC@100": 0.6648730533270412,
      "Recall@20": 0.05,
      "Recall@100": 0.39,
      "NDCG": 0.34807473310257775,
      "VC@10": 0.0,
      "VC@25": 0.13435441245870694,
      "VC@50": 0.646333647947145,
      "VC@200": 0.8016139688532327,
      "Recall@10": 0.0,
      "Recall@50": 0.4,
      "Spearman": 0.23042274555694983,
      "n_samples": 372
    },
    "2021-07": {
      "VC@20": 0.083622242507403,
      "VC@100": 0.6632790157021992,
      "Recall@20": 0.05,
      "Recall@100": 0.43,
      "NDCG": 0.2829151907376158,
      "VC@10": 0.0,
      "VC@25": 0.083622242507403,
      "VC@50": 0.3331539370713483,
      "VC@200": 0.9680137238140419,
      "Recall@10": 0.0,
      "Recall@50": 0.22,
      "Spearman": 0.14328492381145191,
      "n_samples": 307
    },
    "2021-08": {
      "VC@20": 0.5281562089613587,
      "VC@100": 0.9751277531812023,
      "Recall@20": 0.15,
      "Recall@100": 0.31,
      "NDCG": 0.337987740378632,
      "VC@10": 0.1139119469689317,
      "VC@25": 0.5281562089613587,
      "VC@50": 0.5529239542004409,
      "VC@200": 0.999005493299707,
      "Recall@10": 0.1,
      "Recall@50": 0.14,
      "Spearman": 0.22593168261492874,
      "n_samples": 340
    },
    "2021-09": {
      "VC@20": 0.02474584406322708,
      "VC@100": 0.7129786752403693,
      "Recall@20": 0.15,
      "Recall@100": 0.34,
      "NDCG": 0.28102067162939587,
      "VC@10": 0.0,
      "VC@25": 0.0616867478082082,
      "VC@50": 0.6450769573794152,
      "VC@200": 0.7676990058430759,
      "Recall@10": 0.0,
      "Recall@50": 0.26,
      "Spearman": 0.22964758003967792,
      "n_samples": 415
    },
    "2021-10": {
      "VC@20": 0.30868892238999307,
      "VC@100": 0.7211344097832374,
      "Recall@20": 0.15,
      "Recall@100": 0.34,
      "NDCG": 0.4054639166142702,
      "VC@10": 0.2937522874432698,
      "VC@25": 0.30868892238999307,
      "VC@50": 0.5429461108481594,
      "VC@200": 0.7552867728339677,
      "Recall@10": 0.1,
      "Recall@50": 0.2,