{
  "eval_config": {
    "eval_months": [
      "2020-12",
      "2021-09",
      "2022-06",
      "2023-03"
    ],
    "class_type": "onpeak",
    "period_type": "f0",
    "train_months": 8,
    "val_months": 0,
    "mode": "screen"
  },
  "per_month": {
    "2022-06": {
      "VC@20": 0.18263562326541277,
      "VC@100": 0.45912148988873536,
      "Recall@20": 0.15,
      "Recall@100": 0.31,
      "NDCG": 0.378596980484572,
      "VC@10": 0.10407294698997759,
      "VC@25": 0.1862024605991929,
      "VC@50": 0.37196376668362213,
      "VC@200": 0.8344661629998487,
      "Recall@10": 0.2,
      "Recall@50": 0.28,
      "Spearman": 0.19304300779731265,
      "Tier0-AP": 1.0,
      "Tier01-AP": 1.0,
      "n_samples": 578
    },
    "2021-09": {
      "VC@20": 0.6171340833849988,
      "VC@100": 0.7383481170065784,
      "Recall@20": 0.35,
      "Recall@100": 0.28,
      "NDCG": 0.855445725996257,
      "VC@10": 0.5557220473980724,
      "VC@25": 0.6514634463225052,
      "VC@50": 0.6886442585208384,
      "VC@200": 0.8291410512511987,
      "Recall@10": 0.5,
      "Recall@50": 0.3,
      "Spearman": 0.21696828436396973,
      "Tier0-AP": 1.0,
      "Tier01-AP": 1.0,
      "n_samples": 621
    },
    "2020-12": {
      "VC@20": 0.592841716827846,
      "VC@100": 0.810422210367784,
      "Recall@20": 0.35,
      "Recall@100": 0.34,
      "NDCG": 0.6178668249564605,
      "VC@10": 0.25312281119891883,
      "VC@25": 0.7593595121287089,
      "VC@50": 0.7820902772543551,
      "VC@200": 0.9281375748767999,
      "Recall@10": 0.3,
      "Recall@50": 0.38,
      "Spearman": 0.2247598850679409,
      "Tier0-AP": 1.0,
      "Tier01-AP": 1.0,
      "n_samples": 550
    },
    "2023-03": {
      "VC@20": 0.089815206607052,
      "VC@100": 0.33315939772488595,
      "Recall@20": 0.15,
      "Recall@100": 0.24,
      "NDCG": 0.2750606293560887,
      "VC@10": 0.05860435257879817,
      "VC@25": 0.14074307858077464,
      "VC@50": 0.26224401620132437,
      "VC@200": 0.4371383508421849,
      "Recall@10": 0.1,
      "Recall@50": 0.3,
      "Spearman": 0.16299053420714932,
      "Tier0-AP": 1.0,
      "Tier01-AP": 1.0,
      "n_samples": 780
    }
  },
  "aggregate": {
    "mean": {
      "VC@20": 0.3706066575213274,
      "VC@100": 0.585262803746996,
      "Recall@20": 0.25,
      "Recall@100": 0.29250000000000004,
      "NDCG": 0.5317425401983445,
      "VC@10": 0.24288053954144176,
      "VC@25": 0.4344421244077954,
      "VC@50": 0.526235579665035,
      "VC@200": 0.7572207849925081,
      "Recall@10": 0.275,
      "Recall@50": 0.315,
      "Spearman": 0.19944042785909316,
      "Tier0-AP": 1.0,
      "Tier01-AP": 1.0,
      "n_samples": 632.25
    },
    "std": {
      "VC@20": 0.23682332123004798,
      "VC@100": 0.19595894335003372,
      "Recall@20": 0.09999999999999999,
      "Recall@100": 0.036996621467371864,
      "NDCG": 0.22446620610600349,
      "VC@10": 0.19442220423484322,
      "VC@25": 0.27411294351804194,
      "VC@50": 0.21524958949252165,
      "VC@200": 0.18894753692372193,
      "Recall@10": 0.1479019945774904,
      "Recall@50": 0.03840572873934304,
      "Spearman": 0.02407188400235378,
      "Tier0-AP": 0.0,
      "Tier01-AP": 0.0,
      "n_samples": 88.97295937530683
    },
    "min": {
      "VC@20": 0.089815206607052,
      "VC@100": 0.33315939772488595,
      "Recall@20": 0.15,
      "Recall@100": 0.24,
      "NDCG": 0.2750606293560887,
      "VC@10": 0.05860435257879817,
      "VC@25": 0.14074307858077464,
      "VC@50": 0.26224401620132437,
      "VC@200": 0.4371383508421849,
      "Recall@10": 0.1,
      "Recall@50": 0.28,
      "Spearman": 0.16299053420714932,
      "Tier0-AP": 1.0,
      "Tier01-AP": 1.0,
      "n_samples": 550.0
    },
    "max": {
      "VC@20": 0.6171340833849988,
      "VC@100": 0.810422210367784,
      "Recall@20": 0.35,
      "Recall@100": 0.34,
      "NDCG": 0.855445725996257,
      "VC@10": 0.5557220473980724,
      "VC@25": 0.7593595121287089,
      "VC@50": 0.7820902772543551,
      "VC@200": 0.9281375748767999,
      "Recall@10": 0.5,
      "Recall@50": 0.38,
      "Spearman": 0.2247598850679409,
      "Tier0-AP": 1.0,
      "Tier01-AP": 1.0,
      "n_samples": 780.0
    },
    "bottom_2_mean": {
      "VC@20": 0.1362254149362324,
      "VC@100": 0.3961404438068107,
      "Recall@20": 0.15,
      "Recall@100": 0.26,
      "NDCG": 0.3268288049203304,
      "VC@10": 0.08133864978438787,
      "VC@25": 0.16347276958998377,
      "VC@50": 0.31710389144247325,
      "VC@200": 0.6331397010466918,
      "Recall@10": 0.15000000000000002,
      "Recall@50": 0.29000000000000004,
      "Spearman": 0.17801677100223098,
      "Tier0-AP": 1.0,
      "Tier01-AP": 1.0,
      "n_samples": 564.0
    }
  },
  "n_months": 4,
  "n_months_requested": 4,
  "skipped_months": []
}