{
  "eval_config": {
    "eval_months": [
      "2020-12",
      "2021-09",
      "2022-06",
      "2023-03"
    ],
    "class_type": "onpeak",
    "period_type": "f0",
    "train_months": 8,
    "val_months": 0,
    "mode": "screen"
  },
  "per_month": {
    "2020-12": {
      "VC@20": 0.11400825122248447,
      "VC@100": 0.3869370459040351,
      "Recall@20": 0.1,
      "Recall@100": 0.2,
      "NDCG": 0.2825758209041536,
      "VC@10": 0.07257003271313092,
      "VC@25": 0.11698683202130081,
      "VC@50": 0.16568020462495398,
      "VC@200": 0.7927075812040131,
      "Recall@10": 0.1,
      "Recall@50": 0.14,
      "Spearman": 0.09866641354631572,
      "Tier0-AP": 1.0000000000000002,
      "Tier01-AP": 1.0000000000000002,
      "n_samples": 550
    },
    "2021-09": {
      "VC@20": 0.30056838679434233,
      "VC@100": 0.6010212014014322,
      "Recall@20": 0.2,
      "Recall@100": 0.22,
      "NDCG": 0.41206904792786464,
      "VC@10": 0.2750223043520258,
      "VC@25": 0.46578425475792734,
      "VC@50": 0.4767759567057431,
      "VC@200": 0.6912171412635706,
      "Recall@10": 0.1,
      "Recall@50": 0.24,
      "Spearman": 0.13926181698943857,
      "Tier0-AP": 1.0,
      "Tier01-AP": 1.0,
      "n_samples": 621
    },
    "2022-06": {
      "VC@20": 0.13488774097287173,
      "VC@100": 0.15556200362645334,
      "Recall@20": 0.05,
      "Recall@100": 0.15,
      "NDCG": 0.32303271376311465,
      "VC@10": 0.13488774097287173,
      "VC@25": 0.13779284653450657,
      "VC@50": 0.1492327964795517,
      "VC@200": 0.31054135758162865,
      "Recall@10": 0.1,
      "Recall@50": 0.12,
      "Spearman": 0.017616351352061483,
      "Tier0-AP": 1.0,
      "Tier01-AP": 1.0,
      "n_samples": 578
    },
    "2023-03": {
      "VC@20": 0.0999937519856273,
      "VC@100": 0.5735659761030186,
      "Recall@20": 0.1,
      "Recall@100": 0.19,
      "NDCG": 0.291588903077613,
      "VC@10": 0.05862583012820423,
      "VC@25": 0.1137964943618643,
      "VC@50": 0.11432562307904934,
      "VC@200": 0.5954665216606664,
      "Recall@10": 0.1,
      "Recall@50": 0.14,
      "Spearman": 0.10165244576084134,
      "Tier0-AP": 1.0,
      "Tier01-AP": 1.0,
      "n_samples": 780
    }
  },
  "aggregate": {
    "mean": {
      "VC@20": 0.16236453274383147,
      "VC@100": 0.42927155675873485,
      "Recall@20": 0.11250000000000002,
      "Recall@100": 0.19,
      "NDCG": 0.3273166214181865,
      "VC@10": 0.13527647704155815,
      "VC@25": 0.2085901069188998,
      "VC@50": 0.22650364522232452,
      "VC@200": 0.5974831504274697,
      "Recall@10": 0.1,
      "Recall@50": 0.16,
      "Spearman": 0.08929925691216428,
      "Tier0-AP": 1.0,
      "Tier01-AP": 1.0,
      "n_samples": 632.25
    },
    "std": {
      "VC@20": 0.08075228110616957,
      "VC@100": 0.17820490325323318,
      "Recall@20": 0.054486236794258416,
      "Recall@100": 0.025495097567963927,
      "NDCG": 0.05118479938549973,
      "VC@10": 0.08563945819388388,
      "VC@25": 0.14877673769289135,
      "VC@50": 0.14567979744868603,
      "VC@200": 0.1797486430291313,
      "Recall@10": 0.0,
      "Recall@50": 0.04690415759823429,
      "Spearman": 0.044370714601958086,
      "Tier0-AP": 1.1102230246251565e-16,
      "Tier01-AP": 1.1102230246251565e-16,
      "n_samples": 88.97295937530683
    },
    "min": {
      "VC@20": 0.0999937519856273,
      "VC@100": 0.15556200362645334,
      "Recall@20": 0.05,
      "Recall@100": 0.15,
      "NDCG": 0.2825758209041536,
      "VC@10": 0.05862583012820423,
      "VC@25": 0.1137964943618643,
      "VC@50": 0.11432562307904934,
      "VC@200": 0.31054135758162865,
      "Recall@10": 0.1,
      "Recall@50": 0.12,
      "Spearman": 0.017616351352061483,
      "Tier0-AP": 1.0,
      "Tier01-AP": 1.0,
      "n_samples": 550.0
    },
    "max": {
      "VC@20": 0.30056838679434233,
      "VC@100": 0.6010212014014322,
      "Recall@20": 0.2,
      "Recall@100": 0.22,
      "NDCG": 0.41206904792786464,
      "VC@10": 0.2750223043520258,
      "VC@25": 0.46578425475792734,
      "VC@50": 0.4767759567057431,
      "VC@200": 0.7927075812040131,
      "Recall@10": 0.1,
      "Recall@50": 0.24,
      "Spearman": 0.13926181698943857,
      "Tier0-AP": 1.0000000000000002,
      "Tier01-AP": 1.0000000000000002,
      "n_samples": 780.0
    },
    "bottom_2_mean": {
      "VC@20": 0.10700100160405587,
      "VC@100": 0.2712495247652442,
      "Recall@20": 0.07500000000000001,
      "Recall@100": 0.16999999999999998,
      "NDCG": 0.28708236199088333,
      "VC@10": 0.06559793142066758,
      "VC@25": 0.11539166319158256,
      "VC@50": 0.13177920977930052,
      "VC@200": 0.4530039396211475,
      "Recall@10": 0.1,
      "Recall@50": 0.13,
      "Spearman": 0.0581413824491886,
      "Tier0-AP": 1.0,
      "Tier01-AP": 1.0,
      "n_samples": 564.0
    }
  },
  "n_months": 4,
  "n_months_requested": 4,
  "skipped_months": []
}