{
  "eval_config": {
    "eval_months": [
      "2020-06",
      "2020-07",
      "2020-08",
      "2020-09",
      "2020-10",
      "2020-11",
      "2020-12",
      "2021-01",
      "2021-02",
      "2021-03",
      "2021-04",
      "2021-06",
      "2021-07",
      "2021-08",
      "2021-09",
      "2021-10",
      "2021-11",
      "2021-12",
      "2022-01",
      "2022-02",
      "2022-03",
      "2022-04",
      "2022-06",
      "2022-07",
      "2022-08",
      "2022-09",
      "2022-10",
      "2022-11",
      "2022-12",
      "2023-01",
      "2023-02",
      "2023-03",
      "2023-04"
    ],
    "class_type": "onpeak",
    "period_type": "f1",
    "lag": 1,
    "variant": "v3b"
  },
  "per_month": {
    "2020-06": {
      "VC@20": 0.3550635582463023,
      "VC@100": 0.74595660033402,
      "Recall@20": 0.4,
      "Recall@100": 0.45,
      "NDCG": 0.3058836533758276,
      "VC@10": 0.024536655115916073,
      "VC@25": 0.38236005474913837,
      "VC@50": 0.7335209352122457,
      "VC@200": 0.9835814005799215,
      "Recall@10": 0.0,
      "Recall@50": 0.42,
      "Spearman": 0.30498812917978374,
      "n_samples": 272
    },
    "2020-07": {
      "VC@20": 0.37725733599496475,
      "VC@100": 0.634001359696847,
      "Recall@20": 0.3,
      "Recall@100": 0.36,
      "NDCG": 0.4409254779651127,
      "VC@10": 0.3300910179808186,
      "VC@25": 0.3806885209807748,
      "VC@50": 0.5188529412046957,
      "VC@200": 0.9692832993774704,
      "Recall@10": 0.3,
      "Recall@50": 0.42,
      "Spearman": 0.30730059218814854,
      "n_samples": 311
    },
    "2020-08": {
      "VC@20": 0.36422217037863214,
      "VC@100": 0.879505199095365,
      "Recall@20": 0.35,
      "Recall@100": 0.47,
      "NDCG": 0.5804176880038826,
      "VC@10": 0.2768381127086748,
      "VC@25": 0.40208192849632635,
      "VC@50": 0.5192914082032893,
      "VC@200": 0.9717040526418393,
      "Recall@10": 0.4,
      "Recall@50": 0.42,
      "Spearman": 0.38366006447076617,
      "n_samples": 437
    },
    "2020-09": {
      "VC@20": 0.4601149643732018,
      "VC@100": 0.8614030907767187,
      "Recall@20": 0.45,
      "Recall@100": 0.32,
      "NDCG": 0.4272573695070216,
      "VC@10": 0.21771439311471427,
      "VC@25": 0.4629048801517022,
      "VC@50": 0.5074251026742109,
      "VC@200": 0.8878520932403408,
      "Recall@10": 0.2,
      "Recall@50": 0.34,
      "Spearman": 0.26656339851859057,
      "n_samples": 409
    },
    "2020-10": {
      "VC@20": 0.1939768442522045,
      "VC@100": 0.4736102585653751,
      "Recall@20": 0.2,
      "Recall@100": 0.34,
      "NDCG": 0.38848998548009683,
      "VC@10": 0.1443898188685401,
      "VC@25": 0.33280157032972935,
      "VC@50": 0.3766573583081516,
      "VC@200": 0.9556228487185626,
      "Recall@10": 0.1,
      "Recall@50": 0.38,
      "Spearman": 0.23777283240984892,
      "n_samples": 369
    },
    "2020-11": {
      "VC@20": 0.3130476082594793,
      "VC@100": 0.6554040608280909,
      "Recall@20": 0.15,
      "Recall@100": 0.44,
      "NDCG": 0.38575971794425845,
      "VC@10": 0.25033224223360295,
      "VC@25": 0.35504747967651645,
      "VC@50": 0.6279780384752509,
      "VC@200": 0.8913006389348654,
      "Recall@10": 0.2,
      "Recall@50": 0.36,
      "Spearman": 0.27774251169642217,
      "n_samples": 311
    },
    "2020-12": {
      "VC@20": 0.2479993929289507,
      "VC@100": 0.9635610433490195,
      "Recall@20": 0.3,
      "Recall@100": 0.45,
      "NDCG": 0.3743667285633187,
      "VC@10": 0.24567336075217228,
      "VC@25": 0.24921796326455273,
      "VC@50": 0.4815337480981225,
      "VC@200": 1.0000000000000002,
      "Recall@10": 0.4,
      "Recall@50": 0.4,
      "Spearman": 0.36217648278663656,
      "n_samples": 287
    },
    "2021-01": {
      "VC@20": 0.2327949538621131,
      "VC@100": 0.6714393249232887,
      "Recall@20": 0.25,
      "Recall@100": 0.49,
      "NDCG": 0.3693044974615557,
      "VC@10": 0.08725784655060534,
      "VC@25": 0.47398977144718285,
      "VC@50": 0.5042392211883592,
      "VC@200": 1.0000000000000002,
      "Recall@10": 0.1,
      "Recall@50": 0.44,
      "Spearman": 0.3452508295974448,
      "n_samples": 264
    },
    "2021-02": {
      "VC@20": 0.2682200564177999,
      "VC@100": 0.8031584497835684,
      "Recall@20": 0.35,
      "Recall@100": 0.46,
      "NDCG": 0.42563917647023874,
      "VC@10": 0.1474776367159715,
      "VC@25": 0.26914339271469806,
      "VC@50": 0.47693652966358036,
      "VC@200": 0.8591916300789987,
      "Recall@10": 0.2,
      "Recall@50": 0.38,
      "Spearman": 0.33945826629516646,
      "n_samples": 351
    },
    "2021-03": {
      "VC@20": 0.5630116620471711,
      "VC@100": 0.7141856044637453,
      "Recall@20": 0.45,
      "Recall@100": 0.36,
      "NDCG": 0.5254574201530607,
      "VC@10": 0.23197558942592675,
      "VC@25": 0.566702491325772,
      "VC@50": 0.6888070175064116,
      "VC@200": 0.9760227370964523,
      "Recall@10": 0.3,
      "Recall@50": 0.38,
      "Spearman": 0.27456620829643674,
      "n_samples": 320
    },
    "2021-04": {
      "VC@20": 0.2957854430414662,
      "VC@100": 0.6335095243008203,
      "Recall@20": 0.25,
      "Recall@100": 0.45,
      "NDCG": 0.5858093488742909,
      "VC@10": 0.21150381121098513,
      "VC@25": 0.327696067470659,
      "VC@50": 0.5681119349632201,
      "VC@200": 0.8599940866691481,
      "Recall@10": 0.2,
      "Recall@50": 0.42,
      "Spearman": 0.3173896882067599,
      "n_samples": 316
    },
    "2021-06": {
      "VC@20": 0.5067703297769807,
      "VC@100": 0.7408920964703721,
      "Recall@20": 0.3,
      "Recall@100": 0.44,
      "NDCG": 0.5897599292575354,
      "VC@10": 0.20242956821532113,
      "VC@25": 0.6150545403076193,
      "VC@50": 0.679710200674001,
      "VC@200": 0.7694193459543449,
      "Recall@10": 0.2,
      "Recall@50": 0.42,
      "Spearman": 0.3330258401719529,
      "n_samples": 286
    },
    "2021-07": {
      "VC@20": 0.5349803635968894,
      "VC@100": 0.8745170827784804,
      "Recall@20": 0.3,
      "Recall@100": 0.49,
      "NDCG": 0.5842460956210253,
      "VC@10": 0.3870364979839414,
      "VC@25": 0.5539443444408012,
      "VC@50": 0.6423728448099597,
      "VC@200": 0.9935162136018337,
      "Recall@10": 0.3,
      "Recall@50": 0.4,
      "Spearman": 0.3765151079420499,
      "n_samples": 306
    },
    "2021-08": {
      "VC@20": 0.4512373298756016,
      "VC@100": 0.6315870237121372,
      "Recall@20": 0.2,
      "Recall@100": 0.38,
      "NDCG": 0.7285667523885423,
      "VC@10": 0.4423137785041205,
      "VC@25": 0.4991941946120766,
      "VC@50": 0.569240787911444,
      "VC@200": 0.9198998875963457,
      "Recall@10": 0.3,
      "Recall@50": 0.36,
      "Spearman": 0.29285230594254946,
      "n_samples": 379
    },
    "2021-09": {
      "VC@20": 0.3607597452187531,
      "VC@100": 0.4871045424591442,
      "Recall@20": 0.3,
      "Recall@100": 0.38,
      "NDCG": 0.5522001359021935,
      "VC@10": 0.34471857784172416,
      "VC@25": 0.4045533630685117,
      "VC@50": 0.45972253611089736,
      "VC@200": 0.9983181230592236,
      "Recall@10": 0.2,
      "Recall@50": 0.38,
      "Spearman": 0.32343423732406296,
      "n_samples": 363
    },
    "2021-10": {
      "VC@20": 0.4040991691785328,
      "VC@100": 0.7921899263929204,
      "Recall@20": 0.35,
      "Recall@100": 0.41,
      "NDCG": 0.3725325524012906,
      "VC@10": 0.17524997101117684,
      "VC@25": 0.4432324649929296,
      "VC@50": 0.777894996200041,
      "VC@200": 0.9599461220732807,
      "Recall@10": 0.2,
      "Recall@50": 0.4,
      "Spearman": 0.2939925189950842,
      "n_samples": 376
    },
    "2021-11": {
      "VC@20": 0.43182555477716167,
      "VC@100": 0.9835915609904028,
      "Recall@20": 0.35,
      "Recall@100": 0.46,
      "NDCG": 0.4294640781611434,
      "VC@10": 0.3288840546529711,
      "VC@25": 0.4936991537038355,
      "VC@50": 0.9775265194616106,
      "VC@200": 0.9885107342617467,
      "Recall@10": 0.2,
      "Recall@50": 0.4,