{
  "eval_config": {
    "eval_months": [
      "2020-06",
      "2020-07",
      "2020-08",
      "2020-09",
      "2020-10",
      "2020-11",
      "2020-12",
      "2021-01",
      "2021-02",
      "2021-03",
      "2021-04",
      "2021-05",
      "2021-06",
      "2021-07",
      "2021-08",
      "2021-09",
      "2021-10",
      "2021-11",
      "2021-12",
      "2022-01",
      "2022-02",
      "2022-03",
      "2022-04",
      "2022-05",
      "2022-06",
      "2022-07",
      "2022-08",
      "2022-09",
      "2022-10",
      "2022-11",
      "2022-12",
      "2023-01",
      "2023-02",
      "2023-03",
      "2023-04",
      "2023-05"
    ],
    "class_type": "onpeak",
    "period_type": "f0"
  },
  "per_month": {
    "2020-06": {
      "VC@20": 0.3420760206395758,
      "VC@100": 0.49157024204273225,
      "Recall@20": 0.3,
      "Recall@100": 0.38,
      "NDCG": 0.6580507286958909,
      "VC@10": 0.3288425081906573,
      "VC@25": 0.3469004169088635,
      "VC@50": 0.4467974006772705,
      "VC@200": 0.5685503802490665,
      "Recall@10": 0.4,
      "Recall@50": 0.42,
      "Spearman": 0.27824870792988465,
      "n_samples": 577
    },
    "2020-07": {
      "VC@20": 0.503854734251404,
      "VC@100": 0.7061613457182303,
      "Recall@20": 0.45,
      "Recall@100": 0.46,
      "NDCG": 0.6392800945880924,
      "VC@10": 0.38363532693000507,
      "VC@25": 0.5291180167362167,
      "VC@50": 0.6104905910124606,
      "VC@200": 0.7400731650183254,
      "Recall@10": 0.5,
      "Recall@50": 0.48,
      "Spearman": 0.3360754623820858,
      "n_samples": 497
    },
    "2020-08": {
      "VC@20": 0.35571861382558656,
      "VC@100": 0.5919688261489484,
      "Recall@20": 0.35,
      "Recall@100": 0.42,
      "NDCG": 0.713131645739209,
      "VC@10": 0.3109821156560075,
      "VC@25": 0.3681106476807458,
      "VC@50": 0.5392276575484883,
      "VC@200": 0.6968294714389217,
      "Recall@10": 0.5,
      "Recall@50": 0.42,
      "Spearman": 0.3011894717327445,
      "n_samples": 507
    },
    "2020-09": {
      "VC@20": 0.5163868549863199,
      "VC@100": 0.7615235399706094,
      "Recall@20": 0.3,
      "Recall@100": 0.44,
      "NDCG": 0.7453077395316301,
      "VC@10": 0.49865896365086343,
      "VC@25": 0.5281530485019669,
      "VC@50": 0.7024519928092597,
      "VC@200": 0.9348579872379699,
      "Recall@10": 0.5,
      "Recall@50": 0.52,
      "Spearman": 0.33442647434244843,
      "n_samples": 715
    },
    "2020-10": {
      "VC@20": 0.4939898001484474,
      "VC@100": 0.764689897914676,
      "Recall@20": 0.4,
      "Recall@100": 0.44,
      "NDCG": 0.6451322449873946,
      "VC@10": 0.4397329909010292,
      "VC@25": 0.6227715200413823,
      "VC@50": 0.707257881258156,
      "VC@200": 0.9580526380040828,
      "Recall@10": 0.3,
      "Recall@50": 0.52,
      "Spearman": 0.3706706137559339,
      "n_samples": 763
    },
    "2020-11": {
      "VC@20": 0.769263306622971,
      "VC@100": 0.9124898820867986,
      "Recall@20": 0.4,
      "Recall@100": 0.52,
      "NDCG": 0.857501203212738,
      "VC@10": 0.7005607740211633,
      "VC@25": 0.772459517096139,
      "VC@50": 0.884086003923082,
      "VC@200": 0.9219997025435314,
      "Recall@10": 0.4,
      "Recall@50": 0.62,
      "Spearman": 0.41175722878623133,
      "n_samples": 508
    },
    "2020-12": {
      "VC@20": 0.5925744512729422,
      "VC@100": 0.8428870000368754,
      "Recall@20": 0.45,
      "Recall@100": 0.58,
      "NDCG": 0.7073291483760489,
      "VC@10": 0.5245338749223156,
      "VC@25": 0.6267076636059363,
      "VC@50": 0.7140581357462462,
      "VC@200": 0.9751968048816545,
      "Recall@10": 0.3,
      "Recall@50": 0.58,
      "Spearman": 0.4074368797331012,
      "n_samples": 550
    },
    "2021-01": {
      "VC@20": 0.42056214143852005,
      "VC@100": 0.8612904862890237,
      "Recall@20": 0.35,
      "Recall@100": 0.5,
      "NDCG": 0.6051468040683291,
      "VC@10": 0.3275330392794286,
      "VC@25": 0.45350182098368214,
      "VC@50": 0.7038754914847797,
      "VC@200": 0.921962617603455,
      "Recall@10": 0.4,
      "Recall@50": 0.56,
      "Spearman": 0.431283641635658,
      "n_samples": 407
    },
    "2021-02": {
      "VC@20": 0.6198404365588823,
      "VC@100": 0.9391935087936945,
      "Recall@20": 0.45,
      "Recall@100": 0.41,
      "NDCG": 0.5938525761348552,
      "VC@10": 0.41700290940440743,
      "VC@25": 0.6221859090939547,
      "VC@50": 0.9016215224048908,
      "VC@200": 0.9534679251818706,
      "Recall@10": 0.3,
      "Recall@50": 0.58,
      "Spearman": 0.31653537680583643,
      "n_samples": 650
    },
    "2021-03": {
      "VC@20": 0.565516147831888,
      "VC@100": 0.778539280353874,
      "Recall@20": 0.4,
      "Recall@100": 0.39,
      "NDCG": 0.6109360238741165,
      "VC@10": 0.2801548991860666,
      "VC@25": 0.5858473935533729,
      "VC@50": 0.6583539687366261,
      "VC@200": 0.8106273220805011,
      "Recall@10": 0.5,
      "Recall@50": 0.38,
      "Spearman": 0.2891047978717953,
      "n_samples": 669
    },
    "2021-04": {
      "VC@20": 0.2718867500212545,
      "VC@100": 0.6742755839072073,
      "Recall@20": 0.2,
      "Recall@100": 0.4,
      "NDCG": 0.6106481571597981,
      "VC@10": 0.2450833888695388,
      "VC@25": 0.275890670465983,
      "VC@50": 0.4430539062292881,
      "VC@200": 0.7822010003830396,
      "Recall@10": 0.2,
      "Recall@50": 0.4,
      "Spearman": 0.25964043616660076,
      "n_samples": 661
    },
    "2021-05": {
      "VC@20": 0.2881176644157852,
      "VC@100": 0.6984645008101528,
      "Recall@20": 0.2,
      "Recall@100": 0.48,
      "NDCG": 0.6826188454606261,
      "VC@10": 0.15964155107252714,
      "VC@25": 0.37599296411064126,
      "VC@50": 0.455030992457765,
      "VC@200": 0.8073555167500123,
      "Recall@10": 0.2,
      "Recall@50": 0.42,
      "Spearman": 0.2981693911372643,
      "n_samples": 681
    },
    "2021-06": {
      "VC@20": 0.3071395576021803,
      "VC@100": 0.934811449532635,
      "Recall@20": 0.25,
      "Recall@100": 0.5,
      "NDCG": 0.4117033181126701,
      "VC@10": 0.28276977823117616,
      "VC@25": 0.31896023658760714,
      "VC@50": 0.8339859697336965,
      "VC@200": 0.9692037272786208,
      "Recall@10": 0.2,
      "Recall@50": 0.48,
      "Spearman": 0.35428722603031787,
      "n_samples": 556
    },
    "2021-07": {
      "VC@20": 0.5232195710079063,
      "VC@100": 0.861015939606337,
      "Recall@20": 0.5,
      "Recall@100": 0.47,
      "NDCG": 0.5416297780988296,
      "VC@10": 0.17277548192044567,
      "VC@25": 0.5618142663613791,
      "VC@50": 0.8095067245922446,
      "VC@200": 0.9183658524078003,
      "Recall@10": 0.2,
      "Recall@50": 0.56,
      "Spearman": 0.36204778377797336,
      "n_samples": 513
    },
    "2021-08": {
      "VC@20": 0.32564457907826255,
      "VC@100": 0.9405199751660921,
      "Recall@20": 0.4,
      "Recall@100": 0.59,
      "NDCG": 0.5170640911281423,
      "VC@10": 0.27942780750290575,
      "VC@25": 0.438476731906398,
      "VC@50": 0.8489464610159382,
      "VC@200": 0.9854190362307795,
      "Recall@10": 0.4,
      "Recall@50": 0.6,
      "Spearman": 0.43123570488643614,
      "n_samples": 552
    },
    "2021-09": {
      "VC@20": 0.6676915404553574,
      "VC@100": 0.8970231237984376,
      "Recall@20": 0.4,
      "Recall@100": 0.5,
      "NDCG": 0.8220801975589644,
      "VC@10": 0.4512981786090746,
      "VC@25": 0.6970944524630042,
      "VC@50": 0.814815346299432,
      "VC@200": 0.8974863897933558,
      "Recall@10": 0.4,
      "Recall@50": 0.52,
      "Spearman": 0.354971173365308,
      "n_samples": 621
    },
    "2021-10": {
      "VC@20": 0.5416252900223627,
      "VC@100": 0.8044343487763534,
      "Recall@20": 0.55,
      "Recall@100": 0.46,
      "NDCG": 0.7891150317400345,
      "VC@10": 0.4031799545803456,
      "VC@25": 0.5556496030663693,
      "VC@50": 0.6503606514443059,
      "VC@200": 0.8854107266493564,
      "Recall@10": 0.5,
      "Recall@50": 0.42,