{
  "eval_config": {
    "eval_months": [
      "2020-09",
      "2020-11",
      "2021-01",
      "2021-03",
      "2021-05",
      "2021-07",
      "2021-09",
      "2021-11",
      "2022-03",
      "2022-06",
      "2022-09",
      "2022-12"
    ],
    "class_type": "onpeak",
    "period_type": "f0",
    "train_months": 6,
    "val_months": 2
  },
  "per_month": {
    "2020-09": {
      "Tier-VC@100": 0.10209082319546536,
      "Tier-VC@500": 0.2795294029577129,
      "Tier-NDCG": 0.8534469638056655,
      "QWK": 0.4371402963370409,
      "Macro-F1": 0.44432190333463395,
      "Tier-Accuracy": 0.9446739462730558,
      "Adjacent-Accuracy": 0.9822686974312343,
      "Tier-Recall@0": 0.6804979253112033,
      "Tier-Recall@1": 0.19703389830508475,
      "n_samples": 127571,
      "n_binding": 127571,
      "binding_rate": 1.0
    },
    "2020-11": {
      "Tier-VC@100": 0.12242137414504366,
      "Tier-VC@500": 0.3111647676427809,
      "Tier-NDCG": 0.8059748292675853,
      "QWK": 0.41605285230991185,
      "Macro-F1": 0.4177578964102891,
      "Tier-Accuracy": 0.9485552265533572,
      "Adjacent-Accuracy": 0.9823988187337517,
      "Tier-Recall@0": 0.2535575679172057,
      "Tier-Recall@1": 0.06462035541195477,
      "n_samples": 127321,
      "n_binding": 127321,
      "binding_rate": 1.0
    },
    "2021-01": {
      "Tier-VC@100": 0.06080408813289784,
      "Tier-VC@500": 0.1602359067338905,
      "Tier-NDCG": 0.7677719548572826,
      "QWK": 0.3700967561799505,
      "Macro-F1": 0.3991467680838355,
      "Tier-Accuracy": 0.956662667592768,
      "Adjacent-Accuracy": 0.9835546855815847,
      "Tier-Recall@0": 0.181151832460733,
      "Tier-Recall@1": 0.18312622629169392,
      "n_samples": 142533,
      "n_binding": 142533,
      "binding_rate": 1.0
    },
    "2021-03": {
      "Tier-VC@100": 0.04970042824473449,
      "Tier-VC@500": 0.2507040050854261,
      "Tier-NDCG": 0.7911347084531265,
      "QWK": 0.4850141640327703,
      "Macro-F1": 0.45836014305939127,
      "Tier-Accuracy": 0.9471305241961397,
      "Adjacent-Accuracy": 0.9865469891390501,
      "Tier-Recall@0": 0.5654761904761905,
      "Tier-Recall@1": 0.0855614973262032,
      "n_samples": 140043,
      "n_binding": 140043,
      "binding_rate": 1.0
    },
    "2021-05": {
      "Tier-VC@100": 0.008299600869726777,
      "Tier-VC@500": 0.2002942859256339,
      "Tier-NDCG": 0.7553979762435308,
      "QWK": 0.35187455364121756,
      "Macro-F1": 0.3827691002619975,
      "Tier-Accuracy": 0.9335657892871824,
      "Adjacent-Accuracy": 0.9684767047951127,
      "Tier-Recall@0": 0.3759723422644771,
      "Tier-Recall@1": 0.10878839590443685,
      "n_samples": 141102,
      "n_binding": 141102,
      "binding_rate": 1.0
    },
    "2021-07": {
      "Tier-VC@100": 0.092334342799848,
      "Tier-VC@500": 0.21072106012501338,
      "Tier-NDCG": 0.7431686887015779,
      "QWK": 0.3416956819919398,
      "Macro-F1": 0.3674869777185735,
      "Tier-Accuracy": 0.9563067467523397,
      "Adjacent-Accuracy": 0.9812683335661405,
      "Tier-Recall@0": 0.5243722304283605,
      "Tier-Recall@1": 0.17411764705882352,
      "n_samples": 143180,
      "n_binding": 143180,
      "binding_rate": 1.0
    },
    "2021-09": {
      "Tier-VC@100": 0.24584676579317152,
      "Tier-VC@500": 0.4132304036931847,
      "Tier-NDCG": 0.8575317149527895,
      "QWK": 0.43606819813721454,
      "Macro-F1": 0.38812397812977606,
      "Tier-Accuracy": 0.944150600901352,
      "Adjacent-Accuracy": 0.9769654481722584,
      "Tier-Recall@0": 0.487279843444227,
      "Tier-Recall@1": 0.08591731266149871,
      "n_samples": 127808,
      "n_binding": 127808,
      "binding_rate": 1.0
    },
    "2021-11": {
      "Tier-VC@100": 0.02239218661767438,
      "Tier-VC@500": 0.15427501206731667,
      "Tier-NDCG": 0.761535793217062,
      "QWK": 0.18391256379353227,
      "Macro-F1": 0.28758799823471715,
      "Tier-Accuracy": 0.9317935962730467,
      "Adjacent-Accuracy": 0.9674523273717873,
      "Tier-Recall@0": 0.07558428642466435,
      "Tier-Recall@1": 0.03610675039246468,
      "n_samples": 126645,
      "n_binding": 126645,
      "binding_rate": 1.0
    },
    "2022-03": {
      "Tier-VC@100": 0.1268302920969258,
      "Tier-VC@500": 0.29985230215921344,
      "Tier-NDCG": 0.8439799360597359,
      "QWK": 0.35825030981376393,
      "Macro-F1": 0.3621239866792255,
      "Tier-Accuracy": 0.9444651482792724,
      "Adjacent-Accuracy": 0.972608826522568,
      "Tier-Recall@0": 0.31051175656984786,
      "Tier-Recall@1": 0.12543073742246727,
      "n_samples": 139534,
      "n_binding": 139534,
      "binding_rate": 1.0
    },
    "2022-06": {
      "Tier-VC@100": 0.015023893606181874,
      "Tier-VC@500": 0.046930571088498185,
      "Tier-NDCG": 0.6292998089694123,
      "QWK": 0.25739288296560137,
      "Macro-F1": 0.29117039809840933,
      "Tier-Accuracy": 0.9315556867344482,
      "Adjacent-Accuracy": 0.961032101718875,
      "Tier-Recall@0": 0.17315716272600834,
      "Tier-Recall@1": 0.038869257950530034,
      "n_samples": 128747,
      "n_binding": 128747,
      "binding_rate": 1.0
    },
    "2022-09": {
      "Tier-VC@100": 0.02876328009943739,
      "Tier-VC@500": 0.04701782465946866,
      "Tier-NDCG": 0.7100398765992708,
      "QWK": 0.36863606981097985,
      "Macro-F1": 0.3184925084175758,
      "Tier-Accuracy": 0.9311466774088593,
      "Adjacent-Accuracy": 0.9611809181475915,
      "Tier-Recall@0": 0.5156576200417536,
      "Tier-Recall@1": 0.045454545454545456,
      "n_samples": 129086,
      "n_binding": 129086,
      "binding_rate": 1.0
    },
    "2022-12": {
      "Tier-VC@100": 0.026053074587527546,
      "Tier-VC@500": 0.2348651950042356,
      "Tier-NDCG": 0.6831078490125421,
      "QWK": 0.2978618236950853,
      "Macro-F1": 0.3100086625395817,
      "Tier-Accuracy": 0.9477552391751711,
      "Adjacent-Accuracy": 0.9737166295689668,
      "Tier-Recall@0": 0.34951456310679613,
      "Tier-Recall@1": 0.0260707635009311,
      "n_samples": 142866,
      "n_binding": 142866,
      "binding_rate": 1.0
    }
  },
  "aggregate": {
    "mean": {
      "Tier-VC@100": 0.07504667918238622,
      "Tier-VC@500": 0.21740172809519787,
      "Tier-NDCG": 0.7668658416782984,
      "QWK": 0.35866634605908404,
      "Macro-F1": 0.3689458600806672,
      "Tier-Accuracy": 0.9431468207855828,
      "Adjacent-Accuracy": 0.9747892067290769,
      "Tier-Recall@0": 0.3743944434309556,
      "Tier-Recall@1": 0.09759144897338622,
      "n_samples": 134703.0,
      "n_binding": 134703.0,
      "binding_rate": 1.0
    },
    "std": {
      "Tier-VC@100": 0.06541345166923937,
      "Tier-VC@500": 0.10201864064958809,
      "Tier-NDCG": 0.06687860151976185,
      "QWK": 0.07982425127700958,
      "Macro-F1": 0.05497421988705723,
      "Tier-Accuracy": 0.008786103646507658,
      "Adjacent-Accuracy": 0.008414613129782629,
      "Tier-Recall@0": 0.1760288842331629,
      "Tier-Recall@1": 0.058017154573965245,
      "n_samples": 6936.98254526659,
      "n_binding": 6936.98254526659,
      "binding_rate": 0.0
    },
    "min": {
      "Tier-VC@100": 0.008299600869726777,
      "Tier-VC@500": 0.046930571088498185,
      "Tier-NDCG": 0.6292998089694123,
      "QWK": 0.18391256379353227,
      "Macro-F1": 0.28758799823471715,
      "Tier-Accuracy": 0.9311466774088593,
      "Adjacent-Accuracy": 0.961032101718875,
      "Tier-Recall@0": 0.07558428642466435,
      "Tier-Recall@1": 0.0260707635009311,
      "n_samples": 126645.0,
      "n_binding": 126645.0,
      "binding_rate": 1.0
    },
    "max": {
      "Tier-VC@100": 0.24584676579317152,
      "Tier-VC@500": 0.4132304036931847,
      "Tier-NDCG": 0.8575317149527895,
      "QWK": 0.4850141640327703,
      "Macro-F1": 0.45836014305939127,
      "Tier-Accuracy": 0.956662667592768,
      "Adjacent-Accuracy": 0.9865469891390501,
      "Tier-Recall@0": 0.6804979253112033,
      "Tier-Recall@1": 0.19703389830508475,
      "n_samples": 143180.0,
      "n_binding": 143180.0,