{
  "eval_config": {
    "eval_months": [
      "2020-12",
      "2021-09",
      "2022-06",
      "2023-03"
    ],
    "class_type": "onpeak",
    "period_type": "f0",
    "train_months": 8,
    "val_months": 0,
    "mode": "screen"
  },
  "per_month": {
    "2020-12": {
      "VC@20": 0.7077974279569827,
      "VC@100": 0.8524642770901999,
      "Recall@20": 0.45,
      "Recall@100": 0.33,
      "NDCG": 0.6517943690756339,
      "VC@10": 0.2690281125731385,
      "VC@25": 0.7177058807181338,
      "VC@50": 0.7723690671831962,
      "VC@200": 0.9364318907553802,
      "Recall@10": 0.3,
      "Recall@50": 0.4,
      "Spearman": 0.24098712902062291,
      "Tier0-AP": 1.0,
      "Tier01-AP": 1.0,
      "n_samples": 550
    },
    "2021-09": {
      "VC@20": 0.5239651557313363,
      "VC@100": 0.7513526369232101,
      "Recall@20": 0.3,
      "Recall@100": 0.25,
      "NDCG": 0.8031298743483904,
      "VC@10": 0.39081596638767835,
      "VC@25": 0.6037327501952691,
      "VC@50": 0.6818069832346777,
      "VC@200": 0.8318533201209686,
      "Recall@10": 0.3,
      "Recall@50": 0.24,
      "Spearman": 0.21890874282368294,
      "Tier0-AP": 1.0,
      "Tier01-AP": 1.0,
      "n_samples": 621
    },
    "2022-06": {
      "VC@20": 0.05678230179574789,
      "VC@100": 0.5710294520375065,
      "Recall@20": 0.05,
      "Recall@100": 0.22,
      "NDCG": 0.34874559101433356,
      "VC@10": 0.05321546446196776,
      "VC@25": 0.21775315119954078,
      "VC@50": 0.3031933762853351,
      "VC@200": 0.9375536288184378,
      "Recall@10": 0.1,
      "Recall@50": 0.24,
      "Spearman": 0.1720258470166611,
      "Tier0-AP": 0.9999999999999999,
      "Tier01-AP": 0.9999999999999999,
      "n_samples": 578
    },
    "2023-03": {
      "VC@20": 0.16368138027563225,
      "VC@100": 0.2610301859983671,
      "Recall@20": 0.25,
      "Recall@100": 0.21,
      "NDCG": 0.29553960624093756,
      "VC@10": 0.10756974834169605,
      "VC@25": 0.16482882532587995,
      "VC@50": 0.19663519322402837,
      "VC@200": 0.6990145291437794,
      "Recall@10": 0.2,
      "Recall@50": 0.28,
      "Spearman": 0.146724129349713,
      "Tier0-AP": 1.0,
      "Tier01-AP": 1.0,
      "n_samples": 780
    }
  },
  "aggregate": {
    "mean": {
      "VC@20": 0.3630565664399248,
      "VC@100": 0.6089691380123209,
      "Recall@20": 0.2625,
      "Recall@100": 0.2525,
      "NDCG": 0.5248023601698238,
      "VC@10": 0.20515732294112018,
      "VC@25": 0.4260051518597059,
      "VC@50": 0.48850115498180935,
      "VC@200": 0.8512133422096415,
      "Recall@10": 0.22499999999999998,
      "Recall@50": 0.29000000000000004,
      "Spearman": 0.19466146205267,
      "Tier0-AP": 1.0,
      "Tier01-AP": 1.0,
      "n_samples": 632.25
    },
    "std": {
      "VC@20": 0.26376704956677827,
      "VC@100": 0.22475757919205905,
      "Recall@20": 0.14306903927824496,
      "Recall@100": 0.04710360920354194,
      "NDCG": 0.21044629468066206,
      "VC@10": 0.13337754002167185,
      "VC@25": 0.23888197072368733,
      "VC@50": 0.24365592917694293,
      "VC@200": 0.09779587831532406,
      "Recall@10": 0.08291561975888499,
      "Recall@50": 0.06557438524302002,
      "Spearman": 0.03723021951166284,
      "Tier0-AP": 5.551115123125783e-17,
      "Tier01-AP": 5.551115123125783e-17,
      "n_samples": 88.97295937530683
    },
    "min": {
      "VC@20": 0.05678230179574789,
      "VC@100": 0.2610301859983671,
      "Recall@20": 0.05,
      "Recall@100": 0.21,
      "NDCG": 0.29553960624093756,
      "VC@10": 0.05321546446196776,
      "VC@25": 0.16482882532587995,
      "VC@50": 0.19663519322402837,
      "VC@200": 0.6990145291437794,
      "Recall@10": 0.1,
      "Recall@50": 0.24,
      "Spearman": 0.146724129349713,
      "Tier0-AP": 0.9999999999999999,
      "Tier01-AP": 0.9999999999999999,
      "n_samples": 550.0
    },
    "max": {
      "VC@20": 0.7077974279569827,
      "VC@100": 0.8524642770901999,
      "Recall@20": 0.45,
      "Recall@100": 0.33,
      "NDCG": 0.8031298743483904,
      "VC@10": 0.39081596638767835,
      "VC@25": 0.7177058807181338,
      "VC@50": 0.7723690671831962,
      "VC@200": 0.9375536288184378,
      "Recall@10": 0.3,
      "Recall@50": 0.4,
      "Spearman": 0.24098712902062291,
      "Tier0-AP": 1.0,
      "Tier01-AP": 1.0,
      "n_samples": 780.0
    },
    "bottom_2_mean": {
      "VC@20": 0.11023184103569007,
      "VC@100": 0.4160298190179368,
      "Recall@20": 0.15,
      "Recall@100": 0.215,
      "NDCG": 0.32214259862763556,
      "VC@10": 0.0803926064018319,
      "VC@25": 0.19129098826271035,
      "VC@50": 0.24991428475468175,
      "VC@200": 0.765433924632374,
      "Recall@10": 0.15000000000000002,
      "Recall@50": 0.24,
      "Spearman": 0.15937498818318704,
      "Tier0-AP": 1.0,
      "Tier01-AP": 1.0,
      "n_samples": 564.0
    }
  },
  "n_months": 4,
  "n_months_requested": 4,
  "skipped_months": []
}