{
  "eval_config": {
    "eval_months": [
      "2020-09",
      "2020-12",
      "2021-03",
      "2021-06",
      "2021-09",
      "2021-12",
      "2022-03",
      "2022-06",
      "2022-09",
      "2022-12",
      "2023-03",
      "2023-05"
    ],
    "class_type": "wkndonpeak",
    "period_type": "f0",
    "mode": "eval"
  },
  "per_month": {
    "2020-09": {
      "VC@20": 0.15089674839655765,
      "VC@100": 0.6746539504796587,
      "Recall@20": 0.2,
      "Recall@100": 0.35,
      "NDCG": 0.48609555985364683,
      "VC@10": 0.050935543724255405,
      "VC@25": 0.2467265441687741,
      "VC@50": 0.3646824839895899,
      "VC@200": 0.872726777901285,
      "Recall@10": 0.0,
      "Recall@50": 0.28,
      "Spearman": 0.33061310582554404,
      "n_samples": 636
    },
    "2020-12": {
      "VC@20": 0.22016663377223894,
      "VC@100": 0.5694446010845764,
      "Recall@20": 0.2,
      "Recall@100": 0.25,
      "NDCG": 0.41977363541542384,
      "VC@10": 0.14880875179744552,
      "VC@25": 0.22016663377223894,
      "VC@50": 0.37608034698921994,
      "VC@200": 0.9294595445531528,
      "Recall@10": 0.3,
      "Recall@50": 0.36,
      "Spearman": 0.2807321748511377,
      "n_samples": 538
    },
    "2021-03": {
      "VC@20": 0.2804264715261307,
      "VC@100": 0.5251624929631997,
      "Recall@20": 0.3,
      "Recall@100": 0.25,
      "NDCG": 0.4543847009322163,
      "VC@10": 0.10275059169383885,
      "VC@25": 0.41964087084075513,
      "VC@50": 0.49968940153677194,
      "VC@200": 0.7742910847444179,
      "Recall@10": 0.1,
      "Recall@50": 0.28,
      "Spearman": 0.23481061742487042,
      "n_samples": 524
    },
    "2021-06": {
      "VC@20": 0.26853715431767056,
      "VC@100": 0.610177685919166,
      "Recall@20": 0.35,
      "Recall@100": 0.29,
      "NDCG": 0.5053219484432799,
      "VC@10": 0.08220806398381088,
      "VC@25": 0.3060321202125997,
      "VC@50": 0.45884888952093866,
      "VC@200": 0.8686517526247477,
      "Recall@10": 0.0,
      "Recall@50": 0.38,
      "Spearman": 0.2905946464975129,
      "n_samples": 513
    },
    "2021-09": {
      "VC@20": 0.411096278712985,
      "VC@100": 0.6513694674887409,
      "Recall@20": 0.25,
      "Recall@100": 0.19,
      "NDCG": 0.36735560723137917,
      "VC@10": 0.02692950600002332,
      "VC@25": 0.411096278712985,
      "VC@50": 0.46777265769929055,
      "VC@200": 0.682398021911277,
      "Recall@10": 0.0,
      "Recall@50": 0.3,
      "Spearman": 0.24447822145814924,
      "n_samples": 579
    },
    "2021-12": {
      "VC@20": 0.5806668179583192,
      "VC@100": 0.9561362773568228,
      "Recall@20": 0.55,
      "Recall@100": 0.29,
      "NDCG": 0.6534126617204764,
      "VC@10": 0.39605615581919534,
      "VC@25": 0.6257850005533352,
      "VC@50": 0.8111668298655327,
      "VC@200": 0.9736547650566714,
      "Recall@10": 0.6,
      "Recall@50": 0.34,
      "Spearman": 0.33554542817167,
      "n_samples": 471
    },
    "2022-03": {
      "VC@20": 0.35699565734570937,
      "VC@100": 0.6056642366264791,
      "Recall@20": 0.25,
      "Recall@100": 0.25,
      "NDCG": 0.5874054298808199,
      "VC@10": 0.25125753162655595,
      "VC@25": 0.36761807477009356,
      "VC@50": 0.46179407575474163,
      "VC@200": 0.9876188197340964,
      "Recall@10": 0.4,
      "Recall@50": 0.38,
      "Spearman": 0.31387275238082113,
      "n_samples": 492
    },
    "2022-06": {
      "VC@20": 0.719140457538202,
      "VC@100": 0.9287121688652323,
      "Recall@20": 0.35,
      "Recall@100": 0.24,
      "NDCG": 0.5303979551748718,
      "VC@10": 0.5817439304127968,
      "VC@25": 0.7807502100125121,
      "VC@50": 0.8905493427508322,
      "VC@200": 0.984814640095923,
      "Recall@10": 0.3,
      "Recall@50": 0.32,
      "Spearman": 0.30792165683090594,
      "n_samples": 563
    },
    "2022-09": {
      "VC@20": 0.0403083188547463,
      "VC@100": 0.5875597821449087,
      "Recall@20": 0.15,
      "Recall@100": 0.24,
      "NDCG": 0.3935248697317913,
      "VC@10": 0.0,
      "VC@25": 0.04819708283033523,
      "VC@50": 0.2780752198434727,
      "VC@200": 0.9122902881652013,
      "Recall@10": 0.0,
      "Recall@50": 0.28,
      "Spearman": 0.29565344016609035,
      "n_samples": 666
    },
    "2022-12": {
      "VC@20": 0.014636623750885385,
      "VC@100": 0.10735003616288435,
      "Recall@20": 0.0,
      "Recall@100": 0.27,
      "NDCG": 0.3044661007876421,
      "VC@10": 0.010536294640604472,
      "VC@25": 0.016686788306025838,
      "VC@50": 0.08017124574128306,
      "VC@200": 0.6549744056485117,
      "Recall@10": 0.0,
      "Recall@50": 0.26,
      "Spearman": 0.28973030028337715,
      "n_samples": 630
    },
    "2023-03": {
      "VC@20": 0.3146298168302645,
      "VC@100": 0.4092539871887357,
      "Recall@20": 0.45,
      "Recall@100": 0.24,
      "NDCG": 0.3692724530053909,
      "VC@10": 0.2553376055287528,
      "VC@25": 0.31464471798108573,
      "VC@50": 0.3388705300206302,
      "VC@200": 0.9205459994534471,
      "Recall@10": 0.3,
      "Recall@50": 0.26,
      "Spearman": 0.24222005877729166,
      "n_samples": 629
    },
    "2023-05": {
      "VC@20": 0.19398674990182535,
      "VC@100": 0.6181308757299564,
      "Recall@20": 0.2,
      "Recall@100": 0.29,
      "NDCG": 0.3415064419941794,
      "VC@10": 0.11692252583248772,
      "VC@25": 0.19658134397310528,
      "VC@50": 0.20203465065860213,
      "VC@200": 0.7908495782877009,
      "Recall@10": 0.3,
      "Recall@50": 0.3,
      "Spearman": 0.3064801800364035,
      "n_samples": 645
    }
  },
  "aggregate": {
    "mean": {
      "VC@20": 0.2959573107421279,
      "VC@100": 0.60363463016753,
      "Recall@20": 0.2708333333333333,
      "Recall@100": 0.2625,
      "NDCG": 0.4510764470142599,
      "VC@10": 0.16862387508831392,
      "VC@25": 0.32949380551115376,
      "VC@50": 0.43581130619757547,
      "VC@200": 0.8626896398480359,
      "Recall@10": 0.19166666666666665,
      "Recall@50": 0.3116666666666666,
      "Spearman": 0.28938771522531453,
      "n_samples": 573.8333333333334
    },
    "std": {
      "VC@20": 0.19582100672247127,
      "VC@100": 0.20999597531088102,
      "Recall@20": 0.13762620470761455,
      "Recall@100": 0.037886893072231004,
      "NDCG": 0.10061916499583526,
      "VC@10": 0.1680692806259892,
      "VC@25": 0.20854162784554836,
      "VC@50": 0.2194734011573052,
      "VC@200": 0.10872869655515749,
      "Recall@10": 0.19346977943739832,
      "Recall@50": 0.04199867722784717,
      "Spearman": 0.032147194627739635,
      "n_samples": 63.57781758513648
    },
    "min": {
      "VC@20": 0.014636623750885385,
      "VC@100": 0.10735003616288435,
      "Recall@20": 0.0,
      "Recall@100": 0.19,
      "NDCG": 0.3044661007876421,
      "VC@10": 0.0,
      "VC@25": 0.016686788306025838,
      "VC@50": 0.08017124574128306,
      "VC@200": 0.6549744056485117,
      "Recall@10": 0.0,
      "Recall@50": 0.26,
      "Spearman": 0.23481061742487042,
      "n_samples": 471.0
    },
    "max": {
      "VC@20": 0.719140457538202,
      "VC@100": 0.9561362773568228,
      "Recall@20": 0.55,
      "Recall@100": 0.35,
      "NDCG": 0.6534126617204764,
      "VC@10": 0.5817439304127968,
      "VC@25": 0.7807502100125121,
      "VC@50": 0.8905493427508322,
      "VC@200": 0.9876188197340964,
      "Recall@10": 0.6,
      "Recall@50": 0.38,
      "Spearman": 0.33554542817167,
      "n_samples": 666.0
    },
    "bottom_2_mean": {
      "VC@20": 0.02747247130281584,
      "VC@100": 0.25830201167581,
      "Recall@20": 0.075,
      "Recall@100": 0.215,
      "NDCG": 0.32298627139091074,
      "VC@10": 0.005268147320302236,
      "VC@25": 0.032441935568180535,
      "VC@50": 0.1411029481999426,
      "VC@200": 0.6686862137798943,
      "Recall@10": 0.0,
      "Recall@50": 0.26,
      "Spearman": 0.23851533810108105,
      "n_samples": 481.5
    }
  },
  "n_months": 12,
  "n_months_requested": 12,
  "skipped_months": []
}