{
  "v16_baseline": {
    "dev_mean": {
      "VC@20": 0.3159511643926841,
      "VC@100": 0.7013041426695114,
      "Recall@20": 0.3499999999999999,
      "Recall@100": 0.5833333333333334,
      "NDCG": 0.6697505327349744,
      "VC@10": 0.21891006258922166,
      "VC@25": 0.35549517268867165,
      "VC@50": 0.5407242750465703,
      "VC@200": 0.8875477691294805,
      "Recall@10": 0.25833333333333336,
      "Recall@50": 0.4716666666666667,
      "Spearman": 0.5027777580269377,
      "Tier0-AP": 0.5468419034200679,
      "Tier01-AP": 0.6873993233990673,
      "n_samples": 384.75
    },
    "dev_bottom2": {
      "VC@20": 0.17937693332561877,
      "VC@100": 0.513189520083791,
      "Recall@20": 0.15000000000000002,
      "Recall@100": 0.495,
      "NDCG": 0.5226297150786521,
      "VC@10": 0.11308709234713946,
      "VC@25": 0.20977041205863878,
      "VC@50": 0.3989505685653002,
      "VC@200": 0.7179275695980619,
      "Recall@10": 0.1,
      "Recall@50": 0.36,
      "Spearman": 0.39339634136935064,
      "Tier0-AP": 0.44291596456440924,
      "Tier01-AP": 0.5749805063088842,
      "n_samples": 269.0
    },
    "holdout_mean": {
      "VC@20": 0.3919607631025754,
      "VC@100": 0.7152703844068481,
      "Recall@20": 0.3666666666666667,
      "Recall@100": 0.5766666666666667,
      "NDCG": 0.7093157570931025,
      "VC@10": 0.2035059421537233,
      "VC@25": 0.4394465746657998,
      "VC@50": 0.5935113654052822,
      "VC@200": 0.9558411322919245,
      "Recall@10": 0.26666666666666666,
      "Recall@50": 0.48,
      "Spearman": 0.5794081709451678,
      "Tier0-AP": 0.5638375734348707,
      "Tier01-AP": 0.7227535359887401,
      "n_samples": 355.3333333333333
    },
    "holdout_bottom2": {
      "VC@20": 0.34438337303979416,
      "VC@100": 0.702495036792474,
      "Recall@20": 0.35,
      "Recall@100": 0.54,
      "NDCG": 0.6336749843805222,
      "VC@10": 0.10405629939314362,
      "VC@25": 0.40308840046013733,
      "VC@50": 0.5789290726571141,
      "VC@200": 0.9342438776097592,
      "Recall@10": 0.1,
      "Recall@50": 0.45,
      "Spearman": 0.5786568392428626,
      "Tier0-AP": 0.5179778111600389,
      "Tier01-AP": 0.7027999550295804,
      "n_samples": 335.5
    },
    "holdout_per_group": {
      "2025-06/aq1": {
        "VC@20": 0.38578944924450936,
        "VC@100": 0.738536643519588,
        "Recall@20": 0.4,
        "Recall@100": 0.55,
        "NDCG": 0.675531743950944,
        "VC@10": 0.15246269329906603,
        "VC@25": 0.42978278002794684,
        "VC@50": 0.5521092687091078,
        "VC@200": 0.9600575237732623,
        "Recall@10": 0.2,
        "Recall@50": 0.4,
        "Spearman": 0.5805226634862078,
        "Tier0-AP": 0.5470086705799388,
        "Tier01-AP": 0.7047602525203711,
        "n_samples": 395
      },
      "2025-06/aq2": {
        "VC@20": 0.3029772968350789,
        "VC@100": 0.7408210796355962,
        "Recall@20": 0.35,
        "Recall@100": 0.53,
        "NDCG": 0.5918182248101004,
        "VC@10": 0.05564990548722119,
        "VC@25": 0.3763940208923278,
        "VC@50": 0.6226759509016182,
        "VC@200": 0.9084302314462561,
        "Recall@10": 0.0,
        "Recall@50": 0.5,
        "Spearman": 0.5809108343497785,
        "Tier0-AP": 0.488946951740139,
        "Tier01-AP": 0.7008396575387896,
        "n_samples": 385
      },
      "2025-06/aq3": {
        "VC@20": 0.4871155432281378,
        "VC@100": 0.6664534300653601,
        "Recall@20": 0.35,
        "Recall@100": 0.65,
        "NDCG": 0.860597302518263,
        "VC@10": 0.40240522767488274,
        "VC@25": 0.5121629230771246,
        "VC@50": 0.6057488766051204,
        "VC@200": 0.9990356416562549,
        "Recall@10": 0.6,
        "Recall@50": 0.54,
        "Spearman": 0.5767910149995173,
        "Tier0-AP": 0.6555570979845343,
        "Tier01-AP": 0.7626606979070598,
        "n_samples": 286
      }
    },
    "dev_feat_imp": {
      "shadow_price_da": 1422.640202607512,
      "da_rank_value": 176.02559299588756,
      "bf_6": 173.3144562083762,
      "bf_12": 38.462077416683314,
      "bf_15": 416.01410845699866,
      "bfo_6": 178.36646259414465,
      "bfo_12": 622.1430375336204
    },
    "holdout_feat_imp": {
      "shadow_price_da": 208.8177594388835,
      "da_rank_value": 1276.5378074431428,
      "bf_6": 301.38182647526264,
      "bf_12": 104.22818817048963,
      "bf_15": 438.04391155373014,
      "bfo_6": 241.38193507061987,
      "bfo_12": 1029.5860759007046
    }
  },
  "v17a_april": {
    "dev_mean": {
      "VC@20": 0.3159015972619402,
      "VC@100": 0.7142587753177487,
      "Recall@20": 0.3541666666666667,
      "Recall@100": 0.5891666666666667,
      "NDCG": 0.6736510792398899,
      "VC@10": 0.22258550322419748,
      "VC@25": 0.35982861454984033,
      "VC@50": 0.5551664352478263,
      "VC@200": 0.8924556077945075,
      "Recall@10": 0.26666666666666666,
      "Recall@50": 0.47833333333333333,
      "Spearman": 0.5022342695839824,
      "Tier0-AP": 0.5504542041585129,
      "Tier01-AP": 0.6888854498668747,
      "n_samples": 384.75
    },
    "dev_bottom2": {
      "VC@20": 0.18520945326766192,
      "VC@100": 0.5264732730765238,
      "Recall@20": 0.15000000000000002,
      "Recall@100": 0.49,
      "NDCG": 0.524322560340714,
      "VC@10": 0.11308709234713944,
      "VC@25": 0.22888591676827402,
      "VC@50": 0.401814302215098,
      "VC@200": 0.7378184981705436,
      "Recall@10": 0.1,
      "Recall@50": 0.35,
      "Spearman": 0.38628221412792696,
      "Tier0-AP": 0.4473971398400612,
      "Tier01-AP": 0.5705935696527547,
      "n_samples": 269.0
    },
    "holdout_mean": {
      "VC@20": 0.38980761642154915,
      "VC@100": 0.7248387285669509,
      "Recall@20": 0.3666666666666667,
      "Recall@100": 0.5933333333333334,
      "NDCG": 0.7065416294615233,
      "VC@10": 0.1957907982291969,
      "VC@25": 0.4523322330507624,
      "VC@50": 0.565340226441784,
      "VC@200": 0.9560737352778701,
      "Recall@10": 0.26666666666666666,
      "Recall@50": 0.4666666666666666,
      "Spearman": 0.5762699476650021,
      "Tier0-AP": 0.5406765543523923,
      "Tier01-AP": 0.718855300863385,
      "n_samples": 355.3333333333333
    },
    "holdout_bottom2": {
      "VC@20": 0.3413893877599419,
      "VC@100": 0.6994444457559477,
      "Recall@20": 0.35,
      "Recall@100": 0.5700000000000001,
      "NDCG": 0.6329432321548747,
      "VC@10": 0.12184159426917002,
      "VC@25": 0.4278094219723284,
      "VC@50": 0.5447746107201217,
      "VC@200": 0.9344692278264742,
      "Recall@10": 0.15,
      "Recall@50": 0.43,
      "Spearman": 0.5757863331938371,
      "Tier0-AP": 0.5038884555077989,
      "Tier01-AP": 0.7014489990839778,
      "n_samples": 335.5
    },
    "holdout_per_group": {
      "2025-06/aq1": {
        "VC@20": 0.3798014786848049,
        "VC@100": 0.741109308312394,
        "Recall@20": 0.4,
        "Recall@100": 0.58,
        "NDCG": 0.6670755298886923,
        "VC@10": 0.16844204030109147,
        "VC@25": 0.3920200333570837,
        "VC@50": 0.5226055152555449,
        "VC@200": 0.9644528227010668,
        "Recall@10": 0.3,
        "Recall@50": 0.42,
        "Spearman": 0.5772371766073321,
        "Tier0-AP": 0.5323025955812957,
        "Tier01-AP": 0.7059225877373053,
        "n_samples": 395
      },
      "2025-06/aq2": {
        "VC@20": 0.3029772968350789,
        "VC@100": 0.7756272941889575,
        "Recall@20": 0.35,
        "Recall@100": 0.56,
        "NDCG": 0.5988109344210569,
        "VC@10": 0.07524114823724855,
        "VC@25": 0.4635988105875732,
        "VC@50": 0.5669437061846985,
        "VC@200": 0.9044856329518817,
        "Recall@10": 0.0,
        "Recall@50": 0.44,
        "Spearman": 0.5764475572943599,
        "Tier0-AP": 0.47547431543430213,
        "Tier01-AP": 0.6969754104306504,
        "n_samples": 385
      },
      "2025-06/aq3": {
        "VC@20": 0.48664407374476376,
        "VC@100": 0.6577795831995012,
        "Recall@20": 0.35,
        "Recall@100": 0.64,