{
  "eval_config": {
    "eval_months": [
      "2020-06",
      "2020-07",
      "2020-08",
      "2020-09",
      "2020-10",
      "2020-11",
      "2020-12",
      "2021-01",
      "2021-02",
      "2021-03",
      "2021-04",
      "2021-05",
      "2021-06",
      "2021-07",
      "2021-08",
      "2021-09",
      "2021-10",
      "2021-11",
      "2021-12",
      "2022-01",
      "2022-02",
      "2022-03",
      "2022-04",
      "2022-05",
      "2022-06",
      "2022-07",
      "2022-08",
      "2022-09",
      "2022-10",
      "2022-11",
      "2022-12",
      "2023-01",
      "2023-02",
      "2023-03",
      "2023-04",
      "2023-05"
    ],
    "class_type": "wkndonpeak",
    "period_type": "f0",
    "lag": 1
  },
  "per_month": {
    "2020-06": {
      "VC@20": 0.2898038369878109,
      "VC@100": 0.4149383707322907,
      "Recall@20": 0.35,
      "Recall@100": 0.29,
      "NDCG": 0.44651298330381195,
      "VC@10": 0.07266103475668613,
      "VC@25": 0.28980383698781087,
      "VC@50": 0.3805105448830197,
      "VC@200": 0.6919166574130229,
      "Recall@10": 0.0,
      "Recall@50": 0.28,
      "Spearman": 0.2367527235147669,
      "n_samples": 492
    },
    "2020-07": {
      "VC@20": 0.2698125472694657,
      "VC@100": 0.4986061367486108,
      "Recall@20": 0.3,
      "Recall@100": 0.41,
      "NDCG": 0.4083577933032741,
      "VC@10": 0.1179508335052223,
      "VC@25": 0.2717102014538681,
      "VC@50": 0.3727827886015738,
      "VC@200": 0.8565814722446199,
      "Recall@10": 0.3,
      "Recall@50": 0.38,
      "Spearman": 0.2988193865063166,
      "n_samples": 402
    },
    "2020-08": {
      "VC@20": 0.6144081621494448,
      "VC@100": 0.8394377906098482,
      "Recall@20": 0.35,
      "Recall@100": 0.44,
      "NDCG": 0.5278032717121993,
      "VC@10": 0.40392107405189426,
      "VC@25": 0.6149393691647298,
      "VC@50": 0.7232010351153378,
      "VC@200": 0.9026963245942261,
      "Recall@10": 0.3,
      "Recall@50": 0.44,
      "Spearman": 0.3763421913147677,
      "n_samples": 448
    },
    "2020-09": {
      "VC@20": 0.15886873464796314,
      "VC@100": 0.5874653203389442,
      "Recall@20": 0.2,
      "Recall@100": 0.48,
      "NDCG": 0.525142228959793,
      "VC@10": 0.14519751731248168,
      "VC@25": 0.1751131441451874,
      "VC@50": 0.26004823000986693,
      "VC@200": 0.9458402283534613,
      "Recall@10": 0.1,
      "Recall@50": 0.36,
      "Spearman": 0.4104763452841283,
      "n_samples": 636
    },
    "2020-10": {
      "VC@20": 0.19208149773826075,
      "VC@100": 0.695593498639737,
      "Recall@20": 0.3,
      "Recall@100": 0.26,
      "NDCG": 0.3680972212771865,
      "VC@10": 0.013001647340377011,
      "VC@25": 0.28946238751670156,
      "VC@50": 0.40615525780608613,
      "VC@200": 0.848028825773633,
      "Recall@10": 0.0,
      "Recall@50": 0.32,
      "Spearman": 0.23785857607814254,
      "n_samples": 569
    },
    "2020-11": {
      "VC@20": 0.07047037382659091,
      "VC@100": 0.21932286107713928,
      "Recall@20": 0.15,
      "Recall@100": 0.34,
      "NDCG": 0.3035038824813417,
      "VC@10": 0.0,
      "VC@25": 0.07047037382659091,
      "VC@50": 0.21781255097503605,
      "VC@200": 0.5356434012117258,
      "Recall@10": 0.0,
      "Recall@50": 0.3,
      "Spearman": 0.278278713362116,
      "n_samples": 554
    },
    "2020-12": {
      "VC@20": 0.1897806411593876,
      "VC@100": 0.7105692145750511,
      "Recall@20": 0.2,
      "Recall@100": 0.36,
      "NDCG": 0.4254684143616084,
      "VC@10": 0.0011602334564524773,
      "VC@25": 0.2764539337036306,
      "VC@50": 0.36256802097724644,
      "VC@200": 0.8950766440165038,
      "Recall@10": 0.0,
      "Recall@50": 0.32,
      "Spearman": 0.303541910466395,
      "n_samples": 538
    },
    "2021-01": {
      "VC@20": 0.016804137211298923,
      "VC@100": 0.900397505668844,
      "Recall@20": 0.2,
      "Recall@100": 0.34,
      "NDCG": 0.31146480834699747,
      "VC@10": 0.016804137211298923,
      "VC@25": 0.01796636466000668,
      "VC@50": 0.2754670104524845,
      "VC@200": 0.9991235531362826,
      "Recall@10": 0.0,
      "Recall@50": 0.28,
      "Spearman": 0.29163894267884577,
      "n_samples": 398
    },
    "2021-02": {
      "VC@20": 0.05260158197386607,
      "VC@100": 0.6362828215405134,
      "Recall@20": 0.15,
      "Recall@100": 0.43,
      "NDCG": 0.3433162957201894,
      "VC@10": 0.0519641543593239,
      "VC@25": 0.05534025076242847,
      "VC@50": 0.2901179087711635,
      "VC@200": 0.9953410728538659,
      "Recall@10": 0.1,
      "Recall@50": 0.44,
      "Spearman": 0.38180612075625725,
      "n_samples": 478
    },
    "2021-03": {
      "VC@20": 0.33612428357715024,
      "VC@100": 0.5681777436741614,
      "Recall@20": 0.25,
      "Recall@100": 0.29,
      "NDCG": 0.4416441723280521,
      "VC@10": 0.22943308373302695,
      "VC@25": 0.3368042355888088,
      "VC@50": 0.5467517226036839,
      "VC@200": 0.851292385893356,
      "Recall@10": 0.2,
      "Recall@50": 0.34,
      "Spearman": 0.24551465872145536,
      "n_samples": 524
    },
    "2021-04": {
      "VC@20": 0.5483780179812042,
      "VC@100": 0.754845920334159,
      "Recall@20": 0.35,
      "Recall@100": 0.21,
      "NDCG": 0.3847012547464575,
      "VC@10": 0.1899460049698971,
      "VC@25": 0.5483780179812042,
      "VC@50": 0.6821119559650605,
      "VC@200": 0.8197820308382592,
      "Recall@10": 0.2,
      "Recall@50": 0.28,
      "Spearman": 0.23797970785061898,
      "n_samples": 525
    },
    "2021-05": {
      "VC@20": 0.20371246497259798,
      "VC@100": 0.777346465990875,
      "Recall@20": 0.15,
      "Recall@100": 0.3,
      "NDCG": 0.6937126745147666,
      "VC@10": 0.20319667803185146,
      "VC@25": 0.26794756259037,
      "VC@50": 0.3786418740072978,
      "VC@200": 0.8734205231302026,
      "Recall@10": 0.3,
      "Recall@50": 0.34,
      "Spearman": 0.2742099535128116,
      "n_samples": 536
    },
    "2021-06": {
      "VC@20": 0.31421987409797747,
      "VC@100": 0.7681296692772868,
      "Recall@20": 0.35,
      "Recall@100": 0.37,
      "NDCG": 0.6008034508348495,
      "VC@10": 0.12430647656064578,
      "VC@25": 0.32320674261508076,
      "VC@50": 0.6041794475815196,
      "VC@200": 0.881424170583166,
      "Recall@10": 0.0,
      "Recall@50": 0.52,
      "Spearman": 0.3182732105580833,
      "n_samples": 513
    },
    "2021-07": {
      "VC@20": 0.2787890282456911,
      "VC@100": 0.7876780666314542,
      "Recall@20": 0.25,
      "Recall@100": 0.36,
      "NDCG": 0.519003359346921,
      "VC@10": 0.09799526652797455,
      "VC@25": 0.300322069877062,
      "VC@50": 0.7213965135018886,
      "VC@200": 0.8319954779592682,
      "Recall@10": 0.1,
      "Recall@50": 0.32,
      "Spearman": 0.24051838022433933,
      "n_samples": 427
    },
    "2021-08": {
      "VC@20": 0.4370633102417787,
      "VC@100": 0.8339687440792211,
      "Recall@20": 0.15,
      "Recall@100": 0.29,
      "NDCG": 0.45871414241151126,
      "VC@10": 0.4370633102417787,
      "VC@25": 0.4370633102417787,
      "VC@50": 0.7836848362700396,
      "VC@200": 0.8651249682501466,
      "Recall@10": 0.3,
      "Recall@50": 0.26,
      "Spearman": 0.28802639912389216,
      "n_samples": 474
    },
    "2021-09": {
      "VC@20": 0.40942522570116036,
      "VC@100": 0.6663668640733235,
      "Recall@20": 0.25,
      "Recall@100": 0.27,
      "NDCG": 0.7113434930848359,
      "VC@10": 0.3403340787838628,
      "VC@25": 0.42903981882053877,
      "VC@50": 0.5611011712073916,
      "VC@200": 0.6824892808743014,
      "Recall@10": 0.2,
      "Recall@50": 0.24,
      "Spearman": 0.27140679342109425,
      "n_samples": 579
    },
    "2021-10": {
      "VC@20": 0.2681634715557828,
      "VC@100": 0.7654506950387964,
      "Recall@20": 0.4,
      "Recall@100": 0.32,
      "NDCG": 0.3761825240993111,
      "VC@10": 0.08000068931903555,
      "VC@25": 0.2686292154041489,
      "VC@50": 0.7250138572399869,
      "VC@200": 0.8359688260001163,
      "Recall@10": 0.3,