{
  "eval_config": {
    "eval_months": [
      "2020-06",
      "2020-07",
      "2020-08",
      "2020-09",
      "2020-10",
      "2020-11",
      "2020-12",
      "2021-01",
      "2021-02",
      "2021-03",
      "2021-04",
      "2021-05",
      "2021-06",
      "2021-07",
      "2021-08",
      "2021-09",
      "2021-10",
      "2021-11",
      "2021-12",
      "2022-01",
      "2022-02",
      "2022-03",
      "2022-04",
      "2022-05",
      "2022-06",
      "2022-07",
      "2022-08",
      "2022-09",
      "2022-10",
      "2022-11",
      "2022-12",
      "2023-01",
      "2023-02",
      "2023-03",
      "2023-04",
      "2023-05"
    ],
    "class_type": "wkndonpeak",
    "period_type": "f0",
    "lag": 1
  },
  "per_month": {
    "2020-06": {
      "VC@20": 0.2862707246030188,
      "VC@100": 0.4149383707322908,
      "Recall@20": 0.35,
      "Recall@100": 0.29,
      "NDCG": 0.44763164184354615,
      "VC@10": 0.07266103475668613,
      "VC@25": 0.28980383698781087,
      "VC@50": 0.3878383630446482,
      "VC@200": 0.691916657413023,
      "Recall@10": 0.0,
      "Recall@50": 0.3,
      "Spearman": 0.2452303986843844,
      "n_samples": 492
    },
    "2020-07": {
      "VC@20": 0.3496565345934358,
      "VC@100": 0.6612280997831074,
      "Recall@20": 0.35,
      "Recall@100": 0.41,
      "NDCG": 0.4052175916665943,
      "VC@10": 0.1673260952452387,
      "VC@25": 0.3519929744291724,
      "VC@50": 0.3727827886015738,
      "VC@200": 0.8567183583666172,
      "Recall@10": 0.1,
      "Recall@50": 0.38,
      "Spearman": 0.30570512929076354,
      "n_samples": 402
    },
    "2020-08": {
      "VC@20": 0.6133944387694116,
      "VC@100": 0.8036978553564404,
      "Recall@20": 0.35,
      "Recall@100": 0.43,
      "NDCG": 0.537251360840029,
      "VC@10": 0.4735848232040483,
      "VC@25": 0.614945954375663,
      "VC@50": 0.723201035115338,
      "VC@200": 0.8985675968909024,
      "Recall@10": 0.4,
      "Recall@50": 0.44,
      "Spearman": 0.3603013369700177,
      "n_samples": 448
    },
    "2020-09": {
      "VC@20": 0.14775576766988435,
      "VC@100": 0.5874653203389442,
      "Recall@20": 0.2,
      "Recall@100": 0.48,
      "NDCG": 0.5248013613598335,
      "VC@10": 0.07945037640006042,
      "VC@25": 0.18390479509183072,
      "VC@50": 0.2959400449428129,
      "VC@200": 0.9374706833794306,
      "Recall@10": 0.0,
      "Recall@50": 0.38,
      "Spearman": 0.40374719051854396,
      "n_samples": 636
    },
    "2020-10": {
      "VC@20": 0.25065061895997565,
      "VC@100": 0.692486625420555,
      "Recall@20": 0.35,
      "Recall@100": 0.25,
      "NDCG": 0.4130244648905783,
      "VC@10": 0.17363074892278968,
      "VC@25": 0.33991554026861853,
      "VC@50": 0.4061552578060861,
      "VC@200": 0.8886435466648066,
      "Recall@10": 0.2,
      "Recall@50": 0.32,
      "Spearman": 0.24344228454422598,
      "n_samples": 569
    },
    "2020-11": {
      "VC@20": 0.07184074839840061,
      "VC@100": 0.21932286107713928,
      "Recall@20": 0.15,
      "Recall@100": 0.34,
      "NDCG": 0.3043749565249423,
      "VC@10": 0.0,
      "VC@25": 0.07184074839840061,
      "VC@50": 0.21781255097503605,
      "VC@200": 0.5356434012117259,
      "Recall@10": 0.0,
      "Recall@50": 0.3,
      "Spearman": 0.2655350086674385,
      "n_samples": 554
    },
    "2020-12": {
      "VC@20": 0.23075253052132969,
      "VC@100": 0.5843248653678067,
      "Recall@20": 0.25,
      "Recall@100": 0.33,
      "NDCG": 0.4163141482914248,
      "VC@10": 0.0011602334564524773,
      "VC@25": 0.28154129190515126,
      "VC@50": 0.36992509468895973,
      "VC@200": 0.8950766440165036,
      "Recall@10": 0.0,
      "Recall@50": 0.34,
      "Spearman": 0.29326185382625825,
      "n_samples": 538
    },
    "2021-01": {
      "VC@20": 0.016804137211298923,
      "VC@100": 0.7504192178288875,
      "Recall@20": 0.2,
      "Recall@100": 0.32,
      "NDCG": 0.31462793563377006,
      "VC@10": 0.016804137211298923,
      "VC@25": 0.01796636466000668,
      "VC@50": 0.27546701045248456,
      "VC@200": 0.9991235531362826,
      "Recall@10": 0.0,
      "Recall@50": 0.28,
      "Spearman": 0.2961097933657264,
      "n_samples": 398
    },
    "2021-02": {
      "VC@20": 0.05260158197386608,
      "VC@100": 0.6362828215405133,
      "Recall@20": 0.15,
      "Recall@100": 0.41,
      "NDCG": 0.3471893741582712,
      "VC@10": 0.0519641543593239,
      "VC@25": 0.05534025076242846,
      "VC@50": 0.2912995118371964,
      "VC@200": 0.9953410728538657,
      "Recall@10": 0.1,
      "Recall@50": 0.44,
      "Spearman": 0.3900783505370644,
      "n_samples": 478
    },
    "2021-03": {
      "VC@20": 0.2356139178242339,
      "VC@100": 0.5681777436741614,
      "Recall@20": 0.1,
      "Recall@100": 0.3,
      "NDCG": 0.421542574641503,
      "VC@10": 0.11615579036386471,
      "VC@25": 0.23990103032314794,
      "VC@50": 0.5020963513092089,
      "VC@200": 0.8489974223089543,
      "Recall@10": 0.1,
      "Recall@50": 0.34,
      "Spearman": 0.24051618680770628,
      "n_samples": 524
    },
    "2021-04": {
      "VC@20": 0.54280667262477,
      "VC@100": 0.7548459203341589,
      "Recall@20": 0.3,
      "Recall@100": 0.21,
      "NDCG": 0.39670757344940133,
      "VC@10": 0.1899460049698971,
      "VC@25": 0.6084375945048336,
      "VC@50": 0.6816789673763396,
      "VC@200": 0.8102860498518705,
      "Recall@10": 0.2,
      "Recall@50": 0.26,
      "Spearman": 0.23262507219464695,
      "n_samples": 525
    },
    "2021-05": {
      "VC@20": 0.20338669351189365,
      "VC@100": 0.7077148000612511,
      "Recall@20": 0.15,
      "Recall@100": 0.32,
      "NDCG": 0.5865469143538483,
      "VC@10": 0.20319667803185146,
      "VC@25": 0.27263210901312485,
      "VC@50": 0.5368147486326821,
      "VC@200": 0.8734205231302028,
      "Recall@10": 0.3,
      "Recall@50": 0.38,
      "Spearman": 0.2662177604099864,
      "n_samples": 536
    },
    "2021-06": {
      "VC@20": 0.266327148651177,
      "VC@100": 0.7636330639289266,
      "Recall@20": 0.3,
      "Recall@100": 0.34,
      "NDCG": 0.590649561141115,
      "VC@10": 0.10616345211666588,
      "VC@25": 0.3145233229996461,
      "VC@50": 0.6305275449398311,
      "VC@200": 0.8814241705831659,
      "Recall@10": 0.0,
      "Recall@50": 0.52,
      "Spearman": 0.3089088797999551,
      "n_samples": 513
    },
    "2021-07": {
      "VC@20": 0.2787890282456911,
      "VC@100": 0.8277425316014273,
      "Recall@20": 0.25,
      "Recall@100": 0.33,
      "NDCG": 0.4524274796781372,
      "VC@10": 0.09799526652797455,
      "VC@25": 0.300322069877062,
      "VC@50": 0.4254172188625743,
      "VC@200": 0.8319954779592682,
      "Recall@10": 0.1,
      "Recall@50": 0.26,
      "Spearman": 0.24394247507505132,
      "n_samples": 427
    },
    "2021-08": {
      "VC@20": 0.4911749886445149,
      "VC@100": 0.8372508722418994,
      "Recall@20": 0.2,
      "Recall@100": 0.31,
      "NDCG": 0.4329702065161654,
      "VC@10": 0.0,
      "VC@25": 0.491174988644515,
      "VC@50": 0.675461479464567,
      "VC@200": 0.8651249682501466,
      "Recall@10": 0.0,
      "Recall@50": 0.22,
      "Spearman": 0.28930118128378,
      "n_samples": 474
    },
    "2021-09": {
      "VC@20": 0.40608311967751115,
      "VC@100": 0.6582143967098101,
      "Recall@20": 0.25,
      "Recall@100": 0.25,
      "NDCG": 0.551509150544723,
      "VC@10": 0.3403340787838628,
      "VC@25": 0.4077541726893358,
      "VC@50": 0.5611011712073916,
      "VC@200": 0.7802884695821201,
      "Recall@10": 0.2,
      "Recall@50": 0.24,
      "Spearman": 0.28078807985804816,
      "n_samples": 579
    },
    "2021-10": {
      "VC@20": 0.1745691387559537,
      "VC@100": 0.7654506950387964,
      "Recall@20": 0.35,
      "Recall@100": 0.32,
      "NDCG": 0.36962216152016075,
      "VC@10": 0.08000068931903555,
      "VC@25": 0.17503488260431982,
      "VC@50": 0.7248219136335401,
      "VC@200": 0.8394910421970957,
      "Recall@10": 0.3,