{
  "per_group_lo": {
    "2025-06/aq1": {
      "VC@150": 0.49929725955030635,
      "Recall@150": 0.2973856209150327,
      "Abs_SP@150": 0.4198407832648646,
      "NB12_Count@150": 0,
      "NB12_SP@150": 0.0,
      "Dang_Recall@150": 0.5,
      "Dang_SP_Ratio@150": 0.4777458419458007,
      "Dang_Count@150": 3,
      "Dang_Total": 6,
      "Dorm_inK@150": 3,
      "Dorm_SP@150": 0.0
    },
    "2025-06/aq2": {
      "VC@150": 0.5321549865166957,
      "Recall@150": 0.2670299727520436,
      "Abs_SP@150": 0.4243663606705841,
      "NB12_Count@150": 0,
      "NB12_SP@150": 0.0,
      "Dang_Recall@150": 0.6363636363636364,
      "Dang_SP_Ratio@150": 0.6332369553511304,
      "Dang_Count@150": 7,
      "Dang_Total": 11,
      "Dorm_inK@150": 2,
      "Dorm_SP@150": 0.0
    },
    "2025-06/aq3": {
      "VC@150": 0.5808263923817549,
      "Recall@150": 0.3129251700680272,
      "Abs_SP@150": 0.48019795390770736,
      "NB12_Count@150": 0,
      "NB12_SP@150": 0.0,
      "Dang_Recall@150": 0.8,
      "Dang_SP_Ratio@150": 0.846001902393749,
      "Dang_Count@150": 8,
      "Dang_Total": 10,
      "Dorm_inK@150": 1,
      "Dorm_SP@150": 0.0
    }
  },
  "per_group_hi": {
    "2025-06/aq1": {
      "VC@300": 0.7760595730327348,
      "Recall@300": 0.48366013071895425,
      "Abs_SP@300": 0.6525600787308785,
      "NB12_Count@300": 5,
      "NB12_SP@300": 0.2531586172988324,
      "Dang_Recall@300": 1.0,
      "Dang_SP_Ratio@300": 1.0,
      "Dang_Count@300": 6,
      "Dang_Total": 6,
      "Dorm_inK@300": 47,
      "Dorm_SP@300": 28998.949999999997
    },
    "2025-06/aq2": {
      "VC@300": 0.6926490503210878,
      "Recall@300": 0.44686648501362397,
      "Abs_SP@300": 0.5523521608445444,
      "NB12_Count@300": 5,
      "NB12_SP@300": 0.16278646651972054,
      "Dang_Recall@300": 0.7272727272727273,
      "Dang_SP_Ratio@300": 0.7094246226667993,
      "Dang_Count@300": 8,
      "Dang_Total": 11,
      "Dorm_inK@300": 43,
      "Dorm_SP@300": 74092.40999999999
    },
    "2025-06/aq3": {
      "VC@300": 0.7025352166862329,
      "Recall@300": 0.48299319727891155,
      "Abs_SP@300": 0.5808206686639434,
      "NB12_Count@300": 7,
      "NB12_SP@300": 0.23178848269491317,
      "Dang_Recall@300": 0.9,
      "Dang_SP_Ratio@300": 0.9040283098353237,
      "Dang_Count@300": 9,
      "Dang_Total": 10,
      "Dorm_inK@300": 46,
      "Dorm_SP@300": 84474.39
    }
  },
  "mean_lo": {
    "VC@150": 0.5374262128162524,
    "Recall@150": 0.2924469212450345,
    "Abs_SP@150": 0.4414683659477187,
    "NB12_Count@150": 0.0,
    "NB12_SP@150": 0.0,
    "Dang_Recall@150": 0.6454545454545454,
    "Dang_SP_Ratio@150": 0.6523282332302266,
    "Dang_Count@150": 6.0,
    "Dang_Total": 9.0,
    "Dorm_inK@150": 2.0,
    "Dorm_SP@150": 0.0
  },
  "mean_hi": {
    "VC@300": 0.7237479466800186,
    "Recall@300": 0.4711732710038299,
    "Abs_SP@300": 0.5952443027464555,
    "NB12_Count@300": 5.666666666666667,
    "NB12_SP@300": 0.215911188837822,
    "Dang_Recall@300": 0.8757575757575758,
    "Dang_SP_Ratio@300": 0.8711509775007077,
    "Dang_Count@300": 7.666666666666667,
    "Dang_Total": 9.0,
    "Dorm_inK@300": 45.333333333333336,
    "Dorm_SP@300": 62521.916666666664
  }
}