{
  "eval_config": {
    "eval_months": [
      "2020-06",
      "2020-07",
      "2020-08",
      "2020-09",
      "2020-10",
      "2020-11",
      "2020-12",
      "2021-01",
      "2021-02",
      "2021-03",
      "2021-04",
      "2021-05",
      "2021-06",
      "2021-07",
      "2021-08",
      "2021-09",
      "2021-10",
      "2021-11",
      "2021-12",
      "2022-01",
      "2022-02",
      "2022-03",
      "2022-04",
      "2022-05",
      "2022-06",
      "2022-07",
      "2022-08",
      "2022-09",
      "2022-10",
      "2022-11",
      "2022-12",
      "2023-01",
      "2023-02",
      "2023-03",
      "2023-04",
      "2023-05"
    ],
    "class_type": "onpeak",
    "period_type": "f0",
    "lag": 1,
    "variant": "v3b"
  },
  "per_month": {
    "2020-06": {
      "VC@20": 0.15807845414020225,
      "VC@100": 0.7206951562067095,
      "Recall@20": 0.2,
      "Recall@100": 0.46,
      "NDCG": 0.49885111261741527,
      "VC@10": 0.13615625613310697,
      "VC@25": 0.2028635418693946,
      "VC@50": 0.4942833547195264,
      "VC@200": 0.9485742891133033,
      "Recall@10": 0.2,
      "Recall@50": 0.44,
      "Spearman": 0.39069453106405677,
      "n_samples": 350
    },
    "2020-07": {
      "VC@20": 0.4248937844572479,
      "VC@100": 0.8803466245304556,
      "Recall@20": 0.35,
      "Recall@100": 0.43,
      "NDCG": 0.4332966308715917,
      "VC@10": 0.39227943127405585,
      "VC@25": 0.456061398962853,
      "VC@50": 0.8227717599319859,
      "VC@200": 0.9702197078239898,
      "Recall@10": 0.3,
      "Recall@50": 0.38,
      "Spearman": 0.3388379306919726,
      "n_samples": 305
    },
    "2020-08": {
      "VC@20": 0.36867497452396236,
      "VC@100": 0.7202516350933732,
      "Recall@20": 0.25,
      "Recall@100": 0.43,
      "NDCG": 0.6083357445772688,
      "VC@10": 0.36433532062126617,
      "VC@25": 0.38468207179615616,
      "VC@50": 0.5825995754270802,
      "VC@200": 0.9948546438979139,
      "Recall@10": 0.3,
      "Recall@50": 0.42,
      "Spearman": 0.37520410668333765,
      "n_samples": 334
    },
    "2020-09": {
      "VC@20": 0.315795479562155,
      "VC@100": 0.6003850617909542,
      "Recall@20": 0.3,
      "Recall@100": 0.42,
      "NDCG": 0.4814313688774346,
      "VC@10": 0.22135034761075406,
      "VC@25": 0.36513419194991587,
      "VC@50": 0.5143237515126963,
      "VC@200": 0.9484215202124874,
      "Recall@10": 0.2,
      "Recall@50": 0.48,
      "Spearman": 0.41706986124670414,
      "n_samples": 466
    },
    "2020-10": {
      "VC@20": 0.7323944877003705,
      "VC@100": 0.9188882470075671,
      "Recall@20": 0.5,
      "Recall@100": 0.37,
      "NDCG": 0.6612228535987832,
      "VC@10": 0.4309591194313737,
      "VC@25": 0.7328671728076066,
      "VC@50": 0.7922609935727913,
      "VC@200": 0.9292138434564495,
      "Recall@10": 0.4,
      "Recall@50": 0.36,
      "Spearman": 0.3022585908931848,
      "n_samples": 419
    },
    "2020-11": {
      "VC@20": 0.18165510937587162,
      "VC@100": 0.6964481297493431,
      "Recall@20": 0.2,
      "Recall@100": 0.38,
      "NDCG": 0.4800842939380781,
      "VC@10": 0.15160511382831315,
      "VC@25": 0.3360394475923379,
      "VC@50": 0.37773716873921753,
      "VC@200": 0.9708574709369912,
      "Recall@10": 0.1,
      "Recall@50": 0.38,
      "Spearman": 0.2814975593176677,
      "n_samples": 379
    },
    "2020-12": {
      "VC@20": 0.22284246070327948,
      "VC@100": 0.685661727031195,
      "Recall@20": 0.3,
      "Recall@100": 0.36,
      "NDCG": 0.34571559075549496,
      "VC@10": 0.07262276397973494,
      "VC@25": 0.47976953088875957,
      "VC@50": 0.5447060337868068,
      "VC@200": 0.7379710420223096,
      "Recall@10": 0.1,
      "Recall@50": 0.42,
      "Spearman": 0.27858519949572197,
      "n_samples": 365
    },
    "2021-01": {
      "VC@20": 0.22894507582705254,
      "VC@100": 0.7910552974463166,
      "Recall@20": 0.3,
      "Recall@100": 0.41,
      "NDCG": 0.4485227071320032,
      "VC@10": 0.22793380533107305,
      "VC@25": 0.27388783306871683,
      "VC@50": 0.7386247622259363,
      "VC@200": 0.9979025898092508,
      "Recall@10": 0.4,
      "Recall@50": 0.36,
      "Spearman": 0.2892252853660802,
      "n_samples": 286
    },
    "2021-02": {
      "VC@20": 0.20822274816089237,
      "VC@100": 0.6594272924780801,
      "Recall@20": 0.3,
      "Recall@100": 0.41,
      "NDCG": 0.39920971604026456,
      "VC@10": 0.09578459101317877,
      "VC@25": 0.32522696564065484,
      "VC@50": 0.6223222282236368,
      "VC@200": 0.9960172081457412,
      "Recall@10": 0.1,
      "Recall@50": 0.44,
      "Spearman": 0.32276952450267976,
      "n_samples": 327
    },
    "2021-03": {
      "VC@20": 0.3585978898311831,
      "VC@100": 0.7869451904414473,
      "Recall@20": 0.35,
      "Recall@100": 0.46,
      "NDCG": 0.420213240424823,
      "VC@10": 0.28721795103633935,
      "VC@25": 0.36054737364046247,
      "VC@50": 0.42940352248835656,
      "VC@200": 0.8039019621816853,
      "Recall@10": 0.2,
      "Recall@50": 0.42,
      "Spearman": 0.33105438073024906,
      "n_samples": 360
    },
    "2021-04": {
      "VC@20": 0.3285692651231713,
      "VC@100": 0.7543948670020901,
      "Recall@20": 0.35,
      "Recall@100": 0.43,
      "NDCG": 0.5070303233777839,
      "VC@10": 0.3165438543459754,
      "VC@25": 0.5070571078799595,
      "VC@50": 0.687347967839724,
      "VC@200": 0.7768608836976472,
      "Recall@10": 0.3,
      "Recall@50": 0.42,
      "Spearman": 0.24765934658878058,
      "n_samples": 368
    },
    "2021-05": {
      "VC@20": 0.2965923301317987,
      "VC@100": 0.7637739389816721,
      "Recall@20": 0.25,
      "Recall@100": 0.48,
      "NDCG": 0.5722629899165862,
      "VC@10": 0.2632801979163962,
      "VC@25": 0.3539126009240446,
      "VC@50": 0.48782136685872923,
      "VC@200": 0.9630631949882105,
      "Recall@10": 0.3,
      "Recall@50": 0.44,
      "Spearman": 0.35141730991972037,
      "n_samples": 379
    },
    "2021-06": {
      "VC@20": 0.3535215943225134,
      "VC@100": 0.7157381272196248,
      "Recall@20": 0.35,
      "Recall@100": 0.38,
      "NDCG": 0.43272066410411897,
      "VC@10": 0.16352727814643964,
      "VC@25": 0.38391160960645454,
      "VC@50": 0.625246501205337,
      "VC@200": 0.7640986559340756,
      "Recall@10": 0.2,
      "Recall@50": 0.48,
      "Spearman": 0.3600314497431751,
      "n_samples": 372
    },
    "2021-07": {
      "VC@20": 0.39976600378584537,
      "VC@100": 0.7154328832354987,
      "Recall@20": 0.25,
      "Recall@100": 0.46,
      "NDCG": 0.6156312324909402,
      "VC@10": 0.1912410193541418,
      "VC@25": 0.517188375411657,
      "VC@50": 0.6708295347991283,
      "VC@200": 0.7805823486426462,
      "Recall@10": 0.2,
      "Recall@50": 0.46,
      "Spearman": 0.3423719902020787,
      "n_samples": 307
    },
    "2021-08": {
      "VC@20": 0.45070438249862743,
      "VC@100": 0.7750160491397827,
      "Recall@20": 0.3,
      "Recall@100": 0.48,
      "NDCG": 0.7381607851322564,
      "VC@10": 0.3847510396209508,
      "VC@25": 0.463894921980249,
      "VC@50": 0.6347596612501935,
      "VC@200": 0.9533839110992919,
      "Recall@10": 0.3,
      "Recall@50": 0.44,
      "Spearman": 0.40491099671825515,
      "n_samples": 340
    },
    "2021-09": {
      "VC@20": 0.5494400643687477,
      "VC@100": 0.7484766038386078,
      "Recall@20": 0.4,
      "Recall@100": 0.4,
      "NDCG": 0.7059909916344648,
      "VC@10": 0.4612520697614053,
      "VC@25": 0.5580032376651834,
      "VC@50": 0.7061520815199425,
      "VC@200": 0.7770628652819203,
      "Recall@10": 0.4,
      "Recall@50": 0.38,
      "Spearman": 0.31517341464213466,
      "n_samples": 415
    },
    "2021-10": {
      "VC@20": 0.3936000413660172,
      "VC@100": 0.47410926631529193,
      "Recall@20": 0.35,
      "Recall@100": 0.42,
      "NDCG": 0.5270283241894369,
      "VC@10": 0.34509040493947346,
      "VC@25": 0.42267713168691484,
      "VC@50": 0.44360203326526304,