{
  "eval_config": {
    "eval_months": [
      "2020-06",
      "2020-07",
      "2020-08",
      "2020-09",
      "2020-10",
      "2020-11",
      "2020-12",
      "2021-01",
      "2021-02",
      "2021-03",
      "2021-04",
      "2021-06",
      "2021-07",
      "2021-08",
      "2021-09",
      "2021-10",
      "2021-11",
      "2021-12",
      "2022-01",
      "2022-02",
      "2022-03",
      "2022-04",
      "2022-06",
      "2022-07",
      "2022-08",
      "2022-09",
      "2022-10",
      "2022-11",
      "2022-12",
      "2023-01",
      "2023-02",
      "2023-03",
      "2023-04"
    ],
    "class_type": "dailyoffpeak",
    "period_type": "f1",
    "lag": 1,
    "variant": "v3b"
  },
  "per_month": {
    "2020-06": {
      "VC@20": 0.7394742005101039,
      "VC@100": 0.8894447714341769,
      "Recall@20": 0.35,
      "Recall@100": 0.49,
      "NDCG": 0.47025372848518016,
      "VC@10": 0.7292328820875025,
      "VC@25": 0.739474200510104,
      "VC@50": 0.8652736904061212,
      "VC@200": 0.9002158132234648,
      "Recall@10": 0.5,
      "Recall@50": 0.44,
      "Spearman": 0.25746881971983987,
      "n_samples": 242
    },
    "2020-07": {
      "VC@20": 0.028986256973631882,
      "VC@100": 0.9365963839232927,
      "Recall@20": 0.5,
      "Recall@100": 0.38,
      "NDCG": 0.22332126619110534,
      "VC@10": 0.02445003708520999,
      "VC@25": 0.030652404089047503,
      "VC@50": 0.9350451203388193,
      "VC@200": 0.9365963839232927,
      "Recall@10": 0.4,
      "Recall@50": 0.38,
      "Spearman": 0.2862151325905714,
      "n_samples": 289
    },
    "2020-08": {
      "VC@20": 0.080427170824888,
      "VC@100": 0.9523230888958671,
      "Recall@20": 0.25,
      "Recall@100": 0.4,
      "NDCG": 0.28834292997463723,
      "VC@10": 0.03498193435798394,
      "VC@25": 0.08234730467571831,
      "VC@50": 0.8199641790155557,
      "VC@200": 0.9531782745605226,
      "Recall@10": 0.1,
      "Recall@50": 0.36,
      "Spearman": 0.30819732422013263,
      "n_samples": 412
    },
    "2020-09": {
      "VC@20": 0.551015455693088,
      "VC@100": 0.9811663598752316,
      "Recall@20": 0.4,
      "Recall@100": 0.37,
      "NDCG": 0.33494884276503273,
      "VC@10": 0.1022127032792721,
      "VC@25": 0.554840695341308,
      "VC@50": 0.5657000129368185,
      "VC@200": 0.9916384184612628,
      "Recall@10": 0.3,
      "Recall@50": 0.34,
      "Spearman": 0.2929224703155076,
      "n_samples": 381
    },
    "2020-10": {
      "VC@20": 0.11256102241011978,
      "VC@100": 0.8490292813045675,
      "Recall@20": 0.3,
      "Recall@100": 0.43,
      "NDCG": 0.27092232083509293,
      "VC@10": 0.058968427460289366,
      "VC@25": 0.11316155791386699,
      "VC@50": 0.7688265989966712,
      "VC@200": 0.9896415502512105,
      "Recall@10": 0.1,
      "Recall@50": 0.36,
      "Spearman": 0.27387168813842916,
      "n_samples": 353
    },
    "2020-11": {
      "VC@20": 0.29272650310323406,
      "VC@100": 0.7488481162666323,
      "Recall@20": 0.2,
      "Recall@100": 0.4,
      "NDCG": 0.46358370498845247,
      "VC@10": 0.29037077292504515,
      "VC@25": 0.2952788277212296,
      "VC@50": 0.5279471692363994,
      "VC@200": 0.8843569202159031,
      "Recall@10": 0.2,
      "Recall@50": 0.38,
      "Spearman": 0.3014753653449636,
      "n_samples": 297
    },
    "2020-12": {
      "VC@20": 0.05548047855715528,
      "VC@100": 0.48868206971078826,
      "Recall@20": 0.35,
      "Recall@100": 0.45,
      "NDCG": 0.2312824887027038,
      "VC@10": 0.024235573183285432,
      "VC@25": 0.09200283435885728,
      "VC@50": 0.4537437059533181,
      "VC@200": 0.9992637537438224,
      "Recall@10": 0.1,
      "Recall@50": 0.38,
      "Spearman": 0.34317151428973647,
      "n_samples": 273
    },
    "2021-01": {
      "VC@20": 0.5145598667462093,
      "VC@100": 0.9868852910890464,
      "Recall@20": 0.35,
      "Recall@100": 0.43,
      "NDCG": 0.32790708145481295,
      "VC@10": 0.019177874515409435,
      "VC@25": 0.5357381232243165,
      "VC@50": 0.7811855807112774,
      "VC@200": 0.9926472180711671,
      "Recall@10": 0.0,
      "Recall@50": 0.42,
      "Spearman": 0.35047005315549595,
      "n_samples": 256
    },
    "2021-02": {
      "VC@20": 0.21883967521095365,
      "VC@100": 0.4523502626970228,
      "Recall@20": 0.25,
      "Recall@100": 0.41,
      "NDCG": 0.2965103494247766,
      "VC@10": 0.11353011728493341,
      "VC@25": 0.27947863928249217,
      "VC@50": 0.3540230324258345,
      "VC@200": 0.9535787295016717,
      "Recall@10": 0.3,
      "Recall@50": 0.44,
      "Spearman": 0.36035031083361607,
      "n_samples": 342
    },
    "2021-03": {
      "VC@20": 0.5256306278992207,
      "VC@100": 0.772980588484977,
      "Recall@20": 0.4,
      "Recall@100": 0.41,
      "NDCG": 0.620257371292582,
      "VC@10": 0.22508754509899034,
      "VC@25": 0.5299965133553649,
      "VC@50": 0.6356854288572901,
      "VC@200": 0.9964517706091016,
      "Recall@10": 0.2,
      "Recall@50": 0.36,
      "Spearman": 0.3211048073733863,
      "n_samples": 309
    },
    "2021-04": {
      "VC@20": 0.13144095359536231,
      "VC@100": 0.5660912195752186,
      "Recall@20": 0.25,
      "Recall@100": 0.37,
      "NDCG": 0.43992368610132887,
      "VC@10": 0.13059976070238902,
      "VC@25": 0.38350180596671174,
      "VC@50": 0.41865215339763284,
      "VC@200": 1.0,
      "Recall@10": 0.2,
      "Recall@50": 0.3,
      "Spearman": 0.20788766606033554,
      "n_samples": 293
    },
    "2021-06": {
      "VC@20": 0.28559232413139746,
      "VC@100": 0.79187688647029,
      "Recall@20": 0.25,
      "Recall@100": 0.51,
      "NDCG": 0.38400143824368455,
      "VC@10": 0.14858225561259333,
      "VC@25": 0.5347165612813677,
      "VC@50": 0.7645795236731366,
      "VC@200": 0.999118729207517,
      "Recall@10": 0.2,
      "Recall@50": 0.36,
      "Spearman": 0.2586448440345972,
      "n_samples": 260
    },
    "2021-07": {
      "VC@20": 0.47469558508522663,
      "VC@100": 0.5180157083367278,
      "Recall@20": 0.25,
      "Recall@100": 0.41,
      "NDCG": 0.22775342544920488,
      "VC@10": 0.020222446916076848,
      "VC@25": 0.4746955850852267,
      "VC@50": 0.47936783289166623,
      "VC@200": 0.5184278245535009,
      "Recall@10": 0.2,
      "Recall@50": 0.3,
      "Spearman": 0.1782355760019632,
      "n_samples": 268
    },
    "2021-08": {
      "VC@20": 0.11278865451396117,
      "VC@100": 0.26865723430183014,
      "Recall@20": 0.25,
      "Recall@100": 0.37,
      "NDCG": 0.18822450777041774,
      "VC@10": 0.025465025579529718,
      "VC@25": 0.11278865451396117,
      "VC@50": 0.2611145346690761,
      "VC@200": 0.9969451684806897,
      "Recall@10": 0.1,
      "Recall@50": 0.34,
      "Spearman": 0.26426548661994953,
      "n_samples": 345
    },
    "2021-09": {
      "VC@20": 0.033334934501962996,
      "VC@100": 0.2444247215223315,
      "Recall@20": 0.3,
      "Recall@100": 0.43,
      "NDCG": 0.16904369379225917,
      "VC@10": 0.021254117191021455,
      "VC@25": 0.033334934501962996,
      "VC@50": 0.22992371920938756,
      "VC@200": 0.25523735742384623,
      "Recall@10": 0.3,
      "Recall@50": 0.28,
      "Spearman": 0.20611021425765463,
      "n_samples": 333
    },
    "2021-10": {
      "VC@20": 0.4425650392166891,
      "VC@100": 0.910556731695413,
      "Recall@20": 0.25,
      "Recall@100": 0.41,
      "NDCG": 0.5371524449295557,
      "VC@10": 0.4384915329433107,
      "VC@25": 0.5728751219078843,
      "VC@50": 0.8598781797142094,
      "VC@200": 0.9765487366971977,
      "Recall@10": 0.2,
      "Recall@50": 0.36,
      "Spearman": 0.27444549652724726,
      "n_samples": 340
    },
    "2021-11": {
      "VC@20": 0.09132725596932155,
      "VC@100": 0.8593049375677726,
      "Recall@20": 0.25,
      "Recall@100": 0.42,
      "NDCG": 0.2989407435723117,
      "VC@10": 0.05966079358064839,
      "VC@25": 0.21308218759616523,
      "VC@50": 0.37321964232235216,
      "VC@200": 0.8874229600218598,
      "Recall@10": 0.1,