{
  "eval_config": {
    "eval_months": [
      "2020-06",
      "2020-07",
      "2020-08",
      "2020-10",
      "2020-11",
      "2021-01",
      "2021-02",
      "2021-04",
      "2021-05",
      "2021-07",
      "2021-08",
      "2021-10",
      "2021-11",
      "2022-01",
      "2022-02",
      "2022-04",
      "2022-05",
      "2022-07",
      "2022-08",
      "2022-10",
      "2022-11",
      "2023-01",
      "2023-02",
      "2023-04"
    ],
    "mode": "extra_24"
  },
  "per_month": {
    "2020-06": {
      "VC@20": 0.2745063312460368,
      "VC@100": 0.49656417611234405,
      "Recall@20": 0.2,
      "Recall@100": 0.25,
      "NDCG": 0.47411505854748187,
      "VC@10": 0.27444757098569716,
      "VC@25": 0.2822613782982808,
      "VC@50": 0.35833740664412034,
      "VC@200": 0.5875570538733883,
      "Recall@10": 0.3,
      "Recall@50": 0.24,
      "Spearman": 0.19051410638763347,
      "Tier0-AP": 1.0,
      "Tier01-AP": 1.0,
      "n_samples": 577
    },
    "2020-07": {
      "VC@20": 0.3170016746744825,
      "VC@100": 0.5577548147988043,
      "Recall@20": 0.25,
      "Recall@100": 0.22,
      "NDCG": 0.4981213976473799,
      "VC@10": 0.2155972116354823,
      "VC@25": 0.3278665211778089,
      "VC@50": 0.5036541433896856,
      "VC@200": 0.7345430783431339,
      "Recall@10": 0.3,
      "Recall@50": 0.28,
      "Spearman": 0.20000330792149795,
      "Tier0-AP": 1.0,
      "Tier01-AP": 1.0,
      "n_samples": 497
    },
    "2020-08": {
      "VC@20": 0.25872939324927824,
      "VC@100": 0.5403404368874785,
      "Recall@20": 0.25,
      "Recall@100": 0.24,
      "NDCG": 0.5153796339384139,
      "VC@10": 0.20441350253626794,
      "VC@25": 0.2747864584827565,
      "VC@50": 0.46973805786397915,
      "VC@200": 0.6903835846376705,
      "Recall@10": 0.3,
      "Recall@50": 0.22,
      "Spearman": 0.17115983062671145,
      "Tier0-AP": 1.0,
      "Tier01-AP": 1.0,
      "n_samples": 507
    },
    "2020-10": {
      "VC@20": 0.4800195324116451,
      "VC@100": 0.6597607269652493,
      "Recall@20": 0.35,
      "Recall@100": 0.24,
      "NDCG": 0.4644145249129952,
      "VC@10": 0.4406613955545013,
      "VC@25": 0.4958313807618345,
      "VC@50": 0.626634598113537,
      "VC@200": 0.7936279872235726,
      "Recall@10": 0.5,
      "Recall@50": 0.3,
      "Spearman": 0.22896938973761904,
      "Tier0-AP": 1.0,
      "Tier01-AP": 1.0,
      "n_samples": 763
    },
    "2020-11": {
      "VC@20": 0.7237864879756222,
      "VC@100": 0.8189128201809212,
      "Recall@20": 0.3,
      "Recall@100": 0.22,
      "NDCG": 0.5832942897890745,
      "VC@10": 0.3905015698972339,
      "VC@25": 0.7348092538964547,
      "VC@50": 0.7545672854889891,
      "VC@200": 0.865328030407423,
      "Recall@10": 0.2,
      "Recall@50": 0.24,
      "Spearman": 0.18924631645431403,
      "Tier0-AP": 1.0,
      "Tier01-AP": 1.0,
      "n_samples": 508
    },
    "2021-01": {
      "VC@20": 0.3184726407249109,
      "VC@100": 0.6183869589944773,
      "Recall@20": 0.25,
      "Recall@100": 0.26,
      "NDCG": 0.4761162502703448,
      "VC@10": 0.30679985346433614,
      "VC@25": 0.3184726407249108,
      "VC@50": 0.48218704326312,
      "VC@200": 0.9951420175821524,
      "Recall@10": 0.3,
      "Recall@50": 0.26,
      "Spearman": 0.3029309300160366,
      "Tier0-AP": 1.0,
      "Tier01-AP": 1.0,
      "n_samples": 407
    },
    "2021-02": {
      "VC@20": 0.3906181910769465,
      "VC@100": 0.7510078145193269,
      "Recall@20": 0.15,
      "Recall@100": 0.16,
      "NDCG": 0.41104702083156636,
      "VC@10": 0.3436014117991992,
      "VC@25": 0.39703999725485734,
      "VC@50": 0.7129623722579791,
      "VC@200": 0.9502254488927349,
      "Recall@10": 0.1,
      "Recall@50": 0.18,
      "Spearman": 0.20715239447387307,
      "Tier0-AP": 1.0,
      "Tier01-AP": 1.0,
      "n_samples": 650
    },
    "2021-04": {
      "VC@20": 0.23076950326406617,
      "VC@100": 0.40449829551843386,
      "Recall@20": 0.15,
      "Recall@100": 0.2,
      "NDCG": 0.5128542945961795,
      "VC@10": 0.1504164986867858,
      "VC@25": 0.2874491146660377,
      "VC@50": 0.35869178183001615,
      "VC@200": 0.6457968805564772,
      "Recall@10": 0.1,
      "Recall@50": 0.24,
      "Spearman": 0.14306088047716145,
      "Tier0-AP": 1.0,
      "Tier01-AP": 1.0,
      "n_samples": 661
    },
    "2021-05": {
      "VC@20": 0.16720094257373622,
      "VC@100": 0.4579132421945682,
      "Recall@20": 0.15,
      "Recall@100": 0.29,
      "NDCG": 0.4540786184502976,
      "VC@10": 0.11152150657580889,
      "VC@25": 0.1678287981567995,
      "VC@50": 0.24906544554292576,
      "VC@200": 0.6836975893841193,
      "Recall@10": 0.1,
      "Recall@50": 0.22,
      "Spearman": 0.1813326003020019,
      "Tier0-AP": 1.0,
      "Tier01-AP": 1.0,
      "n_samples": 681
    },
    "2021-07": {
      "VC@20": 0.48633471884637536,
      "VC@100": 0.7639413898566011,
      "Recall@20": 0.35,
      "Recall@100": 0.22,
      "NDCG": 0.45603784367875394,
      "VC@10": 0.08355897652567221,
      "VC@25": 0.5292211303877412,
      "VC@50": 0.5862123485001522,
      "VC@200": 0.8992619830110604,
      "Recall@10": 0.1,
      "Recall@50": 0.26,
      "Spearman": 0.24441083385014326,
      "Tier0-AP": 1.0,
      "Tier01-AP": 1.0,
      "n_samples": 513
    },
    "2021-08": {
      "VC@20": 0.5404108495625708,
      "VC@100": 0.7637611902679634,
      "Recall@20": 0.4,
      "Recall@100": 0.28,
      "NDCG": 0.48787734272577044,
      "VC@10": 0.3478721164404843,
      "VC@25": 0.5481050104124792,
      "VC@50": 0.7134401561194031,
      "VC@200": 0.955910959815605,
      "Recall@10": 0.3,
      "Recall@50": 0.3,
      "Spearman": 0.3011146535841683,
      "Tier0-AP": 1.0,
      "Tier01-AP": 1.0,
      "n_samples": 552
    },
    "2021-10": {
      "VC@20": 0.32745682492162975,
      "VC@100": 0.5913373114718993,
      "Recall@20": 0.25,
      "Recall@100": 0.25,
      "NDCG": 0.508017525836331,
      "VC@10": 0.17732424843784023,
      "VC@25": 0.32868466764721416,
      "VC@50": 0.4259248701908016,
      "VC@200": 0.7167951796420399,
      "Recall@10": 0.3,
      "Recall@50": 0.22,
      "Spearman": 0.20350895685915926,
      "Tier0-AP": 1.0,
      "Tier01-AP": 1.0,
      "n_samples": 804
    },
    "2021-11": {
      "VC@20": 0.4668367220185919,
      "VC@100": 0.8260440080243281,
      "Recall@20": 0.1,
      "Recall@100": 0.17,
      "NDCG": 0.4569370500850117,
      "VC@10": 0.2684056709187959,
      "VC@25": 0.4762873542446076,
      "VC@50": 0.7216849072817044,
      "VC@200": 0.9017038636278782,
      "Recall@10": 0.1,
      "Recall@50": 0.16,
      "Spearman": 0.13595912296026727,
      "Tier0-AP": 1.0,
      "Tier01-AP": 1.0,
      "n_samples": 594
    },
    "2022-01": {
      "VC@20": 0.5452973852044687,
      "VC@100": 0.6609850175674938,
      "Recall@20": 0.2,
      "Recall@100": 0.2,
      "NDCG": 0.505013740404705,
      "VC@10": 0.28353879108942737,
      "VC@25": 0.5452973852044687,
      "VC@50": 0.5849355737197575,
      "VC@200": 0.7671637994332284,
      "Recall@10": 0.2,
      "Recall@50": 0.22,
      "Spearman": 0.16551426356311183,
      "Tier0-AP": 1.0,
      "Tier01-AP": 1.0,
      "n_samples": 414
    },
    "2022-02": {
      "VC@20": 0.6126890342189009,
      "VC@100": 0.7380702091824936,
      "Recall@20": 0.25,
      "Recall@100": 0.24,
      "NDCG": 0.528265829313773,
      "VC@10": 0.510982276845458,
      "VC@25": 0.6205663904691411,
      "VC@50": 0.6291052289816383,
      "VC@200": 0.8748088990916386,
      "Recall@10": 0.3,
      "Recall@50": 0.22,
      "Spearman": 0.20106193768263647,
      "Tier0-AP": 1.0,
      "Tier01-AP": 1.0,
      "n_samples": 411
    },
    "2022-04": {
      "VC@20": 0.31067176554207715,
      "VC@100": 0.4507125115614957,
      "Recall@20": 0.3,
      "Recall@100": 0.19,
      "NDCG": 0.4086929287583939,
      "VC@10": 0.27583018578281165,
      "VC@25": 0.31067176554207715,
      "VC@50": 0.399707475630397,