{
  "importance_type": "gain",
  "model": "ltr_ranker",
  "n_months": 24,
  "per_month": {
    "2020-06": {
      "v62b_formula_score": 408.5546375736594,
      "da_rank_value": 138.88573121943045,
      "constraint_limit": 54.59215510534054,
      "prob_exceed_80": 24.065814486704767,
      "prob_exceed_110": 19.34882349934196,
      "density_ori_rank_value": 6.362514972686768,
      "prob_exceed_100": 4.062957526039099,
      "prob_exceed_85": 0.8978234389796853,
      "prob_exceed_90": 0.359434568323195,
      "ori_mean": 0.33965782448649406,
      "density_mix_rank_value": 0.026972299441695213,
      "mean_branch_max": 0.008739570155739784,
      "mix_mean": 0.0
    },
    "2020-07": {
      "v62b_formula_score": 426.0254622741195,
      "da_rank_value": 92.13140040218241,
      "constraint_limit": 64.3169244690489,
      "prob_exceed_110": 25.49857455561869,
      "prob_exceed_80": 17.1815140908584,
      "prob_exceed_90": 5.536664057435701,
      "prob_exceed_85": 2.840704877860844,
      "prob_exceed_100": 2.25305257391301,
      "density_ori_rank_value": 0.698117614723742,
      "ori_mean": 0.01908287388505414,
      "mean_branch_max": 0.0,
      "mix_mean": 0.0,
      "density_mix_rank_value": 0.0
    },
    "2020-08": {
      "v62b_formula_score": 453.91622703183384,
      "da_rank_value": 75.3578596693551,
      "constraint_limit": 57.63001028488361,
      "prob_exceed_110": 36.83578853926156,
      "prob_exceed_80": 4.436832727832098,
      "prob_exceed_85": 0.6591987889628399,
      "ori_mean": 0.4213128946721554,
      "prob_exceed_90": 0.3433648895297665,
      "prob_exceed_100": 0.2575493061449379,
      "density_ori_rank_value": 0.16292534187959973,
      "mean_branch_max": 0.0,
      "mix_mean": 0.0,
      "density_mix_rank_value": 0.0
    },
    "2020-10": {
      "v62b_formula_score": 495.09989166166633,
      "constraint_limit": 54.62259609459744,
      "da_rank_value": 54.267931521870196,
      "prob_exceed_110": 41.569689440133516,
      "prob_exceed_100": 4.591927865869366,
      "prob_exceed_85": 1.3498871655574476,
      "ori_mean": 1.166002950631082,
      "density_ori_rank_value": 0.7728091614553705,
      "prob_exceed_80": 0.6398303606692934,
      "prob_exceed_90": 0.29424077458679676,
      "mean_branch_max": 0.0,
      "mix_mean": 0.0,
      "density_mix_rank_value": 0.0
    },
    "2020-11": {
      "v62b_formula_score": 539.5701562010595,
      "da_rank_value": 58.01567889522039,
      "prob_exceed_110": 46.30609309807187,
      "constraint_limit": 42.31228151402318,
      "prob_exceed_100": 18.090397679712623,
      "prob_exceed_80": 1.8254323162000219,
      "density_ori_rank_value": 1.003551296889782,
      "mix_mean": 0.5214550048112869,
      "prob_exceed_85": 0.39794930815696716,
      "ori_mean": 0.36757549829781055,
      "prob_exceed_90": 0.2489130049943924,
      "mean_branch_max": 0.0,
      "density_mix_rank_value": 0.0
    },
    "2021-01": {
      "v62b_formula_score": 524.5753478594124,
      "da_rank_value": 82.87992638529977,
      "constraint_limit": 56.90857406955911,
      "prob_exceed_110": 33.71065357272937,
      "prob_exceed_100": 23.94071064190939,
      "prob_exceed_90": 2.858781070681289,
      "prob_exceed_85": 1.5464306386493263,
      "density_ori_rank_value": 1.4630749803036451,
      "prob_exceed_80": 1.1678642702754587,
      "ori_mean": 0.46344101428985596,
      "mean_branch_max": 0.0,
      "mix_mean": 0.0,
      "density_mix_rank_value": 0.0
    },
    "2021-02": {
      "v62b_formula_score": 482.8726779283236,
      "da_rank_value": 106.06695684790611,
      "prob_exceed_110": 39.4999205041604,
      "prob_exceed_100": 32.77047719992697,
      "constraint_limit": 31.926326092573163,
      "prob_exceed_90": 8.722683265805244,
      "prob_exceed_85": 5.202785921748728,
      "ori_mean": 1.3539220094680786,
      "prob_exceed_80": 0.2378068445250392,
      "mean_branch_max": 0.0,
      "mix_mean": 0.0,
      "density_mix_rank_value": 0.0,
      "density_ori_rank_value": 0.0
    },
    "2021-04": {
      "v62b_formula_score": 457.88151673783386,
      "da_rank_value": 103.35253059875686,
      "constraint_limit": 59.100133974454366,
      "prob_exceed_100": 35.08396616116079,
      "prob_exceed_110": 19.75374354048472,
      "prob_exceed_90": 10.968546110787429,
      "prob_exceed_85": 8.130164538015379,
      "prob_exceed_80": 5.413009624113329,
      "density_ori_rank_value": 0.7977803987450898,
      "ori_mean": 0.7167217023670673,
      "mean_branch_max": 0.0,
      "mix_mean": 0.0,
      "density_mix_rank_value": 0.0
    },
    "2021-05": {
      "v62b_formula_score": 452.4878660236136,
      "da_rank_value": 110.12603121564172,
      "constraint_limit": 49.433742761473695,
      "prob_exceed_110": 30.98807312414442,
      "prob_exceed_100": 21.93041695142165,
      "prob_exceed_90": 12.34612877923064,
      "prob_exceed_80": 11.055793981999159,
      "prob_exceed_85": 3.2945997960632667,
      "ori_mean": 2.4110841769725084,
      "density_ori_rank_value": 0.017842020140960813,
      "mean_branch_max": 0.0,
      "mix_mean": 0.0,
      "density_mix_rank_value": 0.0
    },
    "2021-07": {
      "v62b_formula_score": 390.8659579936739,
      "da_rank_value": 117.78144701727433,
      "prob_exceed_110": 49.33746849140152,
      "constraint_limit": 37.50357890871237,
      "prob_exceed_90": 13.554149371571839,
      "density_ori_rank_value": 3.5628532371483743,
      "prob_exceed_80": 1.5094121425863705,
      "ori_mean": 1.1822167374193668,
      "prob_exceed_85": 0.899454286252876,
      "prob_exceed_100": 0.7787857446201087,
      "mean_branch_max": 0.0,
      "mix_mean": 0.0,
      "density_mix_rank_value": 0.0
    },
    "2021-08": {
      "v62b_formula_score": 415.84782983005425,
      "da_rank_value": 96.94172818064362,
      "prob_exceed_110": 45.80656789953355,
      "constraint_limit": 35.28793119594411,
      "prob_exceed_100": 12.304623145377263,
      "prob_exceed_90": 7.213437867525499,
      "prob_exceed_85": 2.7132143285125494,
      "density_ori_rank_value": 1.7642585784196854,
      "ori_mean": 1.1396386527922004,
      "prob_exceed_80": 0.6630119532346725,
      "mean_branch_max": 0.0,
      "mix_mean": 0.0,
      "density_mix_rank_value": 0.0
    },
    "2021-10": {
      "v62b_formula_score": 477.2550153007105,
      "da_rank_value": 84.0241287832323,
      "prob_exceed_110": 40.48250421112789,
      "constraint_limit": 29.13325148783042,
      "prob_exceed_100": 15.327347775921226,
      "prob_exceed_90": 2.014207416214049,
      "ori_mean": 0.8209301047027111,
      "prob_exceed_85": 0.5220237063476816,
      "density_ori_rank_value": 0.4224164914339781,
      "prob_exceed_80": 0.246650347718969,
      "mean_branch_max": 0.0,
      "mix_mean": 0.0,
      "density_mix_rank_value": 0.0
    },
    "2021-11": {
      "v62b_formula_score": 456.1212615658296,
      "da_rank_value": 130.58094253911622,
      "prob_exceed_110": 42.48869228296098,
      "constraint_limit": 25.75988014397626,
      "prob_exceed_100": 16.43929368199315,
      "ori_mean": 0.8517722757533193,
      "prob_exceed_80": 0.32759454840561375,
      "density_ori_rank_value": 0.32268214965006337,
      "prob_exceed_85": 0.18784835748374462,
      "prob_exceed_90": 0.1331462999805808,
      "mean_branch_max": 0.0,
      "mix_mean": 0.0,
      "density_mix_rank_value": 0.0
    },
    "2022-01": {
      "v62b_formula_score": 301.8881322098023,
      "da_rank_value": 257.6985497443966,
      "prob_exceed_110": 48.67859545099782,
      "constraint_limit": 37.97977623959014,
      "density_ori_rank_value": 5.856788031756878,
      "prob_exceed_90": 2.0678286743350327,
      "prob_exceed_100": 0.92027069022879,
      "prob_exceed_80": 0.4988675069207602,
      "prob_exceed_85": 0.46331241622101516,
      "mix_mean": 0.04145929939113557,
      "ori_mean": 0.003531389986164868,
      "mean_branch_max": 0.0,
      "density_mix_rank_value": 0.0
    },