{
  "eval_config": {
    "eval_months": [
      "2020-06",
      "2020-07",
      "2020-08",
      "2020-10",
      "2020-11",
      "2021-01",
      "2021-02",
      "2021-04",
      "2021-05",
      "2021-07",
      "2021-08",
      "2021-10",
      "2021-11",
      "2022-01",
      "2022-02",
      "2022-04",
      "2022-05",
      "2022-07",
      "2022-08",
      "2022-10",
      "2022-11",
      "2023-01",
      "2023-02",
      "2023-04"
    ],
    "class_type": "onpeak",
    "period_type": "f0",
    "train_months": 8,
    "val_months": 0,
    "mode": "extra_24"
  },
  "per_month": {
    "2020-06": {
      "VC@20": 0.27814107306418656,
      "VC@100": 0.5259355679296133,
      "Recall@20": 0.2,
      "Recall@100": 0.28,
      "NDCG": 0.5466455853079286,
      "VC@10": 0.17672265267209183,
      "VC@25": 0.27815270126558866,
      "VC@50": 0.336656315503241,
      "VC@200": 0.6318074518468612,
      "Recall@10": 0.2,
      "Recall@50": 0.22,
      "Spearman": 0.16799108884648567,
      "Tier0-AP": 1.0,
      "Tier01-AP": 1.0,
      "n_samples": 577
    },
    "2020-07": {
      "VC@20": 0.39418393376465816,
      "VC@100": 0.5341554394937805,
      "Recall@20": 0.3,
      "Recall@100": 0.25,
      "NDCG": 0.5446058392331501,
      "VC@10": 0.3170016746744825,
      "VC@25": 0.39418393376465816,
      "VC@50": 0.5042664440041636,
      "VC@200": 0.6442472016378423,
      "Recall@10": 0.4,
      "Recall@50": 0.3,
      "Spearman": 0.16512030928255983,
      "Tier0-AP": 1.0,
      "Tier01-AP": 1.0,
      "n_samples": 497
    },
    "2020-08": {
      "VC@20": 0.2855979412944689,
      "VC@100": 0.5410433695227972,
      "Recall@20": 0.25,
      "Recall@100": 0.25,
      "NDCG": 0.5884105580409288,
      "VC@10": 0.24359493848428665,
      "VC@25": 0.29972635901751543,
      "VC@50": 0.4726368580605234,
      "VC@200": 0.6765990738375267,
      "Recall@10": 0.4,
      "Recall@50": 0.24,
      "Spearman": 0.1476738427773833,
      "Tier0-AP": 1.0,
      "Tier01-AP": 1.0,
      "n_samples": 507
    },
    "2020-10": {
      "VC@20": 0.49206999266294443,
      "VC@100": 0.6737384850366676,
      "Recall@20": 0.35,
      "Recall@100": 0.24,
      "NDCG": 0.8078292393336051,
      "VC@10": 0.43263200487040415,
      "VC@25": 0.5314295184563085,
      "VC@50": 0.6084373014100233,
      "VC@200": 0.8408410544545838,
      "Recall@10": 0.4,
      "Recall@50": 0.28,
      "Spearman": 0.2146955674174569,
      "Tier0-AP": 1.0,
      "Tier01-AP": 1.0,
      "n_samples": 763
    },
    "2020-11": {
      "VC@20": 0.6098866450832138,
      "VC@100": 0.8186837272667072,
      "Recall@20": 0.3,
      "Recall@100": 0.21,
      "NDCG": 0.8448624123108033,
      "VC@10": 0.5591067755140178,
      "VC@25": 0.744785457378967,
      "VC@50": 0.7545672854889889,
      "VC@200": 0.9507635608968183,
      "Recall@10": 0.3,
      "Recall@50": 0.24,
      "Spearman": 0.19459438060727927,
      "Tier0-AP": 1.0,
      "Tier01-AP": 1.0,
      "n_samples": 508
    },
    "2021-01": {
      "VC@20": 0.3325947038388727,
      "VC@100": 0.8321796663381112,
      "Recall@20": 0.3,
      "Recall@100": 0.28,
      "NDCG": 0.5117486506701019,
      "VC@10": 0.1823888108989471,
      "VC@25": 0.3325947038388727,
      "VC@50": 0.4820414040742202,
      "VC@200": 0.9869832600781636,
      "Recall@10": 0.2,
      "Recall@50": 0.24,
      "Spearman": 0.2779631249805984,
      "Tier0-AP": 0.9999999999999999,
      "Tier01-AP": 0.9999999999999999,
      "n_samples": 407
    },
    "2021-02": {
      "VC@20": 0.48922809718373134,
      "VC@100": 0.785597910118104,
      "Recall@20": 0.3,
      "Recall@100": 0.16,
      "NDCG": 0.4523233038149397,
      "VC@10": 0.3906181910769465,
      "VC@25": 0.48922809718373134,
      "VC@50": 0.7129623722579791,
      "VC@200": 0.9473084912822435,
      "Recall@10": 0.2,
      "Recall@50": 0.18,
      "Spearman": 0.1838133897962111,
      "Tier0-AP": 0.9999999999999999,
      "Tier01-AP": 0.9999999999999999,
      "n_samples": 650
    },
    "2021-04": {
      "VC@20": 0.29597500779335223,
      "VC@100": 0.5142147546213892,
      "Recall@20": 0.25,
      "Recall@100": 0.24,
      "NDCG": 0.5329990626629111,
      "VC@10": 0.15947312824703963,
      "VC@25": 0.3043009248720838,
      "VC@50": 0.35869178183001615,
      "VC@200": 0.679782752877141,
      "Recall@10": 0.1,
      "Recall@50": 0.24,
      "Spearman": 0.15616204175084614,
      "Tier0-AP": 1.0,
      "Tier01-AP": 1.0,
      "n_samples": 661
    },
    "2021-05": {
      "VC@20": 0.12623611276751492,
      "VC@100": 0.4648237018020758,
      "Recall@20": 0.1,
      "Recall@100": 0.34,
      "NDCG": 0.49179210029714976,
      "VC@10": 0.10981805232271223,
      "VC@25": 0.18552634487424122,
      "VC@50": 0.25127614490631833,
      "VC@200": 0.6271903298802453,
      "Recall@10": 0.1,
      "Recall@50": 0.2,
      "Spearman": 0.19040643316319764,
      "Tier0-AP": 1.0,
      "Tier01-AP": 1.0,
      "n_samples": 681
    },
    "2021-07": {
      "VC@20": 0.42723825797026976,
      "VC@100": 0.6266433544743384,
      "Recall@20": 0.35,
      "Recall@100": 0.26,
      "NDCG": 0.5032912043261255,
      "VC@10": 0.11973266047565793,
      "VC@25": 0.4977129658620595,
      "VC@50": 0.6061071947880133,
      "VC@200": 0.8953021216222066,
      "Recall@10": 0.1,
      "Recall@50": 0.28,
      "Spearman": 0.2501266979278263,
      "Tier0-AP": 1.0,
      "Tier01-AP": 1.0,
      "n_samples": 513
    },
    "2021-08": {
      "VC@20": 0.5209386005417754,
      "VC@100": 0.8007813094408414,
      "Recall@20": 0.35,
      "Recall@100": 0.32,
      "NDCG": 0.6214980882393671,
      "VC@10": 0.4912546656953703,
      "VC@25": 0.5641666087965045,
      "VC@50": 0.608310948416797,
      "VC@200": 0.9558526861761508,
      "Recall@10": 0.5,
      "Recall@50": 0.3,
      "Spearman": 0.29905974828076237,
      "Tier0-AP": 1.0,
      "Tier01-AP": 1.0,
      "n_samples": 552
    },
    "2021-10": {
      "VC@20": 0.352622807785441,
      "VC@100": 0.6362265151520632,
      "Recall@20": 0.3,
      "Recall@100": 0.29,
      "NDCG": 0.6586578102761673,
      "VC@10": 0.32745682492162975,
      "VC@25": 0.3730522108982572,
      "VC@50": 0.4196744587153574,
      "VC@200": 0.7202484986120163,
      "Recall@10": 0.5,
      "Recall@50": 0.22,
      "Spearman": 0.221661920396382,
      "Tier0-AP": 1.0,
      "Tier01-AP": 1.0,
      "n_samples": 804
    },
    "2021-11": {
      "VC@20": 0.4762873542446076,
      "VC@100": 0.8311516665273063,
      "Recall@20": 0.15,
      "Recall@100": 0.18,
      "NDCG": 0.6902760289052692,
      "VC@10": 0.2778563031448115,
      "VC@25": 0.4762873542446076,
      "VC@50": 0.672531391257821,
      "VC@200": 0.8849737488747644,
      "Recall@10": 0.1,
      "Recall@50": 0.18,
      "Spearman": 0.10334647590328803,
      "Tier0-AP": 1.0,
      "Tier01-AP": 1.0,
      "n_samples": 594
    },
    "2022-01": {
      "VC@20": 0.36071721493024583,
      "VC@100": 0.6427302130551662,
      "Recall@20": 0.15,
      "Recall@100": 0.23,
      "NDCG": 0.6091647684165438,
      "VC@10": 0.34980228529124413,
      "VC@25": 0.5445091963857688,
      "VC@50": 0.58736708476695,
      "VC@200": 0.7670697177671382,
      "Recall@10": 0.3,
      "Recall@50": 0.24,
      "Spearman": 0.1533666088605876,
      "Tier0-AP": 1.0,
      "Tier01-AP": 1.0,
      "n_samples": 414
    },
    "2022-02": {
      "VC@20": 0.6206200228900906,
      "VC@100": 0.7498852521134526,
      "Recall@20": 0.25,
      "Recall@100": 0.3,
      "NDCG": 0.704719478287584,
      "VC@10": 0.6043206297201605,
      "VC@25": 0.6215311130832986,
      "VC@50": 0.645104072863043,
      "VC@200": 0.8748088990916386,
      "Recall@10": 0.4,
      "Recall@50": 0.24,
      "Spearman": 0.1955699594609159,
      "Tier0-AP": 0.9999999999999999,
      "Tier01-AP": 0.9999999999999999,
      "n_samples": 411
    },
    "2022-04": {
      "VC@20": 0.3112021858375677,
      "VC@100": 0.46606306641753437,
      "Recall@20": 0.3,