{
  "per_month": {
    "2022-06/aq1": {
      "VC@20": 0.3333829318031446,
      "VC@100": 0.5657243659267644,
      "Recall@20": 0.4,
      "Recall@100": 0.55,
      "NDCG": 0.605815544112642,
      "VC@10": 0.12969282662445852,
      "VC@25": 0.41292958371805827,
      "VC@50": 0.4467423643546995,
      "VC@200": 0.8696387880105654,
      "Recall@10": 0.1,
      "Recall@50": 0.4,
      "Spearman": 0.42532196430916935,
      "Tier0-AP": 0.45336578517591963,
      "Tier01-AP": 0.6595649624132867,
      "n_samples": 325
    },
    "2022-06/aq2": {
      "VC@20": 0.4555555972841971,
      "VC@100": 0.8021135075487468,
      "Recall@20": 0.65,
      "Recall@100": 0.64,
      "NDCG": 0.741509659833215,
      "VC@10": 0.3241339933850611,
      "VC@25": 0.5101611305823589,
      "VC@50": 0.6834122883657295,
      "VC@200": 0.9319264183321432,
      "Recall@10": 0.6,
      "Recall@50": 0.56,
      "Spearman": 0.5057944986719944,
      "Tier0-AP": 0.553677586908677,
      "Tier01-AP": 0.6706088457565516,
      "n_samples": 302
    },
    "2022-06/aq3": {
      "VC@20": 0.5890686685525836,
      "VC@100": 0.8613986204613265,
      "Recall@20": 0.25,
      "Recall@100": 0.47,
      "NDCG": 0.8967604178255161,
      "VC@10": 0.5836455284595138,
      "VC@25": 0.5890686685525836,
      "VC@50": 0.7335024611965681,
      "VC@200": 0.9673976038231368,
      "Recall@10": 0.4,
      "Recall@50": 0.36,
      "Spearman": 0.32304043649025177,
      "Tier0-AP": 0.41134820272184036,
      "Tier01-AP": 0.45720950665935156,
      "n_samples": 262
    },
    "2022-06/aq4": {
      "VC@20": 0.3842837493445074,
      "VC@100": 0.834131104210575,
      "Recall@20": 0.6,
      "Recall@100": 0.54,
      "NDCG": 0.7076749543326858,
      "VC@10": 0.1677251213829524,
      "VC@25": 0.44127387700481924,
      "VC@50": 0.5183178136547892,
      "VC@200": 0.94535955173061,
      "Recall@10": 0.2,
      "Recall@50": 0.52,
      "Spearman": 0.4624806589427885,
      "Tier0-AP": 0.5465055668713628,
      "Tier01-AP": 0.6632906547911132,
      "n_samples": 380
    },
    "2023-06/aq1": {
      "VC@20": 0.29654358195792396,
      "VC@100": 0.7820320518561705,
      "Recall@20": 0.4,
      "Recall@100": 0.6,
      "NDCG": 0.5571766995398426,
      "VC@10": 0.14600850513200547,
      "VC@25": 0.3151579615154468,
      "VC@50": 0.608793103879164,
      "VC@200": 0.9766847281624672,
      "Recall@10": 0.2,
      "Recall@50": 0.5,
      "Spearman": 0.4883919835225471,
      "Tier0-AP": 0.4878451304543927,
      "Tier01-AP": 0.6404723777644278,
      "n_samples": 276
    },
    "2023-06/aq2": {
      "VC@20": 0.31920942101032596,
      "VC@100": 0.8863398281062888,
      "Recall@20": 0.4,
      "Recall@100": 0.57,
      "NDCG": 0.5322226270094114,
      "VC@10": 0.18323721122684805,
      "VC@25": 0.34596914238571264,
      "VC@50": 0.7380979179380016,
      "VC@200": 0.9415545958516113,
      "Recall@10": 0.1,
      "Recall@50": 0.6,
      "Spearman": 0.5107890021541246,
      "Tier0-AP": 0.554828061027109,
      "Tier01-AP": 0.7052749796631543,
      "n_samples": 410
    },
    "2023-06/aq3": {
      "VC@20": 0.172331440261658,
      "VC@100": 0.5058754255608685,
      "Recall@20": 0.1,
      "Recall@100": 0.59,
      "NDCG": 0.5924135246829099,
      "VC@10": 0.11228962553886948,
      "VC@25": 0.2110169999547604,
      "VC@50": 0.40916723020401363,
      "VC@200": 0.6858896091989427,
      "Recall@10": 0.1,
      "Recall@50": 0.5,
      "Spearman": 0.4943664790511519,
      "Tier0-AP": 0.6550992915674688,
      "Tier01-AP": 0.7124149263162318,
      "n_samples": 504
    },
    "2023-06/aq4": {
      "VC@20": 0.23140623577087444,
      "VC@100": 0.661327552168675,
      "Recall@20": 0.35,
      "Recall@100": 0.51,
      "NDCG": 0.7180514252816416,
      "VC@10": 0.17807609339992211,
      "VC@25": 0.26412979262511715,
      "VC@50": 0.4055561946261206,
      "VC@200": 0.8743062933535424,
      "Recall@10": 0.3,
      "Recall@50": 0.52,
      "Spearman": 0.4983318439683814,
      "Tier0-AP": 0.5317851710897203,
      "Tier01-AP": 0.6754753771323405,
      "n_samples": 459
    },
    "2024-06/aq1": {
      "VC@20": 0.23162580353583198,
      "VC@100": 0.7152783408623837,
      "Recall@20": 0.3,
      "Recall@100": 0.61,
      "NDCG": 0.8095106804401208,
      "VC@10": 0.18507551938336053,
      "VC@25": 0.28704407084473843,
      "VC@50": 0.5044284765289946,
      "VC@200": 0.9136768800050423,
      "Recall@10": 0.3,
      "Recall@50": 0.54,
      "Spearman": 0.587467949407603,
      "Tier0-AP": 0.6273775320340748,
      "Tier01-AP": 0.7291977888889384,
      "n_samples": 425
    },
    "2024-06/aq2": {
      "VC@20": 0.3716063948557324,
      "VC@100": 0.6684280220814565,
      "Recall@20": 0.4,
      "Recall@100": 0.55,
      "NDCG": 0.7134484395674271,
      "VC@10": 0.23616543279349125,
      "VC@25": 0.38187042795105036,
      "VC@50": 0.4986994508710781,
      "VC@200": 0.821038634083901,
      "Recall@10": 0.4,
      "Recall@50": 0.4,
      "Spearman": 0.5186413781539947,
      "Tier0-AP": 0.5334429188398537,
      "Tier01-AP": 0.7095579583278699,
      "n_samples": 483
    },
    "2024-06/aq3": {
      "VC@20": 0.3191647216659275,
      "VC@100": 0.7906647831955897,
      "Recall@20": 0.25,
      "Recall@100": 0.62,
      "NDCG": 0.5741334074719319,
      "VC@10": 0.22521121756920187,
      "VC@25": 0.33804522952145744,
      "VC@50": 0.46208293538260375,
      "VC@200": 0.9344455125235179,
      "Recall@10": 0.2,
      "Recall@50": 0.44,
      "Spearman": 0.5071724396680103,
      "Tier0-AP": 0.5595174255148246,
      "Tier01-AP": 0.6635414669315265,
      "n_samples": 315
    },
    "2024-06/aq4": {
      "VC@20": 0.274632769613011,
      "VC@100": 0.5265655822854363,
      "Recall@20": 0.2,
      "Recall@100": 0.47,
      "NDCG": 0.695458887829969,
      "VC@10": 0.19700779607107502,
      "VC@25": 0.2963995636802775,
      "VC@50": 0.4024075138495065,
      "VC@200": 0.8340482782983604,
      "Recall@10": 0.2,
      "Recall@50": 0.54,
      "Spearman": 0.48077822886640886,
      "Tier0-AP": 0.6078500537127637,
      "Tier01-AP": 0.6784926571286831,
      "n_samples": 476
    }
  },
  "aggregate": {
    "mean": {
      "VC@20": 0.3315676096379765,
      "VC@100": 0.7166565986886901,
      "Recall@20": 0.35833333333333334,
      "Recall@100": 0.56,
      "NDCG": 0.6786813556606095,
      "VC@10": 0.22235573924722998,
      "VC@25": 0.36608887069469837,
      "VC@50": 0.5342673125709391,
      "VC@200": 0.8913305744478199,
      "Recall@10": 0.25833333333333336,
      "Recall@50": 0.49000000000000005,
      "Spearman": 0.4835480719338688,
      "Tier0-AP": 0.5435535604931673,
      "Tier01-AP": 0.663758458481123,
      "n_samples": 384.75
    },
    "std": {
      "VC@20": 0.10654296690533341,
      "VC@100": 0.1256085155409047,
      "Recall@20": 0.14976833963009523,
      "Recall@100": 0.05354126134736337,
      "NDCG": 0.1050390528640609,
      "VC@10": 0.12114923125762757,
      "VC@25": 0.10324143500393693,
      "VC@50": 0.12038981228528595,
      "VC@200": 0.07837301475678984,
      "Recall@10": 0.1440968038815882,
      "Recall@50": 0.07047458170621991,
      "Spearman": 0.06040799719512513,
      "Tier0-AP": 0.06649082496145871,
      "Tier01-AP": 0.06714092550417347,
      "n_samples": 82.74974823728066
    },
    "min": {
      "VC@20": 0.172331440261658,
      "VC@100": 0.5058754255608685,
      "Recall@20": 0.1,
      "Recall@100": 0.47,
      "NDCG": 0.5322226270094114,
      "VC@10": 0.11228962553886948,
      "VC@25": 0.2110169999547604,
      "VC@50": 0.4024075138495065,
      "VC@200": 0.6858896091989427,
      "Recall@10": 0.1,
      "Recall@50": 0.36,
      "Spearman": 0.32304043649025177,
      "Tier0-AP": 0.41134820272184036,
      "Tier01-AP": 0.45720950665935156,
      "n_samples": 262.0
    },
    "max": {
      "VC@20": 0.5890686685525836,
      "VC@100": 0.8863398281062888,
      "Recall@20": 0.65,
      "Recall@100": 0.64,