{
  "eval_config": {
    "eval_months": [
      "2020-06",
      "2020-07",
      "2020-08",
      "2020-09",
      "2020-10",
      "2020-11",
      "2020-12",
      "2021-01",
      "2021-02",
      "2021-03",
      "2021-04",
      "2021-05",
      "2021-06",
      "2021-07",
      "2021-08",
      "2021-09",
      "2021-10",
      "2021-11",
      "2021-12",
      "2022-01",
      "2022-02",
      "2022-03",
      "2022-04",
      "2022-05",
      "2022-06",
      "2022-07",
      "2022-08",
      "2022-09",
      "2022-10",
      "2022-11",
      "2022-12",
      "2023-01",
      "2023-02",
      "2023-03",
      "2023-04",
      "2023-05"
    ],
    "class_type": "onpeak",
    "period_type": "f0",
    "lag": 1,
    "variant": "v3a"
  },
  "per_month": {
    "2020-06": {
      "VC@20": 0.1921492539578471,
      "VC@100": 0.7233125637407333,
      "Recall@20": 0.25,
      "Recall@100": 0.49,
      "NDCG": 0.457105801134168,
      "VC@10": 0.1386897868606265,
      "VC@25": 0.20286169616949598,
      "VC@50": 0.3963804594521265,
      "VC@200": 0.9508972049746124,
      "Recall@10": 0.2,
      "Recall@50": 0.42,
      "Spearman": 0.38949914627402304,
      "n_samples": 350
    },
    "2020-07": {
      "VC@20": 0.3627572685528605,
      "VC@100": 0.8679781449454047,
      "Recall@20": 0.35,
      "Recall@100": 0.42,
      "NDCG": 0.37490004785689673,
      "VC@10": 0.030805330027469827,
      "VC@25": 0.45431503817888463,
      "VC@50": 0.8592710390324478,
      "VC@200": 0.9403332847841083,
      "Recall@10": 0.1,
      "Recall@50": 0.46,
      "Spearman": 0.33111730053302385,
      "n_samples": 305
    },
    "2020-08": {
      "VC@20": 0.29993996022468783,
      "VC@100": 0.6603897348885122,
      "Recall@20": 0.3,
      "Recall@100": 0.43,
      "NDCG": 0.43477669405932867,
      "VC@10": 0.21574463451652603,
      "VC@25": 0.44224905064010095,
      "VC@50": 0.6061788326405808,
      "VC@200": 0.9936096566788777,
      "Recall@10": 0.2,
      "Recall@50": 0.42,
      "Spearman": 0.3388880451820224,
      "n_samples": 334
    },
    "2020-09": {
      "VC@20": 0.312274691305758,
      "VC@100": 0.7753458847498075,
      "Recall@20": 0.3,
      "Recall@100": 0.49,
      "NDCG": 0.4797472928100518,
      "VC@10": 0.22350023252208956,
      "VC@25": 0.3271227573342156,
      "VC@50": 0.5193561287481974,
      "VC@200": 0.9763379789987613,
      "Recall@10": 0.2,
      "Recall@50": 0.42,
      "Spearman": 0.42608202255769595,
      "n_samples": 466
    },
    "2020-10": {
      "VC@20": 0.5676457306926429,
      "VC@100": 0.9162978493273828,
      "Recall@20": 0.55,
      "Recall@100": 0.41,
      "NDCG": 0.4203670270385243,
      "VC@10": 0.09542319447080386,
      "VC@25": 0.5679973441581893,
      "VC@50": 0.7923430962094162,
      "VC@200": 0.9290927718147596,
      "Recall@10": 0.2,
      "Recall@50": 0.4,
      "Spearman": 0.3017244625681707,
      "n_samples": 419
    },
    "2020-11": {
      "VC@20": 0.29557177838136955,
      "VC@100": 0.4055793076851913,
      "Recall@20": 0.25,
      "Recall@100": 0.38,
      "NDCG": 0.3619013319206515,
      "VC@10": 0.15749792883508537,
      "VC@25": 0.32391460043928444,
      "VC@50": 0.38613547826671474,
      "VC@200": 0.7846088971908733,
      "Recall@10": 0.1,
      "Recall@50": 0.42,
      "Spearman": 0.26106349045865007,
      "n_samples": 379
    },
    "2020-12": {
      "VC@20": 0.21410957842723136,
      "VC@100": 0.6823733994506331,
      "Recall@20": 0.25,
      "Recall@100": 0.38,
      "NDCG": 0.3488171834111298,
      "VC@10": 0.018906790103399924,
      "VC@25": 0.4341315980874637,
      "VC@50": 0.6720026643538941,
      "VC@200": 0.7362380872638384,
      "Recall@10": 0.0,
      "Recall@50": 0.42,
      "Spearman": 0.2568811289196766,
      "n_samples": 365
    },
    "2021-01": {
      "VC@20": 0.5287097634369295,
      "VC@100": 0.924145488229768,
      "Recall@20": 0.35,
      "Recall@100": 0.44,
      "NDCG": 0.4288841549155474,
      "VC@10": 0.19739725489615595,
      "VC@25": 0.5445824626302943,
      "VC@50": 0.59536802072654,
      "VC@200": 0.9979025898092508,
      "Recall@10": 0.3,
      "Recall@50": 0.42,
      "Spearman": 0.2966552634097986,
      "n_samples": 286
    },
    "2021-02": {
      "VC@20": 0.18760472516492865,
      "VC@100": 0.7389036623393208,
      "Recall@20": 0.25,
      "Recall@100": 0.44,
      "NDCG": 0.39594302328937425,
      "VC@10": 0.096912085219321,
      "VC@25": 0.3405444500623821,
      "VC@50": 0.4823211842075745,
      "VC@200": 0.9963058225034643,
      "Recall@10": 0.1,
      "Recall@50": 0.42,
      "Spearman": 0.37447109315860094,
      "n_samples": 327
    },
    "2021-03": {
      "VC@20": 0.36608661901519723,
      "VC@100": 0.7793341252289158,
      "Recall@20": 0.4,
      "Recall@100": 0.42,
      "NDCG": 0.3957418398897653,
      "VC@10": 0.25893488264446385,
      "VC@25": 0.3680361028244765,
      "VC@50": 0.4288545192484249,
      "VC@200": 0.8562504076900381,
      "Recall@10": 0.2,
      "Recall@50": 0.4,
      "Spearman": 0.30891572170005077,
      "n_samples": 360
    },
    "2021-04": {
      "VC@20": 0.3306057795902475,
      "VC@100": 0.7542400066288284,
      "Recall@20": 0.35,
      "Recall@100": 0.42,
      "NDCG": 0.4363806299594574,
      "VC@10": 0.3051879632864267,
      "VC@25": 0.33309802601292265,
      "VC@50": 0.687347967839724,
      "VC@200": 0.7769706937805055,
      "Recall@10": 0.3,
      "Recall@50": 0.42,
      "Spearman": 0.25870260797831407,
      "n_samples": 368
    },
    "2021-05": {
      "VC@20": 0.2822512382208081,
      "VC@100": 0.7318551125547275,
      "Recall@20": 0.25,
      "Recall@100": 0.4,
      "NDCG": 0.4733998309451311,
      "VC@10": 0.1347754514263232,
      "VC@25": 0.33957150901305394,
      "VC@50": 0.6900157101941643,
      "VC@200": 0.9567842011700586,
      "Recall@10": 0.2,
      "Recall@50": 0.46,
      "Spearman": 0.3467323901938602,
      "n_samples": 379
    },
    "2021-06": {
      "VC@20": 0.38220336801225097,
      "VC@100": 0.7167008620301253,
      "Recall@20": 0.4,
      "Recall@100": 0.43,
      "NDCG": 0.4213527973714836,
      "VC@10": 0.06425357479352817,
      "VC@25": 0.38642378056478793,
      "VC@50": 0.48575999112768947,
      "VC@200": 0.7640986559340757,
      "Recall@10": 0.0,
      "Recall@50": 0.44,
      "Spearman": 0.361388427265791,
      "n_samples": 372
    },
    "2021-07": {
      "VC@20": 0.2753582334977684,
      "VC@100": 0.7374246230910536,
      "Recall@20": 0.25,
      "Recall@100": 0.44,
      "NDCG": 0.6122305261717366,
      "VC@10": 0.1939226055569546,
      "VC@25": 0.4562582599817671,
      "VC@50": 0.6499807063744448,
      "VC@200": 0.8378350274633211,
      "Recall@10": 0.2,
      "Recall@50": 0.44,
      "Spearman": 0.34987156991390805,
      "n_samples": 307
    },
    "2021-08": {
      "VC@20": 0.40550832664964964,
      "VC@100": 0.7469910513943157,
      "Recall@20": 0.3,
      "Recall@100": 0.44,
      "NDCG": 0.7350998166946356,
      "VC@10": 0.2813000642334431,
      "VC@25": 0.4599981299824487,
      "VC@50": 0.6320402057461914,
      "VC@200": 0.9734499924295642,
      "Recall@10": 0.2,
      "Recall@50": 0.4,
      "Spearman": 0.3837186374677986,
      "n_samples": 340
    },
    "2021-09": {
      "VC@20": 0.5215511803278929,
      "VC@100": 0.7443497270022607,
      "Recall@20": 0.4,
      "Recall@100": 0.37,
      "NDCG": 0.6961241009469096,
      "VC@10": 0.47368520694655936,
      "VC@25": 0.5577590446447257,
      "VC@50": 0.6562735494291193,
      "VC@200": 0.8031845668827821,
      "Recall@10": 0.4,
      "Recall@50": 0.42,
      "Spearman": 0.3179321702527105,
      "n_samples": 415
    },
    "2021-10": {
      "VC@20": 0.39372678618789775,
      "VC@100": 0.6909312510982731,
      "Recall@20": 0.35,
      "Recall@100": 0.39,
      "NDCG": 0.45110108471090743,
      "VC@10": 0.33709668133213844,
      "VC@25": 0.42280387650879536,
      "VC@50": 0.4299869926250612,