{
  "per_group": {
    "2022-06/aq1": {
      "n_branches": 2427,
      "n_binding": 342,
      "VC@20": 0.12577534951065775,
      "Recall@20": 0.043859649122807015,
      "Abs_SP@20": 0.1172162694023046,
      "NB12_Recall@20": 0.0,
      "VC@50": 0.22250102748710918,
      "Recall@50": 0.10526315789473684,
      "Abs_SP@50": 0.20735971302555264,
      "NB12_Recall@50": 0.0,
      "VC@100": 0.32514580954098266,
      "Recall@100": 0.19298245614035087,
      "Abs_SP@100": 0.3030194625136521,
      "NB12_Recall@100": 0.0,
      "NDCG": 0.815070445635292,
      "Spearman": 0.34962199418823364,
      "cohort_contribution": {
        "established": {
          "count_in_top_k": 50,
          "sp_captured": 738117.1699999999
        },
        "history_dormant": {
          "count_in_top_k": 0,
          "sp_captured": 0.0
        },
        "history_zero": {
          "count_in_top_k": 0,
          "sp_captured": 0.0
        }
      }
    },
    "2022-06/aq2": {
      "n_branches": 2225,
      "n_binding": 408,
      "VC@20": 0.20990026123074337,
      "Recall@20": 0.03431372549019608,
      "Abs_SP@20": 0.18944192012422054,
      "NB12_Recall@20": 0.0,
      "VC@50": 0.35853626626818624,
      "Recall@50": 0.07107843137254902,
      "Abs_SP@50": 0.32359082507928644,
      "NB12_Recall@50": 0.0,
      "VC@100": 0.42330813167062625,
      "Recall@100": 0.14705882352941177,
      "Abs_SP@100": 0.38204957343871243,
      "NB12_Recall@100": 0.0,
      "NDCG": 0.8370458001484443,
      "Spearman": 0.3274162247453241,
      "cohort_contribution": {
        "established": {
          "count_in_top_k": 50,
          "sp_captured": 1047189.73
        },
        "history_dormant": {
          "count_in_top_k": 0,
          "sp_captured": 0.0
        },
        "history_zero": {
          "count_in_top_k": 0,
          "sp_captured": 0.0
        }
      }
    },
    "2022-06/aq3": {
      "n_branches": 1953,
      "n_binding": 317,
      "VC@20": 0.14380181242234377,
      "Recall@20": 0.04416403785488959,
      "Abs_SP@20": 0.1262829721029049,
      "NB12_Recall@20": 0.0,
      "VC@50": 0.486692738190879,
      "Recall@50": 0.10725552050473186,
      "Abs_SP@50": 0.4274007708549257,
      "NB12_Recall@50": 0.0,
      "VC@100": 0.527830635017447,
      "Recall@100": 0.17981072555205047,
      "Abs_SP@100": 0.4635269906139924,
      "NB12_Recall@100": 0.0,
      "NDCG": 0.8259548008802363,
      "Spearman": 0.3124228307761403,
      "cohort_contribution": {
        "established": {
          "count_in_top_k": 50,
          "sp_captured": 981196.3400000001
        },
        "history_dormant": {
          "count_in_top_k": 0,
          "sp_captured": 0.0
        },
        "history_zero": {
          "count_in_top_k": 0,
          "sp_captured": 0.0
        }
      }
    },
    "2022-06/aq4": {
      "n_branches": 2395,
      "n_binding": 388,
      "VC@20": 0.10558417377483299,
      "Recall@20": 0.041237113402061855,
      "Abs_SP@20": 0.097424076834878,
      "NB12_Recall@20": 0.0,
      "VC@50": 0.34137730132569977,
      "Recall@50": 0.0979381443298969,
      "Abs_SP@50": 0.31499387876979085,
      "NB12_Recall@50": 0.0,
      "VC@100": 0.437948318122589,
      "Recall@100": 0.15721649484536082,
      "Abs_SP@100": 0.40410138251847294,
      "NB12_Recall@100": 0.0,
      "NDCG": 0.841356176920413,
      "Spearman": 0.2932904709152656,
      "cohort_contribution": {
        "established": {
          "count_in_top_k": 50,
          "sp_captured": 851773.99
        },
        "history_dormant": {
          "count_in_top_k": 0,
          "sp_captured": 0.0
        },
        "history_zero": {
          "count_in_top_k": 0,
          "sp_captured": 0.0
        }
      }
    },
    "2023-06/aq1": {
      "n_branches": 2512,
      "n_binding": 327,
      "VC@20": 0.10571338618457075,
      "Recall@20": 0.04892966360856269,
      "Abs_SP@20": 0.09525644135486648,
      "NB12_Recall@20": 0.0,
      "VC@50": 0.36808815427320585,
      "Recall@50": 0.11009174311926606,
      "Abs_SP@50": 0.33167765168101493,
      "NB12_Recall@50": 0.0,
      "VC@100": 0.5233190591851052,
      "Recall@100": 0.22324159021406728,
      "Abs_SP@100": 0.47155344342215,
      "NB12_Recall@100": 0.0,
      "NDCG": 0.8579632501036564,
      "Spearman": 0.344602321660719,
      "cohort_contribution": {
        "established": {
          "count_in_top_k": 50,
          "sp_captured": 652312.6199999999
        },
        "history_dormant": {
          "count_in_top_k": 0,
          "sp_captured": 0.0
        },
        "history_zero": {
          "count_in_top_k": 0,
          "sp_captured": 0.0
        }
      }
    },
    "2023-06/aq2": {
      "n_branches": 2278,
      "n_binding": 422,
      "VC@20": 0.11423907455833243,
      "Recall@20": 0.045023696682464455,
      "Abs_SP@20": 0.10698699319025559,
      "NB12_Recall@20": 0.0,
      "VC@50": 0.6269686511640757,
      "Recall@50": 0.1066350710900474,
      "Abs_SP@50": 0.5871676663341998,
      "NB12_Recall@50": 0.0,
      "VC@100": 0.6751460475172073,
      "Recall@100": 0.18246445497630331,
      "Abs_SP@100": 0.6322866835836334,
      "NB12_Recall@100": 0.0,
      "NDCG": 0.8844126788370585,
      "Spearman": 0.3821938354840197,
      "cohort_contribution": {
        "established": {
          "count_in_top_k": 50,
          "sp_captured": 2147322.57
        },
        "history_dormant": {
          "count_in_top_k": 0,
          "sp_captured": 0.0
        },
        "history_zero": {
          "count_in_top_k": 0,
          "sp_captured": 0.0
        }
      }
    },
    "2023-06/aq3": {
      "n_branches": 2274,
      "n_binding": 338,
      "VC@20": 0.12128468040139875,
      "Recall@20": 0.05621301775147929,
      "Abs_SP@20": 0.10018790205307393,
      "NB12_Recall@20": 0.0,
      "VC@50": 0.26781305211480855,
      "Recall@50": 0.11834319526627218,
      "Abs_SP@50": 0.22122849930438354,
      "NB12_Recall@50": 0.0,
      "VC@100": 0.3984868142761367,
      "Recall@100": 0.19822485207100593,
      "Abs_SP@100": 0.32917230590054486,
      "NB12_Recall@100": 0.0,
      "NDCG": 0.8615857431196482,
      "Spearman": 0.36690262893500397,
      "cohort_contribution": {
        "established": {
          "count_in_top_k": 50,
          "sp_captured": 647710.88
        },
        "history_dormant": {
          "count_in_top_k": 0,
          "sp_captured": 0.0
        },
        "history_zero": {
          "count_in_top_k": 0,
          "sp_captured": 0.0
        }
      }
    },
    "2023-06/aq4": {
      "n_branches": 2382,
      "n_binding": 423,
      "VC@20": 0.15402414654058813,
      "Recall@20": 0.04018912529550828,
      "Abs_SP@20": 0.13920846944160406,
      "NB12_Recall@20": 0.0,
      "VC@50": 0.44648797266815565,
      "Recall@50": 0.0851063829787234,
      "Abs_SP@50": 0.4035400208034248,
      "NB12_Recall@50": 0.0,
      "VC@100": 0.5662685904907394,
      "Recall@100": 0.1607565011820331,
      "Abs_SP@100": 0.5117988675515714,
      "NB12_Recall@100": 0.0,
      "NDCG": 0.8714539709095797,
      "Spearman": 0.37339326426376723,
      "cohort_contribution": {
        "established": {
          "count_in_top_k": 50,
          "sp_captured": 1100803.97
        },
        "history_dormant": {
          "count_in_top_k": 0,
          "sp_captured": 0.0
        },
        "history_zero": {
          "count_in_top_k": 0,
          "sp_captured": 0.0
        }
      }
    },
    "2024-06/aq1": {
      "n_branches": 2339,
      "n_binding": 385,
      "VC@20": 0.13779711946948503,
      "Recall@20": 0.046753246753246755,
      "Abs_SP@20": 0.12807456795490813,
      "NB12_Recall@20": 0.0,
      "VC@50": 0.25160166128147576,
      "Recall@50": 0.1038961038961039,
      "Abs_SP@50": 0.2338494025812931,
      "NB12_Recall@50": 0.0,
      "VC@100": 0.3594645114495907,
      "Recall@100": 0.2025974025974026,
      "Abs_SP@100": 0.33410177350785303,
      "NB12_Recall@100": 0.0,
      "NDCG": 0.8844105704696881,