{
  "eval_config": {
    "eval_months": [
      "2020-06",
      "2020-07",
      "2020-08",
      "2020-09",
      "2020-10",
      "2020-11",
      "2020-12",
      "2021-01",
      "2021-02",
      "2021-03",
      "2021-04",
      "2021-05",
      "2021-06",
      "2021-07",
      "2021-08",
      "2021-09",
      "2021-10",
      "2021-11",
      "2021-12",
      "2022-01",
      "2022-02",
      "2022-03",
      "2022-04",
      "2022-05",
      "2022-06",
      "2022-07",
      "2022-08",
      "2022-09",
      "2022-10",
      "2022-11",
      "2022-12",
      "2023-01",
      "2023-02",
      "2023-03",
      "2023-04",
      "2023-05"
    ],
    "class_type": "onpeak",
    "period_type": "f0",
    "lag": 1,
    "note": "1-month production lag applied"
  },
  "per_month": {
    "2020-06": {
      "VC@20": 0.337727898986296,
      "VC@100": 0.47169110928362573,
      "Recall@20": 0.3,
      "Recall@100": 0.36,
      "NDCG": 0.6872507618197063,
      "VC@10": 0.3241716867469879,
      "VC@25": 0.34255229525558367,
      "VC@50": 0.4202087957091524,
      "VC@200": 0.6095957294088635,
      "Recall@10": 0.4,
      "Recall@50": 0.4,
      "Spearman": 0.24624369975966218,
      "n_samples": 577
    },
    "2020-07": {
      "VC@20": 0.48209202151642067,
      "VC@100": 0.5998777791504981,
      "Recall@20": 0.35,
      "Recall@100": 0.43,
      "NDCG": 0.6115713334681221,
      "VC@10": 0.3888825924538436,
      "VC@25": 0.48718128684261924,
      "VC@50": 0.5215001899431957,
      "VC@200": 0.6488643008004732,
      "Recall@10": 0.5,
      "Recall@50": 0.38,
      "Spearman": 0.26252081373699465,
      "n_samples": 497
    },
    "2020-08": {
      "VC@20": 0.4241191142028732,
      "VC@100": 0.6337299283269193,
      "Recall@20": 0.35,
      "Recall@100": 0.39,
      "NDCG": 0.7247335238080488,
      "VC@10": 0.29787266791533296,
      "VC@25": 0.43682882479190027,
      "VC@50": 0.4747888264859334,
      "VC@200": 0.7089367984505974,
      "Recall@10": 0.5,
      "Recall@50": 0.36,
      "Spearman": 0.2646954580429954,
      "n_samples": 507
    },
    "2020-09": {
      "VC@20": 0.6267510418621045,
      "VC@100": 0.8207472614694495,
      "Recall@20": 0.35,
      "Recall@100": 0.37,
      "NDCG": 0.7569126355820682,
      "VC@10": 0.4887279122007702,
      "VC@25": 0.6315322154161823,
      "VC@50": 0.773330626149635,
      "VC@200": 0.8930629199825268,
      "Recall@10": 0.5,
      "Recall@50": 0.42,
      "Spearman": 0.3133794317139145,
      "n_samples": 715
    },
    "2020-10": {
      "VC@20": 0.47753829706399215,
      "VC@100": 0.856384540485085,
      "Recall@20": 0.35,
      "Recall@100": 0.44,
      "NDCG": 0.8249652654695121,
      "VC@10": 0.3958033192897,
      "VC@25": 0.48541619449035783,
      "VC@50": 0.7047207412276401,
      "VC@200": 0.9593517894186178,
      "Recall@10": 0.2,
      "Recall@50": 0.48,
      "Spearman": 0.3475283565786799,
      "n_samples": 763
    },
    "2020-11": {
      "VC@20": 0.5487255876211818,
      "VC@100": 0.8508836042980316,
      "Recall@20": 0.25,
      "Recall@100": 0.46,
      "NDCG": 0.7824238062249724,
      "VC@10": 0.3992095115777643,
      "VC@25": 0.5708097480856598,
      "VC@50": 0.6179643669438426,
      "VC@200": 0.9366073225296058,
      "Recall@10": 0.2,
      "Recall@50": 0.44,
      "Spearman": 0.3511797116557348,
      "n_samples": 508
    },
    "2020-12": {
      "VC@20": 0.6184071297344744,
      "VC@100": 0.8144491988359485,
      "Recall@20": 0.4,
      "Recall@100": 0.51,
      "NDCG": 0.656466982896515,
      "VC@10": 0.5728134536170715,
      "VC@25": 0.6454151169896437,
      "VC@50": 0.6735930060881178,
      "VC@200": 0.9489202157978761,
      "Recall@10": 0.4,
      "Recall@50": 0.46,
      "Spearman": 0.34656787156239616,
      "n_samples": 550
    },
    "2021-01": {
      "VC@20": 0.3759001405946181,
      "VC@100": 0.8596132424844634,
      "Recall@20": 0.3,
      "Recall@100": 0.49,
      "NDCG": 0.5987649278305899,
      "VC@10": 0.35036861073584935,
      "VC@25": 0.37684759303320464,
      "VC@50": 0.5311417914881377,
      "VC@200": 0.9225460100560177,
      "Recall@10": 0.4,
      "Recall@50": 0.44,
      "Spearman": 0.36945952125855924,
      "n_samples": 407
    },
    "2021-02": {
      "VC@20": 0.4655497401759122,
      "VC@100": 0.9141916763298253,
      "Recall@20": 0.4,
      "Recall@100": 0.35,
      "NDCG": 0.5561932729333154,
      "VC@10": 0.4169511334169734,
      "VC@25": 0.4662593351597734,
      "VC@50": 0.588969115725017,
      "VC@200": 0.9534313774260348,
      "Recall@10": 0.3,
      "Recall@50": 0.36,
      "Spearman": 0.26962583939493473,
      "n_samples": 650
    },
    "2021-03": {
      "VC@20": 0.566243365469435,
      "VC@100": 0.7290943014025256,
      "Recall@20": 0.45,
      "Recall@100": 0.37,
      "NDCG": 0.5774983487983519,
      "VC@10": 0.24170898306687114,
      "VC@25": 0.6330494390754009,
      "VC@50": 0.6759541987589075,
      "VC@200": 0.7713268046717205,
      "Recall@10": 0.3,
      "Recall@50": 0.4,
      "Spearman": 0.2798302033260717,
      "n_samples": 669
    },
    "2021-04": {
      "VC@20": 0.36584481081580167,
      "VC@100": 0.5371622918763557,
      "Recall@20": 0.3,
      "Recall@100": 0.39,
      "NDCG": 0.6104469817318613,
      "VC@10": 0.2449248935670333,
      "VC@25": 0.4262824292587585,
      "VC@50": 0.45514748633535085,
      "VC@200": 0.7307039111201309,
      "Recall@10": 0.2,
      "Recall@50": 0.36,
      "Spearman": 0.26847310416233916,
      "n_samples": 661
    },
    "2021-05": {
      "VC@20": 0.27806715580842556,
      "VC@100": 0.6039452797289073,
      "Recall@20": 0.2,
      "Recall@100": 0.42,
      "NDCG": 0.5661621798243401,
      "VC@10": 0.20957994141813754,
      "VC@25": 0.29378083053001264,
      "VC@50": 0.3638629690250201,
      "VC@200": 0.72839331171555,
      "Recall@10": 0.3,
      "Recall@50": 0.36,
      "Spearman": 0.2569323979088183,
      "n_samples": 681
    },
    "2021-06": {
      "VC@20": 0.3090524843011577,
      "VC@100": 0.8808550909048536,
      "Recall@20": 0.25,
      "Recall@100": 0.47,
      "NDCG": 0.39849439778356616,
      "VC@10": 0.07278270612086678,
      "VC@25": 0.3162359965247456,
      "VC@50": 0.5879535129247858,
      "VC@200": 0.9549793340004722,
      "Recall@10": 0.1,
      "Recall@50": 0.48,
      "Spearman": 0.31564427048856836,
      "n_samples": 556
    },
    "2021-07": {
      "VC@20": 0.5101349468787918,
      "VC@100": 0.8489159483959565,
      "Recall@20": 0.4,
      "Recall@100": 0.47,
      "NDCG": 0.5239665077298609,
      "VC@10": 0.17972345848157856,
      "VC@25": 0.575718129252556,
      "VC@50": 0.659410860859255,
      "VC@200": 0.8938112634931548,
      "Recall@10": 0.2,
      "Recall@50": 0.44,
      "Spearman": 0.3128928345075865,
      "n_samples": 513
    },
    "2021-08": {
      "VC@20": 0.2859608185340192,
      "VC@100": 0.9302288504385083,
      "Recall@20": 0.35,
      "Recall@100": 0.54,
      "NDCG": 0.5043504102093718,
      "VC@10": 0.1634317591819197,
      "VC@25": 0.3253267197190803,
      "VC@50": 0.8424059453084083,
      "VC@200": 0.9673740590795796,
      "Recall@10": 0.2,
      "Recall@50": 0.6,
      "Spearman": 0.4017375225549938,
      "n_samples": 552
    },
    "2021-09": {
      "VC@20": 0.5589543653934799,
      "VC@100": 0.8712712539412583,
      "Recall@20": 0.35,
      "Recall@100": 0.45,
      "NDCG": 0.8009911420386673,
      "VC@10": 0.3684756105652421,
      "VC@25": 0.571765442054101,
      "VC@50": 0.7171470241781953,
      "VC@200": 0.883813742278857,
      "Recall@10": 0.2,
      "Recall@50": 0.52,
      "Spearman": 0.32838859749266214,
      "n_samples": 621
    },
    "2021-10": {
      "VC@20": 0.4422571716100392,
      "VC@100": 0.6775024760873984,
      "Recall@20": 0.45,
      "Recall@100": 0.43,
      "NDCG": 0.7443466703585853,
      "VC@10": 0.32741128227685723,
      "VC@25": 0.4669275029101714,
      "VC@50": 0.6323343372731278,