{
  "eval_config": {
    "eval_months": [
      "2020-07",
      "2020-08",
      "2020-09",
      "2020-10",
      "2020-11",
      "2020-12",
      "2021-01",
      "2021-02",
      "2021-03",
      "2021-04",
      "2021-07",
      "2021-08",
      "2021-09",
      "2021-10",
      "2021-11",
      "2021-12",
      "2022-01",
      "2022-02",
      "2022-03",
      "2022-04",
      "2022-07",
      "2022-08",
      "2022-09",
      "2022-10",
      "2022-11",
      "2022-12",
      "2023-01",
      "2023-02",
      "2023-03",
      "2023-04"
    ],
    "class_type": "offpeak",
    "period_type": "f1",
    "lag": 2,
    "note": "2-month production lag applied"
  },
  "per_month": {
    "2020-07": {
      "VC@20": 0.6605276473956109,
      "VC@100": 0.7586647935986719,
      "Recall@20": 0.35,
      "Recall@100": 0.36,
      "NDCG": 0.8504806846326978,
      "VC@10": 0.633359056075946,
      "VC@25": 0.6618956596561729,
      "VC@50": 0.7414820309056219,
      "VC@200": 0.9048028685520856,
      "Recall@10": 0.5,
      "Recall@50": 0.46,
      "Spearman": 0.30965430584764214,
      "n_samples": 386
    },
    "2020-08": {
      "VC@20": 0.35125560097676306,
      "VC@100": 0.964063523458906,
      "Recall@20": 0.4,
      "Recall@100": 0.33,
      "NDCG": 0.5661080825713515,
      "VC@10": 0.3190908382752887,
      "VC@25": 0.3608057278136972,
      "VC@50": 0.8433659711238535,
      "VC@200": 0.99204547840724,
      "Recall@10": 0.5,
      "Recall@50": 0.48,
      "Spearman": 0.3459904287092595,
      "n_samples": 567
    },
    "2020-09": {
      "VC@20": 0.4104144069787113,
      "VC@100": 0.7297574360123025,
      "Recall@20": 0.3,
      "Recall@100": 0.42,
      "NDCG": 0.820061930765812,
      "VC@10": 0.3714668838094974,
      "VC@25": 0.4336753382984041,
      "VC@50": 0.5783466866536203,
      "VC@200": 0.7971240340802095,
      "Recall@10": 0.3,
      "Recall@50": 0.36,
      "Spearman": 0.28293705635767047,
      "n_samples": 696
    },
    "2020-10": {
      "VC@20": 0.5195397393440031,
      "VC@100": 0.7438866233483877,
      "Recall@20": 0.35,
      "Recall@100": 0.39,
      "NDCG": 0.5967350117824995,
      "VC@10": 0.5177345482633708,
      "VC@25": 0.5231255594138946,
      "VC@50": 0.6579435502873783,
      "VC@200": 0.973052162208612,
      "Recall@10": 0.4,
      "Recall@50": 0.46,
      "Spearman": 0.33255920618619444,
      "n_samples": 557
    },
    "2020-11": {
      "VC@20": 0.41726286277862434,
      "VC@100": 0.8342092065924614,
      "Recall@20": 0.3,
      "Recall@100": 0.37,
      "NDCG": 0.7399249481507415,
      "VC@10": 0.39845429579078906,
      "VC@25": 0.4172628627786244,
      "VC@50": 0.7518746455238549,
      "VC@200": 0.9307933949905723,
      "Recall@10": 0.3,
      "Recall@50": 0.48,
      "Spearman": 0.2921235435068655,
      "n_samples": 408
    },
    "2020-12": {
      "VC@20": 0.37145344217589144,
      "VC@100": 0.8906835141884049,
      "Recall@20": 0.3,
      "Recall@100": 0.44,
      "NDCG": 0.5079103656570202,
      "VC@10": 0.25544614902548324,
      "VC@25": 0.37300842280449314,
      "VC@50": 0.7971080229436368,
      "VC@200": 0.995163258185645,
      "Recall@10": 0.3,
      "Recall@50": 0.4,
      "Spearman": 0.3245380749423771,
      "n_samples": 326
    },
    "2021-01": {
      "VC@20": 0.46473055669945124,
      "VC@100": 0.9005850946666795,
      "Recall@20": 0.3,
      "Recall@100": 0.41,
      "NDCG": 0.6561755220228657,
      "VC@10": 0.36715530698436105,
      "VC@25": 0.4719453835030023,
      "VC@50": 0.775226539231366,
      "VC@200": 0.9934224614294335,
      "Recall@10": 0.3,
      "Recall@50": 0.5,
      "Spearman": 0.3980169880363705,
      "n_samples": 332
    },
    "2021-02": {
      "VC@20": 0.5849361893031808,
      "VC@100": 0.8248526792466808,
      "Recall@20": 0.3,
      "Recall@100": 0.41,
      "NDCG": 0.49655795912984085,
      "VC@10": 0.22646766954583203,
      "VC@25": 0.6095768889461184,
      "VC@50": 0.7633325116385932,
      "VC@200": 0.8584924062323561,
      "Recall@10": 0.3,
      "Recall@50": 0.48,
      "Spearman": 0.3348973094064064,
      "n_samples": 497
    },
    "2021-03": {
      "VC@20": 0.42068328010463624,
      "VC@100": 0.568191923122397,
      "Recall@20": 0.45,
      "Recall@100": 0.43,
      "NDCG": 0.6191524692452174,
      "VC@10": 0.246702776108882,
      "VC@25": 0.4431588543189357,
      "VC@50": 0.5008072460020174,
      "VC@200": 0.8589127734241351,
      "Recall@10": 0.3,
      "Recall@50": 0.5,
      "Spearman": 0.28552321321799085,
      "n_samples": 545
    },
    "2021-04": {
      "VC@20": 0.2850649658690393,
      "VC@100": 0.47866345129774834,
      "Recall@20": 0.3,
      "Recall@100": 0.39,
      "NDCG": 0.40930741701538653,
      "VC@10": 0.07844617974076001,
      "VC@25": 0.31710560384224745,
      "VC@50": 0.368001860823795,
      "VC@200": 0.847734732469128,
      "Recall@10": 0.1,
      "Recall@50": 0.38,
      "Spearman": 0.27058860435300164,
      "n_samples": 471
    },
    "2021-07": {
      "VC@20": 0.8506574312813002,
      "VC@100": 0.9243074902162587,
      "Recall@20": 0.5,
      "Recall@100": 0.43,
      "NDCG": 0.8384926075852235,
      "VC@10": 0.4932274758735615,
      "VC@25": 0.8951755193367003,
      "VC@50": 0.9141955426186031,
      "VC@200": 0.9444107099827402,
      "Recall@10": 0.5,
      "Recall@50": 0.42,
      "Spearman": 0.2781459309523711,
      "n_samples": 428
    },
    "2021-08": {
      "VC@20": 0.6421466788565412,
      "VC@100": 0.8723292808457468,
      "Recall@20": 0.55,
      "Recall@100": 0.44,
      "NDCG": 0.7921615139099283,
      "VC@10": 0.4497126959840702,
      "VC@25": 0.6426734738550491,
      "VC@50": 0.7315372578078946,
      "VC@200": 0.9141752775827809,
      "Recall@10": 0.4,
      "Recall@50": 0.54,
      "Spearman": 0.37477419512632604,
      "n_samples": 522
    },
    "2021-09": {
      "VC@20": 0.5575084565946391,
      "VC@100": 0.8119206894052003,
      "Recall@20": 0.45,
      "Recall@100": 0.42,
      "NDCG": 0.6483158964542228,
      "VC@10": 0.31758560226425586,
      "VC@25": 0.573208585618399,
      "VC@50": 0.7877826908998472,
      "VC@200": 0.8751381413444849,
      "Recall@10": 0.5,
      "Recall@50": 0.48,
      "Spearman": 0.36471539919225554,
      "n_samples": 557
    },
    "2021-10": {
      "VC@20": 0.5414103676538116,
      "VC@100": 0.8827308994061898,
      "Recall@20": 0.35,
      "Recall@100": 0.38,
      "NDCG": 0.3921741244947505,
      "VC@10": 0.3613443339963578,
      "VC@25": 0.5486499135380198,
      "VC@50": 0.747107457569791,
      "VC@200": 0.9374763405526845,
      "Recall@10": 0.3,
      "Recall@50": 0.46,
      "Spearman": 0.2503560642877348,
      "n_samples": 567
    },
    "2021-11": {
      "VC@20": 0.626639709527575,
      "VC@100": 0.7723756752739325,
      "Recall@20": 0.4,
      "Recall@100": 0.34,
      "NDCG": 0.4139838580154488,
      "VC@10": 0.4968194774581332,
      "VC@25": 0.631849890081874,
      "VC@50": 0.7706776886352585,
      "VC@200": 0.9305762488781573,
      "Recall@10": 0.3,
      "Recall@50": 0.36,
      "Spearman": 0.23216573233932322,
      "n_samples": 332
    },
    "2021-12": {
      "VC@20": 0.3693559046597512,
      "VC@100": 0.6026958521175433,
      "Recall@20": 0.35,
      "Recall@100": 0.3,
      "NDCG": 0.4203313767095876,
      "VC@10": 0.33207439080153517,
      "VC@25": 0.38062622398147095,
      "VC@50": 0.5066282700351155,
      "VC@200": 0.701171460336699,
      "Recall@10": 0.4,
      "Recall@50": 0.38,
      "Spearman": 0.2525986810246366,
      "n_samples": 313
    },
    "2022-01": {
      "VC@20": 0.6585269917693498,
      "VC@100": 0.7686271556358893,
      "Recall@20": 0.5,
      "Recall@100": 0.37,
      "NDCG": 0.4872589059805684,
      "VC@10": 0.60752442002442,
      "VC@25": 0.6804987932171338,
      "VC@50": 0.6919280178013802,
      "VC@200": 0.8390346714582523,
      "Recall@10": 0.4,
      "Recall@50": 0.44,
      "Spearman": 0.32761374002733246,