{
  "eval_config": {
    "eval_months": [
      "2020-07",
      "2020-08",
      "2020-09",
      "2020-10",
      "2020-11",
      "2020-12",
      "2021-01",
      "2021-02",
      "2021-03",
      "2021-04",
      "2021-07",
      "2021-08",
      "2021-09",
      "2021-10",
      "2021-11",
      "2021-12",
      "2022-01",
      "2022-02",
      "2022-03",
      "2022-04",
      "2022-07",
      "2022-08",
      "2022-09",
      "2022-10",
      "2022-11",
      "2022-12",
      "2023-01",
      "2023-02",
      "2023-03",
      "2023-04"
    ],
    "class_type": "offpeak",
    "period_type": "f1",
    "lag": 2,
    "note": "2-month production lag applied"
  },
  "per_month": {
    "2020-07": {
      "VC@20": 0.6607948613846708,
      "VC@100": 0.7920079446045355,
      "Recall@20": 0.35,
      "Recall@100": 0.38,
      "NDCG": 0.8509361406798963,
      "VC@10": 0.6247042306825544,
      "VC@25": 0.6618956596561729,
      "VC@50": 0.7414820309056219,
      "VC@200": 0.8827902074994828,
      "Recall@10": 0.5,
      "Recall@50": 0.46,
      "Spearman": 0.30806041319663724,
      "n_samples": 386
    },
    "2020-08": {
      "VC@20": 0.3524405864641793,
      "VC@100": 0.9720729794994938,
      "Recall@20": 0.4,
      "Recall@100": 0.35,
      "NDCG": 0.5731495978561555,
      "VC@10": 0.3190908382752887,
      "VC@25": 0.36696786910563883,
      "VC@50": 0.8433659711238534,
      "VC@200": 0.99204547840724,
      "Recall@10": 0.5,
      "Recall@50": 0.48,
      "Spearman": 0.3529604317750035,
      "n_samples": 567
    },
    "2020-09": {
      "VC@20": 0.43170374197754063,
      "VC@100": 0.7295815112667878,
      "Recall@20": 0.35,
      "Recall@100": 0.4,
      "NDCG": 0.8237220723650098,
      "VC@10": 0.3714668838094974,
      "VC@25": 0.44344864321091015,
      "VC@50": 0.6142236940403946,
      "VC@200": 0.8276782383342839,
      "Recall@10": 0.3,
      "Recall@50": 0.4,
      "Spearman": 0.2982317797971291,
      "n_samples": 696
    },
    "2020-10": {
      "VC@20": 0.5195397393440031,
      "VC@100": 0.7487582916767622,
      "Recall@20": 0.35,
      "Recall@100": 0.37,
      "NDCG": 0.5974445578010295,
      "VC@10": 0.5178835676280046,
      "VC@25": 0.5231255594138946,
      "VC@50": 0.6580310417883165,
      "VC@200": 0.9870889244063972,
      "Recall@10": 0.4,
      "Recall@50": 0.48,
      "Spearman": 0.3412737715422695,
      "n_samples": 557
    },
    "2020-11": {
      "VC@20": 0.42751004662772923,
      "VC@100": 0.8390078097682329,
      "Recall@20": 0.35,
      "Recall@100": 0.37,
      "NDCG": 0.7278099584700629,
      "VC@10": 0.39845429579078906,
      "VC@25": 0.4521185334767688,
      "VC@50": 0.4820188577126478,
      "VC@200": 0.930793394990572,
      "Recall@10": 0.3,
      "Recall@50": 0.44,
      "Spearman": 0.3059887855313314,
      "n_samples": 408
    },
    "2020-12": {
      "VC@20": 0.37145344217589144,
      "VC@100": 0.8906835141884049,
      "Recall@20": 0.3,
      "Recall@100": 0.44,
      "NDCG": 0.5093741355658685,
      "VC@10": 0.25544614902548324,
      "VC@25": 0.37300842280449314,
      "VC@50": 0.8028872299530739,
      "VC@200": 0.9855188136136838,
      "Recall@10": 0.3,
      "Recall@50": 0.42,
      "Spearman": 0.30297128346600916,
      "n_samples": 326
    },
    "2021-01": {
      "VC@20": 0.4629429509955084,
      "VC@100": 0.9005850946666794,
      "Recall@20": 0.3,
      "Recall@100": 0.41,
      "NDCG": 0.6511361487185923,
      "VC@10": 0.36715530698436105,
      "VC@25": 0.4719453835030023,
      "VC@50": 0.7598982943717139,
      "VC@200": 0.9934224614294332,
      "Recall@10": 0.3,
      "Recall@50": 0.48,
      "Spearman": 0.4059805304449643,
      "n_samples": 332
    },
    "2021-02": {
      "VC@20": 0.5831695456116283,
      "VC@100": 0.824852679246681,
      "Recall@20": 0.3,
      "Recall@100": 0.41,
      "NDCG": 0.4979515170511164,
      "VC@10": 0.22646766954583203,
      "VC@25": 0.5892140732349035,
      "VC@50": 0.72881420335372,
      "VC@200": 0.8599225813621113,
      "Recall@10": 0.3,
      "Recall@50": 0.46,
      "Spearman": 0.32712517885588216,
      "n_samples": 497
    },
    "2021-03": {
      "VC@20": 0.43120996530459543,
      "VC@100": 0.5568081819914094,
      "Recall@20": 0.5,
      "Recall@100": 0.42,
      "NDCG": 0.5485460762256804,
      "VC@10": 0.2783763409508421,
      "VC@25": 0.4431588543189357,
      "VC@50": 0.5008072460020174,
      "VC@200": 0.7123044651952491,
      "Recall@10": 0.3,
      "Recall@50": 0.5,
      "Spearman": 0.28733502230916264,
      "n_samples": 545
    },
    "2021-04": {
      "VC@20": 0.27568169305274226,
      "VC@100": 0.47866345129774834,
      "Recall@20": 0.3,
      "Recall@100": 0.4,
      "NDCG": 0.41176753929084176,
      "VC@10": 0.11680542656598582,
      "VC@25": 0.32736422501473245,
      "VC@50": 0.368001860823795,
      "VC@200": 0.8477347324691281,
      "Recall@10": 0.2,
      "Recall@50": 0.38,
      "Spearman": 0.2689810244108694,
      "n_samples": 471
    },
    "2021-07": {
      "VC@20": 0.8951755193367004,
      "VC@100": 0.9248450531336989,
      "Recall@20": 0.55,
      "Recall@100": 0.43,
      "NDCG": 0.8763309383922169,
      "VC@10": 0.5723464568502715,
      "VC@25": 0.8951755193367003,
      "VC@50": 0.9144281502724229,
      "VC@200": 0.9505169251132102,
      "Recall@10": 0.6,
      "Recall@50": 0.42,
      "Spearman": 0.2987546761434634,
      "n_samples": 428
    },
    "2021-08": {
      "VC@20": 0.6313047998052665,
      "VC@100": 0.8724587569303864,
      "Recall@20": 0.55,
      "Recall@100": 0.44,
      "NDCG": 0.7949925705449795,
      "VC@10": 0.460136854396539,
      "VC@25": 0.6656488576765375,
      "VC@50": 0.7278899815457975,
      "VC@200": 0.9137957867817599,
      "Recall@10": 0.5,
      "Recall@50": 0.5,
      "Spearman": 0.37515199276384814,
      "n_samples": 522
    },
    "2021-09": {
      "VC@20": 0.425169634254942,
      "VC@100": 0.8119206894052002,
      "Recall@20": 0.5,
      "Recall@100": 0.42,
      "NDCG": 0.635475151838833,
      "VC@10": 0.31758560226425586,
      "VC@25": 0.4274423239573691,
      "VC@50": 0.6765911871786222,
      "VC@200": 0.8751381413444846,
      "Recall@10": 0.5,
      "Recall@50": 0.46,
      "Spearman": 0.3702397057398989,
      "n_samples": 557
    },
    "2021-10": {
      "VC@20": 0.5414103676538115,
      "VC@100": 0.8825508636118259,
      "Recall@20": 0.35,
      "Recall@100": 0.37,
      "NDCG": 0.3869627846771273,
      "VC@10": 0.045415394096393905,
      "VC@25": 0.6869722823274848,
      "VC@50": 0.8534379486895184,
      "VC@200": 0.9466430464184354,
      "Recall@10": 0.2,
      "Recall@50": 0.44,
      "Spearman": 0.26898871629087506,
      "n_samples": 567
    },
    "2021-11": {
      "VC@20": 0.631849890081874,
      "VC@100": 0.7723756752739326,
      "Recall@20": 0.45,
      "Recall@100": 0.34,
      "NDCG": 0.44524516021176724,
      "VC@10": 0.5858415953175136,
      "VC@25": 0.631849890081874,
      "VC@50": 0.7706776886352585,
      "VC@200": 0.9305762488781576,
      "Recall@10": 0.4,
      "Recall@50": 0.38,
      "Spearman": 0.232274073836074,
      "n_samples": 332
    },
    "2021-12": {
      "VC@20": 0.3693559046597512,
      "VC@100": 0.6023381770156228,
      "Recall@20": 0.35,
      "Recall@100": 0.29,
      "NDCG": 0.44733102760439264,
      "VC@10": 0.33207439080153517,
      "VC@25": 0.3917977859679793,
      "VC@50": 0.5066282700351155,
      "VC@200": 0.701171460336699,
      "Recall@10": 0.4,
      "Recall@50": 0.38,
      "Spearman": 0.2533595621682378,
      "n_samples": 313
    },
    "2022-01": {
      "VC@20": 0.6585269917693498,
      "VC@100": 0.7686271556358893,
      "Recall@20": 0.5,
      "Recall@100": 0.38,
      "NDCG": 0.47270171668039196,
      "VC@10": 0.6129998196046231,
      "VC@25": 0.6779667041675775,
      "VC@50": 0.6919280178013802,
      "VC@200": 0.8277700687635187,
      "Recall@10": 0.4,
      "Recall@50": 0.44,
      "Spearman": 0.33355096563820713,