{
  "per_group": {
    "2025-06/aq1": {
      "n_branches": 2218,
      "n_binding": 306,
      "VC@50": 0.3949114714471415,
      "Recall@50": 0.12091503267973856,
      "Abs_SP@50": 0.3320665962436413,
      "NB12_Recall@50": 0.0,
      "NB12_Count@50": 0,
      "NB12_SP@50": 0.0,
      "NB6_Recall@50": 0.0,
      "NB24_Recall@50": 0.0,
      "NDCG": 0.6742944453350765,
      "Spearman": 0.24015634873098657,
      "cohort_contribution_50": {
        "established": {
          "count_in_top_k": 45,
          "sp_captured": 545769.1699999999
        },
        "history_dormant": {
          "count_in_top_k": 5,
          "sp_captured": 0.0
        },
        "history_zero": {
          "count_in_top_k": 0,
          "sp_captured": 0.0
        }
      },
      "VC@100": 0.4594452284589889,
      "Recall@100": 0.21241830065359477,
      "Abs_SP@100": 0.3863306695439448,
      "NB12_Recall@100": 0.05357142857142857,
      "NB12_Count@100": 3,
      "NB12_SP@100": 0.06452138106692587,
      "NB6_Recall@100": 0.037383177570093455,
      "NB24_Recall@100": 0.0,
      "cohort_contribution_100": {
        "established": {
          "count_in_top_k": 85,
          "sp_captured": 627564.24
        },
        "history_dormant": {
          "count_in_top_k": 15,
          "sp_captured": 7390.829999999999
        },
        "history_zero": {
          "count_in_top_k": 0,
          "sp_captured": 0.0
        }
      }
    },
    "2025-06/aq2": {
      "n_branches": 2210,
      "n_binding": 367,
      "VC@50": 0.3067665962938789,
      "Recall@50": 0.09264305177111716,
      "Abs_SP@50": 0.244630657126148,
      "NB12_Recall@50": 0.0,
      "NB12_Count@50": 0,
      "NB12_SP@50": 0.0,
      "NB6_Recall@50": 0.0,
      "NB24_Recall@50": 0.0,
      "NDCG": 0.7059256044359996,
      "Spearman": 0.26507238108719366,
      "cohort_contribution_50": {
        "established": {
          "count_in_top_k": 45,
          "sp_captured": 685129.97
        },
        "history_dormant": {
          "count_in_top_k": 5,
          "sp_captured": 0.0
        },
        "history_zero": {
          "count_in_top_k": 0,
          "sp_captured": 0.0
        }
      },
      "VC@100": 0.4109029240146276,
      "Recall@100": 0.16076294277929154,
      "Abs_SP@100": 0.3276740477325553,
      "NB12_Recall@100": 0.023809523809523808,
      "NB12_Count@100": 2,
      "NB12_SP@100": 0.011215225051066577,
      "NB6_Recall@100": 0.023255813953488372,
      "NB24_Recall@100": 0.02127659574468085,
      "cohort_contribution_100": {
        "established": {
          "count_in_top_k": 85,
          "sp_captured": 912602.56
        },
        "history_dormant": {
          "count_in_top_k": 15,
          "sp_captured": 5104.619999999999
        },
        "history_zero": {
          "count_in_top_k": 0,
          "sp_captured": 0.0
        }
      }
    },
    "2025-06/aq3": {
      "n_branches": 1706,
      "n_binding": 294,
      "VC@50": 0.30486423342913854,
      "Recall@50": 0.10884353741496598,
      "Abs_SP@50": 0.2520463653726225,
      "NB12_Recall@50": 0.0,
      "NB12_Count@50": 0,
      "NB12_SP@50": 0.0,
      "NB6_Recall@50": 0.0,
      "NB24_Recall@50": 0.0,
      "NDCG": 0.6972143833676712,
      "Spearman": 0.26397390736648213,
      "cohort_contribution_50": {
        "established": {
          "count_in_top_k": 45,
          "sp_captured": 785452.9000000003
        },
        "history_dormant": {
          "count_in_top_k": 5,
          "sp_captured": 0.0
        },
        "history_zero": {
          "count_in_top_k": 0,
          "sp_captured": 0.0
        }
      },
      "VC@100": 0.4372502956894627,
      "Recall@100": 0.19387755102040816,
      "Abs_SP@100": 0.36149648171913124,
      "NB12_Recall@100": 0.04225352112676056,
      "NB12_Count@100": 3,
      "NB12_SP@100": 0.016266743700479973,
      "NB6_Recall@100": 0.02912621359223301,
      "NB24_Recall@100": 0.0,
      "cohort_contribution_100": {
        "established": {
          "count_in_top_k": 85,
          "sp_captured": 1120604.3
        },
        "history_dormant": {
          "count_in_top_k": 15,
          "sp_captured": 5928.349999999999
        },
        "history_zero": {
          "count_in_top_k": 0,
          "sp_captured": 0.0
        }
      }
    }
  }
}