{
  "eval_config": {
    "eval_months": [
      "2020-06",
      "2020-07",
      "2020-08",
      "2020-10",
      "2020-11",
      "2021-01",
      "2021-02",
      "2021-04",
      "2021-05",
      "2021-07",
      "2021-08",
      "2021-10",
      "2021-11",
      "2022-01",
      "2022-02",
      "2022-04",
      "2022-05",
      "2022-07",
      "2022-08",
      "2022-10",
      "2022-11",
      "2023-01",
      "2023-02",
      "2023-04"
    ],
    "class_type": "onpeak",
    "period_type": "f0",
    "train_months": 8,
    "val_months": 0,
    "mode": "extra_24"
  },
  "per_month": {
    "2020-06": {
      "VC@20": 0.27444757098569716,
      "VC@100": 0.5076931905252589,
      "Recall@20": 0.2,
      "Recall@100": 0.22,
      "NDCG": 0.6015761635916995,
      "VC@10": 0.17672265267209183,
      "VC@25": 0.27823912150796165,
      "VC@50": 0.48280106445518917,
      "VC@200": 0.6931821309360249,
      "Recall@10": 0.2,
      "Recall@50": 0.24,
      "Spearman": 0.11448388142439743,
      "Tier0-AP": 1.0,
      "Tier01-AP": 1.0,
      "n_samples": 577
    },
    "2020-07": {
      "VC@20": 0.4020214135330958,
      "VC@100": 0.5556869343726519,
      "Recall@20": 0.3,
      "Recall@100": 0.27,
      "NDCG": 0.43600463197682876,
      "VC@10": 0.1475508095057577,
      "VC@25": 0.4027685048260247,
      "VC@50": 0.4121424388132071,
      "VC@200": 0.695019101593808,
      "Recall@10": 0.2,
      "Recall@50": 0.24,
      "Spearman": 0.1562460652011501,
      "Tier0-AP": 1.0,
      "Tier01-AP": 1.0,
      "n_samples": 497
    },
    "2020-08": {
      "VC@20": 0.25938915536514373,
      "VC@100": 0.5100548602582126,
      "Recall@20": 0.25,
      "Recall@100": 0.28,
      "NDCG": 0.5326102891389589,
      "VC@10": 0.24359493848428665,
      "VC@25": 0.25976111401798674,
      "VC@50": 0.4287940989360835,
      "VC@200": 0.6600567501069018,
      "Recall@10": 0.4,
      "Recall@50": 0.18,
      "Spearman": 0.09326542836119404,
      "Tier0-AP": 1.0,
      "Tier01-AP": 1.0,
      "n_samples": 507
    },
    "2020-10": {
      "VC@20": 0.4388790927547977,
      "VC@100": 0.6727757538166106,
      "Recall@20": 0.25,
      "Recall@100": 0.26,
      "NDCG": 0.8017138323642823,
      "VC@10": 0.3857172612975452,
      "VC@25": 0.4998167348262314,
      "VC@50": 0.5519880563390229,
      "VC@200": 0.7155310798537626,
      "Recall@10": 0.3,
      "Recall@50": 0.28,
      "Spearman": 0.16885882850764683,
      "Tier0-AP": 1.0,
      "Tier01-AP": 1.0,
      "n_samples": 763
    },
    "2020-11": {
      "VC@20": 0.7092201754350246,
      "VC@100": 0.8094105540041004,
      "Recall@20": 0.3,
      "Recall@100": 0.24,
      "NDCG": 0.8180952183150848,
      "VC@10": 0.57247522571224,
      "VC@25": 0.7130598926885071,
      "VC@50": 0.7457067580695246,
      "VC@200": 0.9540269026659429,
      "Recall@10": 0.3,
      "Recall@50": 0.2,
      "Spearman": 0.1844900815548669,
      "Tier0-AP": 1.0,
      "Tier01-AP": 1.0,
      "n_samples": 508
    },
    "2021-01": {
      "VC@20": 0.1821237430168022,
      "VC@100": 0.7470042922915464,
      "Recall@20": 0.2,
      "Recall@100": 0.3,
      "NDCG": 0.49802909354647357,
      "VC@10": 0.1165332311858403,
      "VC@25": 0.31817809553171056,
      "VC@50": 0.33364783395704173,
      "VC@200": 0.9052002079214044,
      "Recall@10": 0.1,
      "Recall@50": 0.22,
      "Spearman": 0.22655308567038432,
      "Tier0-AP": 1.0,
      "Tier01-AP": 1.0,
      "n_samples": 407
    },
    "2021-02": {
      "VC@20": 0.39703999725485734,
      "VC@100": 0.8442998191089128,
      "Recall@20": 0.2,
      "Recall@100": 0.15,
      "NDCG": 0.7356147934206881,
      "VC@10": 0.3436014117991992,
      "VC@25": 0.4118190163252733,
      "VC@50": 0.713964917809173,
      "VC@200": 0.9316865185277832,
      "Recall@10": 0.1,
      "Recall@50": 0.22,
      "Spearman": 0.1465761940430255,
      "Tier0-AP": 1.0,
      "Tier01-AP": 1.0,
      "n_samples": 650
    },
    "2021-04": {
      "VC@20": 0.1942935291864471,
      "VC@100": 0.514088769710782,
      "Recall@20": 0.15,
      "Recall@100": 0.19,
      "NDCG": 0.46203944714864537,
      "VC@10": 0.10462261205743582,
      "VC@25": 0.2746465337637275,
      "VC@50": 0.3835322352248553,
      "VC@200": 0.6971173624004804,
      "Recall@10": 0.1,
      "Recall@50": 0.22,
      "Spearman": 0.14567689174897264,
      "Tier0-AP": 1.0,
      "Tier01-AP": 1.0,
      "n_samples": 661
    },
    "2021-05": {
      "VC@20": 0.18266774172986133,
      "VC@100": 0.5414849905824876,
      "Recall@20": 0.15,
      "Recall@100": 0.34,
      "NDCG": 0.5395622129881714,
      "VC@10": 0.12945963166833904,
      "VC@25": 0.24393445627231003,
      "VC@50": 0.3731425216109292,
      "VC@200": 0.7410906322481946,
      "Recall@10": 0.2,
      "Recall@50": 0.34,
      "Spearman": 0.23643266724001924,
      "Tier0-AP": 1.0,
      "Tier01-AP": 1.0,
      "n_samples": 681
    },
    "2021-07": {
      "VC@20": 0.5405993774034253,
      "VC@100": 0.7547958306452709,
      "Recall@20": 0.45,
      "Recall@100": 0.32,
      "NDCG": 0.7948301041371043,
      "VC@10": 0.4825630033090384,
      "VC@25": 0.5405993774034255,
      "VC@50": 0.7301949384766621,
      "VC@200": 0.8752643662510957,
      "Recall@10": 0.5,
      "Recall@50": 0.3,
      "Spearman": 0.18804067447021022,
      "Tier0-AP": 1.0,
      "Tier01-AP": 1.0,
      "n_samples": 513
    },
    "2021-08": {
      "VC@20": 0.6439198771695432,
      "VC@100": 0.7866067048784962,
      "Recall@20": 0.45,
      "Recall@100": 0.33,
      "NDCG": 0.5620307750248558,
      "VC@10": 0.4912546656953703,
      "VC@25": 0.6714381076539955,
      "VC@50": 0.7363397597341532,
      "VC@200": 0.8778355226699328,
      "Recall@10": 0.5,
      "Recall@50": 0.38,
      "Spearman": 0.2978837963026774,
      "Tier0-AP": 1.0,
      "Tier01-AP": 1.0,
      "n_samples": 552
    },
    "2021-10": {
      "VC@20": 0.3592349197414885,
      "VC@100": 0.6315102288273728,
      "Recall@20": 0.3,
      "Recall@100": 0.27,
      "NDCG": 0.637226096396694,
      "VC@10": 0.32745682492162975,
      "VC@25": 0.3592349197414885,
      "VC@50": 0.47699980683262666,
      "VC@200": 0.6851461162867588,
      "Recall@10": 0.5,
      "Recall@50": 0.28,
      "Spearman": 0.16153075568589553,
      "Tier0-AP": 1.0,
      "Tier01-AP": 1.0,
      "n_samples": 804
    },
    "2021-11": {
      "VC@20": 0.2778563031448115,
      "VC@100": 0.8486062549837958,
      "Recall@20": 0.1,
      "Recall@100": 0.2,
      "NDCG": 0.5045560909965089,
      "VC@10": 0.2778563031448115,
      "VC@25": 0.359811516878218,
      "VC@50": 0.5993730337209451,
      "VC@200": 0.8776673998119557,
      "Recall@10": 0.1,
      "Recall@50": 0.14,
      "Spearman": 0.0726925863847776,
      "Tier0-AP": 0.9999999999999999,
      "Tier01-AP": 0.9999999999999999,
      "n_samples": 594
    },
    "2022-01": {
      "VC@20": 0.574337308016724,
      "VC@100": 0.6831913491471118,
      "Recall@20": 0.25,
      "Recall@100": 0.24,
      "NDCG": 0.7478457187201543,
      "VC@10": 0.3593175923734625,
      "VC@25": 0.574337308016724,
      "VC@50": 0.5823496871833148,
      "VC@200": 0.7552076119738095,
      "Recall@10": 0.3,
      "Recall@50": 0.26,
      "Spearman": 0.09082669718295289,
      "Tier0-AP": 1.0,
      "Tier01-AP": 1.0,
      "n_samples": 414
    },
    "2022-02": {
      "VC@20": 0.6160268498251611,
      "VC@100": 0.7704607449864309,
      "Recall@20": 0.25,
      "Recall@100": 0.26,
      "NDCG": 0.679127987910821,
      "VC@10": 0.6043206297201605,
      "VC@25": 0.6196553002759331,
      "VC@50": 0.627623586141269,
      "VC@200": 0.8946041252207498,
      "Recall@10": 0.4,
      "Recall@50": 0.22,
      "Spearman": 0.15666455121289602,
      "Tier0-AP": 1.0,
      "Tier01-AP": 1.0,
      "n_samples": 411
    },
    "2022-04": {
      "VC@20": 0.2758301857828116,
      "VC@100": 0.5791187183229913,
      "Recall@20": 0.25,
      "Recall@100": 0.2,
      "NDCG": 0.46627814883851365,