{
  "eval_config": {
    "eval_months": [
      "2020-06",
      "2020-07",
      "2020-08",
      "2020-09",
      "2020-10",
      "2020-11",
      "2020-12",
      "2021-01",
      "2021-02",
      "2021-03",
      "2021-04",
      "2021-05",
      "2021-06",
      "2021-07",
      "2021-08",
      "2021-09",
      "2021-10",
      "2021-11",
      "2021-12",
      "2022-01",
      "2022-02",
      "2022-03",
      "2022-04",
      "2022-05",
      "2022-06",
      "2022-07",
      "2022-08",
      "2022-09",
      "2022-10",
      "2022-11",
      "2022-12",
      "2023-01",
      "2023-02",
      "2023-03",
      "2023-04",
      "2023-05"
    ],
    "class_type": "onpeak",
    "period_type": "f0",
    "mode": "eval"
  },
  "per_month": {
    "2020-06": {
      "VC@20": 0.33857008351388,
      "VC@100": 0.5547258249004791,
      "Recall@20": 0.3,
      "Recall@100": 0.37,
      "NDCG": 0.6517535259589189,
      "VC@10": 0.3262896019384555,
      "VC@25": 0.3417332983248785,
      "VC@50": 0.3772582104734728,
      "VC@200": 0.6084410283678574,
      "Recall@10": 0.4,
      "Recall@50": 0.4,
      "Spearman": 0.26110338479491557,
      "n_samples": 577
    },
    "2020-07": {
      "VC@20": 0.4855501601177671,
      "VC@100": 0.6047835217837289,
      "Recall@20": 0.35,
      "Recall@100": 0.45,
      "NDCG": 0.6294592969267535,
      "VC@10": 0.38888259245384355,
      "VC@25": 0.48718128684261924,
      "VC@50": 0.5393465555278972,
      "VC@200": 0.7818664903912989,
      "Recall@10": 0.5,
      "Recall@50": 0.42,
      "Spearman": 0.3283451958990602,
      "n_samples": 497
    },
    "2020-08": {
      "VC@20": 0.4341233811624437,
      "VC@100": 0.6321106695392367,
      "Recall@20": 0.35,
      "Recall@100": 0.43,
      "NDCG": 0.7266060401993867,
      "VC@10": 0.31209917561612477,
      "VC@25": 0.4363769004933188,
      "VC@50": 0.493357341242464,
      "VC@200": 0.7238075851695605,
      "Recall@10": 0.5,
      "Recall@50": 0.38,
      "Spearman": 0.31466150885107735,
      "n_samples": 507
    },
    "2020-09": {
      "VC@20": 0.6267510418621045,
      "VC@100": 0.8800113728530201,
      "Recall@20": 0.35,
      "Recall@100": 0.43,
      "NDCG": 0.7702298502135084,
      "VC@10": 0.6160214941223919,
      "VC@25": 0.6335234702519701,
      "VC@50": 0.6931960892871194,
      "VC@200": 0.9230001204154863,
      "Recall@10": 0.6,
      "Recall@50": 0.46,
      "Spearman": 0.3279003828236163,
      "n_samples": 715
    },
    "2020-10": {
      "VC@20": 0.4901981530819031,
      "VC@100": 0.8251134847700416,
      "Recall@20": 0.4,
      "Recall@100": 0.47,
      "NDCG": 0.8307646376516811,
      "VC@10": 0.4247209217893486,
      "VC@25": 0.6050047439612649,
      "VC@50": 0.7210690661928807,
      "VC@200": 0.9688900112816344,
      "Recall@10": 0.3,
      "Recall@50": 0.48,
      "Spearman": 0.3664447085779216,
      "n_samples": 763
    },
    "2020-11": {
      "VC@20": 0.5723776629908219,
      "VC@100": 0.9100555287792348,
      "Recall@20": 0.3,
      "Recall@100": 0.53,
      "NDCG": 0.8151260328427746,
      "VC@10": 0.5364556690209588,
      "VC@25": 0.5946385721746618,
      "VC@50": 0.8180663122191387,
      "VC@200": 0.9191386127856135,
      "Recall@10": 0.3,
      "Recall@50": 0.54,
      "Spearman": 0.3970058649237064,
      "n_samples": 508
    },
    "2020-12": {
      "VC@20": 0.6153033239659722,
      "VC@100": 0.8247961552690135,
      "Recall@20": 0.4,
      "Recall@100": 0.56,
      "NDCG": 0.686753346150344,
      "VC@10": 0.5891049193839927,
      "VC@25": 0.6364004871878527,
      "VC@50": 0.7726849412215836,
      "VC@200": 0.9326451330904602,
      "Recall@10": 0.5,
      "Recall@50": 0.5,
      "Spearman": 0.3885870209790258,
      "n_samples": 550
    },
    "2021-01": {
      "VC@20": 0.4035092890756325,
      "VC@100": 0.8653199891268228,
      "Recall@20": 0.35,
      "Recall@100": 0.52,
      "NDCG": 0.61499270111647,
      "VC@10": 0.3023930714340088,
      "VC@25": 0.45664708046227104,
      "VC@50": 0.6789389018911518,
      "VC@200": 0.9240640156029182,
      "Recall@10": 0.3,
      "Recall@50": 0.5,
      "Spearman": 0.41683206249714294,
      "n_samples": 407
    },
    "2021-02": {
      "VC@20": 0.5071087212488448,
      "VC@100": 0.9432937609122968,
      "Recall@20": 0.4,
      "Recall@100": 0.42,
      "NDCG": 0.570600215086695,
      "VC@10": 0.41700290940440743,
      "VC@25": 0.5086075041070539,
      "VC@50": 0.6653672450484388,
      "VC@200": 0.9442597587076549,
      "Recall@10": 0.3,
      "Recall@50": 0.46,
      "Spearman": 0.29949231054780157,
      "n_samples": 650
    },
    "2021-03": {
      "VC@20": 0.5774863862879316,
      "VC@100": 0.7805457391706643,
      "Recall@20": 0.45,
      "Recall@100": 0.4,
      "NDCG": 0.6800959089641353,
      "VC@10": 0.5346684337406701,
      "VC@25": 0.584763218984887,
      "VC@50": 0.671721436232384,
      "VC@200": 0.8225150771273921,
      "Recall@10": 0.5,
      "Recall@50": 0.4,
      "Spearman": 0.3029216914084619,
      "n_samples": 669
    },
    "2021-04": {
      "VC@20": 0.3741712421186581,
      "VC@100": 0.675228041258601,
      "Recall@20": 0.3,
      "Recall@100": 0.41,
      "NDCG": 0.6279314523104375,
      "VC@10": 0.22594859495685538,
      "VC@25": 0.38293156431092584,
      "VC@50": 0.45886207000578666,
      "VC@200": 0.7942734972999803,
      "Recall@10": 0.2,
      "Recall@50": 0.36,
      "Spearman": 0.25203264325005603,
      "n_samples": 661
    },
    "2021-05": {
      "VC@20": 0.2844923462149002,
      "VC@100": 0.6315386683472882,
      "Recall@20": 0.2,
      "Recall@100": 0.44,
      "NDCG": 0.6699635599507787,
      "VC@10": 0.19556991372078103,
      "VC@25": 0.2894726527158625,
      "VC@50": 0.46063266458028324,
      "VC@200": 0.8164167238982744,
      "Recall@10": 0.3,
      "Recall@50": 0.4,
      "Spearman": 0.2677317799279687,
      "n_samples": 681
    },
    "2021-06": {
      "VC@20": 0.3209767655199556,
      "VC@100": 0.8872130927983932,
      "Recall@20": 0.3,
      "Recall@100": 0.47,
      "NDCG": 0.4234023490203311,
      "VC@10": 0.0596197777681209,
      "VC@25": 0.3310072528687286,
      "VC@50": 0.7815484829447623,
      "VC@200": 0.9527070561364327,
      "Recall@10": 0.1,
      "Recall@50": 0.44,
      "Spearman": 0.35492617673423466,
      "n_samples": 556
    },
    "2021-07": {
      "VC@20": 0.5227539611278406,
      "VC@100": 0.860986344628276,
      "Recall@20": 0.45,
      "Recall@100": 0.48,
      "NDCG": 0.5548483499507969,
      "VC@10": 0.34011775246315973,
      "VC@25": 0.560187075810869,
      "VC@50": 0.7870007658256035,
      "VC@200": 0.8823790700760201,
      "Recall@10": 0.2,
      "Recall@50": 0.48,
      "Spearman": 0.3454021031357269,
      "n_samples": 513
    },
    "2021-08": {
      "VC@20": 0.330867142188787,
      "VC@100": 0.9405199751660921,
      "Recall@20": 0.4,
      "Recall@100": 0.58,
      "NDCG": 0.5142933602889345,
      "VC@10": 0.21257196535094355,
      "VC@25": 0.44828268103285374,
      "VC@50": 0.6172040245539179,
      "VC@200": 0.9854190362307795,
      "Recall@10": 0.3,
      "Recall@50": 0.64,
      "Spearman": 0.4335051198663523,
      "n_samples": 552
    },
    "2021-09": {
      "VC@20": 0.5589543653934798,
      "VC@100": 0.8892049507894962,
      "Recall@20": 0.35,
      "Recall@100": 0.5,
      "NDCG": 0.8196914975585202,
      "VC@10": 0.5260267331276178,
      "VC@25": 0.5632463779923398,
      "VC@50": 0.8155960629128284,
      "VC@200": 0.8974234345832102,
      "Recall@10": 0.5,
      "Recall@50": 0.52,
      "Spearman": 0.3365714413769556,
      "n_samples": 621
    },
    "2021-10": {
      "VC@20": 0.48331883975138573,
      "VC@100": 0.7408763504533645,
      "Recall@20": 0.5,
      "Recall@100": 0.45,
      "NDCG": 0.7696794356554394,
      "VC@10": 0.423824265439463,
      "VC@25": 0.5159862641357641,
      "VC@50": 0.6120532461885618,
      "VC@200": 0.8890042547465274,
      "Recall@10": 0.5,