{
  "eval_config": {
    "eval_months": [
      "2020-09",
      "2020-12",
      "2021-03",
      "2021-06",
      "2021-09",
      "2021-12",
      "2022-03",
      "2022-06",
      "2022-09",
      "2022-12",
      "2023-03",
      "2023-05"
    ],
    "class_type": "onpeak",
    "period_type": "f0",
    "train_months": 8,
    "val_months": 0,
    "mode": "eval"
  },
  "per_month": {
    "2020-09": {
      "VC@20": 0.47795118706457795,
      "VC@100": 0.7897166850697619,
      "Recall@20": 0.25,
      "Recall@100": 0.2,
      "NDCG": 0.5009090792000607,
      "VC@10": 0.4125734549130315,
      "VC@25": 0.48526594602285744,
      "VC@50": 0.6410771328645369,
      "VC@200": 0.8532517334760332,
      "Recall@10": 0.3,
      "Recall@50": 0.26,
      "Spearman": 0.1665032088853481,
      "Tier0-AP": 0.9999999999999999,
      "Tier01-AP": 0.9999999999999999,
      "n_samples": 715
    },
    "2020-12": {
      "VC@20": 0.7077833698861199,
      "VC@100": 0.8108078340654524,
      "Recall@20": 0.45,
      "Recall@100": 0.31,
      "NDCG": 0.5149759337373028,
      "VC@10": 0.25239654963034314,
      "VC@25": 0.7180968032271275,
      "VC@50": 0.7695158735625759,
      "VC@200": 0.8816109835491374,
      "Recall@10": 0.3,
      "Recall@50": 0.38,
      "Spearman": 0.23441495474020288,
      "Tier0-AP": 1.0000000000000002,
      "Tier01-AP": 1.0000000000000002,
      "n_samples": 550
    },
    "2021-03": {
      "VC@20": 0.20058252244741906,
      "VC@100": 0.8152680116284978,
      "Recall@20": 0.15,
      "Recall@100": 0.25,
      "NDCG": 0.398110294877852,
      "VC@10": 0.1685355561281722,
      "VC@25": 0.22921873327933662,
      "VC@50": 0.6000907483797874,
      "VC@200": 0.8560591339524745,
      "Recall@10": 0.2,
      "Recall@50": 0.22,
      "Spearman": 0.15018073177235391,
      "Tier0-AP": 0.9999999999999998,
      "Tier01-AP": 0.9999999999999998,
      "n_samples": 669
    },
    "2021-06": {
      "VC@20": 0.13817189686631742,
      "VC@100": 0.5426133388587858,
      "Recall@20": 0.2,
      "Recall@100": 0.27,
      "NDCG": 0.3498336129919558,
      "VC@10": 0.12267405098878564,
      "VC@25": 0.14399168617519792,
      "VC@50": 0.45332164738135183,
      "VC@200": 0.8955633005066231,
      "Recall@10": 0.2,
      "Recall@50": 0.24,
      "Spearman": 0.2558262052987292,
      "Tier0-AP": 0.9999999999999998,
      "Tier01-AP": 0.9999999999999998,
      "n_samples": 556
    },
    "2021-09": {
      "VC@20": 0.5242033979971809,
      "VC@100": 0.7244095043028135,
      "Recall@20": 0.3,
      "Recall@100": 0.22,
      "NDCG": 0.6067197215747544,
      "VC@10": 0.37906437859452907,
      "VC@25": 0.5242791088381399,
      "VC@50": 0.6601830000976215,
      "VC@200": 0.8321955619251413,
      "Recall@10": 0.3,
      "Recall@50": 0.24,
      "Spearman": 0.21362142050551025,
      "Tier0-AP": 0.9999999999999999,
      "Tier01-AP": 0.9999999999999999,
      "n_samples": 621
    },
    "2021-12": {
      "VC@20": 0.3850684681209587,
      "VC@100": 0.6511338605057202,
      "Recall@20": 0.15,
      "Recall@100": 0.19,
      "NDCG": 0.40173389465986925,
      "VC@10": 0.33628774157435354,
      "VC@25": 0.404711488403996,
      "VC@50": 0.5423861390302368,
      "VC@200": 0.8094883053868165,
      "Recall@10": 0.1,
      "Recall@50": 0.14,
      "Spearman": 0.11464822301040611,
      "Tier0-AP": 1.0,
      "Tier01-AP": 1.0,
      "n_samples": 448
    },
    "2022-03": {
      "VC@20": 0.26795237916420217,
      "VC@100": 0.5880447406581404,
      "Recall@20": 0.15,
      "Recall@100": 0.25,
      "NDCG": 0.4897734502690659,
      "VC@10": 0.14501193815398278,
      "VC@25": 0.29126508509101834,
      "VC@50": 0.49043367901886714,
      "VC@200": 0.6702432502118044,
      "Recall@10": 0.1,
      "Recall@50": 0.24,
      "Spearman": 0.1937565333316677,
      "Tier0-AP": 0.9999999999999998,
      "Tier01-AP": 0.9999999999999998,
      "n_samples": 717
    },
    "2022-06": {
      "VC@20": 0.05678230179574789,
      "VC@100": 0.40308961091493595,
      "Recall@20": 0.05,
      "Recall@100": 0.21,
      "NDCG": 0.327682606319005,
      "VC@10": 0.05085748252800979,
      "VC@25": 0.05978733140382931,
      "VC@50": 0.27671720319676646,
      "VC@200": 0.8151847017051801,
      "Recall@10": 0.1,
      "Recall@50": 0.22,
      "Spearman": 0.17040100234410252,
      "Tier0-AP": 1.0000000000000002,
      "Tier01-AP": 1.0000000000000002,
      "n_samples": 578
    },
    "2022-09": {
      "VC@20": 0.20060509001171228,
      "VC@100": 0.6787915039850538,
      "Recall@20": 0.2,
      "Recall@100": 0.33,
      "NDCG": 0.5116323550845162,
      "VC@10": 0.14709831851468746,
      "VC@25": 0.20565964217097452,
      "VC@50": 0.3140640936046789,
      "VC@200": 0.8226394939632816,
      "Recall@10": 0.2,
      "Recall@50": 0.16,
      "Spearman": 0.2310799255757982,
      "Tier0-AP": 1.0000000000000002,
      "Tier01-AP": 1.0000000000000002,
      "n_samples": 600
    },
    "2022-12": {
      "VC@20": 0.022912073873217143,
      "VC@100": 0.41297625641385166,
      "Recall@20": 0.0,
      "Recall@100": 0.19,
      "NDCG": 0.3697627149123145,
      "VC@10": 0.01999251087401822,
      "VC@25": 0.1542328015079259,
      "VC@50": 0.38788967793103435,
      "VC@200": 0.7800765326210579,
      "Recall@10": 0.0,
      "Recall@50": 0.24,
      "Spearman": 0.15976632983748776,
      "Tier0-AP": 0.9999999999999999,
      "Tier01-AP": 0.9999999999999999,
      "n_samples": 525
    },
    "2023-03": {
      "VC@20": 0.10756974834169607,
      "VC@100": 0.2875709979445706,
      "Recall@20": 0.15,
      "Recall@100": 0.2,
      "NDCG": 0.2928577784363917,
      "VC@10": 0.051795132629446135,
      "VC@25": 0.11192209005006495,
      "VC@50": 0.209195794082182,
      "VC@200": 0.6770757005516382,
      "Recall@10": 0.1,
      "Recall@50": 0.26,
      "Spearman": 0.15646013933733094,
      "Tier0-AP": 1.0,
      "Tier01-AP": 1.0,
      "n_samples": 780
    },
    "2023-05": {
      "VC@20": 0.44712388602129494,
      "VC@100": 0.6564058082184514,
      "Recall@20": 0.35,
      "Recall@100": 0.29,
      "NDCG": 0.4515983176554995,
      "VC@10": 0.2629190954786862,
      "VC@25": 0.4546912581202236,
      "VC@50": 0.4982846518039878,
      "VC@200": 0.8474264662489507,
      "Recall@10": 0.4,
      "Recall@50": 0.26,
      "Spearman": 0.2475387157779006,
      "Tier0-AP": 0.9999999999999999,
      "Tier01-AP": 0.9999999999999999,
      "n_samples": 655
    }
  },
  "aggregate": {
    "mean": {
      "VC@20": 0.29472552679920366,
      "VC@100": 0.6134023460471697,
      "Recall@20": 0.19999999999999998,
      "Recall@100": 0.24250000000000002,
      "NDCG": 0.434632479976549,
      "VC@10": 0.19576718416733718,
      "VC@25": 0.31526016452422434,
      "VC@50": 0.48692997007946887,
      "VC@200": 0.8117345970081783,
      "Recall@10": 0.19166666666666668,
      "Recall@50": 0.23833333333333329,
      "Spearman": 0.19118311586806983,
      "Tier0-AP": 1.0,
      "Tier01-AP": 1.0,
      "n_samples": 617.8333333333334
    },
    "std": {
      "VC@20": 0.2034514364495514,
      "VC@100": 0.16505022946258363,
      "Recall@20": 0.11902380714238082,
      "Recall@100": 0.046569840025492894,
      "NDCG": 0.08900959056990156,
      "VC@10": 0.12639802938500053,
      "VC@25": 0.1923922689994134,
      "VC@50": 0.16119385229084338,
      "VC@200": 0.06866693601317882,
      "Recall@10": 0.11149240133549711,
      "Recall@50": 0.056248456768954014,
      "Spearman": 0.04291271070733161,
      "Tier0-AP": 1.6958936828758672e-16,
      "Tier01-AP": 1.6958936828758672e-16,
      "n_samples": 90.0803653535121
    },
    "min": {
      "VC@20": 0.022912073873217143,
      "VC@100": 0.2875709979445706,
      "Recall@20": 0.0,
      "Recall@100": 0.19,
      "NDCG": 0.2928577784363917,
      "VC@10": 0.01999251087401822,
      "VC@25": 0.05978733140382931,
      "VC@50": 0.209195794082182,
      "VC@200": 0.6702432502118044,
      "Recall@10": 0.0,
      "Recall@50": 0.14,