{
  "per_group": {
    "2025-06/aq1": {
      "n_branches": 2218,
      "n_binding": 306,
      "VC@50": 0.38283969601705303,
      "Recall@50": 0.10784313725490197,
      "Abs_SP@50": 0.3219158823051537,
      "NB12_Recall@50": 0.0,
      "NB12_Count@50": 0,
      "NB12_SP@50": 0.0,
      "NB6_Recall@50": 0.0,
      "NB24_Recall@50": 0.0,
      "VC@20": 0.0019073174210572385,
      "Recall@20": 0.006535947712418301,
      "Abs_SP@20": 0.001603793380946269,
      "NB12_Recall@20": 0.017857142857142856,
      "VC@100": 0.05683877115710477,
      "Recall@100": 0.05228758169934641,
      "Abs_SP@100": 0.04779364145499969,
      "NB12_Recall@100": 0.14285714285714285,
      "NDCG": 0.659711068249589,
      "Spearman": 0.08973137324414354,
      "cohort_contribution": {
        "established": {
          "count_in_top_k": 40,
          "sp_captured": 529085.9299999999
        },
        "history_dormant": {
          "count_in_top_k": 10,
          "sp_captured": 0.0
        },
        "history_zero": {
          "count_in_top_k": 0,
          "sp_captured": 0.0
        }
      }
    },
    "2025-06/aq2": {
      "n_branches": 2210,
      "n_binding": 367,
      "VC@50": 0.30353590460643337,
      "Recall@50": 0.08991825613079019,
      "Abs_SP@50": 0.24205434588489838,
      "NB12_Recall@50": 0.011904761904761904,
      "NB12_Count@50": 1,
      "NB12_SP@50": 4.394146890881821e-08,
      "NB6_Recall@50": 0.007751937984496124,
      "NB24_Recall@50": 0.0,
      "VC@20": 8.507240355554289e-08,
      "Recall@20": 0.005449591280653951,
      "Abs_SP@20": 6.784088696918063e-08,
      "NB12_Recall@20": 0.023809523809523808,
      "VC@100": 0.18187249016820467,
      "Recall@100": 0.0653950953678474,
      "Abs_SP@100": 0.14503400083493562,
      "NB12_Recall@100": 0.13095238095238096,
      "NDCG": 0.6891580327296029,
      "Spearman": 0.11302769594496444,
      "cohort_contribution": {
        "established": {
          "count_in_top_k": 40,
          "sp_captured": 677914.55
        },
        "history_dormant": {
          "count_in_top_k": 10,
          "sp_captured": 0.02
        },
        "history_zero": {
          "count_in_top_k": 0,
          "sp_captured": 0.0
        }
      }
    },
    "2025-06/aq3": {
      "n_branches": 1706,
      "n_binding": 294,
      "VC@50": 0.30543739314993457,
      "Recall@50": 0.10884353741496598,
      "Abs_SP@50": 0.25252022490930776,
      "NB12_Recall@50": 0.028169014084507043,
      "NB12_Count@50": 2,
      "NB12_SP@50": 0.014683902982395032,
      "NB6_Recall@50": 0.019417475728155338,
      "NB24_Recall@50": 0.0,
      "VC@20": 0.0020796403120683492,
      "Recall@20": 0.013605442176870748,
      "Abs_SP@20": 0.0017193416756152505,
      "NB12_Recall@20": 0.056338028169014086,
      "VC@100": 0.161370138683235,
      "Recall@100": 0.08163265306122448,
      "Abs_SP@100": 0.13341268825566982,
      "NB12_Recall@100": 0.19718309859154928,
      "NDCG": 0.6935776416284034,
      "Spearman": 0.12863713438296517,
      "cohort_contribution": {
        "established": {
          "count_in_top_k": 40,
          "sp_captured": 781578.0999999999
        },
        "history_dormant": {
          "count_in_top_k": 10,
          "sp_captured": 5351.49
        },
        "history_zero": {
          "count_in_top_k": 0,
          "sp_captured": 0.0
        }
      }
    }
  }
}