{
  "eval_config": {
    "eval_months": [
      "2020-09",
      "2020-11",
      "2021-01",
      "2021-03",
      "2021-05",
      "2021-07",
      "2021-09",
      "2021-11",
      "2022-03",
      "2022-06",
      "2022-09",
      "2022-12"
    ],
    "class_type": "onpeak",
    "period_type": "f0",
    "train_months": 10,
    "val_months": 2,
    "ev_scoring": true
  },
  "per_month": {
    "2020-09": {
      "EV-VC@100": 0.012493760611283983,
      "EV-VC@500": 0.08834213480097185,
      "EV-NDCG": 0.7656975312151004,
      "Spearman": 0.4293983928949964,
      "C-RMSE": 1601.0586396288647,
      "C-MAE": 723.8056361150373,
      "EV-VC@1000": 0.15421922587903125,
      "R-REC@500": 0.023905397828635506,
      "binding_rate": 0.06880021321438215,
      "n_samples": 285159,
      "n_binding": 19619
    },
    "2020-11": {
      "EV-VC@100": 0.010532385205007794,
      "EV-VC@500": 0.06611988297009193,
      "EV-NDCG": 0.7294442450287664,
      "Spearman": 0.41616312734499783,
      "C-RMSE": 2072.297810703184,
      "C-MAE": 771.1921771242216,
      "EV-VC@1000": 0.1508042451137781,
      "R-REC@500": 0.017020432453878197,
      "binding_rate": 0.09412261145902184,
      "n_samples": 267789,
      "n_binding": 25205
    },
    "2021-01": {
      "EV-VC@100": 0.0664147610047688,
      "EV-VC@500": 0.19444175522300966,
      "EV-NDCG": 0.7936175962373362,
      "Spearman": 0.4578600347399679,
      "C-RMSE": 2516.043227908262,
      "C-MAE": 898.3410213058129,
      "EV-VC@1000": 0.2543897367745,
      "R-REC@500": 0.02174424624652892,
      "binding_rate": 0.079072727408058,
      "n_samples": 268702,
      "n_binding": 21247
    },
    "2021-03": {
      "EV-VC@100": 0.030719554578849957,
      "EV-VC@500": 0.06775432303198707,
      "EV-NDCG": 0.6546644693077639,
      "Spearman": 0.3188533894908982,
      "C-RMSE": 6246.203111054649,
      "C-MAE": 2120.791687849745,
      "EV-VC@1000": 0.10879866440227091,
      "R-REC@500": 0.023598235089980664,
      "binding_rate": 0.07458172339206152,
      "n_samples": 270455,
      "n_binding": 20171
    },
    "2021-05": {
      "EV-VC@100": 0.0046993098708391565,
      "EV-VC@500": 0.08087433481652875,
      "EV-NDCG": 0.7707111975190387,
      "Spearman": 0.4425647120138157,
      "C-RMSE": 2557.7066466388214,
      "C-MAE": 1110.9004494639137,
      "EV-VC@1000": 0.19118892295517995,
      "R-REC@500": 0.016434308928076815,
      "binding_rate": 0.08079971651839833,
      "n_samples": 268095,
      "n_binding": 21662
    },
    "2021-07": {
      "EV-VC@100": 0.02492887454005898,
      "EV-VC@500": 0.0980347198947097,
      "EV-NDCG": 0.7279511539461503,
      "Spearman": 0.3728806628850542,
      "C-RMSE": 3000.7374276530522,
      "C-MAE": 1122.9272861408938,
      "EV-VC@1000": 0.17215953519227886,
      "R-REC@500": 0.019020404518462295,
      "binding_rate": 0.08276945250281786,
      "n_samples": 270595,
      "n_binding": 22397
    },
    "2021-09": {
      "EV-VC@100": 0.048628130036978974,
      "EV-VC@500": 0.1717415175375636,
      "EV-NDCG": 0.768740202886822,
      "Spearman": 0.4302810875958399,
      "C-RMSE": 3114.5057999450373,
      "C-MAE": 1129.250088505475,
      "EV-VC@1000": 0.2820150490717977,
      "R-REC@500": 0.02522935779816514,
      "binding_rate": 0.06561944362775982,
      "n_samples": 285708,
      "n_binding": 18748
    },
    "2021-11": {
      "EV-VC@100": 0.07137310723557061,
      "EV-VC@500": 0.20883968937752811,
      "EV-NDCG": 0.8094696109026693,
      "Spearman": 0.4044936084746849,
      "C-RMSE": 3203.158047750679,
      "C-MAE": 1172.418577739329,
      "EV-VC@1000": 0.26677829979652584,
      "R-REC@500": 0.015557896442751802,
      "binding_rate": 0.09238105219031649,
      "n_samples": 267176,
      "n_binding": 24682
    },
    "2022-03": {
      "EV-VC@100": 0.0413939418762953,
      "EV-VC@500": 0.21066485722606965,
      "EV-NDCG": 0.7079976367809058,
      "Spearman": 0.35558756466373365,
      "C-RMSE": 5688.961891954695,
      "C-MAE": 1727.8236089822376,
      "EV-VC@1000": 0.2881886410079213,
      "R-REC@500": 0.021631676853574276,
      "binding_rate": 0.06992370270441023,
      "n_samples": 269079,
      "n_binding": 18815
    },
    "2022-06": {
      "EV-VC@100": 0.03574602080649019,
      "EV-VC@500": 0.1311171802052397,
      "EV-NDCG": 0.7449315018900055,
      "Spearman": 0.3554687389822103,
      "C-RMSE": 5131.786463775885,
      "C-MAE": 2145.508927405745,
      "EV-VC@1000": 0.15058520934825773,
      "R-REC@500": 0.021144220423819995,
      "binding_rate": 0.0798221113633648,
      "n_samples": 267808,
      "n_binding": 21377
    },
    "2022-09": {
      "EV-VC@100": 0.002383142127818278,
      "EV-VC@500": 0.032810363454389736,
      "EV-NDCG": 0.69231764938887,
      "Spearman": 0.3814868953719459,
      "C-RMSE": 2696.229020228496,
      "C-MAE": 1202.1302923099543,
      "EV-VC@1000": 0.08928816034788259,
      "R-REC@500": 0.012271554221309317,
      "binding_rate": 0.06629122471353058,
      "n_samples": 286418,
      "n_binding": 18987
    },
    "2022-12": {
      "EV-VC@100": 0.013881952452846813,
      "EV-VC@500": 0.06480296139170758,
      "EV-NDCG": 0.7142007559105007,
      "Spearman": 0.34041055689666716,
      "C-RMSE": 2975.7106427578433,
      "C-MAE": 1192.7184728906873,
      "EV-VC@1000": 0.1287625523875235,
      "R-REC@500": 0.012585499316005472,
      "binding_rate": 0.08455102748968654,
      "n_samples": 259370,
      "n_binding": 21930
    }
  },
  "aggregate": {
    "mean": {
      "EV-VC@100": 0.030266245028900737,
      "EV-VC@500": 0.11796197666081644,
      "EV-NDCG": 0.7399786292511608,
      "Spearman": 0.3921207309462343,
      "C-RMSE": 3400.3665608332885,
      "C-MAE": 1276.484018819421,
      "EV-VC@1000": 0.18643152018974563,
      "R-REC@500": 0.019178602510099035,
      "binding_rate": 0.07822791721531736,
      "n_samples": 272196.1666666667,
      "n_binding": 21236.666666666668
    },
    "std": {
      "EV-VC@100": 0.022213100135729077,
      "EV-VC@500": 0.06034763923070447,
      "EV-NDCG": 0.04248219036742485,
      "Spearman": 0.0424721065013035,
      "C-RMSE": 1407.8382237263318,
      "C-MAE": 453.8339180545702,
      "EV-VC@1000": 0.06656592246516095,
      "R-REC@500": 0.004197726081447826,
      "binding_rate": 0.009110541773083096,
      "n_samples": 8294.565859980592,
      "n_binding": 2051.771727610609
    },
    "min": {
      "EV-VC@100": 0.002383142127818278,
      "EV-VC@500": 0.032810363454389736,
      "EV-NDCG": 0.6546644693077639,
      "Spearman": 0.3188533894908982,
      "C-RMSE": 1601.0586396288647,
      "C-MAE": 723.8056361150373,
      "EV-VC@1000": 0.08928816034788259,
      "R-REC@500": 0.012271554221309317,
      "binding_rate": 0.06561944362775982,
      "n_samples": 259370.0,
      "n_binding": 18748.0
    },
    "max": {
      "EV-VC@100": 0.07137310723557061,
      "EV-VC@500": 0.21066485722606965,
      "EV-NDCG": 0.8094696109026693,
      "Spearman": 0.4578600347399679,
      "C-RMSE": 6246.203111054649,
      "C-MAE": 2145.508927405745,
      "EV-VC@1000": 0.2881886410079213,
      "R-REC@500": 0.02522935779816514,
      "binding_rate": 0.09412261145902184,
      "n_samples": 286418.0,
      "n_binding": 25205.0
    },
    "bottom_2_mean": {
      "EV-VC@100": 0.0035412259993287173,
      "EV-VC@500": 0.04880666242304865,
      "EV-NDCG": 0.673491059348317,
      "Spearman": 0.3296319731937827,
      "C-RMSE": 5967.582501504672,
      "C-MAE": 2133.150307627745,
      "EV-VC@1000": 0.09904341237507674,
      "R-REC@500": 0.012428526768657393,
      "binding_rate": 0.0659553341706452,
      "n_samples": 263273.0,
      "n_binding": 18781.5
    }
  },
  "n_months": 12,
  "n_months_requested": 12,
  "skipped_months": [],
  "threshold_per_month": {
    "2020-09": 0.8324120603015076,
    "2020-11": 0.8077889447236182,
    "2021-01": 0.8816582914572865,
    "2021-03": 0.8767336683417086,
    "2021-05": 0.8225628140703518,