{
  "eval_config": {
    "eval_groups": [
      "2022-06/aq1",
      "2022-06/aq2",
      "2022-06/aq3",
      "2022-06/aq4",
      "2023-06/aq1",
      "2023-06/aq2",
      "2023-06/aq3",
      "2023-06/aq4",
      "2024-06/aq1",
      "2024-06/aq2",
      "2024-06/aq3",
      "2024-06/aq4"
    ],
    "mode": "eval"
  },
  "per_month": {
    "2022-06/aq1": {
      "VC@20": 0.21676034267056798,
      "VC@100": 0.7455322028351204,
      "Recall@20": 0.25,
      "Recall@100": 0.52,
      "NDCG": 0.6133352871272183,
      "VC@10": 0.09818306719373675,
      "VC@25": 0.23162371651354025,
      "VC@50": 0.4607722935138375,
      "VC@200": 0.8722017252054866,
      "Recall@10": 0.2,
      "Recall@50": 0.42,
      "Spearman": 0.3475839321416898,
      "Tier0-AP": 0.36586940847336025,
      "Tier01-AP": 0.5618558800027575,
      "n_samples": 325
    },
    "2022-06/aq2": {
      "VC@20": 0.4108155111514896,
      "VC@100": 0.8341552970262637,
      "Recall@20": 0.5,
      "Recall@100": 0.58,
      "NDCG": 0.6615652198072383,
      "VC@10": 0.12025294089320938,
      "VC@25": 0.5156565429619517,
      "VC@50": 0.6577474091347332,
      "VC@200": 0.9245385490769837,
      "Recall@10": 0.0,
      "Recall@50": 0.54,
      "Spearman": 0.4086456811393572,
      "Tier0-AP": 0.48028310032245436,
      "Tier01-AP": 0.6025807039830857,
      "n_samples": 302
    },
    "2022-06/aq3": {
      "VC@20": 0.569219472820618,
      "VC@100": 0.8781390864578332,
      "Recall@20": 0.25,
      "Recall@100": 0.43,
      "NDCG": 0.3824906038958332,
      "VC@10": 0.052598378119348546,
      "VC@25": 0.5992849510489593,
      "VC@50": 0.7373446395492392,
      "VC@200": 0.9748733596619998,
      "Recall@10": 0.1,
      "Recall@50": 0.38,
      "Spearman": 0.2581737246341413,
      "Tier0-AP": 0.33211092910478585,
      "Tier01-AP": 0.3931591908341183,
      "n_samples": 262
    },
    "2022-06/aq4": {
      "VC@20": 0.2875685022001466,
      "VC@100": 0.7966235716463094,
      "Recall@20": 0.5,
      "Recall@100": 0.44,
      "NDCG": 0.7301132802538283,
      "VC@10": 0.22680093338225385,
      "VC@25": 0.3166907263667669,
      "VC@50": 0.6675580831542874,
      "VC@200": 0.9088484331465226,
      "Recall@10": 0.4,
      "Recall@50": 0.54,
      "Spearman": 0.37884734039299506,
      "Tier0-AP": 0.4668545788022075,
      "Tier01-AP": 0.584088461554895,
      "n_samples": 380
    },
    "2023-06/aq1": {
      "VC@20": 0.20574963073115016,
      "VC@100": 0.5263905829996823,
      "Recall@20": 0.2,
      "Recall@100": 0.53,
      "NDCG": 0.6350179261178467,
      "VC@10": 0.18124828922013164,
      "VC@25": 0.28580247555767907,
      "VC@50": 0.42320348038276373,
      "VC@200": 0.9353418734146984,
      "Recall@10": 0.2,
      "Recall@50": 0.48,
      "Spearman": 0.3894480592382853,
      "Tier0-AP": 0.48087755769520785,
      "Tier01-AP": 0.566742189262417,
      "n_samples": 276
    },
    "2023-06/aq2": {
      "VC@20": 0.63373428577008,
      "VC@100": 0.8384380656979398,
      "Recall@20": 0.65,
      "Recall@100": 0.61,
      "NDCG": 0.6856636391038469,
      "VC@10": 0.4656005067594921,
      "VC@25": 0.6368133265188778,
      "VC@50": 0.7668499970430191,
      "VC@200": 0.8856574016835562,
      "Recall@10": 0.4,
      "Recall@50": 0.6,
      "Spearman": 0.35948142082650264,
      "Tier0-AP": 0.5537022195982197,
      "Tier01-AP": 0.6318329638612968,
      "n_samples": 410
    },
    "2023-06/aq3": {
      "VC@20": 0.22279473478570788,
      "VC@100": 0.5088762374684589,
      "Recall@20": 0.35,
      "Recall@100": 0.56,
      "NDCG": 0.5509325249721428,
      "VC@10": 0.12268370912089457,
      "VC@25": 0.2459440269710568,
      "VC@50": 0.3261490360142165,
      "VC@200": 0.7539963619337415,
      "Recall@10": 0.1,
      "Recall@50": 0.38,
      "Spearman": 0.4127719592443788,
      "Tier0-AP": 0.5856746651335791,
      "Tier01-AP": 0.6436399121902224,
      "n_samples": 504
    },
    "2023-06/aq4": {
      "VC@20": 0.15924787716124864,
      "VC@100": 0.4729454718743387,
      "Recall@20": 0.25,
      "Recall@100": 0.53,
      "NDCG": 0.5364205679689654,
      "VC@10": 0.06252245170949935,
      "VC@25": 0.1772074026163994,
      "VC@50": 0.4007491052221504,
      "VC@200": 0.5289321613500679,
      "Recall@10": 0.0,
      "Recall@50": 0.48,
      "Spearman": 0.3378461703961549,
      "Tier0-AP": 0.4790897334801541,
      "Tier01-AP": 0.5964751605568632,
      "n_samples": 459
    },
    "2024-06/aq1": {
      "VC@20": 0.2585519585962936,
      "VC@100": 0.6908441960723548,
      "Recall@20": 0.3,
      "Recall@100": 0.58,
      "NDCG": 0.6269007704850194,
      "VC@10": 0.08707410266369245,
      "VC@25": 0.28995058818287955,
      "VC@50": 0.4302550531710504,
      "VC@200": 0.835730270202997,
      "Recall@10": 0.1,
      "Recall@50": 0.48,
      "Spearman": 0.40458578243444127,
      "Tier0-AP": 0.4682617438633412,
      "Tier01-AP": 0.5999201511203721,
      "n_samples": 425
    },
    "2024-06/aq2": {
      "VC@20": 0.31820917835290025,
      "VC@100": 0.6395351477657515,
      "Recall@20": 0.3,
      "Recall@100": 0.45,
      "NDCG": 0.74626888607851,
      "VC@10": 0.16991404322552373,
      "VC@25": 0.3444854784741867,
      "VC@50": 0.4840670264469219,
      "VC@200": 0.7737595742406073,
      "Recall@10": 0.3,
      "Recall@50": 0.36,
      "Spearman": 0.39776775440117884,
      "Tier0-AP": 0.4197433239506913,
      "Tier01-AP": 0.6060778410642438,
      "n_samples": 483
    },
    "2024-06/aq3": {
      "VC@20": 0.25186697857833845,
      "VC@100": 0.7592130370646517,
      "Recall@20": 0.15,
      "Recall@100": 0.52,
      "NDCG": 0.4812324655439806,
      "VC@10": 0.17019944949692503,
      "VC@25": 0.3451525897798371,
      "VC@50": 0.42809429934109827,
      "VC@200": 0.9030374911709717,
      "Recall@10": 0.2,
      "Recall@50": 0.44,
      "Spearman": 0.43273544964319627,
      "Tier0-AP": 0.4509725365126419,
      "Tier01-AP": 0.586451806957975,
      "n_samples": 315
    },
    "2024-06/aq4": {
      "VC@20": 0.10543228658356785,
      "VC@100": 0.46527592259989026,
      "Recall@20": 0.05,
      "Recall@100": 0.49,
      "NDCG": 0.546168880953515,
      "VC@10": 0.0452075601643594,
      "VC@25": 0.17185055422815868,
      "VC@50": 0.3295440545858632,
      "VC@200": 0.7035000667669934,
      "Recall@10": 0.0,
      "Recall@50": 0.42,
      "Spearman": 0.3081563207907697,
      "Tier0-AP": 0.4452605051892272,
      "Tier01-AP": 0.5416710524697605,
      "n_samples": 476
    }
  },
  "aggregate": {
    "mean": {
      "VC@20": 0.3033292299501758,
      "VC@100": 0.6796640682923828,
      "Recall@20": 0.31249999999999994,
      "Recall@100": 0.5200000000000001,
      "NDCG": 0.5996758376923287,
      "VC@10": 0.15019045266242223,
      "VC@25": 0.3467051982683578,
      "VC@50": 0.5093612064632651,
      "VC@200": 0.8333681056545522,
      "Recall@10": 0.16666666666666666,
      "Recall@50": 0.46,
      "Spearman": 0.36967029960692427,
      "Tier0-AP": 0.4607250251771559,
      "Tier01-AP": 0.5762079428215007,
      "n_samples": 384.75
    },
    "std": {
      "VC@20": 0.15274324734574599,
      "VC@100": 0.14603271749249733,
      "Recall@20": 0.1595893166850463,
      "Recall@100": 0.05582711408148074,
      "NDCG": 0.10097148066544614,
      "VC@10": 0.10942244347250162,
      "VC@25": 0.1491761985301925,
      "VC@50": 0.14897009248768386,
      "VC@200": 0.12004629031785621,
      "Recall@10": 0.13743685418725535,
      "Recall@50": 0.07071067811865477,
      "Spearman": 0.04800853590587569,
      "Tier0-AP": 0.06647705501585843,
      "Tier01-AP": 0.06148457779051603,
      "n_samples": 82.74974823728066
    },
    "min": {
      "VC@20": 0.10543228658356785,
      "VC@100": 0.46527592259989026,
      "Recall@20": 0.05,
      "Recall@100": 0.43,
      "NDCG": 0.3824906038958332,
      "VC@10": 0.0452075601643594,
      "VC@25": 0.17185055422815868,
      "VC@50": 0.3261490360142165,
      "VC@200": 0.5289321613500679,