{
  "per_group": {
    "2022-06/aq1": {
      "n_branches": 2427,
      "n_binding": 342,
      "VC@20": 0.11328658892734154,
      "Recall@20": 0.03216374269005848,
      "Abs_SP@20": 0.1055773756864034,
      "NB12_Recall@20": 0.0,
      "VC@50": 0.2347573777239999,
      "Recall@50": 0.09064327485380116,
      "Abs_SP@50": 0.2187820120439676,
      "NB12_Recall@50": 0.0,
      "VC@100": 0.3768336276221042,
      "Recall@100": 0.1871345029239766,
      "Abs_SP@100": 0.35118989680451984,
      "NB12_Recall@100": 0.0,
      "NDCG": 0.8141885749015131,
      "Spearman": 0.33417054889517916,
      "cohort_contribution": {
        "established": {
          "count_in_top_k": 50,
          "sp_captured": 778775.96
        },
        "history_dormant": {
          "count_in_top_k": 0,
          "sp_captured": 0.0
        },
        "history_zero": {
          "count_in_top_k": 0,
          "sp_captured": 0.0
        }
      }
    },
    "2022-06/aq2": {
      "n_branches": 2225,
      "n_binding": 408,
      "VC@20": 0.2334217514623181,
      "Recall@20": 0.029411764705882353,
      "Abs_SP@20": 0.21067084212519974,
      "NB12_Recall@20": 0.0,
      "VC@50": 0.33277743232830376,
      "Recall@50": 0.09068627450980392,
      "Abs_SP@50": 0.30034262646762333,
      "NB12_Recall@50": 0.0,
      "VC@100": 0.47031281356609905,
      "Recall@100": 0.15931372549019607,
      "Abs_SP@100": 0.4244728517180932,
      "NB12_Recall@100": 0.0,
      "NDCG": 0.8390377568724886,
      "Spearman": 0.29819431077973646,
      "cohort_contribution": {
        "established": {
          "count_in_top_k": 50,
          "sp_captured": 971954.98
        },
        "history_dormant": {
          "count_in_top_k": 0,
          "sp_captured": 0.0
        },
        "history_zero": {
          "count_in_top_k": 0,
          "sp_captured": 0.0
        }
      }
    },
    "2022-06/aq3": {
      "n_branches": 1953,
      "n_binding": 317,
      "VC@20": 0.3644411772837688,
      "Recall@20": 0.03785488958990536,
      "Abs_SP@20": 0.32004266322393743,
      "NB12_Recall@20": 0.0,
      "VC@50": 0.4779254556360305,
      "Recall@50": 0.0946372239747634,
      "Abs_SP@50": 0.4197015737471695,
      "NB12_Recall@50": 0.0,
      "VC@100": 0.6094564543440678,
      "Recall@100": 0.19242902208201892,
      "Abs_SP@100": 0.5352086397619608,
      "NB12_Recall@100": 0.0,
      "NDCG": 0.826389022127511,
      "Spearman": 0.2929282492494798,
      "cohort_contribution": {
        "established": {
          "count_in_top_k": 50,
          "sp_captured": 963521.0700000002
        },
        "history_dormant": {
          "count_in_top_k": 0,
          "sp_captured": 0.0
        },
        "history_zero": {
          "count_in_top_k": 0,
          "sp_captured": 0.0
        }
      }
    },
    "2022-06/aq4": {
      "n_branches": 2395,
      "n_binding": 388,
      "VC@20": 0.20154800697160388,
      "Recall@20": 0.03865979381443299,
      "Abs_SP@20": 0.18597132330639507,
      "NB12_Recall@20": 0.0,
      "VC@50": 0.3748467447455959,
      "Recall@50": 0.09278350515463918,
      "Abs_SP@50": 0.34587662862503277,
      "NB12_Recall@50": 0.0,
      "VC@100": 0.45054831465741135,
      "Recall@100": 0.15721649484536082,
      "Abs_SP@100": 0.415727585448711,
      "NB12_Recall@100": 0.0,
      "NDCG": 0.8364776736768772,
      "Spearman": 0.2613199292029595,
      "cohort_contribution": {
        "established": {
          "count_in_top_k": 50,
          "sp_captured": 935283.9400000002
        },
        "history_dormant": {
          "count_in_top_k": 0,
          "sp_captured": 0.0
        },
        "history_zero": {
          "count_in_top_k": 0,
          "sp_captured": 0.0
        }
      }
    },
    "2023-06/aq1": {
      "n_branches": 2512,
      "n_binding": 327,
      "VC@20": 0.20108128021461127,
      "Recall@20": 0.045871559633027525,
      "Abs_SP@20": 0.1811907447830881,
      "NB12_Recall@20": 0.0,
      "VC@50": 0.3537366279597174,
      "Recall@50": 0.12232415902140673,
      "Abs_SP@50": 0.31874574803120864,
      "NB12_Recall@50": 0.0,
      "VC@100": 0.4272004784748717,
      "Recall@100": 0.19877675840978593,
      "Abs_SP@100": 0.38494270965422817,
      "NB12_Recall@100": 0.0,
      "NDCG": 0.8225217995647447,
      "Spearman": 0.30966647430482164,
      "cohort_contribution": {
        "established": {
          "count_in_top_k": 50,
          "sp_captured": 626879.36
        },
        "history_dormant": {
          "count_in_top_k": 0,
          "sp_captured": 0.0
        },
        "history_zero": {
          "count_in_top_k": 0,
          "sp_captured": 0.0
        }
      }
    },
    "2023-06/aq2": {
      "n_branches": 2278,
      "n_binding": 422,
      "VC@20": 0.3103432947073258,
      "Recall@20": 0.04265402843601896,
      "Abs_SP@20": 0.2906422000166002,
      "NB12_Recall@20": 0.0,
      "VC@50": 0.56896254345635,
      "Recall@50": 0.0995260663507109,
      "Abs_SP@50": 0.5328438802363804,
      "NB12_Recall@50": 0.0,
      "VC@100": 0.622398277887367,
      "Recall@100": 0.17535545023696683,
      "Abs_SP@100": 0.5828874277510128,
      "NB12_Recall@100": 0.0,
      "NDCG": 0.8530813872686162,
      "Spearman": 0.33079445710147215,
      "cohort_contribution": {
        "established": {
          "count_in_top_k": 50,
          "sp_captured": 1948655.8200000003
        },
        "history_dormant": {
          "count_in_top_k": 0,
          "sp_captured": 0.0
        },
        "history_zero": {
          "count_in_top_k": 0,
          "sp_captured": 0.0
        }
      }
    },
    "2023-06/aq3": {
      "n_branches": 2274,
      "n_binding": 338,
      "VC@20": 0.22736834553011023,
      "Recall@20": 0.05917159763313609,
      "Abs_SP@20": 0.18781891873359333,
      "NB12_Recall@20": 0.0,
      "VC@50": 0.29697232610215224,
      "Recall@50": 0.11834319526627218,
      "Abs_SP@50": 0.245315683906051,
      "NB12_Recall@50": 0.0,
      "VC@100": 0.38195761825651686,
      "Recall@100": 0.20710059171597633,
      "Abs_SP@100": 0.31551826924604714,
      "NB12_Recall@100": 0.0,
      "NDCG": 0.8591388369490764,
      "Spearman": 0.3371404571887187,
      "cohort_contribution": {
        "established": {
          "count_in_top_k": 50,
          "sp_captured": 718233.13
        },
        "history_dormant": {
          "count_in_top_k": 0,
          "sp_captured": 0.0
        },
        "history_zero": {
          "count_in_top_k": 0,
          "sp_captured": 0.0
        }
      }
    },
    "2023-06/aq4": {
      "n_branches": 2382,
      "n_binding": 423,
      "VC@20": 0.31667251300971544,
      "Recall@20": 0.037825059101654845,
      "Abs_SP@20": 0.2862115898086936,
      "NB12_Recall@20": 0.0,
      "VC@50": 0.42844828093908355,
      "Recall@50": 0.09456264775413711,
      "Abs_SP@50": 0.38723557808320025,
      "NB12_Recall@50": 0.0,
      "VC@100": 0.5344621885998956,
      "Recall@100": 0.16784869976359337,
      "Abs_SP@100": 0.4830519429613927,
      "NB12_Recall@100": 0.0,
      "NDCG": 0.8639144385271016,
      "Spearman": 0.326085927548936,
      "cohort_contribution": {
        "established": {
          "count_in_top_k": 50,
          "sp_captured": 1056327.5999999999
        },
        "history_dormant": {
          "count_in_top_k": 0,
          "sp_captured": 0.0
        },
        "history_zero": {
          "count_in_top_k": 0,
          "sp_captured": 0.0
        }
      }
    },
    "2024-06/aq1": {
      "n_branches": 2339,
      "n_binding": 385,
      "VC@20": 0.15832747093755553,
      "Recall@20": 0.04415584415584416,
      "Abs_SP@20": 0.1471563593911785,
      "NB12_Recall@20": 0.0,
      "VC@50": 0.2538082872051097,
      "Recall@50": 0.0987012987012987,
      "Abs_SP@50": 0.23590033559713233,
      "NB12_Recall@50": 0.0,
      "VC@100": 0.3902144703358211,
      "Recall@100": 0.1974025974025974,
      "Abs_SP@100": 0.3626821075100981,
      "NB12_Recall@100": 0.0,
      "NDCG": 0.8733094382342828,