{
  "baseline_version": "v0c",
  "gates": {
    "VC@50": {
      "passed": false,
      "wins": 1,
      "n_groups": 3,
      "candidate_mean": 0.33551419613079597,
      "baseline_mean": 0.35470582397473455
    },
    "Recall@50": {
      "passed": false,
      "wins": 0,
      "n_groups": 3,
      "candidate_mean": 0.1086009941366798,
      "baseline_mean": 0.12294303128456953
    },
    "Abs_SP@50": {
      "passed": false,
      "wins": 1,
      "n_groups": 3,
      "candidate_mean": 0.2762479520677527,
      "baseline_mean": 0.29190216921319806
    },
    "VC@100": {
      "passed": false,
      "wins": 0,
      "n_groups": 3,
      "candidate_mean": 0.44018157487682363,
      "baseline_mean": 0.4658480507621141
    },
    "Recall@100": {
      "passed": false,
      "wins": 0,
      "n_groups": 3,
      "candidate_mean": 0.1847988968521105,
      "baseline_mean": 0.21493120408926514
    },
    "Abs_SP@100": {
      "passed": false,
      "wins": 0,
      "n_groups": 3,
      "candidate_mean": 0.3620462366497954,
      "baseline_mean": 0.38297206173375403
    }
  }
}