{
  "version": "v2a_v16plus",
  "features": [
    "da_rank_value",
    "shadow_price_da",
    "bf_6",
    "bf_12",
    "bf_15",
    "bfo_6",
    "bfo_12",
    "bf_combined_6",
    "bf_combined_12"
  ],
  "feature_groups": "history",
  "monotone": false,
  "feature_importance_dev_averaged": {
    "da_rank_value": 0.10701315839104893,
    "shadow_price_da": 0.07577039593366798,
    "bf_6": 0.040728984580340064,
    "bf_12": 0.08424283617676061,
    "bf_15": 0.05449995641002178,
    "bfo_6": 0.01822672914846665,
    "bfo_12": 0.22100904545578132,
    "bf_combined_6": 0.060993840877416175,
    "bf_combined_12": 0.33751505302649654
  },
  "feature_importance_all_averaged": {
    "da_rank_value": 0.1162377552225368,
    "shadow_price_da": 0.06884245845794283,
    "bf_6": 0.04457046904430629,
    "bf_12": 0.10765699626833229,
    "bf_15": 0.04546743530463329,
    "bfo_6": 0.016741560712259046,
    "bfo_12": 0.16537129304921813,
    "bf_combined_6": 0.064653201663671,
    "bf_combined_12": 0.37045883027710036
  },
  "feature_importance_per_split": {
    "2022-06": {
      "da_rank_value": 0.13723379585747103,
      "shadow_price_da": 0.13320198819927498,
      "bf_6": 0.01061158322871795,
      "bf_12": 0.08900690205671691,
      "bf_15": 0.06107228152691343,
      "bfo_6": 0.03848241620367575,
      "bfo_12": 0.019908403611101223,
      "bf_combined_6": 0.14123355854045672,
      "bf_combined_12": 0.369249070775672
    },
    "2023-06": {
      "da_rank_value": 0.11760805070249924,
      "shadow_price_da": 0.057956150257041116,
      "bf_6": 0.014751389998484658,
      "bf_12": 0.026132393126492685,
      "bf_15": 0.029644423382929167,
      "bfo_6": 0.013848840562565757,
      "bfo_12": 0.47422877073511466,
      "bf_combined_6": 0.04457637179149757,
      "bf_combined_12": 0.22125360944337513
    },
    "2024-06": {
      "da_rank_value": 0.0793954614844473,
      "shadow_price_da": 0.05403927776784211,
      "bf_6": 0.08074782901641231,
      "bf_12": 0.1283354190468543,
      "bf_15": 0.07050395965014922,
      "bfo_6": 0.009018464968674249,
      "bfo_12": 0.1424435054169172,
      "bf_combined_6": 0.023767253146661407,
      "bf_combined_12": 0.4117488295020419
    },
    "2025-06": {
      "da_rank_value": 0.13545272808892153,
      "shadow_price_da": 0.054411461304585705,
      "bf_6": 0.052572338512442585,
      "bf_12": 0.15642904116822537,
      "bf_15": 0.026652559042220723,
      "bfo_6": 0.013647932695224374,
      "bfo_12": 0.04947702445750263,
      "bf_combined_6": 0.07227570479315003,
      "bf_combined_12": 0.43908120993772703
    }
  },
  "walltimes": {
    "2022-06": 0.4478023052215576,
    "2023-06": 0.5387957096099854,
    "2024-06": 0.6312041282653809,
    "2025-06": 0.7389552593231201
  },
  "n_train_rows": {
    "2022-06": 31375,
    "2023-06": 40375,
    "2024-06": 49821,
    "2025-06": 58363
  }
}