{
  "eval_config": {
    "eval_months": [
      "2020-09",
      "2020-12",
      "2021-03",
      "2021-06",
      "2021-09",
      "2021-12",
      "2022-03",
      "2022-06",
      "2022-09",
      "2022-12",
      "2023-03",
      "2023-05"
    ],
    "class_type": "onpeak",
    "period_type": "f0",
    "train_months": 8,
    "val_months": 0,
    "mode": "eval"
  },
  "per_month": {
    "2020-09": {
      "VC@20": 0.3628312071985419,
      "VC@100": 0.5254571431542693,
      "Recall@20": 0.3,
      "Recall@100": 0.32,
      "NDCG": 0.8563920427183465,
      "VC@10": 0.3439846127452295,
      "VC@25": 0.36485400577587634,
      "VC@50": 0.3900961119595865,
      "VC@200": 0.634534128627734,
      "Recall@10": 0.4,
      "Recall@50": 0.18,
      "Spearman": 0.09094765157185764,
      "Tier0-AP": 0.30859472544204475,
      "Tier01-AP": 0.4670559988366367,
      "n_samples": 715
    },
    "2020-12": {
      "VC@20": 0.5438098646534792,
      "VC@100": 0.621847985915958,
      "Recall@20": 0.3,
      "Recall@100": 0.23,
      "NDCG": 0.8418533326477936,
      "VC@10": 0.5198648976209586,
      "VC@25": 0.5465069645019011,
      "VC@50": 0.5556945769692221,
      "VC@200": 0.681712799008098,
      "Recall@10": 0.5,
      "Recall@50": 0.14,
      "Spearman": 0.015936663430123232,
      "Tier0-AP": 0.2562700781735212,
      "Tier01-AP": 0.445460320071551,
      "n_samples": 550
    },
    "2021-03": {
      "VC@20": 0.4805669212492114,
      "VC@100": 0.5380052353306666,
      "Recall@20": 0.3,
      "Recall@100": 0.15,
      "NDCG": 0.8758719136074389,
      "VC@10": 0.478971356888064,
      "VC@25": 0.48358419378518397,
      "VC@50": 0.5238144000635666,
      "VC@200": 0.7187649677959984,
      "Recall@10": 0.5,
      "Recall@50": 0.22,
      "Spearman": 0.1402965552717923,
      "Tier0-AP": 0.2751455866327891,
      "Tier01-AP": 0.471964182831226,
      "n_samples": 669
    },
    "2021-06": {
      "VC@20": 0.44575705701176777,
      "VC@100": 0.5531512843434707,
      "Recall@20": 0.3,
      "Recall@100": 0.25,
      "NDCG": 0.6655965222308856,
      "VC@10": 0.40952466786583486,
      "VC@25": 0.4500074349283661,
      "VC@50": 0.49372358018822754,
      "VC@200": 0.6492372509657729,
      "Recall@10": 0.4,
      "Recall@50": 0.16,
      "Spearman": 0.1692553046205466,
      "Tier0-AP": 0.29447454550645014,
      "Tier01-AP": 0.48089475243494073,
      "n_samples": 556
    },
    "2021-09": {
      "VC@20": 0.41518103380974125,
      "VC@100": 0.5228891322376813,
      "Recall@20": 0.3,
      "Recall@100": 0.27,
      "NDCG": 0.5459052046820063,
      "VC@10": 0.39050543452984837,
      "VC@25": 0.41589239931994443,
      "VC@50": 0.4486267554060235,
      "VC@200": 0.7031543755392774,
      "Recall@10": 0.4,
      "Recall@50": 0.22,
      "Spearman": 0.11149149965375753,
      "Tier0-AP": 0.29117746411060935,
      "Tier01-AP": 0.46304458907827417,
      "n_samples": 621
    },
    "2021-12": {
      "VC@20": 0.3380774943045754,
      "VC@100": 0.4566104220367934,
      "Recall@20": 0.15,
      "Recall@100": 0.28,
      "NDCG": 0.789922700255086,
      "VC@10": 0.30983875668026245,
      "VC@25": 0.33975337279832396,
      "VC@50": 0.3713756077114362,
      "VC@200": 0.6013427194868903,
      "Recall@10": 0.2,
      "Recall@50": 0.14,
      "Spearman": 0.1260002226333611,
      "Tier0-AP": 0.28067400113731295,
      "Tier01-AP": 0.49331563844446497,
      "n_samples": 448
    },
    "2022-03": {
      "VC@20": 0.32017640382080675,
      "VC@100": 0.4540606789777406,
      "Recall@20": 0.2,
      "Recall@100": 0.19,
      "NDCG": 0.7988350569073831,
      "VC@10": 0.29632259300388636,
      "VC@25": 0.3244830864715784,
      "VC@50": 0.3555875353658056,
      "VC@200": 0.5367253902277707,
      "Recall@10": 0.2,
      "Recall@50": 0.14,
      "Spearman": 0.13203246360375298,
      "Tier0-AP": 0.2742833004254021,
      "Tier01-AP": 0.4767858386031415,
      "n_samples": 717
    },
    "2022-06": {
      "VC@20": 0.29992719799326995,
      "VC@100": 0.39187513810713653,
      "Recall@20": 0.15,
      "Recall@100": 0.14,
      "NDCG": 0.8170334308765594,
      "VC@10": 0.28827255378089484,
      "VC@25": 0.300717789574361,
      "VC@50": 0.3076903651834176,
      "VC@200": 0.6329961707435564,
      "Recall@10": 0.2,
      "Recall@50": 0.08,
      "Spearman": 0.11855919307826635,
      "Tier0-AP": 0.2294803388847912,
      "Tier01-AP": 0.4312910806364619,
      "n_samples": 578
    },
    "2022-09": {
      "VC@20": 0.27484930090886717,
      "VC@100": 0.4103356598725982,
      "Recall@20": 0.2,
      "Recall@100": 0.14,
      "NDCG": 0.8175949558728497,
      "VC@10": 0.24051150679037525,
      "VC@25": 0.3052263671928454,
      "VC@50": 0.38044998183221923,
      "VC@200": 0.6056380780411353,
      "Recall@10": 0.1,
      "Recall@50": 0.2,
      "Spearman": 0.13372884754063702,
      "Tier0-AP": 0.2493701899205191,
      "Tier01-AP": 0.4840219224524093,
      "n_samples": 600
    },
    "2022-12": {
      "VC@20": 0.2673835252015168,
      "VC@100": 0.39320529028726786,
      "Recall@20": 0.2,
      "Recall@100": 0.18,
      "NDCG": 0.7353098129077167,
      "VC@10": 0.23995335740690754,
      "VC@25": 0.2721116250412172,
      "VC@50": 0.3704236040708097,
      "VC@200": 0.6903798008379248,
      "Recall@10": 0.2,
      "Recall@50": 0.18,
      "Spearman": 0.022064028954719556,
      "Tier0-AP": 0.21635766881210464,
      "Tier01-AP": 0.41036523823882026,
      "n_samples": 525
    },
    "2023-03": {
      "VC@20": 0.2604404222213612,
      "VC@100": 0.44503940309814544,
      "Recall@20": 0.25,
      "Recall@100": 0.27,
      "NDCG": 0.7359299498421775,
      "VC@10": 0.19457573600642217,
      "VC@25": 0.26986889497097155,
      "VC@50": 0.31889837441405244,
      "VC@200": 0.6714596299563609,
      "Recall@10": 0.1,
      "Recall@50": 0.26,
      "Spearman": 0.12557694718426599,
      "Tier0-AP": 0.26425473695404866,
      "Tier01-AP": 0.4706083856049419,
      "n_samples": 780
    },
    "2023-05": {
      "VC@20": 0.3372378817895448,
      "VC@100": 0.5007496070353185,
      "Recall@20": 0.25,
      "Recall@100": 0.33,
      "NDCG": 0.873213020381518,
      "VC@10": 0.2956168326594363,
      "VC@25": 0.3385165325957535,
      "VC@50": 0.39845339596998935,
      "VC@200": 0.6323358171913217,
      "Recall@10": 0.4,
      "Recall@50": 0.26,
      "Spearman": 0.20925541150412805,
      "Tier0-AP": 0.31529427836659385,
      "Tier01-AP": 0.504702135053087,
      "n_samples": 655
    }
  },
  "aggregate": {
    "mean": {
      "VC@20": 0.3621865258468902,
      "VC@100": 0.4844355816997539,
      "Recall@20": 0.2416666666666667,
      "Recall@100": 0.2291666666666667,
      "NDCG": 0.7794548285774802,
      "VC@10": 0.33399519216484336,
      "VC@25": 0.3676268889130269,
      "VC@50": 0.4095695240945297,
      "VC@200": 0.6465234273684867,
      "Recall@10": 0.3,
      "Recall@50": 0.18166666666666664,
      "Spearman": 0.11626206575393404,
      "Tier0-AP": 0.2712814095305156,
      "Tier01-AP": 0.4666258401904963,
      "n_samples": 617.8333333333334
    },
    "std": {
      "VC@20": 0.0868937312066538,
      "VC@100": 0.06802661807847277,
      "Recall@20": 0.057130455003342025,
      "Recall@100": 0.06512274734854344,
      "NDCG": 0.09246805282442307,
      "VC@10": 0.09449453272229888,
      "VC@25": 0.08421409119291058,
      "VC@50": 0.0757563962529917,
      "VC@200": 0.048745335003508694,
      "Recall@10": 0.1414213562373095,
      "Recall@50": 0.05128894184476373,
      "Spearman": 0.05194260148156416,
      "Tier0-AP": 0.028714278163627652,
      "Tier01-AP": 0.025315919623295324,
      "n_samples": 90.0803653535121
    },
    "min": {
      "VC@20": 0.2604404222213612,
      "VC@100": 0.39187513810713653,
      "Recall@20": 0.15,
      "Recall@100": 0.14,
      "NDCG": 0.5459052046820063,
      "VC@10": 0.19457573600642217,
      "VC@25": 0.26986889497097155,
      "VC@50": 0.3076903651834176,
      "VC@200": 0.5367253902277707,