{
  "eval_config": {
    "eval_groups": [
      "2022-06/aq1",
      "2022-06/aq2",
      "2022-06/aq3",
      "2022-06/aq4",
      "2023-06/aq1",
      "2023-06/aq2",
      "2023-06/aq3",
      "2023-06/aq4",
      "2024-06/aq1",
      "2024-06/aq2",
      "2024-06/aq3",
      "2024-06/aq4"
    ],
    "mode": "eval"
  },
  "per_month": {
    "2022-06/aq1": {
      "VC@20": 0.3662820373099084,
      "VC@100": 0.5805557121306424,
      "Recall@20": 0.45,
      "Recall@100": 0.58,
      "NDCG": 0.6382772483363103,
      "VC@10": 0.12969282662445852,
      "VC@25": 0.41292958371805827,
      "VC@50": 0.46621456386781956,
      "VC@200": 0.8650898225626035,
      "Recall@10": 0.1,
      "Recall@50": 0.42,
      "Spearman": 0.4382162690774379,
      "Tier0-AP": 0.4759895482554673,
      "Tier01-AP": 0.6777436675993082,
      "n_samples": 325
    },
    "2022-06/aq2": {
      "VC@20": 0.44355327700526875,
      "VC@100": 0.7947403467961213,
      "Recall@20": 0.65,
      "Recall@100": 0.64,
      "NDCG": 0.777330041740187,
      "VC@10": 0.2883093450951685,
      "VC@25": 0.5396605862715981,
      "VC@50": 0.6636045109813145,
      "VC@200": 0.928369876100049,
      "Recall@10": 0.5,
      "Recall@50": 0.54,
      "Spearman": 0.49763754416208184,
      "Tier0-AP": 0.5670779746266794,
      "Tier01-AP": 0.6805637323309128,
      "n_samples": 302
    },
    "2022-06/aq3": {
      "VC@20": 0.6161385376561166,
      "VC@100": 0.8539864202409081,
      "Recall@20": 0.35,
      "Recall@100": 0.41,
      "NDCG": 0.9148701573257171,
      "VC@10": 0.5438924120422753,
      "VC@25": 0.6215220131701505,
      "VC@50": 0.7335024611965681,
      "VC@200": 0.9673456266539929,
      "Recall@10": 0.3,
      "Recall@50": 0.36,
      "Spearman": 0.31715576978829313,
      "Tier0-AP": 0.4344626340641337,
      "Tier01-AP": 0.47248292982777246,
      "n_samples": 262
    },
    "2022-06/aq4": {
      "VC@20": 0.33515971053827914,
      "VC@100": 0.8186035333489873,
      "Recall@20": 0.5,
      "Recall@100": 0.54,
      "NDCG": 0.6597878557476898,
      "VC@10": 0.21158993346182975,
      "VC@25": 0.39200734923107167,
      "VC@50": 0.580010563837247,
      "VC@200": 0.9453595517306099,
      "Recall@10": 0.3,
      "Recall@50": 0.54,
      "Spearman": 0.4658017497288928,
      "Tier0-AP": 0.5663653891544375,
      "Tier01-AP": 0.6749113796559518,
      "n_samples": 380
    },
    "2023-06/aq1": {
      "VC@20": 0.27707626560513604,
      "VC@100": 0.7754710554693025,
      "Recall@20": 0.3,
      "Recall@100": 0.6,
      "NDCG": 0.5555739922609801,
      "VC@10": 0.14230626561617887,
      "VC@25": 0.3145983552374182,
      "VC@50": 0.705051040691768,
      "VC@200": 0.9489159315047573,
      "Recall@10": 0.2,
      "Recall@50": 0.52,
      "Spearman": 0.4829954689082124,
      "Tier0-AP": 0.46574284367464003,
      "Tier01-AP": 0.6356759256133998,
      "n_samples": 276
    },
    "2023-06/aq2": {
      "VC@20": 0.31920942101032596,
      "VC@100": 0.8856804097860115,
      "Recall@20": 0.4,
      "Recall@100": 0.57,
      "NDCG": 0.5364722780410495,
      "VC@10": 0.18323721122684802,
      "VC@25": 0.3458193505739651,
      "VC@50": 0.7189720626655437,
      "VC@200": 0.9467572739801606,
      "Recall@10": 0.1,
      "Recall@50": 0.56,
      "Spearman": 0.5125068975951181,
      "Tier0-AP": 0.5430352471457867,
      "Tier01-AP": 0.7067542051591933,
      "n_samples": 410
    },
    "2023-06/aq3": {
      "VC@20": 0.17155819460472613,
      "VC@100": 0.5447052947122777,
      "Recall@20": 0.1,
      "Recall@100": 0.6,
      "NDCG": 0.602383014686765,
      "VC@10": 0.11495622247285724,
      "VC@25": 0.1921450554917225,
      "VC@50": 0.31867515515241457,
      "VC@200": 0.6740209338956011,
      "Recall@10": 0.1,
      "Recall@50": 0.42,
      "Spearman": 0.48827573535239777,
      "Tier0-AP": 0.6486558890830493,
      "Tier01-AP": 0.7110845884724997,
      "n_samples": 504
    },
    "2023-06/aq4": {
      "VC@20": 0.22755996278757967,
      "VC@100": 0.7597347816935104,
      "Recall@20": 0.35,
      "Recall@100": 0.54,
      "NDCG": 0.7247192635874072,
      "VC@10": 0.1780760933999221,
      "VC@25": 0.26412979262511715,
      "VC@50": 0.5642798159369927,
      "VC@200": 0.8496139146444458,
      "Recall@10": 0.3,
      "Recall@50": 0.5,
      "Spearman": 0.49200706858875354,
      "Tier0-AP": 0.5360901521097683,
      "Tier01-AP": 0.6784218178335328,
      "n_samples": 459
    },
    "2024-06/aq1": {
      "VC@20": 0.23503351357176577,
      "VC@100": 0.6799386542211447,
      "Recall@20": 0.3,
      "Recall@100": 0.61,
      "NDCG": 0.7183147312483941,
      "VC@10": 0.18374152545368735,
      "VC@25": 0.288040206811178,
      "VC@50": 0.49049103996736027,
      "VC@200": 0.895126299163082,
      "Recall@10": 0.3,
      "Recall@50": 0.54,
      "Spearman": 0.5896676532705516,
      "Tier0-AP": 0.6256351189980462,
      "Tier01-AP": 0.7285958295238016,
      "n_samples": 425
    },
    "2024-06/aq2": {
      "VC@20": 0.36208010940990304,
      "VC@100": 0.6735179490501253,
      "Recall@20": 0.4,
      "Recall@100": 0.55,
      "NDCG": 0.8254175102333658,
      "VC@10": 0.23616543279349123,
      "VC@25": 0.3944422157787202,
      "VC@50": 0.47874818995028384,
      "VC@200": 0.858507459088598,
      "Recall@10": 0.4,
      "Recall@50": 0.38,
      "Spearman": 0.5370012493393688,
      "Tier0-AP": 0.5356240140722193,
      "Tier01-AP": 0.7300713432677294,
      "n_samples": 483
    },
    "2024-06/aq3": {
      "VC@20": 0.30148860519758736,
      "VC@100": 0.7919361027902831,
      "Recall@20": 0.25,
      "Recall@100": 0.65,
      "NDCG": 0.5716329201761837,
      "VC@10": 0.22521121756920187,
      "VC@25": 0.3505511213287502,
      "VC@50": 0.46247673347324075,
      "VC@200": 0.9353076017528479,
      "Recall@10": 0.2,
      "Recall@50": 0.44,
      "Spearman": 0.5272153702054402,
      "Tier0-AP": 0.5599541424289758,
      "Tier01-AP": 0.6776982107220647,
      "n_samples": 315
    },
    "2024-06/aq4": {
      "VC@20": 0.2686717787293814,
      "VC@100": 0.4794040934650061,
      "Recall@20": 0.2,
      "Recall@100": 0.45,
      "NDCG": 0.6802354958377231,
      "VC@10": 0.197007796071075,
      "VC@25": 0.29953036388604776,
      "VC@50": 0.3917244067040829,
      "VC@200": 0.8289463128043012,
      "Recall@10": 0.2,
      "Recall@50": 0.52,
      "Spearman": 0.4840272952565668,
      "Tier0-AP": 0.6046424826741359,
      "Tier01-AP": 0.6847979022000144,
      "n_samples": 476
    }
  },
  "aggregate": {
    "mean": {
      "VC@20": 0.3269842844521648,
      "VC@100": 0.7198561961420268,
      "Recall@20": 0.3541666666666667,
      "Recall@100": 0.5616666666666668,
      "NDCG": 0.6837512091018142,
      "VC@10": 0.21951552348558281,
      "VC@25": 0.3679479995103165,
      "VC@50": 0.5478125453687196,
      "VC@200": 0.8869467169900874,
      "Recall@10": 0.25,
      "Recall@50": 0.47833333333333333,
      "Spearman": 0.4860423392727596,
      "Tier0-AP": 0.5469396196906117,
      "Tier01-AP": 0.6715667943505151,
      "n_samples": 384.75
    },
    "std": {
      "VC@20": 0.11148259442319752,
      "VC@100": 0.12327692629263898,
      "Recall@20": 0.13762620470761455,
      "Recall@100": 0.06841458583924598,
      "NDCG": 0.10995513685543276,
      "VC@10": 0.10805368416701894,
      "VC@25": 0.11309242827642244,
      "VC@50": 0.1297688504229868,
      "VC@200": 0.07788708622631359,
      "Recall@10": 0.11902380714238082,
      "Recall@50": 0.06706133179576905,
      "Spearman": 0.06267552286647603,
      "Tier0-AP": 0.06148169951137447,
      "Tier01-AP": 0.06505598572007212,
      "n_samples": 82.74974823728066
    },
    "min": {
      "VC@20": 0.17155819460472613,
      "VC@100": 0.4794040934650061,
      "Recall@20": 0.1,
      "Recall@100": 0.41,
      "NDCG": 0.5364722780410495,
      "VC@10": 0.11495622247285724,
      "VC@25": 0.1921450554917225,
      "VC@50": 0.31867515515241457,
      "VC@200": 0.6740209338956011,
      "Recall@10": 0.1,