{
  "eval_config": {
    "eval_months": [
      "2020-06",
      "2020-07",
      "2020-08",
      "2020-09",
      "2020-10",
      "2020-11",
      "2020-12",
      "2021-01",
      "2021-02",
      "2021-03",
      "2021-04",
      "2021-05",
      "2021-06",
      "2021-07",
      "2021-08",
      "2021-09",
      "2021-10",
      "2021-11",
      "2021-12",
      "2022-01",
      "2022-02",
      "2022-03",
      "2022-04",
      "2022-05",
      "2022-06",
      "2022-07",
      "2022-08",
      "2022-09",
      "2022-10",
      "2022-11",
      "2022-12",
      "2023-01",
      "2023-02",
      "2023-03",
      "2023-04",
      "2023-05"
    ],
    "class_type": "onpeak",
    "period_type": "f0"
  },
  "per_month": {
    "2020-06": {
      "VC@20": 0.3420760206395758,
      "VC@100": 0.49157024204273225,
      "Recall@20": 0.3,
      "Recall@100": 0.37,
      "NDCG": 0.6608953624205658,
      "VC@10": 0.3288425081906573,
      "VC@25": 0.3469004169088635,
      "VC@50": 0.4467974006772705,
      "VC@200": 0.5688904879385964,
      "Recall@10": 0.4,
      "Recall@50": 0.42,
      "Spearman": 0.28113802538887045,
      "n_samples": 577
    },
    "2020-07": {
      "VC@20": 0.4950654249228283,
      "VC@100": 0.7110318354047896,
      "Recall@20": 0.4,
      "Recall@100": 0.45,
      "NDCG": 0.61877275500885,
      "VC@10": 0.3836353269300052,
      "VC@25": 0.5133391327886779,
      "VC@50": 0.5605375643675339,
      "VC@200": 0.747156694323215,
      "Recall@10": 0.5,
      "Recall@50": 0.46,
      "Spearman": 0.32618143066744704,
      "n_samples": 497
    },
    "2020-08": {
      "VC@20": 0.3670118031296805,
      "VC@100": 0.581174101513564,
      "Recall@20": 0.4,
      "Recall@100": 0.41,
      "NDCG": 0.7150665106081084,
      "VC@10": 0.3109821156560075,
      "VC@25": 0.3681106476807458,
      "VC@50": 0.5392276575484883,
      "VC@200": 0.731924462520202,
      "Recall@10": 0.5,
      "Recall@50": 0.42,
      "Spearman": 0.311705654615307,
      "n_samples": 507
    },
    "2020-09": {
      "VC@20": 0.5220994259859971,
      "VC@100": 0.7729711394162455,
      "Recall@20": 0.35,
      "Recall@100": 0.45,
      "NDCG": 0.7843371051901177,
      "VC@10": 0.4986589636508635,
      "VC@25": 0.5314234560149547,
      "VC@50": 0.5825301514260353,
      "VC@200": 0.926448176384135,
      "Recall@10": 0.5,
      "Recall@50": 0.48,
      "Spearman": 0.3422632048960194,
      "n_samples": 715
    },
    "2020-10": {
      "VC@20": 0.6151667470017453,
      "VC@100": 0.7862699487824808,
      "Recall@20": 0.45,
      "Recall@100": 0.44,
      "NDCG": 0.6456497869378557,
      "VC@10": 0.4397329909010292,
      "VC@25": 0.6329335230818629,
      "VC@50": 0.7124615804119913,
      "VC@200": 0.9404426629022526,
      "Recall@10": 0.3,
      "Recall@50": 0.56,
      "Spearman": 0.34550973918013517,
      "n_samples": 763
    },
    "2020-11": {
      "VC@20": 0.769192210669472,
      "VC@100": 0.9010374330106816,
      "Recall@20": 0.4,
      "Recall@100": 0.5,
      "NDCG": 0.8511263560840188,
      "VC@10": 0.7005607740211636,
      "VC@25": 0.7903751616133712,
      "VC@50": 0.8840860039230822,
      "VC@200": 0.9173901452329065,
      "Recall@10": 0.4,
      "Recall@50": 0.62,
      "Spearman": 0.41327932990703237,
      "n_samples": 508
    },
    "2020-12": {
      "VC@20": 0.5937905825415847,
      "VC@100": 0.8428870000368754,
      "Recall@20": 0.45,
      "Recall@100": 0.58,
      "NDCG": 0.7132248611539663,
      "VC@10": 0.5129493216277905,
      "VC@25": 0.6107446160021723,
      "VC@50": 0.7193176385425588,
      "VC@200": 0.974083351599814,
      "Recall@10": 0.3,
      "Recall@50": 0.62,
      "Spearman": 0.40268857822924986,
      "n_samples": 550
    },
    "2021-01": {
      "VC@20": 0.36855223706200546,
      "VC@100": 0.8685784475576604,
      "Recall@20": 0.3,
      "Recall@100": 0.51,
      "NDCG": 0.6003161186447348,
      "VC@10": 0.27955749997758805,
      "VC@25": 0.39373710462606887,
      "VC@50": 0.700475268460052,
      "VC@200": 0.8981024056980553,
      "Recall@10": 0.3,
      "Recall@50": 0.54,
      "Spearman": 0.4272878488691231,
      "n_samples": 407
    },
    "2021-02": {
      "VC@20": 0.6198404365588825,
      "VC@100": 0.9391935087936945,
      "Recall@20": 0.45,
      "Recall@100": 0.41,
      "NDCG": 0.59736650219269,
      "VC@10": 0.4108530185299151,
      "VC@25": 0.6237220112717339,
      "VC@50": 0.9016580701607267,
      "VC@200": 0.9534679251818706,
      "Recall@10": 0.3,
      "Recall@50": 0.6,
      "Spearman": 0.30458313913776214,
      "n_samples": 650
    },
    "2021-03": {
      "VC@20": 0.5809899356105572,
      "VC@100": 0.7779105106562828,
      "Recall@20": 0.45,
      "Recall@100": 0.39,
      "NDCG": 0.5756068272832683,
      "VC@10": 0.5360072924646335,
      "VC@25": 0.5858473935533729,
      "VC@50": 0.6583539687366261,
      "VC@200": 0.8118402106785916,
      "Recall@10": 0.6,
      "Recall@50": 0.38,
      "Spearman": 0.28849797804018074,
      "n_samples": 669
    },
    "2021-04": {
      "VC@20": 0.27548214796673487,
      "VC@100": 0.6752280412586011,
      "Recall@20": 0.2,
      "Recall@100": 0.41,
      "NDCG": 0.6113097172491239,
      "VC@10": 0.24467012408113856,
      "VC@25": 0.275890670465983,
      "VC@50": 0.4085314124662554,
      "VC@200": 0.7813243625220658,
      "Recall@10": 0.2,
      "Recall@50": 0.38,
      "Spearman": 0.25914751148326043,
      "n_samples": 661
    },
    "2021-05": {
      "VC@20": 0.3483809409493181,
      "VC@100": 0.706037000748466,
      "Recall@20": 0.25,
      "Recall@100": 0.48,
      "NDCG": 0.6841436926773307,
      "VC@10": 0.15964155107252717,
      "VC@25": 0.3953227682757316,
      "VC@50": 0.5707836326512147,
      "VC@200": 0.8079567699165994,
      "Recall@10": 0.2,
      "Recall@50": 0.46,
      "Spearman": 0.28735651422154507,
      "n_samples": 681
    },
    "2021-06": {
      "VC@20": 0.3032074559413185,
      "VC@100": 0.934811449532635,
      "Recall@20": 0.25,
      "Recall@100": 0.5,
      "NDCG": 0.41046895350102747,
      "VC@10": 0.2806326005290228,
      "VC@25": 0.3201659610079053,
      "VC@50": 0.8299883279566352,
      "VC@200": 0.9583081409271261,
      "Recall@10": 0.2,
      "Recall@50": 0.46,
      "Spearman": 0.3562185189563021,
      "n_samples": 556
    },
    "2021-07": {
      "VC@20": 0.4574302902734104,
      "VC@100": 0.861015939606337,
      "Recall@20": 0.45,
      "Recall@100": 0.47,
      "NDCG": 0.5448324542373654,
      "VC@10": 0.41783629782288495,
      "VC@25": 0.5618142663613792,
      "VC@50": 0.8095067245922447,
      "VC@200": 0.9105944600156294,
      "Recall@10": 0.3,
      "Recall@50": 0.56,
      "Spearman": 0.36177107851689205,
      "n_samples": 513
    },
    "2021-08": {
      "VC@20": 0.3256445790782625,
      "VC@100": 0.940519975166092,
      "Recall@20": 0.4,
      "Recall@100": 0.59,
      "NDCG": 0.5220390118722004,
      "VC@10": 0.21188098178044404,
      "VC@25": 0.3291032319770873,
      "VC@50": 0.8698669050825129,
      "VC@200": 0.9854003955829065,
      "Recall@10": 0.3,
      "Recall@50": 0.64,
      "Spearman": 0.42189780674777305,
      "n_samples": 552
    },
    "2021-09": {
      "VC@20": 0.5684432688690497,
      "VC@100": 0.8927801277970192,
      "Recall@20": 0.35,
      "Recall@100": 0.5,
      "NDCG": 0.8342238889919937,
      "VC@10": 0.5538198125189727,
      "VC@25": 0.6970944524630042,
      "VC@50": 0.814815346299432,
      "VC@200": 0.9376524310740745,
      "Recall@10": 0.5,
      "Recall@50": 0.52,
      "Spearman": 0.37054919627657085,
      "n_samples": 621
    },
    "2021-10": {
      "VC@20": 0.48914504265236886,
      "VC@100": 0.807000761817394,
      "Recall@20": 0.5,
      "Recall@100": 0.46,
      "NDCG": 0.7808538392094225,
      "VC@10": 0.3919952380986832,
      "VC@25": 0.5588135327129309,
      "VC@50": 0.6703524617264534,
      "VC@200": 0.8887484345846287,
      "Recall@10": 0.5,
      "Recall@50": 0.44,