{
  "bf_sp_correlation": 0.4043657443432927,
  "bf_pos_count": 5075,
  "bf_zero_count": 16322,
  "binding_rate_bf_pos": 0.3270935960591133,
  "binding_rate_bf_zero": 0.04974880529346894,
  "bf_da_correlation": -0.29861582681235066
}