{
  "eval_config": {
    "eval_months": [
      "2020-06",
      "2020-07",
      "2020-08",
      "2020-09",
      "2020-10",
      "2020-11",
      "2020-12",
      "2021-01",
      "2021-02",
      "2021-03",
      "2021-04",
      "2021-05",
      "2021-06",
      "2021-07",
      "2021-08",
      "2021-09",
      "2021-10",
      "2021-11",
      "2021-12",
      "2022-01",
      "2022-02",
      "2022-03",
      "2022-04",
      "2022-05",
      "2022-06",
      "2022-07",
      "2022-08",
      "2022-09",
      "2022-10",
      "2022-11",
      "2022-12",
      "2023-01",
      "2023-02",
      "2023-03",
      "2023-04",
      "2023-05"
    ],
    "class_type": "onpeak",
    "period_type": "f0",
    "mode": "eval"
  },
  "per_month": {
    "2020-06": {
      "VC@20": 0.3408911137972944,
      "VC@100": 0.5027307695695061,
      "Recall@20": 0.3,
      "Recall@100": 0.33,
      "NDCG": 0.6515817570810414,
      "VC@10": 0.29521939182167256,
      "VC@25": 0.34524611604311983,
      "VC@50": 0.41660914491298523,
      "VC@200": 0.6110986572386036,
      "Recall@10": 0.3,
      "Recall@50": 0.36,
      "Spearman": 0.27077301134833576,
      "n_samples": 577
    },
    "2020-07": {
      "VC@20": 0.4793942140024544,
      "VC@100": 0.5976522973156955,
      "Recall@20": 0.35,
      "Recall@100": 0.43,
      "NDCG": 0.6097794267495074,
      "VC@10": 0.3100927351891962,
      "VC@25": 0.4961952738878792,
      "VC@50": 0.5354460801793975,
      "VC@200": 0.7818664903912989,
      "Recall@10": 0.4,
      "Recall@50": 0.4,
      "Spearman": 0.32019473680055466,
      "n_samples": 497
    },
    "2020-08": {
      "VC@20": 0.42512870324958335,
      "VC@100": 0.625845206364646,
      "Recall@20": 0.35,
      "Recall@100": 0.41,
      "NDCG": 0.7378105602923681,
      "VC@10": 0.41578510917633116,
      "VC@25": 0.4341233811624437,
      "VC@50": 0.4717001306500215,
      "VC@200": 0.7033456697191138,
      "Recall@10": 0.6,
      "Recall@50": 0.36,
      "Spearman": 0.2721269507071135,
      "n_samples": 507
    },
    "2020-09": {
      "VC@20": 0.6317983529139081,
      "VC@100": 0.8378625170221997,
      "Recall@20": 0.4,
      "Recall@100": 0.39,
      "NDCG": 0.8087872322065127,
      "VC@10": 0.5033187999578671,
      "VC@25": 0.6414472617459777,
      "VC@50": 0.6888979184209802,
      "VC@200": 0.9201282487775567,
      "Recall@10": 0.5,
      "Recall@50": 0.46,
      "Spearman": 0.32543043931918936,
      "n_samples": 715
    },
    "2020-10": {
      "VC@20": 0.48132934887215645,
      "VC@100": 0.8501762932099916,
      "Recall@20": 0.35,
      "Recall@100": 0.48,
      "NDCG": 0.5673553610558708,
      "VC@10": 0.4314214973496368,
      "VC@25": 0.5947581646259472,
      "VC@50": 0.7160105604789211,
      "VC@200": 0.9662136799999086,
      "Recall@10": 0.3,
      "Recall@50": 0.5,
      "Spearman": 0.34914303821264997,
      "n_samples": 763
    },
    "2020-11": {
      "VC@20": 0.590373082846984,
      "VC@100": 0.896346225185262,
      "Recall@20": 0.35,
      "Recall@100": 0.52,
      "NDCG": 0.8047271443902277,
      "VC@10": 0.5380523009050776,
      "VC@25": 0.5924324545580596,
      "VC@50": 0.8096815437047773,
      "VC@200": 0.9209512649293464,
      "Recall@10": 0.3,
      "Recall@50": 0.54,
      "Spearman": 0.3628979353035763,
      "n_samples": 508
    },
    "2020-12": {
      "VC@20": 0.6585821224377949,
      "VC@100": 0.8206513493531179,
      "Recall@20": 0.5,
      "Recall@100": 0.53,
      "NDCG": 0.6501793402866488,
      "VC@10": 0.3051011224071916,
      "VC@25": 0.6667473203424503,
      "VC@50": 0.7906365029488968,
      "VC@200": 0.9326451330904604,
      "Recall@10": 0.4,
      "Recall@50": 0.54,
      "Spearman": 0.3956807621064595,
      "n_samples": 550
    },
    "2021-01": {
      "VC@20": 0.6284707064663041,
      "VC@100": 0.8696664490309183,
      "Recall@20": 0.5,
      "Recall@100": 0.51,
      "NDCG": 0.6512676543217405,
      "VC@10": 0.3503686107358494,
      "VC@25": 0.662453411793629,
      "VC@50": 0.6909619221516371,
      "VC@200": 0.9214721394586781,
      "Recall@10": 0.4,
      "Recall@50": 0.52,
      "Spearman": 0.4113589678190262,
      "n_samples": 407
    },
    "2021-02": {
      "VC@20": 0.5071087212488448,
      "VC@100": 0.8109651389230959,
      "Recall@20": 0.4,
      "Recall@100": 0.42,
      "NDCG": 0.5712519142812054,
      "VC@10": 0.41700290940440743,
      "VC@25": 0.5096126080011564,
      "VC@50": 0.6312118240924023,
      "VC@200": 0.9432937609122968,
      "Recall@10": 0.3,
      "Recall@50": 0.4,
      "Spearman": 0.3106676828203838,
      "n_samples": 650
    },
    "2021-03": {
      "VC@20": 0.5998705708924532,
      "VC@100": 0.7517892954661315,
      "Recall@20": 0.5,
      "Recall@100": 0.39,
      "NDCG": 0.6430467973682371,
      "VC@10": 0.5216117757039964,
      "VC@25": 0.606584321284187,
      "VC@50": 0.6711907818803574,
      "VC@200": 0.935780679275819,
      "Recall@10": 0.5,
      "Recall@50": 0.4,
      "Spearman": 0.2926699031564074,
      "n_samples": 669
    },
    "2021-04": {
      "VC@20": 0.3745792503937813,
      "VC@100": 0.6159378853824135,
      "Recall@20": 0.3,
      "Recall@100": 0.39,
      "NDCG": 0.6235177649582859,
      "VC@10": 0.22964375238257173,
      "VC@25": 0.3773644596624312,
      "VC@50": 0.45962060772606883,
      "VC@200": 0.7423201769662329,
      "Recall@10": 0.2,
      "Recall@50": 0.38,
      "Spearman": 0.25894239737411545,
      "n_samples": 661
    },
    "2021-05": {
      "VC@20": 0.2780057903308055,
      "VC@100": 0.6141549530358112,
      "Recall@20": 0.2,
      "Recall@100": 0.42,
      "NDCG": 0.6606108811793826,
      "VC@10": 0.16007541463785757,
      "VC@25": 0.2781511397657548,
      "VC@50": 0.4503226217696698,
      "VC@200": 0.7368707436133638,
      "Recall@10": 0.2,
      "Recall@50": 0.38,
      "Spearman": 0.2733431785789543,
      "n_samples": 681
    },
    "2021-06": {
      "VC@20": 0.3032074559413184,
      "VC@100": 0.9438859569411614,
      "Recall@20": 0.25,
      "Recall@100": 0.47,
      "NDCG": 0.4100798876765035,
      "VC@10": 0.059619777768120906,
      "VC@25": 0.3256468549954443,
      "VC@50": 0.5357937065815813,
      "VC@200": 0.9638870397778638,
      "Recall@10": 0.1,
      "Recall@50": 0.42,
      "Spearman": 0.35362090557183523,
      "n_samples": 556
    },
    "2021-07": {
      "VC@20": 0.5060824789820109,
      "VC@100": 0.8672434162060854,
      "Recall@20": 0.45,
      "Recall@100": 0.47,
      "NDCG": 0.5376451341649071,
      "VC@10": 0.34011775246315973,
      "VC@25": 0.5392199670295946,
      "VC@50": 0.8062200822989235,
      "VC@200": 0.8869078127098252,
      "Recall@10": 0.2,
      "Recall@50": 0.48,
      "Spearman": 0.33007851721348574,
      "n_samples": 513
    },
    "2021-08": {
      "VC@20": 0.32851641469859694,
      "VC@100": 0.9241429382862446,
      "Recall@20": 0.4,
      "Recall@100": 0.55,
      "NDCG": 0.5210168796301561,
      "VC@10": 0.21257196535094355,
      "VC@25": 0.5036248624603773,
      "VC@50": 0.8509277647573754,
      "VC@200": 0.9851393573451622,
      "Recall@10": 0.3,
      "Recall@50": 0.62,
      "Spearman": 0.4237981674810559,
      "n_samples": 552
    },
    "2021-09": {
      "VC@20": 0.5863501171717845,
      "VC@100": 0.8919989482776657,
      "Recall@20": 0.4,
      "Recall@100": 0.46,
      "NDCG": 0.806167696356644,
      "VC@10": 0.45129817860907456,
      "VC@25": 0.6054603666606077,
      "VC@50": 0.816358314721942,
      "VC@200": 0.9066128379046324,
      "Recall@10": 0.4,
      "Recall@50": 0.54,
      "Spearman": 0.3209422943418687,
      "n_samples": 621
    },
    "2021-10": {
      "VC@20": 0.4546603618379405,
      "VC@100": 0.7365992847742873,
      "Recall@20": 0.5,
      "Recall@100": 0.46,
      "NDCG": 0.7425906876136116,
      "VC@10": 0.3274112822768573,
      "VC@25": 0.5169863212901555,
      "VC@50": 0.6049960172794365,
      "VC@200": 0.8416742329916852,
      "Recall@10": 0.4,