{
  "eval_config": {
    "eval_groups": [
      "2022-06/aq1",
      "2022-06/aq2",
      "2022-06/aq3",
      "2022-06/aq4",
      "2023-06/aq1",
      "2023-06/aq2",
      "2023-06/aq3",
      "2023-06/aq4",
      "2024-06/aq1",
      "2024-06/aq2",
      "2024-06/aq3",
      "2024-06/aq4"
    ],
    "mode": "eval"
  },
  "per_month": {
    "2022-06/aq1": {
      "VC@20": 0.3662820373099083,
      "VC@100": 0.7464820119185253,
      "Recall@20": 0.45,
      "Recall@100": 0.55,
      "NDCG": 0.6426878102543885,
      "VC@10": 0.12969282662445852,
      "VC@25": 0.4130727964760432,
      "VC@50": 0.46357216263131723,
      "VC@200": 0.85932396817737,
      "Recall@10": 0.1,
      "Recall@50": 0.42,
      "Spearman": 0.4247299583682707,
      "Tier0-AP": 0.4741009511411213,
      "Tier01-AP": 0.6628481295717572,
      "n_samples": 325
    },
    "2022-06/aq2": {
      "VC@20": 0.4868538228628012,
      "VC@100": 0.8275877228807581,
      "Recall@20": 0.7,
      "Recall@100": 0.62,
      "NDCG": 0.7742511318688893,
      "VC@10": 0.25064589104012186,
      "VC@25": 0.5104356926706076,
      "VC@50": 0.665248978252563,
      "VC@200": 0.9315644859167304,
      "Recall@10": 0.4,
      "Recall@50": 0.54,
      "Spearman": 0.4977570340576721,
      "Tier0-AP": 0.5644377133618349,
      "Tier01-AP": 0.6730964029243307,
      "n_samples": 302
    },
    "2022-06/aq3": {
      "VC@20": 0.6161385376561166,
      "VC@100": 0.8660988416139033,
      "Recall@20": 0.35,
      "Recall@100": 0.47,
      "NDCG": 0.897032391005197,
      "VC@10": 0.5438924120422753,
      "VC@25": 0.6195586689465027,
      "VC@50": 0.733502461196568,
      "VC@200": 0.9681047911749059,
      "Recall@10": 0.3,
      "Recall@50": 0.36,
      "Spearman": 0.3234649347639018,
      "Tier0-AP": 0.42607099915561303,
      "Tier01-AP": 0.46525597217340353,
      "n_samples": 262
    },
    "2022-06/aq4": {
      "VC@20": 0.3407341196336469,
      "VC@100": 0.8480444765912972,
      "Recall@20": 0.5,
      "Recall@100": 0.52,
      "NDCG": 0.6693757899146839,
      "VC@10": 0.1677251213829524,
      "VC@25": 0.378086333763969,
      "VC@50": 0.6976122653971545,
      "VC@200": 0.9430582469050395,
      "Recall@10": 0.2,
      "Recall@50": 0.56,
      "Spearman": 0.44635162593470357,
      "Tier0-AP": 0.5532414511493343,
      "Tier01-AP": 0.661362764197239,
      "n_samples": 380
    },
    "2023-06/aq1": {
      "VC@20": 0.27707626560513604,
      "VC@100": 0.7863231706446457,
      "Recall@20": 0.3,
      "Recall@100": 0.59,
      "NDCG": 0.5525747842503665,
      "VC@10": 0.14600850513200547,
      "VC@25": 0.31316988734507906,
      "VC@50": 0.41908215852436675,
      "VC@200": 0.9475080573869259,
      "Recall@10": 0.2,
      "Recall@50": 0.46,
      "Spearman": 0.46806286631965,
      "Tier0-AP": 0.4750090242233445,
      "Tier01-AP": 0.6238377553011233,
      "n_samples": 276
    },
    "2023-06/aq2": {
      "VC@20": 0.31920942101032596,
      "VC@100": 0.8918823756746298,
      "Recall@20": 0.4,
      "Recall@100": 0.61,
      "NDCG": 0.5299280789085313,
      "VC@10": 0.19021001459750453,
      "VC@25": 0.3458193505739651,
      "VC@50": 0.7387587028056432,
      "VC@200": 0.9489926676033559,
      "Recall@10": 0.1,
      "Recall@50": 0.6,
      "Spearman": 0.48280237622385064,
      "Tier0-AP": 0.5554203163385684,
      "Tier01-AP": 0.6939536562722862,
      "n_samples": 410
    },
    "2023-06/aq3": {
      "VC@20": 0.17155819460472613,
      "VC@100": 0.5284016881347694,
      "Recall@20": 0.1,
      "Recall@100": 0.59,
      "NDCG": 0.5898231744410168,
      "VC@10": 0.11495622247285724,
      "VC@25": 0.18648733485112357,
      "VC@50": 0.38826201475324285,
      "VC@200": 0.6873088677319829,
      "Recall@10": 0.1,
      "Recall@50": 0.48,
      "Spearman": 0.4835589178676733,
      "Tier0-AP": 0.6575904306976421,
      "Tier01-AP": 0.7057083237988742,
      "n_samples": 504
    },
    "2023-06/aq4": {
      "VC@20": 0.2244855943255398,
      "VC@100": 0.690889399893581,
      "Recall@20": 0.35,
      "Recall@100": 0.53,
      "NDCG": 0.7071586590296505,
      "VC@10": 0.2071039725685554,
      "VC@25": 0.2602279099103377,
      "VC@50": 0.37949146906191855,
      "VC@200": 0.842618565036449,
      "Recall@10": 0.3,
      "Recall@50": 0.48,
      "Spearman": 0.47258175255907964,
      "Tier0-AP": 0.53455186112292,
      "Tier01-AP": 0.6693138301343158,
      "n_samples": 459
    },
    "2024-06/aq1": {
      "VC@20": 0.25133224077760297,
      "VC@100": 0.7245801121593978,
      "Recall@20": 0.35,
      "Recall@100": 0.63,
      "NDCG": 0.7522264124251544,
      "VC@10": 0.18374152545368735,
      "VC@25": 0.288040206811178,
      "VC@50": 0.49093293508630126,
      "VC@200": 0.8732448157853323,
      "Recall@10": 0.3,
      "Recall@50": 0.54,
      "Spearman": 0.5622819489825449,
      "Tier0-AP": 0.6138073213570254,
      "Tier01-AP": 0.718183790646818,
      "n_samples": 425
    },
    "2024-06/aq2": {
      "VC@20": 0.36208010940990304,
      "VC@100": 0.6582820735105147,
      "Recall@20": 0.4,
      "Recall@100": 0.54,
      "NDCG": 0.7636327971272898,
      "VC@10": 0.23616543279349128,
      "VC@25": 0.3944422157787202,
      "VC@50": 0.5166882121392068,
      "VC@200": 0.828167906735124,
      "Recall@10": 0.4,
      "Recall@50": 0.42,
      "Spearman": 0.5179775325014054,
      "Tier0-AP": 0.5219072258054455,
      "Tier01-AP": 0.7152555051492379,
      "n_samples": 483
    },
    "2024-06/aq3": {
      "VC@20": 0.30148860519758736,
      "VC@100": 0.8083698248633505,
      "Recall@20": 0.25,
      "Recall@100": 0.66,
      "NDCG": 0.5666342404203768,
      "VC@10": 0.22521121756920187,
      "VC@25": 0.32229502517792125,
      "VC@50": 0.47481153609575366,
      "VC@200": 0.934643862642797,
      "Recall@10": 0.2,
      "Recall@50": 0.46,
      "Spearman": 0.5160984373462525,
      "Tier0-AP": 0.5682275778817617,
      "Tier01-AP": 0.6737011630391736,
      "n_samples": 315
    },
    "2024-06/aq4": {
      "VC@20": 0.2746327696130109,
      "VC@100": 0.47497242665704853,
      "Recall@20": 0.2,
      "Recall@100": 0.46,
      "NDCG": 0.6807298703382992,
      "VC@10": 0.197007796071075,
      "VC@25": 0.29953036388604776,
      "VC@50": 0.4066000196124924,
      "VC@200": 0.8182771923984057,
      "Recall@10": 0.2,
      "Recall@50": 0.54,
      "Spearman": 0.4598772238411823,
      "Tier0-AP": 0.5980996937648951,
      "Tier01-AP": 0.6695142974360468,
      "n_samples": 476
    }
  },
  "aggregate": {
    "mean": {
      "VC@20": 0.3326559765005254,
      "VC@100": 0.7376595103785352,
      "Recall@20": 0.36250000000000004,
      "Recall@100": 0.5641666666666667,
      "NDCG": 0.6771712616653204,
      "VC@10": 0.2160300781456822,
      "VC@25": 0.36093048218262463,
      "VC@50": 0.5312135762963773,
      "VC@200": 0.8819011189578682,
      "Recall@10": 0.23333333333333336,
      "Recall@50": 0.4883333333333333,
      "Spearman": 0.4712953840638489,
      "Tier0-AP": 0.5452053804999587,
      "Tier01-AP": 0.6610026325537172,
      "n_samples": 384.75
    },
    "std": {
      "VC@20": 0.11477368123629761,
      "VC@100": 0.1256489310861194,
      "Recall@20": 0.1459523324011416,
      "Recall@100": 0.060340469191266836,
      "NDCG": 0.10411813567641294,
      "VC@10": 0.10655158142382483,
      "VC@25": 0.11069215312569382,
      "VC@50": 0.13253823114412783,
      "VC@200": 0.07754259336518635,
      "Recall@10": 0.10274023338281628,
      "Recall@50": 0.06656241849238621,
      "Spearman": 0.05644685228157991,
      "Tier0-AP": 0.06193809566338025,
      "Tier01-AP": 0.06419240799307546,
      "n_samples": 82.74974823728066
    },
    "min": {
      "VC@20": 0.17155819460472613,
      "VC@100": 0.47497242665704853,
      "Recall@20": 0.1,
      "Recall@100": 0.46,
      "NDCG": 0.5299280789085313,
      "VC@10": 0.11495622247285724,
      "VC@25": 0.18648733485112357,
      "VC@50": 0.37949146906191855,
      "VC@200": 0.6873088677319829,