{
  "blend_v8b_a50": {
    "mean": {
      "VC@20": 0.32676616680852183,
      "VC@100": 0.6889170703682206,
      "Recall@20": 0.36666666666666664,
      "Recall@100": 0.5458333333333333,
      "NDCG": 0.6793901544834435,
      "VC@10": 0.21751214454274825,
      "VC@25": 0.3621331596742434,
      "VC@50": 0.5399970570468536,
      "VC@200": 0.8598832920078783,
      "Recall@10": 0.25833333333333336,
      "Recall@50": 0.49666666666666665,
      "Spearman": 0.43521499368315286,
      "Tier0-AP": 0.5270723197956182,
      "Tier01-AP": 0.6365745199504986,
      "n_samples": 384.75
    },
    "bottom_2_mean": {
      "VC@20": 0.19452157401355596,
      "VC@100": 0.49252907553824876,
      "Recall@20": 0.175,
      "Recall@100": 0.46499999999999997,
      "NDCG": 0.5565065219094018,
      "VC@10": 0.12055409717706012,
      "VC@25": 0.23568197271125008,
      "VC@50": 0.3863077085422793,
      "VC@200": 0.6895492432255206,
      "Recall@10": 0.1,
      "Recall@50": 0.4,
      "Spearman": 0.35326328537745466,
      "Tier0-AP": 0.426117306585241,
      "Tier01-AP": 0.5235725410586167,
      "n_samples": 269.0
    }
  },
  "blend_v8b_a60": {
    "mean": {
      "VC@20": 0.3296228696582629,
      "VC@100": 0.7090103611113711,
      "Recall@20": 0.36250000000000004,
      "Recall@100": 0.5491666666666667,
      "NDCG": 0.6745645278344461,
      "VC@10": 0.21988455229938467,
      "VC@25": 0.3606167305643901,
      "VC@50": 0.5361580395563392,
      "VC@200": 0.8765558297817795,
      "Recall@10": 0.25833333333333336,
      "Recall@50": 0.48833333333333334,
      "Spearman": 0.44736293170996894,
      "Tier0-AP": 0.5339142181868329,
      "Tier01-AP": 0.6454476114638782,
      "n_samples": 384.75
    },
    "bottom_2_mean": {
      "VC@20": 0.1949306873085805,
      "VC@100": 0.4895369108819959,
      "Recall@20": 0.15000000000000002,
      "Recall@100": 0.47,
      "NDCG": 0.5373492816660537,
      "VC@10": 0.13048236380243136,
      "VC@25": 0.2209443456902676,
      "VC@50": 0.38434628460208176,
      "VC@200": 0.7273319676248744,
      "Recall@10": 0.1,
      "Recall@50": 0.4,
      "Spearman": 0.3596552407079398,
      "Tier0-AP": 0.43593550084036764,
      "Tier01-AP": 0.5309080894326625,
      "n_samples": 269.0
    }
  },
  "blend_v8b_a70": {
    "mean": {
      "VC@20": 0.32998774834726524,
      "VC@100": 0.7127728001911194,
      "Recall@20": 0.35833333333333334,
      "Recall@100": 0.5508333333333334,
      "NDCG": 0.673237876426035,
      "VC@10": 0.2206908407942456,
      "VC@25": 0.36025321996524634,
      "VC@50": 0.5329008274047661,
      "VC@200": 0.8885983525304303,
      "Recall@10": 0.25833333333333336,
      "Recall@50": 0.48666666666666664,
      "Spearman": 0.459436729894028,
      "Tier0-AP": 0.5393128578133101,
      "Tier01-AP": 0.6534784208622061,
      "n_samples": 384.75
    },
    "bottom_2_mean": {
      "VC@20": 0.1949306873085805,
      "VC@100": 0.4808881053297065,
      "Recall@20": 0.15000000000000002,
      "Recall@100": 0.46499999999999997,
      "NDCG": 0.5382647841106507,
      "VC@10": 0.13048236380243136,
      "VC@25": 0.22138085646273625,
      "VC@50": 0.37793174821357867,
      "VC@200": 0.7650097385606021,
      "Recall@10": 0.1,
      "Recall@50": 0.39,
      "Spearman": 0.36686754232788077,
      "Tier0-AP": 0.43932659388578876,
      "Tier01-AP": 0.5376495982282553,
      "n_samples": 269.0
    }
  },
  "blend_v8b_a80": {
    "mean": {
      "VC@20": 0.3326559765005254,
      "VC@100": 0.7376595103785352,
      "Recall@20": 0.36250000000000004,
      "Recall@100": 0.5641666666666667,
      "NDCG": 0.6771712616653204,
      "VC@10": 0.2160300781456822,
      "VC@25": 0.36093048218262463,
      "VC@50": 0.5312135762963773,
      "VC@200": 0.8819011189578682,
      "Recall@10": 0.23333333333333336,
      "Recall@50": 0.4883333333333333,
      "Spearman": 0.4712953840638489,
      "Tier0-AP": 0.5452053804999587,
      "Tier01-AP": 0.6610026325537172,
      "n_samples": 384.75
    },
    "bottom_2_mean": {
      "VC@20": 0.19802189446513296,
      "VC@100": 0.5016870573959089,
      "Recall@20": 0.15000000000000002,
      "Recall@100": 0.46499999999999997,
      "NDCG": 0.541251431579449,
      "VC@10": 0.12232452454865789,
      "VC@25": 0.22335762238073062,
      "VC@50": 0.3838767419075807,
      "VC@200": 0.7527930300651943,
      "Recall@10": 0.1,
      "Recall@50": 0.39,
      "Spearman": 0.37409744656608623,
      "Tier0-AP": 0.4500859751483671,
      "Tier01-AP": 0.5445468637372635,
      "n_samples": 269.0
    }
  },
  "blend_v8b_a90": {
    "mean": {
      "VC@20": 0.330163939280164,
      "VC@100": 0.7315909227606023,
      "Recall@20": 0.35833333333333334,
      "Recall@100": 0.565,
      "NDCG": 0.6859459214550734,
      "VC@10": 0.21885694730149396,
      "VC@25": 0.3663404099010192,
      "VC@50": 0.5495311363351217,
      "VC@200": 0.8817274749425538,
      "Recall@10": 0.2416666666666667,
      "Recall@50": 0.48666666666666664,
      "Spearman": 0.48002519681885314,
      "Tier0-AP": 0.5483231759681492,
      "Tier01-AP": 0.6682865976395892,
      "n_samples": 384.75
    },
    "bottom_2_mean": {
      "VC@20": 0.19802189446513296,
      "VC@100": 0.5053725186613008,
      "Recall@20": 0.15000000000000002,
      "Recall@100": 0.44,
      "NDCG": 0.5423856735801291,
      "VC@10": 0.12232452454865789,
      "VC@25": 0.2261864827010301,
      "VC@50": 0.36403308346841945,
      "VC@200": 0.7277928628200101,
      "Recall@10": 0.1,
      "Recall@50": 0.39,
      "Spearman": 0.3787765679959094,
      "Tier0-AP": 0.4520973591611339,
      "Tier01-AP": 0.5513063120221523,
      "n_samples": 269.0
    }
  },
  "v0b_ref": {
    "mean": {
      "VC@20": 0.2996500550014099,
      "VC@100": 0.6878858222912828,
      "Recall@20": 0.3208333333333333,
      "Recall@100": 0.5208333333333334,
      "NDCG": 0.602824033196061,
      "VC@10": 0.1746693620504145,
      "VC@25": 0.3327307767867261,
      "VC@50": 0.5333333516483928,
      "VC@200": 0.838210567916085,
      "Recall@10": 0.20000000000000004,
      "Recall@50": 0.46,
      "Spearman": 0.3678283523480876,
      "Tier0-AP": 0.46728048948786444,
      "Tier01-AP": 0.579039957915887,
      "n_samples": 384.75
    },
    "bottom_2_mean": {
      "VC@20": 0.158888967816447,
      "VC@100": 0.4980044127698922,
      "Recall@20": 0.175,
      "Recall@100": 0.425,
      "NDCG": 0.5066685649228931,
      "VC@10": 0.05042491987873379,
      "VC@25": 0.17163115587448352,
      "VC@50": 0.3740224248934446,
      "VC@200": 0.6460681058380557,
      "Recall@10": 0.05,
      "Recall@50": 0.36,
      "Spearman": 0.2842990838287889,
      "Tier0-AP": 0.37898278980108074,
      "Tier01-AP": 0.48040857329340103,
      "n_samples": 269.0
    }
  },
  "v8b_ref": {
    "mean": {
      "VC@20": 0.3269842844521648,
      "VC@100": 0.7198561961420268,
      "Recall@20": 0.3541666666666667,
      "Recall@100": 0.5616666666666668,
      "NDCG": 0.6837512091018142,
      "VC@10": 0.21951552348558281,
      "VC@25": 0.3679479995103165,
      "VC@50": 0.5478125453687196,
      "VC@200": 0.8869467169900874,
      "Recall@10": 0.25,
      "Recall@50": 0.47833333333333333,
      "Spearman": 0.4860423392727596,
      "Tier0-AP": 0.5469396196906117,
      "Tier01-AP": 0.6715667943505151,
      "n_samples": 384.75
    },
    "bottom_2_mean": {
      "VC@20": 0.19955907869615291,
      "VC@100": 0.5120546940886419,
      "Recall@20": 0.15000000000000002,
      "Recall@100": 0.43,
      "NDCG": 0.5460231351510147,
      "VC@10": 0.12232452454865789,
      "VC@25": 0.22813742405841983,
      "VC@50": 0.3551997809282487,
      "VC@200": 0.7514836233499511,
      "Recall@10": 0.1,
      "Recall@50": 0.37,
      "Spearman": 0.3776860194328655,
      "Tier0-AP": 0.4501027388693869,
      "Tier01-AP": 0.5540794277205862,
      "n_samples": 269.0
    }
  }
}