{
  "eval_config": {
    "eval_months": [
      "2020-07",
      "2020-08",
      "2020-09",
      "2020-10",
      "2020-11",
      "2020-12",
      "2021-01",
      "2021-02",
      "2021-03",
      "2021-04",
      "2021-07",
      "2021-08",
      "2021-09",
      "2021-10",
      "2021-11",
      "2021-12",
      "2022-01",
      "2022-02",
      "2022-03",
      "2022-04",
      "2022-07",
      "2022-08",
      "2022-09",
      "2022-10",
      "2022-11",
      "2022-12",
      "2023-01",
      "2023-02",
      "2023-03",
      "2023-04"
    ],
    "class_type": "onpeak",
    "period_type": "f1",
    "mode": "eval",
    "note": "weights selected on dev \u2014 holdout is the fair comparison"
  },
  "blend_weights": {
    "da": 0.7,
    "dmix": 0.0,
    "dori": 0.3
  },
  "per_month": {
    "2020-07": {
      "VC@20": 0.32042082649684356,
      "VC@100": 0.7492132243202907,
      "Recall@20": 0.2,
      "Recall@100": 0.32,
      "NDCG": 0.5787947015984516,
      "VC@10": 0.22653600860238968,
      "VC@25": 0.41393566283823235,
      "VC@50": 0.6468632099520751,
      "VC@200": 0.8111688543433726,
      "Recall@10": 0.3,
      "Recall@50": 0.36,
      "Spearman": 0.2446248893372753,
      "n_samples": 403
    },
    "2020-08": {
      "VC@20": 0.4559851805287293,
      "VC@100": 0.8358653841922294,
      "Recall@20": 0.2,
      "Recall@100": 0.32,
      "NDCG": 0.5509342871195674,
      "VC@10": 0.3801315133110343,
      "VC@25": 0.5699817072827065,
      "VC@50": 0.6539638325655457,
      "VC@200": 0.9136146441798964,
      "Recall@10": 0.3,
      "Recall@50": 0.32,
      "Spearman": 0.2838604605020074,
      "n_samples": 591
    },
    "2020-09": {
      "VC@20": 0.25157935261429,
      "VC@100": 0.6043978182245588,
      "Recall@20": 0.3,
      "Recall@100": 0.24,
      "NDCG": 0.4284120265969677,
      "VC@10": 0.13222613744247466,
      "VC@25": 0.25157935261429,
      "VC@50": 0.5250608470461574,
      "VC@200": 0.8549867250924593,
      "Recall@10": 0.3,
      "Recall@50": 0.3,
      "Spearman": 0.19960258066905273,
      "n_samples": 720
    },
    "2020-10": {
      "VC@20": 0.46120251395011863,
      "VC@100": 0.5618533213198448,
      "Recall@20": 0.2,
      "Recall@100": 0.2,
      "NDCG": 0.49085573217531503,
      "VC@10": 0.45578214996799343,
      "VC@25": 0.4626980219183802,
      "VC@50": 0.49296382996915444,
      "VC@200": 0.605424962586073,
      "Recall@10": 0.3,
      "Recall@50": 0.28,
      "Spearman": 0.17566578237388888,
      "n_samples": 577
    },
    "2020-11": {
      "VC@20": 0.4468013752005599,
      "VC@100": 0.7876110394193622,
      "Recall@20": 0.45,
      "Recall@100": 0.35,
      "NDCG": 0.516311340821478,
      "VC@10": 0.28006841924815806,
      "VC@25": 0.4556490706610169,
      "VC@50": 0.738976820760902,
      "VC@200": 0.9252802529287029,
      "Recall@10": 0.3,
      "Recall@50": 0.32,
      "Spearman": 0.2435174437822957,
      "n_samples": 404
    },
    "2020-12": {
      "VC@20": 0.3206404569839332,
      "VC@100": 0.9242856307731586,
      "Recall@20": 0.3,
      "Recall@100": 0.42,
      "NDCG": 0.48345617688211323,
      "VC@10": 0.1606345856881588,
      "VC@25": 0.435965597991051,
      "VC@50": 0.45056116201387414,
      "VC@200": 0.9367621342936768,
      "Recall@10": 0.2,
      "Recall@50": 0.32,
      "Spearman": 0.2836412961048866,
      "n_samples": 336
    },
    "2021-01": {
      "VC@20": 0.2861463732018942,
      "VC@100": 0.7836024669715983,
      "Recall@20": 0.2,
      "Recall@100": 0.37,
      "NDCG": 0.47866195413348733,
      "VC@10": 0.21293594016015213,
      "VC@25": 0.2861463732018942,
      "VC@50": 0.548465030654189,
      "VC@200": 0.8154753895119305,
      "Recall@10": 0.1,
      "Recall@50": 0.28,
      "Spearman": 0.2827164835195004,
      "n_samples": 351
    },
    "2021-02": {
      "VC@20": 0.2771572017688826,
      "VC@100": 0.8864060280291063,
      "Recall@20": 0.2,
      "Recall@100": 0.26,
      "NDCG": 0.44479288776107734,
      "VC@10": 0.18232392424576513,
      "VC@25": 0.27723270165370206,
      "VC@50": 0.43020483389861025,
      "VC@200": 0.9185384175289865,
      "Recall@10": 0.2,
      "Recall@50": 0.28,
      "Spearman": 0.23224726356044367,
      "n_samples": 503
    },
    "2021-03": {
      "VC@20": 0.388169459547705,
      "VC@100": 0.69034587880025,
      "Recall@20": 0.3,
      "Recall@100": 0.22,
      "NDCG": 0.5560596692060739,
      "VC@10": 0.24410287763089888,
      "VC@25": 0.38828904850489526,
      "VC@50": 0.513895365515533,
      "VC@200": 0.768366432803078,
      "Recall@10": 0.3,
      "Recall@50": 0.24,
      "Spearman": 0.13767454956781952,
      "n_samples": 573
    },
    "2021-04": {
      "VC@20": 0.3689306750449574,
      "VC@100": 0.6113328559276892,
      "Recall@20": 0.25,
      "Recall@100": 0.27,
      "NDCG": 0.44678847968035756,
      "VC@10": 0.1204578508644889,
      "VC@25": 0.3696774302023522,
      "VC@50": 0.45298224402561477,
      "VC@200": 0.7617873975609515,
      "Recall@10": 0.1,
      "Recall@50": 0.28,
      "Spearman": 0.20315192891482833,
      "n_samples": 490
    },
    "2021-07": {
      "VC@20": 0.736076021960535,
      "VC@100": 0.861914195323768,
      "Recall@20": 0.4,
      "Recall@100": 0.22,
      "NDCG": 0.5219373253493494,
      "VC@10": 0.5531539594620591,
      "VC@25": 0.7438165325366514,
      "VC@50": 0.7898400464570621,
      "VC@200": 0.937379917435758,
      "Recall@10": 0.4,
      "Recall@50": 0.28,
      "Spearman": 0.24536133011442784,
      "n_samples": 440
    },
    "2021-08": {
      "VC@20": 0.5652724729036473,
      "VC@100": 0.73857576090247,
      "Recall@20": 0.4,
      "Recall@100": 0.29,
      "NDCG": 0.6252134163841033,
      "VC@10": 0.41970270448600483,
      "VC@25": 0.6099459975009838,
      "VC@50": 0.6499940672672775,
      "VC@200": 0.8742002020244164,
      "Recall@10": 0.3,
      "Recall@50": 0.28,
      "Spearman": 0.2346853128314271,
      "n_samples": 539
    },
    "2021-09": {
      "VC@20": 0.31822818737477016,
      "VC@100": 0.6741512533547618,
      "Recall@20": 0.3,
      "Recall@100": 0.34,
      "NDCG": 0.5130716161254694,
      "VC@10": 0.17136522335917156,
      "VC@25": 0.3207121460816906,
      "VC@50": 0.48899428274829243,
      "VC@200": 0.7654817417945078,
      "Recall@10": 0.3,
      "Recall@50": 0.3,
      "Spearman": 0.25076834331625325,
      "n_samples": 576
    },
    "2021-10": {
      "VC@20": 0.45176352978168793,
      "VC@100": 0.6602096158916247,
      "Recall@20": 0.1,
      "Recall@100": 0.16,
      "NDCG": 0.5444356721791929,
      "VC@10": 0.396628146673973,
      "VC@25": 0.4601002281485005,
      "VC@50": 0.6372188999980454,
      "VC@200": 0.8104817590731109,
      "Recall@10": 0.1,
      "Recall@50": 0.18,
      "Spearman": 0.10899125938357551,
      "n_samples": 577
    },
    "2021-11": {
      "VC@20": 0.5520207052891715,
      "VC@100": 0.7781215836679776,
      "Recall@20": 0.1,
      "Recall@100": 0.24,
      "NDCG": 0.43227309606502845,
      "VC@10": 0.250610870683723,
      "VC@25": 0.5550206347584459,
      "VC@50": 0.60841499374718,
      "VC@200": 0.9749825594696091,
      "Recall@10": 0.1,
      "Recall@50": 0.16,
      "Spearman": 0.17519970987568997,
      "n_samples": 345
    },
    "2021-12": {
      "VC@20": 0.55456699818131,
      "VC@100": 0.7665820289988389,
      "Recall@20": 0.2,
      "Recall@100": 0.29,
      "NDCG": 0.3955026373220157,
      "VC@10": 0.27451932566926457,
      "VC@25": 0.55456699818131,
      "VC@50": 0.6075133828264521,
      "VC@200": 0.8241531647479117,
      "Recall@10": 0.1,
      "Recall@50": 0.2,
      "Spearman": 0.13026907789834297,
      "n_samples": 327
    },
    "2022-01": {
      "VC@20": 0.7316323508362638,
      "VC@100": 0.8567829545510544,
      "Recall@20": 0.25,
      "Recall@100": 0.39,
      "NDCG": 0.5731724410393918,
      "VC@10": 0.7250302283625559,
      "VC@25": 0.7366705906282476,
      "VC@50": 0.7767563985656686,