{
  "eval_config": {
    "eval_months": [
      "2020-09",
      "2020-12",
      "2021-03",
      "2021-06",
      "2021-09",
      "2021-12",
      "2022-03",
      "2022-06",
      "2022-09",
      "2022-12",
      "2023-03",
      "2023-05"
    ],
    "class_type": "onpeak",
    "period_type": "f0",
    "train_months": 8,
    "val_months": 0,
    "mode": "eval"
  },
  "per_month": {
    "2020-12": {
      "VC@20": 0.7436923328471042,
      "VC@100": 0.8107650110188241,
      "Recall@20": 0.45,
      "Recall@100": 0.37,
      "NDCG": 0.6250911507966566,
      "VC@10": 0.2531228111989189,
      "VC@25": 0.7436923328471045,
      "VC@50": 0.7717724102140753,
      "VC@200": 0.8741430118897758,
      "Recall@10": 0.3,
      "Recall@50": 0.34,
      "Spearman": 0.24632204727702453,
      "Tier0-AP": 1.0,
      "Tier01-AP": 1.0,
      "n_samples": 550
    },
    "2020-09": {
      "VC@20": 0.4825511089160167,
      "VC@100": 0.6742361388745016,
      "Recall@20": 0.25,
      "Recall@100": 0.23,
      "NDCG": 0.7945502511870093,
      "VC@10": 0.41657230489067043,
      "VC@25": 0.4825511089160168,
      "VC@50": 0.6213858071118208,
      "VC@200": 0.897880628785033,
      "Recall@10": 0.3,
      "Recall@50": 0.24,
      "Spearman": 0.1580387458334147,
      "Tier0-AP": 1.0,
      "Tier01-AP": 1.0,
      "n_samples": 715
    },
    "2021-03": {
      "VC@20": 0.20058252244741906,
      "VC@100": 0.370710706820455,
      "Recall@20": 0.15,
      "Recall@100": 0.22,
      "NDCG": 0.4580688578371131,
      "VC@10": 0.2002726276229121,
      "VC@25": 0.23097283610139172,
      "VC@50": 0.26416442601982376,
      "VC@200": 0.6024590698947946,
      "Recall@10": 0.3,
      "Recall@50": 0.16,
      "Spearman": 0.14450931932728062,
      "Tier0-AP": 1.0,
      "Tier01-AP": 1.0,
      "n_samples": 669
    },
    "2021-06": {
      "VC@20": 0.38803916286545864,
      "VC@100": 0.5729884858024742,
      "Recall@20": 0.35,
      "Recall@100": 0.31,
      "NDCG": 0.3571031197718045,
      "VC@10": 0.1345962968002481,
      "VC@25": 0.3880391628654588,
      "VC@50": 0.4468082930229393,
      "VC@200": 0.9304949611964859,
      "Recall@10": 0.2,
      "Recall@50": 0.24,
      "Spearman": 0.22811467225101884,
      "Tier0-AP": 0.9999999999999999,
      "Tier01-AP": 0.9999999999999999,
      "n_samples": 556
    },
    "2021-09": {
      "VC@20": 0.6171340833849986,
      "VC@100": 0.7530394147963466,
      "Recall@20": 0.35,
      "Recall@100": 0.29,
      "NDCG": 0.8554546360295489,
      "VC@10": 0.468225363604914,
      "VC@25": 0.6510350011423489,
      "VC@50": 0.7065581532809179,
      "VC@200": 0.8231340235158283,
      "Recall@10": 0.4,
      "Recall@50": 0.3,
      "Spearman": 0.2198980766525599,
      "Tier0-AP": 1.0,
      "Tier01-AP": 1.0,
      "n_samples": 621
    },
    "2021-12": {
      "VC@20": 0.4704896090581229,
      "VC@100": 0.6975837126644634,
      "Recall@20": 0.15,
      "Recall@100": 0.21,
      "NDCG": 0.7459894781735512,
      "VC@10": 0.32152486038825917,
      "VC@25": 0.4704896090581229,
      "VC@50": 0.5380613291066734,
      "VC@200": 0.8362844062640029,
      "Recall@10": 0.1,
      "Recall@50": 0.14,
      "Spearman": 0.09175425249506174,
      "Tier0-AP": 1.0,
      "Tier01-AP": 1.0,
      "n_samples": 448
    },
    "2022-03": {
      "VC@20": 0.3434000884397321,
      "VC@100": 0.5716937204486424,
      "Recall@20": 0.2,
      "Recall@100": 0.22,
      "NDCG": 0.6824339551856222,
      "VC@10": 0.2642376405288311,
      "VC@25": 0.3434000884397321,
      "VC@50": 0.481506179915898,
      "VC@200": 0.7212068901093752,
      "Recall@10": 0.3,
      "Recall@50": 0.22,
      "Spearman": 0.13840356561352465,
      "Tier0-AP": 1.0,
      "Tier01-AP": 1.0,
      "n_samples": 717
    },
    "2022-06": {
      "VC@20": 0.11054488988539254,
      "VC@100": 0.45711497894613873,
      "Recall@20": 0.1,
      "Recall@100": 0.28,
      "NDCG": 0.3612914531390207,
      "VC@10": 0.10407294698997759,
      "VC@25": 0.1862024605991929,
      "VC@50": 0.38031277038561645,
      "VC@200": 0.8921259016820013,
      "Recall@10": 0.2,
      "Recall@50": 0.3,
      "Spearman": 0.1912930706337729,
      "Tier0-AP": 1.0,
      "Tier01-AP": 1.0,
      "n_samples": 578
    },
    "2022-09": {
      "VC@20": 0.22860820791853387,
      "VC@100": 0.6058912680708399,
      "Recall@20": 0.25,
      "Recall@100": 0.31,
      "NDCG": 0.6148589798757041,
      "VC@10": 0.1456036720210568,
      "VC@25": 0.22860820791853387,
      "VC@50": 0.3727788712879794,
      "VC@200": 0.7735379064365316,
      "Recall@10": 0.2,
      "Recall@50": 0.24,
      "Spearman": 0.20580664359417974,
      "Tier0-AP": 1.0,
      "Tier01-AP": 1.0,
      "n_samples": 600
    },
    "2023-03": {
      "VC@20": 0.10374883651651998,
      "VC@100": 0.2891007154813244,
      "Recall@20": 0.2,
      "Recall@100": 0.22,
      "NDCG": 0.27014037246467054,
      "VC@10": 0.030237112145442613,
      "VC@25": 0.12852193457492164,
      "VC@50": 0.26089692756682514,
      "VC@200": 0.40679287469746633,
      "Recall@10": 0.0,
      "Recall@50": 0.28,
      "Spearman": 0.16361228834521355,
      "Tier0-AP": 1.0,
      "Tier01-AP": 1.0,
      "n_samples": 780
    },
    "2022-12": {
      "VC@20": 0.15981356262773297,
      "VC@100": 0.6058161336506632,
      "Recall@20": 0.1,
      "Recall@100": 0.25,
      "NDCG": 0.3849051502438447,
      "VC@10": 0.025092226891942945,
      "VC@25": 0.2116432318602172,
      "VC@50": 0.4666530883341414,
      "VC@200": 0.7234776125304309,
      "Recall@10": 0.0,
      "Recall@50": 0.28,
      "Spearman": 0.183693401045527,
      "Tier0-AP": 1.0,
      "Tier01-AP": 1.0,
      "n_samples": 525
    },
    "2023-05": {
      "VC@20": 0.3904432623854379,
      "VC@100": 0.734502711452917,
      "Recall@20": 0.25,
      "Recall@100": 0.32,
      "NDCG": 0.586295154105932,
      "VC@10": 0.38307985485411516,
      "VC@25": 0.4170672424361409,
      "VC@50": 0.5334219184404766,
      "VC@200": 0.8453808067374742,
      "Recall@10": 0.4,
      "Recall@50": 0.28,
      "Spearman": 0.23192529676026577,
      "Tier0-AP": 1.0,
      "Tier01-AP": 1.0,
      "n_samples": 655
    }
  },
  "aggregate": {
    "mean": {
      "VC@20": 0.35325397227437244,
      "VC@100": 0.5952869165022993,
      "Recall@20": 0.23333333333333336,
      "Recall@100": 0.26916666666666667,
      "NDCG": 0.5613485465675399,
      "VC@10": 0.2288864764947741,
      "VC@25": 0.37351860139659854,
      "VC@50": 0.4870266812239323,
      "VC@200": 0.7772431744782667,
      "Recall@10": 0.225,
      "Recall@50": 0.2516666666666667,
      "Spearman": 0.18361428165240365,
      "Tier0-AP": 1.0,
      "Tier01-AP": 1.0,
      "n_samples": 617.8333333333334
    },
    "std": {
      "VC@20": 0.19421889798720415,
      "VC@100": 0.1505402590928279,
      "Recall@20": 0.10274023338281628,
      "Recall@100": 0.04940619619260546,
      "NDCG": 0.18383062808553735,
      "VC@10": 0.1413981214551683,
      "VC@25": 0.18279827662213283,
      "VC@50": 0.15258587050372618,
      "VC@200": 0.14279622330194128,
      "Recall@10": 0.1299038105676658,
      "Recall@50": 0.05565269285688001,
      "Spearman": 0.04395086956928452,
      "Tier0-AP": 3.204937810639273e-17,
      "Tier01-AP": 3.204937810639273e-17,
      "n_samples": 90.0803653535121
    },
    "min": {
      "VC@20": 0.10374883651651998,
      "VC@100": 0.2891007154813244,
      "Recall@20": 0.1,
      "Recall@100": 0.21,
      "NDCG": 0.27014037246467054,
      "VC@10": 0.025092226891942945,
      "VC@25": 0.12852193457492164,
      "VC@50": 0.26089692756682514,
      "VC@200": 0.40679287469746633,
      "Recall@10": 0.0,
      "Recall@50": 0.14,
      "Spearman": 0.09175425249506174,
      "Tier0-AP": 0.9999999999999999,
      "Tier01-AP": 0.9999999999999999,
      "n_samples": 448.0
    },
    "max": {
      "VC@20": 0.7436923328471042,
      "VC@100": 0.8107650110188241,
      "Recall@20": 0.45,
      "Recall@100": 0.37,