{
  "eval_config": {
    "eval_months": [
      "2020-09",
      "2020-11",
      "2021-01",
      "2021-04",
      "2021-08",
      "2021-10",
      "2021-12",
      "2022-03",
      "2022-09",
      "2022-12"
    ],
    "class_type": "onpeak",
    "ptype": "f1",
    "train_months": 10,
    "val_months": 2,
    "threshold_beta": 0.7
  },
  "per_month": {
    "2020-09": {
      "S1-AUC": 0.7986,
      "S1-AP": 0.3444,
      "S1-VCAP@100": 0.0232,
      "S1-VCAP@500": 0.1295,
      "S1-VCAP@1000": 0.2007,
      "S1-NDCG": 0.7577,
      "S1-BRIER": 0.1508,
      "S1-REC": 0.4251,
      "S1-CAP@100": 0.68,
      "S1-CAP@500": 0.75,
      "precision": 0.3674,
      "f1": 0.3942,
      "threshold": 0.780529,
      "n_samples": 143493,
      "n_positive": 10420,
      "binding_rate": 0.0726,
      "pred_binding_rate": 0.084
    },
    "2020-11": {
      "S1-AUC": 0.8098,
      "S1-AP": 0.4218,
      "S1-VCAP@100": 0.0094,
      "S1-VCAP@500": 0.1266,
      "S1-VCAP@1000": 0.2266,
      "S1-NDCG": 0.7491,
      "S1-BRIER": 0.1591,
      "S1-REC": 0.4279,
      "S1-CAP@100": 1.0,
      "S1-CAP@500": 0.89,
      "precision": 0.4914,
      "f1": 0.4575,
      "threshold": 0.808652,
      "n_samples": 269207,
      "n_positive": 25230,
      "binding_rate": 0.0937,
      "pred_binding_rate": 0.0816
    },
    "2021-01": {
      "S1-AUC": 0.8197,
      "S1-AP": 0.3688,
      "S1-VCAP@100": 0.0166,
      "S1-VCAP@500": 0.1458,
      "S1-VCAP@1000": 0.229,
      "S1-NDCG": 0.7363,
      "S1-BRIER": 0.1592,
      "S1-REC": 0.3606,
      "S1-CAP@100": 0.79,
      "S1-CAP@500": 0.804,
      "precision": 0.4446,
      "f1": 0.3982,
      "threshold": 0.866112,
      "n_samples": 271855,
      "n_positive": 20988,
      "binding_rate": 0.0772,
      "pred_binding_rate": 0.0626
    },
    "2021-04": {
      "S1-AUC": 0.8217,
      "S1-AP": 0.3922,
      "S1-VCAP@100": 0.0136,
      "S1-VCAP@500": 0.0553,
      "S1-VCAP@1000": 0.1061,
      "S1-NDCG": 0.668,
      "S1-BRIER": 0.1537,
      "S1-REC": 0.4098,
      "S1-CAP@100": 0.53,
      "S1-CAP@500": 0.396,
      "precision": 0.4865,
      "f1": 0.4449,
      "threshold": 0.854106,
      "n_samples": 272051,
      "n_positive": 21299,
      "binding_rate": 0.0783,
      "pred_binding_rate": 0.066
    },
    "2021-10": {
      "S1-AUC": 0.8373,
      "S1-AP": 0.3765,
      "S1-VCAP@100": 0.0092,
      "S1-VCAP@500": 0.1133,
      "S1-VCAP@1000": 0.2204,
      "S1-NDCG": 0.7128,
      "S1-BRIER": 0.1561,
      "S1-REC": 0.4624,
      "S1-CAP@100": 0.97,
      "S1-CAP@500": 0.832,
      "precision": 0.4208,
      "f1": 0.4406,
      "threshold": 0.792043,
      "n_samples": 272267,
      "n_positive": 21046,
      "binding_rate": 0.0773,
      "pred_binding_rate": 0.0849
    },
    "2021-12": {
      "S1-AUC": 0.7986,
      "S1-AP": 0.4081,
      "S1-VCAP@100": 0.029,
      "S1-VCAP@500": 0.0617,
      "S1-VCAP@1000": 0.1226,
      "S1-NDCG": 0.7767,
      "S1-BRIER": 0.1534,
      "S1-REC": 0.4063,
      "S1-CAP@100": 0.91,
      "S1-CAP@500": 0.946,
      "precision": 0.4705,
      "f1": 0.4361,
      "threshold": 0.76937,
      "n_samples": 268271,
      "n_positive": 26655,
      "binding_rate": 0.0994,
      "pred_binding_rate": 0.0858
    },
    "2022-03": {
      "S1-AUC": 0.8209,
      "S1-AP": 0.3084,
      "S1-VCAP@100": 0.0273,
      "S1-VCAP@500": 0.1191,
      "S1-VCAP@1000": 0.2739,
      "S1-NDCG": 0.6885,
      "S1-BRIER": 0.1695,
      "S1-REC": 0.3191,
      "S1-CAP@100": 1.0,
      "S1-CAP@500": 0.902,
      "precision": 0.3507,
      "f1": 0.3342,
      "threshold": 0.862066,
      "n_samples": 272207,
      "n_positive": 18804,
      "binding_rate": 0.0691,
      "pred_binding_rate": 0.0629
    },
    "2022-09": {
      "S1-AUC": 0.8321,
      "S1-AP": 0.2729,
      "S1-VCAP@100": 0.0066,
      "S1-VCAP@500": 0.0523,
      "S1-VCAP@1000": 0.1046,
      "S1-NDCG": 0.6531,
      "S1-BRIER": 0.1681,
      "S1-REC": 0.2841,
      "S1-CAP@100": 0.39,
      "S1-CAP@500": 0.416,
      "precision": 0.3381,
      "f1": 0.3088,
      "threshold": 0.870228,
      "n_samples": 143958,
      "n_positive": 8195,
      "binding_rate": 0.0569,
      "pred_binding_rate": 0.0478
    },
    "2022-12": {
      "S1-AUC": 0.7928,
      "S1-AP": 0.3213,
      "S1-VCAP@100": 0.0154,
      "S1-VCAP@500": 0.0657,
      "S1-VCAP@1000": 0.1183,
      "S1-NDCG": 0.7087,
      "S1-BRIER": 0.1765,
      "S1-REC": 0.39,
      "S1-CAP@100": 1.0,
      "S1-CAP@500": 0.816,
      "precision": 0.3668,
      "f1": 0.378,
      "threshold": 0.794823,
      "n_samples": 269651,
      "n_positive": 22525,
      "binding_rate": 0.0835,
      "pred_binding_rate": 0.0888
    }
  },
  "aggregate": {
    "mean": {
      "S1-AP": 0.3572,
      "S1-AUC": 0.8146,
      "S1-BRIER": 0.1607,
      "S1-CAP@100": 0.8078,
      "S1-CAP@500": 0.7502,
      "S1-NDCG": 0.7168,
      "S1-REC": 0.3873,
      "S1-VCAP@100": 0.0167,
      "S1-VCAP@1000": 0.178,
      "S1-VCAP@500": 0.0966,
      "binding_rate": 0.0787,
      "f1": 0.3992,
      "n_positive": 19462.4444,
      "n_samples": 242551.1111,
      "precision": 0.4152,
      "pred_binding_rate": 0.0738,
      "threshold": 0.822
    },
    "std": {
      "S1-AP": 0.0493,
      "S1-AUC": 0.0156,
      "S1-BRIER": 0.0087,
      "S1-CAP@100": 0.228,
      "S1-CAP@500": 0.2037,
      "S1-NDCG": 0.0418,
      "S1-REC": 0.0566,
      "S1-VCAP@100": 0.0081,
      "S1-VCAP@1000": 0.0649,
      "S1-VCAP@500": 0.0371,
      "binding_rate": 0.0127,
      "f1": 0.0518,
      "n_positive": 6242.3889,
      "n_samples": 56048.0053,
      "precision": 0.0608,
      "pred_binding_rate": 0.0143,
      "threshold": 0.0406
    },
    "min": {
      "S1-AP": 0.2729,
      "S1-AUC": 0.7928,
      "S1-BRIER": 0.1508,
      "S1-CAP@100": 0.39,
      "S1-CAP@500": 0.396,
      "S1-NDCG": 0.6531,
      "S1-REC": 0.2841,
      "S1-VCAP@100": 0.0066,
      "S1-VCAP@1000": 0.1046,
      "S1-VCAP@500": 0.0523,
      "binding_rate": 0.0569,
      "f1": 0.3088,
      "n_positive": 8195,
      "n_samples": 143493,
      "precision": 0.3381,
      "pred_binding_rate": 0.0478,
      "threshold": 0.7694
    },
    "max": {
      "S1-AP": 0.4218,
      "S1-AUC": 0.8373,
      "S1-BRIER": 0.1765,
      "S1-CAP@100": 1.0,
      "S1-CAP@500": 0.946,
      "S1-NDCG": 0.7767,
      "S1-REC": 0.4624,
      "S1-VCAP@100": 0.029,
      "S1-VCAP@1000": 0.2739,
      "S1-VCAP@500": 0.1458,
      "binding_rate": 0.0994,
      "f1": 0.4575,
      "n_positive": 26655,
      "n_samples": 272267,
      "precision": 0.4914,
      "pred_binding_rate": 0.0888,
      "threshold": 0.8702
    },
    "bottom_2_mean": {
      "S1-AP": 0.2906,
      "S1-AUC": 0.7957,
      "S1-BRIER": 0.173,
      "S1-CAP@100": 0.46,
      "S1-CAP@500": 0.406,
      "S1-NDCG": 0.6605,
      "S1-REC": 0.3016,
      "S1-VCAP@100": 0.0079,
      "S1-VCAP@1000": 0.1053,
      "S1-VCAP@500": 0.0538,
      "binding_rate": 0.063,
      "f1": 0.3215,
      "n_positive": 9307.5,
      "n_samples": 143725.5,
      "precision": 0.3444,
      "pred_binding_rate": 0.0552,
      "threshold": 0.7749
    }
  },
  "n_months": 9,
  "n_months_requested": 10,
  "skipped_months": [
    "2021-08"
  ],
  "threshold_per_month": {
    "2020-09": 0.780529,
    "2020-11": 0.808652,
    "2021-01": 0.866112,
    "2021-04": 0.854106,
    "2021-10": 0.792043,
    "2021-12": 0.76937,
    "2022-03": 0.862066,
    "2022-09": 0.870228,
    "2022-12": 0.794823
  }
}