{
  "importance_type": "gain",
  "n_months": 12,
  "per_month": {
    "2020-09": {
      "prob_exceed_110": 0.024225303903222084,
      "prob_exceed_105": 0.010812588967382908,
      "prob_exceed_100": 0.04813913255929947,
      "prob_exceed_95": 0.03642302751541138,
      "prob_exceed_90": 0.04339289292693138,
      "prob_below_100": 0.004900841973721981,
      "prob_below_95": 0.006069740280508995,
      "prob_below_90": 0.10116901248693466,
      "expected_overload": 0.022792840376496315,
      "density_skewness": 0.007465321570634842,
      "density_kurtosis": 0.009564262814819813,
      "density_cv": 0.008338131941854954,
      "hist_da": 0.11350329965353012,
      "hist_da_trend": 0.5632036328315735
    },
    "2020-11": {
      "prob_exceed_110": 0.022012388333678246,
      "prob_exceed_105": 0.051019713282585144,
      "prob_exceed_100": 0.06848380714654922,
      "prob_exceed_95": 0.016786744818091393,
      "prob_exceed_90": 0.037639714777469635,
      "prob_below_100": 0.007838173769414425,
      "prob_below_95": 0.009079205803573132,
      "prob_below_90": 0.13458584249019623,
      "expected_overload": 0.04952497407793999,
      "density_skewness": 0.006104541011154652,
      "density_kurtosis": 0.00831147376447916,
      "density_cv": 0.008601224981248379,
      "hist_da": 0.11831685900688171,
      "hist_da_trend": 0.4616954028606415
    },
    "2021-01": {
      "prob_exceed_110": 0.010520989075303078,
      "prob_exceed_105": 0.03345808386802673,
      "prob_exceed_100": 0.026986364275217056,
      "prob_exceed_95": 0.040969423949718475,
      "prob_exceed_90": 0.03432874009013176,
      "prob_below_100": 0.01701582781970501,
      "prob_below_95": 0.007694833446294069,
      "prob_below_90": 0.10483390837907791,
      "expected_overload": 0.021296922117471695,
      "density_skewness": 0.00641852430999279,
      "density_kurtosis": 0.008495896123349667,
      "density_cv": 0.008679468184709549,
      "hist_da": 0.1272093504667282,
      "hist_da_trend": 0.552091658115387
    },
    "2021-04": {
      "prob_exceed_110": 0.0224829763174057,
      "prob_exceed_105": 0.012693583965301514,
      "prob_exceed_100": 0.016658596694469452,
      "prob_exceed_95": 0.07437863200902939,
      "prob_exceed_90": 0.023560242727398872,
      "prob_below_100": 0.07897108048200607,
      "prob_below_95": 0.03239907696843147,
      "prob_below_90": 0.036965906620025635,
      "expected_overload": 0.02445317432284355,
      "density_skewness": 0.009036178700625896,
      "density_kurtosis": 0.01119538489729166,
      "density_cv": 0.010294284671545029,
      "hist_da": 0.13310624659061432,
      "hist_da_trend": 0.51380455493927
    },
    "2021-06": {
      "prob_exceed_110": 0.030017336830496788,
      "prob_exceed_105": 0.011049334891140461,
      "prob_exceed_100": 0.008137996308505535,
      "prob_exceed_95": 0.0494086854159832,
      "prob_exceed_90": 0.06625893712043762,
      "prob_below_100": 0.012882228940725327,
      "prob_below_95": 0.02388896606862545,
      "prob_below_90": 0.07622857391834259,
      "expected_overload": 0.017857572063803673,
      "density_skewness": 0.0087298434227705,
      "density_kurtosis": 0.009901915676891804,
      "density_cv": 0.011871649883687496,
      "hist_da": 0.13178056478500366,
      "hist_da_trend": 0.541986346244812
    },
    "2021-08": {
      "prob_exceed_110": 0.021028753370046616,
      "prob_exceed_105": 0.013815772719681263,
      "prob_exceed_100": 0.011218076571822166,
      "prob_exceed_95": 0.02678726613521576,
      "prob_exceed_90": 0.03783582150936127,
      "prob_below_100": 0.030425000935792923,
      "prob_below_95": 0.005196289625018835,
      "prob_below_90": 0.1522780954837799,
      "expected_overload": 0.018106311559677124,
      "density_skewness": 0.005787267349660397,
      "density_kurtosis": 0.007974070496857166,
      "density_cv": 0.0068779801949858665,
      "hist_da": 0.09086022526025772,
      "hist_da_trend": 0.5718091130256653
    },
    "2021-10": {
      "prob_exceed_110": 0.01558311190456152,
      "prob_exceed_105": 0.017562279477715492,
      "prob_exceed_100": 0.009602724574506283,
      "prob_exceed_95": 0.020072216168045998,
      "prob_exceed_90": 0.029519617557525635,
      "prob_below_100": 0.027791352942585945,
      "prob_below_95": 0.0329875573515892,
      "prob_below_90": 0.13178719580173492,
      "expected_overload": 0.02872825786471367,
      "density_skewness": 0.006948092486709356,
      "density_kurtosis": 0.0092275096103549,
      "density_cv": 0.007550626061856747,
      "hist_da": 0.09556266665458679,
      "hist_da_trend": 0.5670768022537231
    },
    "2021-12": {
      "prob_exceed_110": 0.009509600698947906,
      "prob_exceed_105": 0.02704319730401039,
      "prob_exceed_100": 0.024437516927719116,
      "prob_exceed_95": 0.021624958142638206,
      "prob_exceed_90": 0.033642638474702835,
      "prob_below_100": 0.00818038173019886,
      "prob_below_95": 0.02283257618546486,
      "prob_below_90": 0.06753489375114441,
      "expected_overload": 0.0274371188133955,
      "density_skewness": 0.006646816618740559,
      "density_kurtosis": 0.01128574088215828,
      "density_cv": 0.007071341387927532,
      "hist_da": 0.10208728909492493,
      "hist_da_trend": 0.6306659579277039
    },
    "2022-03": {
      "prob_exceed_110": 0.013435241766273975,
      "prob_exceed_105": 0.023062927648425102,
      "prob_exceed_100": 0.026546305045485497,
      "prob_exceed_95": 0.06546379625797272,
      "prob_exceed_90": 0.04737519100308418,
      "prob_below_100": 0.01292272750288248,
      "prob_below_95": 0.014151963405311108,
      "prob_below_90": 0.156948521733284,
      "expected_overload": 0.018064336851239204,
      "density_skewness": 0.007713080383837223,
      "density_kurtosis": 0.011542363092303276,
      "density_cv": 0.007670863997191191,
      "hist_da": 0.12070219218730927,
      "hist_da_trend": 0.47440046072006226
    },
    "2022-06": {
      "prob_exceed_110": 0.006624002940952778,
      "prob_exceed_105": 0.01817551627755165,
      "prob_exceed_100": 0.005877486430108547,
      "prob_exceed_95": 0.04840724542737007,
      "prob_exceed_90": 0.05981757491827011,
      "prob_below_100": 0.014537188224494457,
      "prob_below_95": 0.01399542111903429,
      "prob_below_90": 0.14218570291996002,
      "expected_overload": 0.013261488638818264,
      "density_skewness": 0.008649570867419243,
      "density_kurtosis": 0.012172275222837925,
      "density_cv": 0.008506403304636478,
      "hist_da": 0.12950077652931213,
      "hist_da_trend": 0.5182892680168152
    },
    "2022-09": {
      "prob_exceed_110": 0.016994105651974678,
      "prob_exceed_105": 0.022649217396974564,
      "prob_exceed_100": 0.011705100536346436,
      "prob_exceed_95": 0.053786829113960266,
      "prob_exceed_90": 0.04919959604740143,
      "prob_below_100": 0.031427353620529175,
      "prob_below_95": 0.024911951273679733,
      "prob_below_90": 0.12426457554101944,
      "expected_overload": 0.02164791151881218,
      "density_skewness": 0.009363183751702309,
      "density_kurtosis": 0.01655484363436699,
      "density_cv": 0.011141566559672356,
      "hist_da": 0.16841083765029907,
      "hist_da_trend": 0.4379429221153259
    },
    "2022-12": {
      "prob_exceed_110": 0.011337735690176487,
      "prob_exceed_105": 0.02244509942829609,
      "prob_exceed_100": 0.00738525902852416,
      "prob_exceed_95": 0.037993114441633224,
      "prob_exceed_90": 0.03614572808146477,
      "prob_below_100": 0.00909517053514719,
      "prob_below_95": 0.04252950847148895,
      "prob_below_90": 0.1259821355342865,
      "expected_overload": 0.05001731216907501,
      "density_skewness": 0.010008779354393482,
      "density_kurtosis": 0.015616253949701786,
      "density_cv": 0.01016049925237894,
      "hist_da": 0.20184431970119476,
      "hist_da_trend": 0.41943907737731934
    }
  },
  "aggregate": {
    "mean": {
      "prob_exceed_110": 0.016980962206919987,