{
  "eval_config": {
    "eval_months": [
      "2020-09",
      "2020-11",
      "2021-01",
      "2021-04",
      "2021-06",
      "2021-08",
      "2021-10",
      "2021-12",
      "2022-03",
      "2022-06",
      "2022-09",
      "2022-12"
    ],
    "class_type": "onpeak",
    "ptype": "f0",
    "train_months": 6,
    "val_months": 2,
    "threshold_beta": 0.7
  },
  "per_month": {
    "2020-09": {
      "S1-AUC": 0.8444,
      "S1-AP": 0.402,
      "S1-VCAP@100": 0.0133,
      "S1-VCAP@500": 0.0703,
      "S1-VCAP@1000": 0.1181,
      "S1-NDCG": 0.7608,
      "S1-BRIER": 0.1378,
      "S1-REC": 0.4033,
      "S1-CAP@100": 0.36,
      "S1-CAP@500": 0.524,
      "precision": 0.4716,
      "f1": 0.4348,
      "threshold": 0.869602,
      "n_samples": 285159,
      "n_positive": 19619,
      "binding_rate": 0.0688,
      "pred_binding_rate": 0.0588
    },
    "2020-11": {
      "S1-AUC": 0.8286,
      "S1-AP": 0.4307,
      "S1-VCAP@100": 0.0088,
      "S1-VCAP@500": 0.0574,
      "S1-VCAP@1000": 0.1172,
      "S1-NDCG": 0.7288,
      "S1-BRIER": 0.1459,
      "S1-REC": 0.4097,
      "S1-CAP@100": 0.98,
      "S1-CAP@500": 0.944,
      "precision": 0.4911,
      "f1": 0.4467,
      "threshold": 0.848711,
      "n_samples": 267789,
      "n_positive": 25205,
      "binding_rate": 0.0941,
      "pred_binding_rate": 0.0785
    },
    "2021-01": {
      "S1-AUC": 0.8505,
      "S1-AP": 0.4532,
      "S1-VCAP@100": 0.0328,
      "S1-VCAP@500": 0.1767,
      "S1-VCAP@1000": 0.2563,
      "S1-NDCG": 0.7732,
      "S1-BRIER": 0.1518,
      "S1-REC": 0.4394,
      "S1-CAP@100": 0.91,
      "S1-CAP@500": 0.928,
      "precision": 0.484,
      "f1": 0.4606,
      "threshold": 0.871303,
      "n_samples": 268702,
      "n_positive": 21247,
      "binding_rate": 0.0791,
      "pred_binding_rate": 0.0718
    },
    "2021-04": {
      "S1-AUC": 0.8304,
      "S1-AP": 0.4184,
      "S1-VCAP@100": 0.0128,
      "S1-VCAP@500": 0.053,
      "S1-VCAP@1000": 0.1145,
      "S1-NDCG": 0.6656,
      "S1-BRIER": 0.1417,
      "S1-REC": 0.4634,
      "S1-CAP@100": 0.49,
      "S1-CAP@500": 0.416,
      "precision": 0.4827,
      "f1": 0.4729,
      "threshold": 0.832466,
      "n_samples": 267965,
      "n_positive": 21286,
      "binding_rate": 0.0794,
      "pred_binding_rate": 0.0763
    },
    "2021-06": {
      "S1-AUC": 0.8219,
      "S1-AP": 0.3441,
      "S1-VCAP@100": 0.0047,
      "S1-VCAP@500": 0.051,
      "S1-VCAP@1000": 0.1115,
      "S1-NDCG": 0.7621,
      "S1-BRIER": 0.1553,
      "S1-REC": 0.4486,
      "S1-CAP@100": 0.97,
      "S1-CAP@500": 0.874,
      "precision": 0.4113,
      "f1": 0.4292,
      "threshold": 0.816162,
      "n_samples": 269154,
      "n_positive": 22264,
      "binding_rate": 0.0827,
      "pred_binding_rate": 0.0902
    },
    "2021-08": {
      "S1-AUC": 0.8506,
      "S1-AP": 0.3873,
      "S1-VCAP@100": 0.0146,
      "S1-VCAP@500": 0.0865,
      "S1-VCAP@1000": 0.1879,
      "S1-NDCG": 0.6744,
      "S1-BRIER": 0.1446,
      "S1-REC": 0.3641,
      "S1-CAP@100": 0.73,
      "S1-CAP@500": 0.68,
      "precision": 0.4656,
      "f1": 0.4087,
      "threshold": 0.865398,
      "n_samples": 272673,
      "n_positive": 18814,
      "binding_rate": 0.069,
      "pred_binding_rate": 0.054
    },
    "2021-10": {
      "S1-AUC": 0.8494,
      "S1-AP": 0.4469,
      "S1-VCAP@100": 0.0254,
      "S1-VCAP@500": 0.234,
      "S1-VCAP@1000": 0.2989,
      "S1-NDCG": 0.7627,
      "S1-BRIER": 0.1331,
      "S1-REC": 0.3796,
      "S1-CAP@100": 0.8,
      "S1-CAP@500": 0.764,
      "precision": 0.5222,
      "f1": 0.4396,
      "threshold": 0.863363,
      "n_samples": 270336,
      "n_positive": 20898,
      "binding_rate": 0.0773,
      "pred_binding_rate": 0.0562
    },
    "2021-12": {
      "S1-AUC": 0.8089,
      "S1-AP": 0.4139,
      "S1-VCAP@100": 0.0138,
      "S1-VCAP@500": 0.0996,
      "S1-VCAP@1000": 0.1595,
      "S1-NDCG": 0.7817,
      "S1-BRIER": 0.1473,
      "S1-REC": 0.3383,
      "S1-CAP@100": 0.89,
      "S1-CAP@500": 0.93,
      "precision": 0.5035,
      "f1": 0.4047,
      "threshold": 0.841387,
      "n_samples": 266013,
      "n_positive": 26766,
      "binding_rate": 0.1006,
      "pred_binding_rate": 0.0676
    },
    "2022-03": {
      "S1-AUC": 0.8431,
      "S1-AP": 0.3547,
      "S1-VCAP@100": 0.0236,
      "S1-VCAP@500": 0.139,
      "S1-VCAP@1000": 0.3281,
      "S1-NDCG": 0.7114,
      "S1-BRIER": 0.155,
      "S1-REC": 0.3599,
      "S1-CAP@100": 1.0,
      "S1-CAP@500": 0.942,
      "precision": 0.4116,
      "f1": 0.384,
      "threshold": 0.861255,
      "n_samples": 269079,
      "n_positive": 18815,
      "binding_rate": 0.0699,
      "pred_binding_rate": 0.0611
    },
    "2022-06": {
      "S1-AUC": 0.8259,
      "S1-AP": 0.3805,
      "S1-VCAP@100": 0.0146,
      "S1-VCAP@500": 0.1161,
      "S1-VCAP@1000": 0.1803,
      "S1-NDCG": 0.7519,
      "S1-BRIER": 0.154,
      "S1-REC": 0.3176,
      "S1-CAP@100": 0.37,
      "S1-CAP@500": 0.508,
      "precision": 0.4526,
      "f1": 0.3733,
      "threshold": 0.839001,
      "n_samples": 267808,
      "n_positive": 21377,
      "binding_rate": 0.0798,
      "pred_binding_rate": 0.056
    },
    "2022-09": {
      "S1-AUC": 0.8316,
      "S1-AP": 0.2967,
      "S1-VCAP@100": 0.0124,
      "S1-VCAP@500": 0.0441,
      "S1-VCAP@1000": 0.0595,
      "S1-NDCG": 0.7007,
      "S1-BRIER": 0.1538,
      "S1-REC": 0.335,
      "S1-CAP@100": 0.57,
      "S1-CAP@500": 0.616,
      "precision": 0.3625,
      "f1": 0.3482,
      "threshold": 0.846533,
      "n_samples": 286418,
      "n_positive": 18987,
      "binding_rate": 0.0663,
      "pred_binding_rate": 0.0612
    },
    "2022-12": {
      "S1-AUC": 0.8084,
      "S1-AP": 0.348,
      "S1-VCAP@100": 0.0,
      "S1-VCAP@500": 0.029,
      "S1-VCAP@1000": 0.0714,
      "S1-NDCG": 0.6859,
      "S1-BRIER": 0.1552,
      "S1-REC": 0.4094,
      "S1-CAP@100": 0.99,
      "S1-CAP@500": 0.826,
      "precision": 0.3922,
      "f1": 0.4006,
      "threshold": 0.789826,
      "n_samples": 259370,
      "n_positive": 21930,
      "binding_rate": 0.0846,
      "pred_binding_rate": 0.0883
    }
  },
  "aggregate": {
    "mean": {
      "S1-AP": 0.3897,
      "S1-AUC": 0.8328,
      "S1-BRIER": 0.148,
      "S1-CAP@100": 0.755,
      "S1-CAP@500": 0.746,
      "S1-NDCG": 0.7299,
      "S1-REC": 0.389,
      "S1-VCAP@100": 0.0147,
      "S1-VCAP@1000": 0.1669,
      "S1-VCAP@500": 0.0964,
      "binding_rate": 0.0793,
      "f1": 0.4169,
      "n_positive": 21434.0,
      "n_samples": 270872.1667,
      "precision": 0.4542,
      "pred_binding_rate": 0.0683,
      "threshold": 0.8454
    },
    "std": {
      "S1-AP": 0.047,
      "S1-AUC": 0.0151,
      "S1-BRIER": 0.0075,
      "S1-CAP@100": 0.246,
      "S1-CAP@500": 0.1916,
      "S1-NDCG": 0.041,
      "S1-REC": 0.0475,
      "S1-VCAP@100": 0.009,
      "S1-VCAP@1000": 0.0871,
      "S1-VCAP@500": 0.0611,
      "binding_rate": 0.0104,
      "f1": 0.0371,
      "n_positive": 2466.8455,
      "n_samples": 7648.245,
      "precision": 0.049,
      "pred_binding_rate": 0.0126,
      "threshold": 0.0241
    },
    "min": {
      "S1-AP": 0.2967,
      "S1-AUC": 0.8084,
      "S1-BRIER": 0.1331,
      "S1-CAP@100": 0.36,
      "S1-CAP@500": 0.416,
      "S1-NDCG": 0.6656,
      "S1-REC": 0.3176,
      "S1-VCAP@100": 0.0,
      "S1-VCAP@1000": 0.0595,
      "S1-VCAP@500": 0.029,
      "binding_rate": 0.0663,
      "f1": 0.3482,
      "n_positive": 18814,
      "n_samples": 259370,
      "precision": 0.3625,
      "pred_binding_rate": 0.054,
      "threshold": 0.7898
    },
    "max": {
      "S1-AP": 0.4532,
      "S1-AUC": 0.8506,
      "S1-BRIER": 0.1553,
      "S1-CAP@100": 1.0,
      "S1-CAP@500": 0.944,
      "S1-NDCG": 0.7817,
      "S1-REC": 0.4634,
      "S1-VCAP@100": 0.0328,
      "S1-VCAP@1000": 0.3281,
      "S1-VCAP@500": 0.234,
      "binding_rate": 0.1006,
      "f1": 0.4729,
      "n_positive": 26766,
      "n_samples": 286418,
      "precision": 0.5222,