{
  "eval_config": {
    "eval_months": [
      "2020-06",
      "2020-07",
      "2020-08",
      "2020-09",
      "2020-10",
      "2020-11",
      "2020-12",
      "2021-01",
      "2021-02",
      "2021-03",
      "2021-04",
      "2021-05",
      "2021-06",
      "2021-07",
      "2021-08",
      "2021-09",
      "2021-10",
      "2021-11",
      "2021-12",
      "2022-01",
      "2022-02",
      "2022-03",
      "2022-04",
      "2022-05",
      "2022-06",
      "2022-07",
      "2022-08",
      "2022-09",
      "2022-10",
      "2022-11",
      "2022-12",
      "2023-01",
      "2023-02",
      "2023-03",
      "2023-04",
      "2023-05"
    ],
    "class_type": "offpeak",
    "period_type": "f0",
    "lag": 1,
    "note": "1-month production lag applied"
  },
  "per_month": {
    "2020-06": {
      "VC@20": 0.5500406539312389,
      "VC@100": 0.8170018883265635,
      "Recall@20": 0.5,
      "Recall@100": 0.32,
      "NDCG": 0.5707734284662335,
      "VC@10": 0.469225999932237,
      "VC@25": 0.6332970593721914,
      "VC@50": 0.6431306490706904,
      "VC@200": 0.8363855160848146,
      "Recall@10": 0.5,
      "Recall@50": 0.44,
      "Spearman": 0.2996044083035306,
      "n_samples": 562
    },
    "2020-07": {
      "VC@20": 0.5024687992579832,
      "VC@100": 0.60602096303421,
      "Recall@20": 0.35,
      "Recall@100": 0.32,
      "NDCG": 0.7530067079130914,
      "VC@10": 0.3905038524225484,
      "VC@25": 0.5426708980944878,
      "VC@50": 0.5635856269890045,
      "VC@200": 0.6724001247101864,
      "Recall@10": 0.5,
      "Recall@50": 0.36,
      "Spearman": 0.20796801766071576,
      "n_samples": 484
    },
    "2020-08": {
      "VC@20": 0.7135664702368599,
      "VC@100": 0.8079356888220214,
      "Recall@20": 0.5,
      "Recall@100": 0.39,
      "NDCG": 0.8218367550019023,
      "VC@10": 0.6560126983511687,
      "VC@25": 0.716846446914017,
      "VC@50": 0.7799770809459319,
      "VC@200": 0.9131209296403344,
      "Recall@10": 0.6,
      "Recall@50": 0.48,
      "Spearman": 0.30363494879790237,
      "n_samples": 494
    },
    "2020-09": {
      "VC@20": 0.8724851218127568,
      "VC@100": 0.9681066494789589,
      "Recall@20": 0.5,
      "Recall@100": 0.3,
      "NDCG": 0.6330714859505052,
      "VC@10": 0.34871836546636803,
      "VC@25": 0.8742122753330468,
      "VC@50": 0.9138010525918713,
      "VC@200": 0.9869673335751907,
      "Recall@10": 0.5,
      "Recall@50": 0.44,
      "Spearman": 0.27755399095661565,
      "n_samples": 678
    },
    "2020-10": {
      "VC@20": 0.5462710203645981,
      "VC@100": 0.8198306766542162,
      "Recall@20": 0.4,
      "Recall@100": 0.5,
      "NDCG": 0.7215826163707474,
      "VC@10": 0.5070662403624233,
      "VC@25": 0.577912809515821,
      "VC@50": 0.6926055988665165,
      "VC@200": 0.9345695935747396,
      "Recall@10": 0.5,
      "Recall@50": 0.46,
      "Spearman": 0.38070452399302557,
      "n_samples": 731
    },
    "2020-11": {
      "VC@20": 0.8519554145339748,
      "VC@100": 0.9525115829038533,
      "Recall@20": 0.5,
      "Recall@100": 0.47,
      "NDCG": 0.6635594037103061,
      "VC@10": 0.6331726307753391,
      "VC@25": 0.8554207918717941,
      "VC@50": 0.9125167389831149,
      "VC@200": 0.9768013873632913,
      "Recall@10": 0.3,
      "Recall@50": 0.58,
      "Spearman": 0.3947508096834053,
      "n_samples": 504
    },
    "2020-12": {
      "VC@20": 0.4912542062638158,
      "VC@100": 0.8814339999265803,
      "Recall@20": 0.35,
      "Recall@100": 0.49,
      "NDCG": 0.8009523469716426,
      "VC@10": 0.36965401973245754,
      "VC@25": 0.5143405137268228,
      "VC@50": 0.7213074843701948,
      "VC@200": 0.9587216533068116,
      "Recall@10": 0.3,
      "Recall@50": 0.48,
      "Spearman": 0.3519550878508503,
      "n_samples": 559
    },
    "2021-01": {
      "VC@20": 0.6274563620861093,
      "VC@100": 0.850122424567935,
      "Recall@20": 0.35,
      "Recall@100": 0.44,
      "NDCG": 0.5392847747188761,
      "VC@10": 0.25656275153813307,
      "VC@25": 0.6401916923508009,
      "VC@50": 0.7646754757821079,
      "VC@200": 0.9369337224656838,
      "Recall@10": 0.3,
      "Recall@50": 0.46,
      "Spearman": 0.3695679582822006,
      "n_samples": 394
    },
    "2021-02": {
      "VC@20": 0.5937146022112074,
      "VC@100": 0.9357578105319349,
      "Recall@20": 0.35,
      "Recall@100": 0.38,
      "NDCG": 0.6344043019313726,
      "VC@10": 0.513827559676968,
      "VC@25": 0.6466838282081191,
      "VC@50": 0.6668978297177757,
      "VC@200": 0.962047111955853,
      "Recall@10": 0.3,
      "Recall@50": 0.44,
      "Spearman": 0.3393136229505721,
      "n_samples": 647
    },
    "2021-03": {
      "VC@20": 0.6439890166799541,
      "VC@100": 0.7891924442828377,
      "Recall@20": 0.45,
      "Recall@100": 0.39,
      "NDCG": 0.566332192354637,
      "VC@10": 0.5505933603077717,
      "VC@25": 0.6608943394400522,
      "VC@50": 0.6962990596998511,
      "VC@200": 0.8885738198204154,
      "Recall@10": 0.4,
      "Recall@50": 0.46,
      "Spearman": 0.30634167008665214,
      "n_samples": 641
    },
    "2021-04": {
      "VC@20": 0.4602049824695068,
      "VC@100": 0.7371536444985514,
      "Recall@20": 0.4,
      "Recall@100": 0.45,
      "NDCG": 0.6838043787865612,
      "VC@10": 0.3417680710377417,
      "VC@25": 0.49315985828033876,
      "VC@50": 0.5758589686823674,
      "VC@200": 0.8864895634084684,
      "Recall@10": 0.4,
      "Recall@50": 0.44,
      "Spearman": 0.3052138658805655,
      "n_samples": 639
    },
    "2021-05": {
      "VC@20": 0.2723487885017923,
      "VC@100": 0.7346295395845324,
      "Recall@20": 0.25,
      "Recall@100": 0.42,
      "NDCG": 0.46534976904198766,
      "VC@10": 0.23611692216099947,
      "VC@25": 0.35356895413021244,
      "VC@50": 0.46164475310839814,
      "VC@200": 0.8262674192693634,
      "Recall@10": 0.4,
      "Recall@50": 0.4,
      "Spearman": 0.24680711666056965,
      "n_samples": 654
    },
    "2021-06": {
      "VC@20": 0.40963760172283453,
      "VC@100": 0.6944863474979666,
      "Recall@20": 0.45,
      "Recall@100": 0.32,
      "NDCG": 0.5091786916492487,
      "VC@10": 0.2188058093906591,
      "VC@25": 0.41038228553662465,
      "VC@50": 0.4276922451781619,
      "VC@200": 0.7932169366364326,
      "Recall@10": 0.2,
      "Recall@50": 0.44,
      "Spearman": 0.28663568254542515,
      "n_samples": 547
    },
    "2021-07": {
      "VC@20": 0.5517014161461932,
      "VC@100": 0.8832635242274215,
      "Recall@20": 0.5,
      "Recall@100": 0.45,
      "NDCG": 0.5759899304528711,
      "VC@10": 0.2877846835407407,
      "VC@25": 0.7775449504442656,
      "VC@50": 0.8222491993519753,
      "VC@200": 0.9480418330773969,
      "Recall@10": 0.3,
      "Recall@50": 0.5,
      "Spearman": 0.3344867296529968,
      "n_samples": 490
    },
    "2021-08": {
      "VC@20": 0.6579728706200663,
      "VC@100": 0.9500794488357979,
      "Recall@20": 0.6,
      "Recall@100": 0.51,
      "NDCG": 0.790294876597971,
      "VC@10": 0.30795834432409996,
      "VC@25": 0.6579728706200663,
      "VC@50": 0.8721003675718273,
      "VC@200": 0.9556600581443266,
      "Recall@10": 0.3,
      "Recall@50": 0.62,
      "Spearman": 0.4071866855884494,
      "n_samples": 525
    },
    "2021-09": {
      "VC@20": 0.7675053843655776,
      "VC@100": 0.9131149424225807,
      "Recall@20": 0.5,
      "Recall@100": 0.43,
      "NDCG": 0.842851330766998,
      "VC@10": 0.561307648334159,
      "VC@25": 0.7969414711404224,
      "VC@50": 0.8415900987609598,
      "VC@200": 0.9269714731816467,
      "Recall@10": 0.4,
      "Recall@50": 0.56,
      "Spearman": 0.35660528363139987,
      "n_samples": 611
    },
    "2021-10": {
      "VC@20": 0.6719394552077927,
      "VC@100": 0.8102968118657226,
      "Recall@20": 0.45,
      "Recall@100": 0.39,
      "NDCG": 0.7143532472853551,
      "VC@10": 0.3585530841761519,
      "VC@25": 0.6904248240484973,
      "VC@50": 0.7564063893182847,
      "VC@200": 0.862417719321289,