{
  "eval_config": {
    "eval_groups": [
      "2022-06/aq1",
      "2022-06/aq2",
      "2022-06/aq3",
      "2022-06/aq4",
      "2023-06/aq1",
      "2023-06/aq2",
      "2023-06/aq3",
      "2023-06/aq4",
      "2024-06/aq1",
      "2024-06/aq2",
      "2024-06/aq3",
      "2024-06/aq4"
    ],
    "mode": "eval"
  },
  "per_month": {
    "2022-06/aq1": {
      "VC@20": 0.2040863698799692,
      "VC@100": 0.7416760549956918,
      "Recall@20": 0.2,
      "Recall@100": 0.51,
      "NDCG": 0.5894373468214801,
      "VC@10": 0.08725664635514775,
      "VC@25": 0.23151948781804388,
      "VC@50": 0.3675121515798717,
      "VC@200": 0.8654501731822843,
      "Recall@10": 0.2,
      "Recall@50": 0.3,
      "Spearman": 0.3284282307034407,
      "Tier0-AP": 0.3423328504488374,
      "Tier01-AP": 1.0,
      "n_samples": 325
    },
    "2022-06/aq2": {
      "VC@20": 0.4133875860702249,
      "VC@100": 0.8266513639008769,
      "Recall@20": 0.5,
      "Recall@100": 0.58,
      "NDCG": 0.685612085738731,
      "VC@10": 0.19926630934025336,
      "VC@25": 0.5163949296473072,
      "VC@50": 0.6850654335136919,
      "VC@200": 0.9284888156285497,
      "Recall@10": 0.3,
      "Recall@50": 0.52,
      "Spearman": 0.4117360353904683,
      "Tier0-AP": 0.5212777171518843,
      "Tier01-AP": 0.6289730723079234,
      "n_samples": 302
    },
    "2022-06/aq3": {
      "VC@20": 0.5598408924304196,
      "VC@100": 0.8720091363528977,
      "Recall@20": 0.25,
      "Recall@100": 0.52,
      "NDCG": 0.36764405615041895,
      "VC@10": 0.05703779810187912,
      "VC@25": 0.5726789928005066,
      "VC@50": 0.7236494138722912,
      "VC@200": 0.9560619947672526,
      "Recall@10": 0.1,
      "Recall@50": 0.38,
      "Spearman": 0.2762820653009132,
      "Tier0-AP": 0.364426152127602,
      "Tier01-AP": 1.0,
      "n_samples": 262
    },
    "2022-06/aq4": {
      "VC@20": 0.2970373399116628,
      "VC@100": 0.7989421065175317,
      "Recall@20": 0.5,
      "Recall@100": 0.45,
      "NDCG": 0.6717601274558218,
      "VC@10": 0.16240210174059289,
      "VC@25": 0.32459928825227213,
      "VC@50": 0.5138478644478667,
      "VC@200": 0.9052733891235375,
      "Recall@10": 0.4,
      "Recall@50": 0.5,
      "Spearman": 0.3767718156959564,
      "Tier0-AP": 0.47969087557863377,
      "Tier01-AP": 1.0,
      "n_samples": 380
    },
    "2023-06/aq1": {
      "VC@20": 0.19854649145190673,
      "VC@100": 0.5716475387086217,
      "Recall@20": 0.2,
      "Recall@100": 0.54,
      "NDCG": 0.6280165703197569,
      "VC@10": 0.13356171869658207,
      "VC@25": 0.29911389933384763,
      "VC@50": 0.4191927094699272,
      "VC@200": 0.9251811551935843,
      "Recall@10": 0.1,
      "Recall@50": 0.38,
      "Spearman": 0.3575918057951965,
      "Tier0-AP": 0.4332195214129323,
      "Tier01-AP": 0.5507659913664574,
      "n_samples": 276
    },
    "2023-06/aq2": {
      "VC@20": 0.5137025046722133,
      "VC@100": 0.8354710439579695,
      "Recall@20": 0.3,
      "Recall@100": 0.58,
      "NDCG": 0.6741836151401212,
      "VC@10": 0.4627794080507767,
      "VC@25": 0.5951919372161731,
      "VC@50": 0.7603358533418947,
      "VC@200": 0.8808981153677903,
      "Recall@10": 0.4,
      "Recall@50": 0.56,
      "Spearman": 0.33778663363373695,
      "Tier0-AP": 0.5401267321901253,
      "Tier01-AP": 0.6330607154645378,
      "n_samples": 410
    },
    "2023-06/aq3": {
      "VC@20": 0.19810330270036067,
      "VC@100": 0.47314996586506514,
      "Recall@20": 0.25,
      "Recall@100": 0.5,
      "NDCG": 0.5781323264552656,
      "VC@10": 0.11214578379790971,
      "VC@25": 0.20636681944840746,
      "VC@50": 0.3219957336724183,
      "VC@200": 0.8060322405773731,
      "Recall@10": 0.0,
      "Recall@50": 0.3,
      "Spearman": 0.39872563554901164,
      "Tier0-AP": 0.5399119253290354,
      "Tier01-AP": 0.6494736301809606,
      "n_samples": 504
    },
    "2023-06/aq4": {
      "VC@20": 0.15989336368974422,
      "VC@100": 0.46773218946967615,
      "Recall@20": 0.25,
      "Recall@100": 0.52,
      "NDCG": 0.5518148236641142,
      "VC@10": 0.1110958975944984,
      "VC@25": 0.16582438201405814,
      "VC@50": 0.38391029225477374,
      "VC@200": 0.5429763591356578,
      "Recall@10": 0.1,
      "Recall@50": 0.46,
      "Spearman": 0.3027186092337483,
      "Tier0-AP": 0.46913632465822075,
      "Tier01-AP": 0.5840316594382302,
      "n_samples": 459
    },
    "2024-06/aq1": {
      "VC@20": 0.258218313299967,
      "VC@100": 0.7003183455494145,
      "Recall@20": 0.3,
      "Recall@100": 0.57,
      "NDCG": 0.6520545575166299,
      "VC@10": 0.10299929928457997,
      "VC@25": 0.28892106723021105,
      "VC@50": 0.45782376989210266,
      "VC@200": 0.8360246821523936,
      "Recall@10": 0.1,
      "Recall@50": 0.5,
      "Spearman": 0.41364863107843014,
      "Tier0-AP": 0.47750866128182407,
      "Tier01-AP": 0.6156395239232086,
      "n_samples": 425
    },
    "2024-06/aq2": {
      "VC@20": 0.31433805007580456,
      "VC@100": 0.645309806915532,
      "Recall@20": 0.25,
      "Recall@100": 0.43,
      "NDCG": 0.7291561555682898,
      "VC@10": 0.11925797468413586,
      "VC@25": 0.35929774461590086,
      "VC@50": 0.4840225254801416,
      "VC@200": 0.7826683053460968,
      "Recall@10": 0.2,
      "Recall@50": 0.36,
      "Spearman": 0.3994930222831302,
      "Tier0-AP": 0.44405065568295154,
      "Tier01-AP": 0.6250552366388853,
      "n_samples": 483
    },
    "2024-06/aq3": {
      "VC@20": 0.23683743836254087,
      "VC@100": 0.7591134280915339,
      "Recall@20": 0.1,
      "Recall@100": 0.55,
      "NDCG": 0.4847401837041702,
      "VC@10": 0.09050211330559327,
      "VC@25": 0.32523825757094615,
      "VC@50": 0.5632076880291372,
      "VC@200": 0.8805367749352498,
      "Recall@10": 0.1,
      "Recall@50": 0.46,
      "Spearman": 0.3946231769687768,
      "Tier0-AP": 0.41327347141492676,
      "Tier01-AP": 0.5753410588524654,
      "n_samples": 315
    },
    "2024-06/aq4": {
      "VC@20": 0.1308073788276822,
      "VC@100": 0.5415951650490184,
      "Recall@20": 0.1,
      "Recall@100": 0.5,
      "NDCG": 0.5615374559371763,
      "VC@10": 0.016127169333801646,
      "VC@25": 0.19350602266897643,
      "VC@50": 0.33977718436174537,
      "VC@200": 0.7167258840768347,
      "Recall@10": 0.0,
      "Recall@50": 0.44,
      "Spearman": 0.32744398520370877,
      "Tier0-AP": 0.4549083868972954,
      "Tier01-AP": 0.5819776419569085,
      "n_samples": 476
    }
  },
  "aggregate": {
    "mean": {
      "VC@20": 0.2903999192810413,
      "VC@100": 0.6861346787811525,
      "Recall@20": 0.26666666666666666,
      "Recall@100": 0.5208333333333333,
      "NDCG": 0.5978407753726646,
      "VC@10": 0.13786935169047923,
      "VC@25": 0.33988773571805414,
      "VC@50": 0.5016950516596551,
      "VC@200": 0.8355264907905503,
      "Recall@10": 0.16666666666666666,
      "Recall@50": 0.4300000000000001,
      "Spearman": 0.3604374705697098,
      "Tier0-AP": 0.45665527284785573,
      "Tier01-AP": 0.7036932108441315,
      "n_samples": 384.75
    },
    "std": {
      "VC@20": 0.13197778218562323,
      "VC@100": 0.1374350813187827,
      "Recall@20": 0.12133516482134199,
      "Recall@100": 0.04554454473979903,
      "NDCG": 0.09564133422575895,
      "VC@10": 0.10764817949847547,
      "VC@25": 0.14050775860820383,
      "VC@50": 0.14524295172304902,
      "VC@200": 0.10970287045907788,
      "Recall@10": 0.13123346456686352,
      "Recall@50": 0.08185352771872452,
      "Spearman": 0.04372040173113306,
      "Tier0-AP": 0.0601147961326653,
      "Tier01-AP": 0.17316584297363474,
      "n_samples": 82.74974823728066
    },
    "min": {
      "VC@20": 0.1308073788276822,
      "VC@100": 0.46773218946967615,
      "Recall@20": 0.1,
      "Recall@100": 0.43,
      "NDCG": 0.36764405615041895,
      "VC@10": 0.016127169333801646,
      "VC@25": 0.16582438201405814,
      "VC@50": 0.3219957336724183,
      "VC@200": 0.5429763591356578,
      "Recall@10": 0.0,