{
  "eval_config": {
    "eval_months": [
      "2020-09",
      "2020-12",
      "2021-03",
      "2021-06",
      "2021-09",
      "2021-12",
      "2022-03",
      "2022-06",
      "2022-09",
      "2022-12",
      "2023-03",
      "2023-05"
    ],
    "class_type": "onpeak",
    "period_type": "f0",
    "mode": "eval"
  },
  "per_month": {
    "2020-09": {
      "VC@20": 0.4357631144992061,
      "VC@100": 0.8084804680131807,
      "Recall@20": 0.2,
      "Recall@100": 0.21,
      "NDCG": 0.47672920679203507,
      "VC@10": 0.18945344692890656,
      "VC@25": 0.4369222706723936,
      "VC@50": 0.6202358685471818,
      "VC@200": 0.8546646252736271,
      "Recall@10": 0.2,
      "Recall@50": 0.26,
      "Spearman": 0.2001785294543007,
      "Tier0-AP": 1.0,
      "Tier01-AP": 1.0,
      "n_samples": 715
    },
    "2020-12": {
      "VC@20": 0.41663666710390884,
      "VC@100": 0.8155371853817258,
      "Recall@20": 0.35,
      "Recall@100": 0.32,
      "NDCG": 0.5061431788013205,
      "VC@10": 0.2893542987471989,
      "VC@25": 0.70778336988612,
      "VC@50": 0.746885785852109,
      "VC@200": 0.9312641979757027,
      "Recall@10": 0.3,
      "Recall@50": 0.36,
      "Spearman": 0.26061997461484765,
      "Tier0-AP": 1.0,
      "Tier01-AP": 1.0,
      "n_samples": 550
    },
    "2021-03": {
      "VC@20": 0.1849166614075178,
      "VC@100": 0.7075409375885795,
      "Recall@20": 0.15,
      "Recall@100": 0.27,
      "NDCG": 0.41718880262562485,
      "VC@10": 0.18484024784601474,
      "VC@25": 0.1849166614075178,
      "VC@50": 0.6060579075106548,
      "VC@200": 0.8632501572963602,
      "Recall@10": 0.2,
      "Recall@50": 0.24,
      "Spearman": 0.1922935290287048,
      "Tier0-AP": 1.0,
      "Tier01-AP": 1.0,
      "n_samples": 669
    },
    "2021-06": {
      "VC@20": 0.2887462939048812,
      "VC@100": 0.5308581491043751,
      "Recall@20": 0.2,
      "Recall@100": 0.26,
      "NDCG": 0.34804755339517257,
      "VC@10": 0.04459211098506286,
      "VC@25": 0.36830670291184364,
      "VC@50": 0.5014912920694526,
      "VC@200": 0.9308911532343185,
      "Recall@10": 0.1,
      "Recall@50": 0.26,
      "Spearman": 0.2658314903537264,
      "Tier0-AP": 0.9999999999999999,
      "Tier01-AP": 0.9999999999999999,
      "n_samples": 556
    },
    "2021-09": {
      "VC@20": 0.602275882280752,
      "VC@100": 0.701107692807789,
      "Recall@20": 0.35,
      "Recall@100": 0.2,
      "NDCG": 0.5963846312590952,
      "VC@10": 0.39171729571985836,
      "VC@25": 0.6023515931217112,
      "VC@50": 0.6558909874987616,
      "VC@200": 0.824037873113774,
      "Recall@10": 0.3,
      "Recall@50": 0.22,
      "Spearman": 0.19919141358530276,
      "Tier0-AP": 1.0,
      "Tier01-AP": 1.0,
      "n_samples": 621
    },
    "2021-12": {
      "VC@20": 0.33628774157435354,
      "VC@100": 0.6550553879038447,
      "Recall@20": 0.1,
      "Recall@100": 0.16,
      "NDCG": 0.5293806398500934,
      "VC@10": 0.32152486038825917,
      "VC@25": 0.3407918606826365,
      "VC@50": 0.5423861390302368,
      "VC@200": 0.8771418855524509,
      "Recall@10": 0.1,
      "Recall@50": 0.14,
      "Spearman": 0.15765811410318964,
      "Tier0-AP": 1.0,
      "Tier01-AP": 1.0,
      "n_samples": 448
    },
    "2022-03": {
      "VC@20": 0.3434000884397321,
      "VC@100": 0.6001467822218363,
      "Recall@20": 0.2,
      "Recall@100": 0.24,
      "NDCG": 0.4987377760904621,
      "VC@10": 0.3290272592696412,
      "VC@25": 0.3434000884397321,
      "VC@50": 0.34519503436450827,
      "VC@200": 0.6799678981361906,
      "Recall@10": 0.4,
      "Recall@50": 0.14,
      "Spearman": 0.20901278089941527,
      "Tier0-AP": 1.0,
      "Tier01-AP": 1.0,
      "n_samples": 717
    },
    "2022-06": {
      "VC@20": 0.05085748252800979,
      "VC@100": 0.48698543429956737,
      "Recall@20": 0.05,
      "Recall@100": 0.22,
      "NDCG": 0.31603581156459387,
      "VC@10": 0.05085748252800979,
      "VC@25": 0.05085748252800979,
      "VC@50": 0.27671720319676646,
      "VC@200": 0.8085862409821085,
      "Recall@10": 0.1,
      "Recall@50": 0.22,
      "Spearman": 0.199205760508063,
      "Tier0-AP": 1.0,
      "Tier01-AP": 1.0,
      "n_samples": 578
    },
    "2022-09": {
      "VC@20": 0.14751195398685277,
      "VC@100": 0.47766452081328786,
      "Recall@20": 0.15,
      "Recall@100": 0.31,
      "NDCG": 0.5061632427055398,
      "VC@10": 0.1470983185146875,
      "VC@25": 0.1483322141604686,
      "VC@50": 0.2308852848940561,
      "VC@200": 0.7648136606539996,
      "Recall@10": 0.2,
      "Recall@50": 0.18,
      "Spearman": 0.21975439252823403,
      "Tier0-AP": 1.0,
      "Tier01-AP": 1.0,
      "n_samples": 600
    },
    "2022-12": {
      "VC@20": 0.025092226891942945,
      "VC@100": 0.41403197730535674,
      "Recall@20": 0.0,
      "Recall@100": 0.19,
      "NDCG": 0.35277460144235523,
      "VC@10": 0.019992510874018217,
      "VC@25": 0.03359255101094895,
      "VC@50": 0.3583525517685004,
      "VC@200": 0.786869110079852,
      "Recall@10": 0.0,
      "Recall@50": 0.22,
      "Spearman": 0.13027472769732532,
      "Tier0-AP": 1.0,
      "Tier01-AP": 1.0,
      "n_samples": 525
    },
    "2023-03": {
      "VC@20": 0.14438261668515498,
      "VC@100": 0.2875709979445706,
      "Recall@20": 0.2,
      "Recall@100": 0.2,
      "NDCG": 0.30221862106303793,
      "VC@10": 0.0500404586823551,
      "VC@25": 0.16605583493415454,
      "VC@50": 0.1883000910146022,
      "VC@200": 0.6764752356882119,
      "Recall@10": 0.1,
      "Recall@50": 0.22,
      "Spearman": 0.16366634352093537,
      "Tier0-AP": 1.0,
      "Tier01-AP": 1.0,
      "n_samples": 780
    },
    "2023-05": {
      "VC@20": 0.40414491522346807,
      "VC@100": 0.7247048808625484,
      "Recall@20": 0.25,
      "Recall@100": 0.29,
      "NDCG": 0.4582201232640601,
      "VC@10": 0.2541709882912312,
      "VC@25": 0.4827497908365561,
      "VC@50": 0.5113357425395002,
      "VC@200": 0.8479705216400845,
      "Recall@10": 0.3,
      "Recall@50": 0.3,
      "Spearman": 0.2565876964557518,
      "Tier0-AP": 1.0,
      "Tier01-AP": 1.0,
      "n_samples": 655
    }
  },
  "aggregate": {
    "mean": {
      "VC@20": 0.28166797037714836,
      "VC@100": 0.6008070345205551,
      "Recall@20": 0.18333333333333335,
      "Recall@100": 0.23916666666666667,
      "NDCG": 0.44233534907111594,
      "VC@10": 0.18938910656460364,
      "VC@25": 0.32217170171600773,
      "VC@50": 0.465311157357194,
      "VC@200": 0.8204943799688901,
      "Recall@10": 0.19166666666666665,
      "Recall@50": 0.23,
      "Spearman": 0.20452289606248308,
      "Tier0-AP": 1.0,
      "Tier01-AP": 1.0,
      "n_samples": 617.8333333333334
    },
    "std": {
      "VC@20": 0.16630962301978988,
      "VC@100": 0.156790107954364,
      "Recall@20": 0.10069204977995476,
      "Recall@100": 0.048726846353479056,
      "NDCG": 0.08999904433442252,
      "VC@10": 0.1232087453602175,
      "VC@25": 0.20400092895143823,
      "VC@50": 0.17366404365140872,
      "VC@200": 0.07973472055806023,
      "Recall@10": 0.11149240133549711,
      "Recall@50": 0.059721576223896386,
      "Spearman": 0.040282347975404954,
      "Tier0-AP": 3.204937810639273e-17,
      "Tier01-AP": 3.204937810639273e-17,
      "n_samples": 90.0803653535121
    },
    "min": {
      "VC@20": 0.025092226891942945,
      "VC@100": 0.2875709979445706,
      "Recall@20": 0.0,
      "Recall@100": 0.16,
      "NDCG": 0.30221862106303793,
      "VC@10": 0.019992510874018217,
      "VC@25": 0.03359255101094895,
      "VC@50": 0.1883000910146022,
      "VC@200": 0.6764752356882119,
      "Recall@10": 0.0,
      "Recall@50": 0.14,
      "Spearman": 0.13027472769732532,
      "Tier0-AP": 0.9999999999999999,
      "Tier01-AP": 0.9999999999999999,
      "n_samples": 448.0
    },
    "max": {
      "VC@20": 0.602275882280752,
      "VC@100": 0.8155371853817258,
      "Recall@20": 0.35,
      "Recall@100": 0.32,
      "NDCG": 0.5963846312590952,
      "VC@10": 0.39171729571985836,