{
  "eval_config": {
    "eval_months": [
      "2020-09",
      "2020-12",
      "2021-03",
      "2021-09",
      "2021-12",
      "2022-03",
      "2022-09",
      "2022-12",
      "2023-03"
    ],
    "class_type": "offpeak",
    "period_type": "f1",
    "mode": "eval"
  },
  "per_month": {
    "2020-09": {
      "VC@20": 0.4253032354945167,
      "VC@100": 0.6277606995383713,
      "Recall@20": 0.35,
      "Recall@100": 0.24,
      "NDCG": 0.6183321596124035,
      "VC@10": 0.3250505384667811,
      "VC@25": 0.4499674342079942,
      "VC@50": 0.5420125002323446,
      "VC@200": 0.7238601080970256,
      "Recall@10": 0.3,
      "Recall@50": 0.22,
      "Spearman": 0.15403927614117266,
      "n_samples": 696
    },
    "2020-12": {
      "VC@20": 0.3508925727917429,
      "VC@100": 0.7700628365194133,
      "Recall@20": 0.25,
      "Recall@100": 0.33,
      "NDCG": 0.3964106696393511,
      "VC@10": 0.1393490434630345,
      "VC@25": 0.3508925727917429,
      "VC@50": 0.37288965827898746,
      "VC@200": 0.9264198120790477,
      "Recall@10": 0.2,
      "Recall@50": 0.22,
      "Spearman": 0.2913538355881565,
      "n_samples": 326
    },
    "2021-03": {
      "VC@20": 0.14883195576317698,
      "VC@100": 0.5762573755554844,
      "Recall@20": 0.2,
      "Recall@100": 0.26,
      "NDCG": 0.4539553188499945,
      "VC@10": 0.09971701120916814,
      "VC@25": 0.14883195576317698,
      "VC@50": 0.3563090623966206,
      "VC@200": 0.8698462910999888,
      "Recall@10": 0.1,
      "Recall@50": 0.22,
      "Spearman": 0.2127396113327644,
      "n_samples": 545
    },
    "2021-09": {
      "VC@20": 0.33431074806559224,
      "VC@100": 0.7354205180411367,
      "Recall@20": 0.25,
      "Recall@100": 0.36,
      "NDCG": 0.5142975030275914,
      "VC@10": 0.20249491030418523,
      "VC@25": 0.3384201860036722,
      "VC@50": 0.6463828390315168,
      "VC@200": 0.8765630021043778,
      "Recall@10": 0.3,
      "Recall@50": 0.36,
      "Spearman": 0.27421725087536086,
      "n_samples": 557
    },
    "2021-12": {
      "VC@20": 0.24576849611255586,
      "VC@100": 0.47993147645852396,
      "Recall@20": 0.15,
      "Recall@100": 0.29,
      "NDCG": 0.3290141454905706,
      "VC@10": 0.23469775751429683,
      "VC@25": 0.26344060473537695,
      "VC@50": 0.3185973615511,
      "VC@200": 0.638557491685996,
      "Recall@10": 0.2,
      "Recall@50": 0.16,
      "Spearman": 0.08934739528718884,
      "n_samples": 313
    },
    "2022-03": {
      "VC@20": 0.44024039105622476,
      "VC@100": 0.6868881808179499,
      "Recall@20": 0.35,
      "Recall@100": 0.24,
      "NDCG": 0.5056283038577288,
      "VC@10": 0.38875773943004405,
      "VC@25": 0.44396038901863216,
      "VC@50": 0.6351482270138563,
      "VC@200": 0.7065175364247744,
      "Recall@10": 0.4,
      "Recall@50": 0.32,
      "Spearman": 0.21493710666402746,
      "n_samples": 457
    },
    "2022-09": {
      "VC@20": 0.2823975879615448,
      "VC@100": 0.5764702640716753,
      "Recall@20": 0.15,
      "Recall@100": 0.28,
      "NDCG": 0.43029897282372603,
      "VC@10": 0.24077955362287015,
      "VC@25": 0.2823975879615448,
      "VC@50": 0.4367006951047231,
      "VC@200": 0.6769301655779366,
      "Recall@10": 0.2,
      "Recall@50": 0.28,
      "Spearman": 0.23997323557269218,
      "n_samples": 606
    },
    "2022-12": {
      "VC@20": 0.1320518559042456,
      "VC@100": 0.4823731725743463,
      "Recall@20": 0.05,
      "Recall@100": 0.13,
      "NDCG": 0.28416862657880804,
      "VC@10": 0.1320518559042456,
      "VC@25": 0.1320518559042456,
      "VC@50": 0.20844405052019313,
      "VC@200": 0.850891184543644,
      "Recall@10": 0.1,
      "Recall@50": 0.14,
      "Spearman": 0.0980986662930507,
      "n_samples": 417
    },
    "2023-03": {
      "VC@20": 0.36418056249259323,
      "VC@100": 0.7319340860749305,
      "Recall@20": 0.25,
      "Recall@100": 0.19,
      "NDCG": 0.39928326393661123,
      "VC@10": 0.1745349426166125,
      "VC@25": 0.5759709068934347,
      "VC@50": 0.5794274949538182,
      "VC@200": 0.7876657605770294,
      "Recall@10": 0.2,
      "Recall@50": 0.16,
      "Spearman": 0.18869804706357224,
      "n_samples": 584
    }
  },
  "aggregate": {
    "mean": {
      "VC@20": 0.3026641561824659,
      "VC@100": 0.6296776232946479,
      "Recall@20": 0.2222222222222222,
      "Recall@100": 0.2577777777777778,
      "NDCG": 0.4368209959796428,
      "VC@10": 0.21527037250347092,
      "VC@25": 0.3317703881422023,
      "VC@50": 0.45510132100924,
      "VC@200": 0.7841390391322023,
      "Recall@10": 0.22222222222222227,
      "Recall@50": 0.23111111111111113,
      "Spearman": 0.19593382497977618,
      "n_samples": 500.1111111111111
    },
    "std": {
      "VC@20": 0.10408333850153437,
      "VC@100": 0.10243151109614192,
      "Recall@20": 0.09162456945817023,
      "Recall@100": 0.06562143582325955,
      "NDCG": 0.09544435131955545,
      "VC@10": 0.08884582753218852,
      "VC@25": 0.13624385978814874,
      "VC@50": 0.14466299880818012,
      "VC@200": 0.09600139104188514,
      "Recall@10": 0.09162456945817024,
      "Recall@50": 0.07124986463058398,
      "Spearman": 0.06712856406747512,
      "n_samples": 122.91139034500917
    },
    "min": {
      "VC@20": 0.1320518559042456,
      "VC@100": 0.47993147645852396,
      "Recall@20": 0.05,
      "Recall@100": 0.13,
      "NDCG": 0.28416862657880804,
      "VC@10": 0.09971701120916814,
      "VC@25": 0.1320518559042456,
      "VC@50": 0.20844405052019313,
      "VC@200": 0.638557491685996,
      "Recall@10": 0.1,
      "Recall@50": 0.14,
      "Spearman": 0.08934739528718884,
      "n_samples": 313.0
    },
    "max": {
      "VC@20": 0.44024039105622476,
      "VC@100": 0.7700628365194133,
      "Recall@20": 0.35,
      "Recall@100": 0.36,
      "NDCG": 0.6183321596124035,
      "VC@10": 0.38875773943004405,
      "VC@25": 0.5759709068934347,
      "VC@50": 0.6463828390315168,
      "VC@200": 0.9264198120790477,
      "Recall@10": 0.4,
      "Recall@50": 0.36,
      "Spearman": 0.2913538355881565,
      "n_samples": 696.0
    },
    "bottom_2_mean": {
      "VC@20": 0.1404419058337113,
      "VC@100": 0.48115232451643514,
      "Recall@20": 0.1,
      "Recall@100": 0.16,
      "NDCG": 0.30659138603468933,
      "VC@10": 0.11588443355670686,
      "VC@25": 0.1404419058337113,
      "VC@50": 0.2635207060356466,
      "VC@200": 0.6577438286319663,
      "Recall@10": 0.1,
      "Recall@50": 0.15000000000000002,
      "Spearman": 0.09372303079011976,
      "n_samples": 319.5
    }
  },
  "n_months": 9,
  "n_months_requested": 9,
  "skipped_months": []
}