{
  "eval_config": {
    "eval_months": [
      "2020-07",
      "2020-08",
      "2020-09",
      "2020-10",
      "2020-11",
      "2020-12",
      "2021-01",
      "2021-02",
      "2021-03",
      "2021-04",
      "2021-07",
      "2021-08",
      "2021-09",
      "2021-10",
      "2021-11",
      "2021-12",
      "2022-01",
      "2022-02",
      "2022-03",
      "2022-04",
      "2022-07",
      "2022-08",
      "2022-09",
      "2022-10",
      "2022-11",
      "2022-12",
      "2023-01",
      "2023-02",
      "2023-03",
      "2023-04"
    ],
    "class_type": "offpeak",
    "period_type": "f1",
    "mode": "eval"
  },
  "per_month": {
    "2020-07": {
      "VC@20": 0.5687743381166768,
      "VC@100": 0.7641234048393268,
      "Recall@20": 0.2,
      "Recall@100": 0.21,
      "NDCG": 0.5589852757470791,
      "VC@10": 0.2888041303836845,
      "VC@25": 0.5687743381166768,
      "VC@50": 0.6808213713034205,
      "VC@200": 0.8639358704049602,
      "Recall@10": 0.2,
      "Recall@50": 0.28,
      "Spearman": 0.23148762257119124,
      "n_samples": 386
    },
    "2020-08": {
      "VC@20": 0.31068349697386394,
      "VC@100": 0.8798298454587637,
      "Recall@20": 0.3,
      "Recall@100": 0.23,
      "NDCG": 0.37756657052787973,
      "VC@10": 0.19462096247049226,
      "VC@25": 0.318324533209601,
      "VC@50": 0.6911609728342044,
      "VC@200": 0.9848560426199195,
      "Recall@10": 0.2,
      "Recall@50": 0.28,
      "Spearman": 0.29514649326872455,
      "n_samples": 567
    },
    "2020-09": {
      "VC@20": 0.4253032354945167,
      "VC@100": 0.6277606995383713,
      "Recall@20": 0.35,
      "Recall@100": 0.24,
      "NDCG": 0.6183321596124035,
      "VC@10": 0.3250505384667811,
      "VC@25": 0.4499674342079942,
      "VC@50": 0.5420125002323446,
      "VC@200": 0.7238601080970256,
      "Recall@10": 0.3,
      "Recall@50": 0.22,
      "Spearman": 0.15403927614117266,
      "n_samples": 696
    },
    "2020-10": {
      "VC@20": 0.30921686346998584,
      "VC@100": 0.7288530466891721,
      "Recall@20": 0.25,
      "Recall@100": 0.2,
      "NDCG": 0.39549425931278404,
      "VC@10": 0.22331468050973521,
      "VC@25": 0.3455957384596275,
      "VC@50": 0.6269069126519823,
      "VC@200": 0.7441409338465094,
      "Recall@10": 0.2,
      "Recall@50": 0.3,
      "Spearman": 0.18095916890052335,
      "n_samples": 557
    },
    "2020-11": {
      "VC@20": 0.4565372511556548,
      "VC@100": 0.5182019840625851,
      "Recall@20": 0.25,
      "Recall@100": 0.2,
      "NDCG": 0.5351503206624726,
      "VC@10": 0.39093239564807836,
      "VC@25": 0.4585482497452789,
      "VC@50": 0.4715832473110002,
      "VC@200": 0.8598601042640865,
      "Recall@10": 0.3,
      "Recall@50": 0.24,
      "Spearman": 0.233615801093242,
      "n_samples": 408
    },
    "2020-12": {
      "VC@20": 0.3508925727917429,
      "VC@100": 0.7700628365194133,
      "Recall@20": 0.25,
      "Recall@100": 0.33,
      "NDCG": 0.3964106696393511,
      "VC@10": 0.1393490434630345,
      "VC@25": 0.3508925727917429,
      "VC@50": 0.37288965827898746,
      "VC@200": 0.9264198120790477,
      "Recall@10": 0.2,
      "Recall@50": 0.22,
      "Spearman": 0.2913538355881565,
      "n_samples": 326
    },
    "2021-01": {
      "VC@20": 0.3365814171750352,
      "VC@100": 0.8402259646232966,
      "Recall@20": 0.2,
      "Recall@100": 0.31,
      "NDCG": 0.461887780735731,
      "VC@10": 0.2139391298518469,
      "VC@25": 0.36639256265622155,
      "VC@50": 0.5318418582824965,
      "VC@200": 0.990998046332564,
      "Recall@10": 0.1,
      "Recall@50": 0.28,
      "Spearman": 0.26927159809436657,
      "n_samples": 332
    },
    "2021-02": {
      "VC@20": 0.20970208347389596,
      "VC@100": 0.7537482289097492,
      "Recall@20": 0.2,
      "Recall@100": 0.23,
      "NDCG": 0.3913072303874262,
      "VC@10": 0.19125562452989572,
      "VC@25": 0.20970208347389596,
      "VC@50": 0.23600903011650856,
      "VC@200": 0.939005481835769,
      "Recall@10": 0.3,
      "Recall@50": 0.18,
      "Spearman": 0.21968514624914195,
      "n_samples": 497
    },
    "2021-03": {
      "VC@20": 0.14883195576317698,
      "VC@100": 0.5762573755554844,
      "Recall@20": 0.2,
      "Recall@100": 0.26,
      "NDCG": 0.4539553188499945,
      "VC@10": 0.09971701120916814,
      "VC@25": 0.14883195576317698,
      "VC@50": 0.3563090623966206,
      "VC@200": 0.8698462910999888,
      "Recall@10": 0.1,
      "Recall@50": 0.22,
      "Spearman": 0.2127396113327644,
      "n_samples": 545
    },
    "2021-04": {
      "VC@20": 0.09741934861315114,
      "VC@100": 0.6726276099258242,
      "Recall@20": 0.1,
      "Recall@100": 0.24,
      "NDCG": 0.37963547585103097,
      "VC@10": 0.05562072232704462,
      "VC@25": 0.302449524580979,
      "VC@50": 0.40676497443222986,
      "VC@200": 0.8162886592790198,
      "Recall@10": 0.1,
      "Recall@50": 0.2,
      "Spearman": 0.19818622798288024,
      "n_samples": 471
    },
    "2021-07": {
      "VC@20": 0.6587570776715485,
      "VC@100": 0.9116473310553606,
      "Recall@20": 0.25,
      "Recall@100": 0.17,
      "NDCG": 0.5433592457864181,
      "VC@10": 0.41871414565831727,
      "VC@25": 0.7030932878712355,
      "VC@50": 0.8251541782329966,
      "VC@200": 0.9445659739102797,
      "Recall@10": 0.3,
      "Recall@50": 0.26,
      "Spearman": 0.19261940913570122,
      "n_samples": 428
    },
    "2021-08": {
      "VC@20": 0.6680776923889681,
      "VC@100": 0.8185461693374989,
      "Recall@20": 0.35,
      "Recall@100": 0.28,
      "NDCG": 0.5734767005150205,
      "VC@10": 0.3831228695756095,
      "VC@25": 0.6698759921391593,
      "VC@50": 0.7354148957485895,
      "VC@200": 0.9068336513537995,
      "Recall@10": 0.2,
      "Recall@50": 0.3,
      "Spearman": 0.2451585078342676,
      "n_samples": 522
    },
    "2021-09": {
      "VC@20": 0.33431074806559224,
      "VC@100": 0.7354205180411367,
      "Recall@20": 0.25,
      "Recall@100": 0.36,
      "NDCG": 0.5142975030275914,
      "VC@10": 0.20249491030418523,
      "VC@25": 0.3384201860036722,
      "VC@50": 0.6463828390315168,
      "VC@200": 0.8765630021043778,
      "Recall@10": 0.3,
      "Recall@50": 0.36,
      "Spearman": 0.27421725087536086,
      "n_samples": 557
    },
    "2021-10": {
      "VC@20": 0.4578107605406338,
      "VC@100": 0.8025228180669699,
      "Recall@20": 0.15,
      "Recall@100": 0.19,
      "NDCG": 0.37101072542487684,
      "VC@10": 0.33651720895799875,
      "VC@25": 0.4594940812182628,
      "VC@50": 0.7878859849833907,
      "VC@200": 0.9201291007842055,
      "Recall@10": 0.2,
      "Recall@50": 0.28,
      "Spearman": 0.14063876249541848,
      "n_samples": 567
    },
    "2021-11": {
      "VC@20": 0.47838402874906305,
      "VC@100": 0.784697420257653,
      "Recall@20": 0.2,
      "Recall@100": 0.27,
      "NDCG": 0.39522564302423585,
      "VC@10": 0.4625276285323313,
      "VC@25": 0.5883615327389491,
      "VC@50": 0.6329814067438572,
      "VC@200": 0.914912660168096,
      "Recall@10": 0.2,
      "Recall@50": 0.2,
      "Spearman": 0.1269642417824219,
      "n_samples": 332
    },
    "2021-12": {
      "VC@20": 0.24576849611255586,
      "VC@100": 0.47993147645852396,
      "Recall@20": 0.15,
      "Recall@100": 0.29,
      "NDCG": 0.3290141454905706,
      "VC@10": 0.23469775751429683,
      "VC@25": 0.26344060473537695,
      "VC@50": 0.3185973615511,
      "VC@200": 0.638557491685996,
      "Recall@10": 0.2,
      "Recall@50": 0.16,
      "Spearman": 0.08934739528718884,
      "n_samples": 313
    },
    "2022-01": {
      "VC@20": 0.5863078575960673,
      "VC@100": 0.6851139823301395,
      "Recall@20": 0.25,
      "Recall@100": 0.3,
      "NDCG": 0.37538262003268774,
      "VC@10": 0.5250049764241904,
      "VC@25": 0.5950918016966051,
      "VC@50": 0.6318735748320902,
      "VC@200": 0.8251769963014505,
      "Recall@10": 0.2,
      "Recall@50": 0.22,
      "Spearman": 0.14857216650959826,
      "n_samples": 309
    },