{
  "v0a": {
    "K=50": {
      "VC@50": 0.316492387247554,
      "Recall@50": 0.09806031966261652,
      "Abs_SP@50": 0.2560509154961799,
      "NB12_Count@50": 1.0,
      "NB12_SP@50": 0.06577967087846165,
      "Dang20k_Recall@50": 0.45156926406926406,
      "Dorm_inK@50": 6.0,
      "Dang40k_Recall@50": 0.4222222222222222
    },
    "K=200": {
      "VC@200": 0.5219859010927298,
      "Recall@200": 0.2649933146050694,
      "Abs_SP@200": 0.42299915294555546,
      "NB12_Count@200": 3.3333333333333335,
      "NB12_SP@200": 0.15208842836521527,
      "Dang20k_Recall@200": 0.6888528138528138,
      "Dorm_inK@200": 60.0,
      "Dang40k_Recall@200": 0.4222222222222222
    },
    "K=250": {
      "VC@250": 0.5655654125621957,
      "Recall@250": 0.3147770123153217,
      "Abs_SP@250": 0.45841023494582417,
      "NB12_Count@250": 5.666666666666667,
      "NB12_SP@250": 0.20317043082823136,
      "Dang20k_Recall@250": 0.7096861471861472,
      "Dorm_inK@250": 80.33333333333333,
      "Dang40k_Recall@250": 0.4222222222222222
    },
    "K=400": {
      "VC@400": 0.6950748224633574,
      "Recall@400": 0.4308818883035353,
      "Abs_SP@400": 0.5634891951436757,
      "NB12_Count@400": 12.0,
      "NB12_SP@400": 0.3034672719983458,
      "Dang20k_Recall@400": 0.8292748917748919,
      "Dorm_inK@400": 156.33333333333334,
      "Dang40k_Recall@400": 0.5555555555555555
    }
  },
  "v0c": {
    "K=50": {
      "VC@50": 0.3645621249107007,
      "Recall@50": 0.1331830264233366,
      "Abs_SP@50": 0.29596747231422177,
      "NB12_Count@50": 0.0,
      "NB12_SP@50": 0.0,
      "Dang20k_Recall@50": 0.5454545454545454,
      "Dorm_inK@50": 0.0,
      "Dang40k_Recall@50": 0.35555555555555557
    },
    "K=200": {
      "VC@200": 0.5953903097687901,
      "Recall@200": 0.37613067886522283,
      "Abs_SP@200": 0.48225825376715714,
      "NB12_Count@200": 0.6666666666666666,
      "NB12_SP@200": 0.0009911589660864834,
      "Dang20k_Recall@200": 0.7543290043290044,
      "Dorm_inK@200": 6.333333333333333,
      "Dang40k_Recall@200": 0.48888888888888893
    },
    "K=250": {
      "VC@250": 0.6310318769347952,
      "Recall@250": 0.4296034782369789,
      "Abs_SP@250": 0.5115357152921789,
      "NB12_Count@250": 2.3333333333333335,
      "NB12_SP@250": 0.029494198969003346,
      "Dang20k_Recall@250": 0.7543290043290044,
      "Dorm_inK@250": 17.333333333333332,
      "Dang40k_Recall@250": 0.48888888888888893
    },
    "K=400": {
      "VC@400": 0.7535200205687241,
      "Recall@400": 0.5394612876711702,
      "Abs_SP@400": 0.6110335223602336,
      "NB12_Count@400": 5.666666666666667,
      "NB12_SP@400": 0.17399748311747534,
      "Dang20k_Recall@400": 0.8690476190476191,
      "Dorm_inK@400": 80.66666666666667,
      "Dang40k_Recall@400": 0.5555555555555555
    }
  },
  "v0c_cross": {
    "K=50": {
      "VC@50": 0.3498056046267603,
      "Recall@50": 0.1323942871926607,
      "Abs_SP@50": 0.2838688711052822,
      "NB12_Count@50": 0.0,
      "NB12_SP@50": 0.0,
      "Dang20k_Recall@50": 0.524621212121212,
      "Dorm_inK@50": 0.0,
      "Dang40k_Recall@50": 0.35555555555555557
    },
    "K=200": {
      "VC@200": 0.6152973273044063,
      "Recall@200": 0.39464435759536415,
      "Abs_SP@200": 0.498480308811412,
      "NB12_Count@200": 0.0,
      "NB12_SP@200": 0.0,
      "Dang20k_Recall@200": 0.7543290043290044,
      "Dorm_inK@200": 1.3333333333333333,
      "Dang40k_Recall@200": 0.48888888888888893
    },
    "K=250": {
      "VC@250": 0.6621065840264407,
      "Recall@250": 0.4558203574854673,
      "Abs_SP@250": 0.5369069637632774,
      "NB12_Count@250": 0.6666666666666666,
      "NB12_SP@250": 0.0009911589660864834,
      "Dang20k_Recall@250": 0.814935064935065,
      "Dorm_inK@250": 5.666666666666667,
      "Dang40k_Recall@250": 0.48888888888888893
    },
    "K=400": {
      "VC@400": 0.7503632102873284,
      "Recall@400": 0.568123487486635,
      "Abs_SP@400": 0.6086091085889319,
      "NB12_Count@400": 4.666666666666667,
      "NB12_SP@400": 0.13269720385139713,
      "Dang20k_Recall@400": 0.8690476190476191,
      "Dorm_inK@400": 56.333333333333336,
      "Dang40k_Recall@400": 0.5555555555555555
    }
  },
  "blend_a0.05": {
    "K=50": {
      "VC@50": 0.3645621249107007,
      "Recall@50": 0.1331830264233366,
      "Abs_SP@50": 0.29596747231422177,
      "NB12_Count@50": 0.0,
      "NB12_SP@50": 0.0,
      "Dang20k_Recall@50": 0.5454545454545454,
      "Dorm_inK@50": 0.0,
      "Dang40k_Recall@50": 0.35555555555555557
    },
    "K=200": {
      "VC@200": 0.5903175779875999,
      "Recall@200": 0.37306781783672527,
      "Abs_SP@200": 0.47824135542456064,
      "NB12_Count@200": 2.3333333333333335,
      "NB12_SP@200": 0.029494198969003346,
      "Dang20k_Recall@200": 0.733495670995671,
      "Dorm_inK@200": 14.333333333333334,
      "Dang40k_Recall@200": 0.48888888888888893
    },
    "K=250": {
      "VC@250": 0.6194540601725494,
      "Recall@250": 0.4145296870456736,
      "Abs_SP@250": 0.5020639344774794,
      "NB12_Count@250": 3.3333333333333335,
      "NB12_SP@250": 0.06137194064905583,
      "Dang20k_Recall@250": 0.7543290043290044,
      "Dorm_inK@250": 35.0,
      "Dang40k_Recall@250": 0.48888888888888893
    },
    "K=400": {
      "VC@400": 0.7647714793354039,
      "Recall@400": 0.5221415357634286,
      "Abs_SP@400": 0.6199355564775361,
      "NB12_Count@400": 9.333333333333334,
      "NB12_SP@400": 0.30191747446543243,
      "Dang20k_Recall@400": 0.9107142857142857,
      "Dorm_inK@400": 110.33333333333333,
      "Dang40k_Recall@400": 0.5555555555555555
    }
  },
  "blend_a0.10": {
    "K=50": {
      "VC@50": 0.3645270839223373,
      "Recall@50": 0.13216676626073498,
      "Abs_SP@50": 0.2959394344606403,
      "NB12_Count@50": 0.0,
      "NB12_SP@50": 0.0,
      "Dang20k_Recall@50": 0.5454545454545454,
      "Dorm_inK@50": 0.3333333333333333,
      "Dang40k_Recall@50": 0.35555555555555557
    },
    "K=200": {
      "VC@200": 0.5622963384309162,
      "Recall@200": 0.34663749819700396,
      "Abs_SP@200": 0.4555075886879438,
      "NB12_Count@200": 3.3333333333333335,
      "NB12_SP@200": 0.06137194064905583,
      "Dang20k_Recall@200": 0.6823593073593073,
      "Dorm_inK@200": 31.0,
      "Dang40k_Recall@200": 0.48888888888888893
    },
    "K=250": {
      "VC@250": 0.6246385673034761,
      "Recall@250": 0.3924764122324411,
      "Abs_SP@250": 0.5059438916453566,
      "NB12_Count@250": 5.666666666666667,
      "NB12_SP@250": 0.20775700906471975,
      "Dang20k_Recall@250": 0.7751623376623377,
      "Dorm_inK@250": 58.0,
      "Dang40k_Recall@250": 0.48888888888888893
    },
    "K=400": {
      "VC@400": 0.7274544715663526,
      "Recall@400": 0.4902810498817464,
      "Abs_SP@400": 0.589194241462823,
      "NB12_Count@400": 11.0,
      "NB12_SP@400": 0.3096415087186856,
      "Dang20k_Recall@400": 0.8501082251082251,
      "Dorm_inK@400": 140.33333333333334,
      "Dang40k_Recall@400": 0.5555555555555555
    }
  },
  "blend_a0.15": {
    "K=50": {
      "VC@50": 0.3611041975919295,
      "Recall@50": 0.12741916281455126,
      "Abs_SP@50": 0.29308684379043903,
      "NB12_Count@50": 0.0,
      "NB12_SP@50": 0.0,
      "Dang20k_Recall@50": 0.5454545454545454,
      "Dorm_inK@50": 2.0,
      "Dang40k_Recall@50": 0.35555555555555557
    },
    "K=200": {
      "VC@200": 0.543714863692672,
      "Recall@200": 0.3207965579374183,
      "Abs_SP@200": 0.4405073914952951,
      "NB12_Count@200": 5.333333333333333,
      "NB12_SP@200": 0.17502401521164188,
      "Dang20k_Recall@200": 0.6585497835497836,
      "Dorm_inK@200": 53.0,
      "Dang40k_Recall@200": 0.4222222222222222
    },
    "K=250": {
      "VC@250": 0.5984718825757048,
      "Recall@250": 0.3632107524961479,
      "Abs_SP@250": 0.4846888540558758,
      "NB12_Count@250": 9.0,
      "NB12_SP@250": 0.2969651199883339,
      "Dang20k_Recall@250": 0.7240259740259739,
      "Dorm_inK@250": 84.33333333333333,
      "Dang40k_Recall@250": 0.48888888888888893
    },