{
  "eval_config": {
    "eval_months": [
      "2020-09",
      "2020-11",
      "2021-01",
      "2021-03",
      "2021-05",
      "2021-07",
      "2021-09",
      "2021-11",
      "2022-03",
      "2022-06",
      "2022-09",
      "2022-12"
    ],
    "class_type": "onpeak",
    "period_type": "f0",
    "train_months": 6,
    "val_months": 2,
    "ev_scoring": true
  },
  "per_month": {
    "2020-09": {
      "AUC": 0.8367492509382877,
      "AP": 0.5075196758125424,
      "Brier": 0.1282432929954027,
      "S1-VCAP@100": 0.09316449800874062,
      "S1-VCAP@500": 0.18811820452260367,
      "S1-NDCG": 0.8155857431200347,
      "EV-VC@100": 0.02892867159034073,
      "EV-VC@500": 0.2818851229517199,
      "EV-NDCG": 0.7754756329511711,
      "Spearman": 0.34984719707329925,
      "C-RMSE": 1479.3389631438927,
      "C-MAE": 616.0949620265574,
      "EV-VC@1000": 0.33928166044348934,
      "R-REC@500": 0.03899652260307998,
      "binding_rate": 0.09467668984330295,
      "n_samples": 127571,
      "n_binding": 12078
    },
    "2020-11": {
      "AUC": 0.8410446756867079,
      "AP": 0.4673027629401771,
      "Brier": 0.13288241273368995,
      "S1-VCAP@100": 0.050673142360984844,
      "S1-VCAP@500": 0.16978160328456798,
      "S1-NDCG": 0.691579752446198,
      "EV-VC@100": 0.10626020564729631,
      "EV-VC@500": 0.2689487655758722,
      "EV-NDCG": 0.7458756202073388,
      "Spearman": 0.43592108306034744,
      "C-RMSE": 2786.7287994862586,
      "C-MAE": 954.5873170411509,
      "EV-VC@1000": 0.31184442140593854,
      "R-REC@500": 0.044931506849315066,
      "binding_rate": 0.08600309454057069,
      "n_samples": 127321,
      "n_binding": 10950
    },
    "2021-01": {
      "AUC": 0.8649312442969965,
      "AP": 0.44796252808985715,
      "Brier": 0.1210533508900536,
      "S1-VCAP@100": 0.04065958859218349,
      "S1-VCAP@500": 0.1814618579655884,
      "S1-NDCG": 0.7231293770272756,
      "EV-VC@100": 0.05946872987131798,
      "EV-VC@500": 0.18771139025512265,
      "EV-NDCG": 0.7102844098629278,
      "Spearman": 0.3118003920446681,
      "C-RMSE": 2165.6964043046164,
      "C-MAE": 834.4464740658924,
      "EV-VC@1000": 0.2938098944360411,
      "R-REC@500": 0.03707875715760819,
      "binding_rate": 0.07474058639052009,
      "n_samples": 142533,
      "n_binding": 10653
    },
    "2021-03": {
      "AUC": 0.8470183727680356,
      "AP": 0.5072830120952742,
      "Brier": 0.1304145191807485,
      "S1-VCAP@100": 0.046027597622856804,
      "S1-VCAP@500": 0.24172381116572628,
      "S1-NDCG": 0.7869271935727509,
      "EV-VC@100": 0.021442526005407175,
      "EV-VC@500": 0.2257401978970523,
      "EV-NDCG": 0.7681218121394799,
      "Spearman": 0.44659155505756404,
      "C-RMSE": 1940.723781953886,
      "C-MAE": 767.2673388559439,
      "EV-VC@1000": 0.36795717677135814,
      "R-REC@500": 0.040410404104041044,
      "binding_rate": 0.07933991702548503,
      "n_samples": 140043,
      "n_binding": 11111
    },
    "2021-05": {
      "AUC": 0.83203107751957,
      "AP": 0.41963977337356306,
      "Brier": 0.14189041171194272,
      "S1-VCAP@100": 0.044510787477312894,
      "S1-VCAP@500": 0.17897988444607946,
      "S1-NDCG": 0.782740611385404,
      "EV-VC@100": 0.00011262180380714948,
      "EV-VC@500": 0.03865341556360809,
      "EV-NDCG": 0.7054003558665904,
      "Spearman": 0.4055775998409832,
      "C-RMSE": 2102.028964947778,
      "C-MAE": 985.0708659744153,
      "EV-VC@1000": 0.19779165117054512,
      "R-REC@500": 0.012808550343540588,
      "binding_rate": 0.08354948902212583,
      "n_samples": 141102,
      "n_binding": 11789
    },
    "2021-07": {
      "AUC": 0.8658743570608831,
      "AP": 0.3850577772973561,
      "Brier": 0.1304833336218946,
      "S1-VCAP@100": 0.05744991060700436,
      "S1-VCAP@500": 0.23002279665168607,
      "S1-NDCG": 0.7173400571117882,
      "EV-VC@100": 0.11067597684344305,
      "EV-VC@500": 0.22195889482241804,
      "EV-NDCG": 0.7603894997928132,
      "Spearman": 0.3210869959806228,
      "C-RMSE": 2510.6268550392742,
      "C-MAE": 875.2994135077398,
      "EV-VC@1000": 0.3823006925383709,
      "R-REC@500": 0.03035372848948375,
      "binding_rate": 0.05844391674814918,
      "n_samples": 143180,
      "n_binding": 8368
    },
    "2021-09": {
      "AUC": 0.8530597000635595,
      "AP": 0.45964664494586427,
      "Brier": 0.12312270320757819,
      "S1-VCAP@100": 0.25294641294346304,
      "S1-VCAP@500": 0.3812031508206685,
      "S1-NDCG": 0.8480369719847578,
      "EV-VC@100": 0.11634904009561287,
      "EV-VC@500": 0.39479723104619424,
      "EV-NDCG": 0.7458966616062368,
      "Spearman": 0.38853302629888337,
      "C-RMSE": 3760.710744305247,
      "C-MAE": 1157.7663613392285,
      "EV-VC@1000": 0.519237585039207,
      "R-REC@500": 0.02918324805760849,
      "binding_rate": 0.0825769904857286,
      "n_samples": 127808,
      "n_binding": 10554
    },
    "2021-11": {
      "AUC": 0.8316194920937363,
      "AP": 0.4244846537958154,
      "Brier": 0.12395577660861232,
      "S1-VCAP@100": 0.018575536319398237,
      "S1-VCAP@500": 0.12893572596285144,
      "S1-NDCG": 0.7412580782131459,
      "EV-VC@100": 0.04234742684457011,
      "EV-VC@500": 0.17907142639070783,
      "EV-NDCG": 0.7620608489401954,
      "Spearman": 0.2582803134437301,
      "C-RMSE": 4733.409044707594,
      "C-MAE": 1916.1188472963481,
      "EV-VC@1000": 0.33173662704973184,
      "R-REC@500": 0.036279145605739443,
      "binding_rate": 0.09685340913577323,
      "n_samples": 126645,
      "n_binding": 12266
    },
    "2022-03": {
      "AUC": 0.8481676276281697,
      "AP": 0.43248482975464425,
      "Brier": 0.1378341908471304,
      "S1-VCAP@100": 0.047909735856476086,
      "S1-VCAP@500": 0.25514979957820877,
      "S1-NDCG": 0.771010704760625,
      "EV-VC@100": 0.12121226617393949,
      "EV-VC@500": 0.3456491318565246,
      "EV-NDCG": 0.8552647773860472,
      "Spearman": 0.3152158446464347,
      "C-RMSE": 2648.3748587303544,
      "C-MAE": 1186.7565668430432,
      "EV-VC@1000": 0.4112734752514254,
      "R-REC@500": 0.039281922594344175,
      "binding_rate": 0.07425430361058953,
      "n_samples": 139534,
      "n_binding": 10361
    },
    "2022-06": {
      "AUC": 0.8167378158967274,
      "AP": 0.34820124066948027,
      "Brier": 0.1366487101612162,
      "S1-VCAP@100": 0.02898947617398658,
      "S1-VCAP@500": 0.07100134395320258,
      "S1-NDCG": 0.6336970740589081,
      "EV-VC@100": 0.013575514963909132,
      "EV-VC@500": 0.07795750043667615,
      "EV-NDCG": 0.6049279845994542,
      "Spearman": 0.26355101196691444,
      "C-RMSE": 5922.043862299037,
      "C-MAE": 2276.9380266323165,
      "EV-VC@1000": 0.09206546891511497,
      "R-REC@500": 0.03984743551139215,
      "binding_rate": 0.07738432740180354,
      "n_samples": 128747,
      "n_binding": 9963
    },
    "2022-09": {
      "AUC": 0.8569027495493532,
      "AP": 0.3893401344900182,
      "Brier": 0.14334528313834463,
      "S1-VCAP@100": 0.029023242389560538,
      "S1-VCAP@500": 0.056226739206773846,
      "S1-NDCG": 0.7060768117471781,
      "EV-VC@100": 0.027935354603704936,
      "EV-VC@500": 0.07278474931169615,
      "EV-NDCG": 0.6953565336564769,
      "Spearman": 0.3565890610083716,
      "C-RMSE": 2275.398327025795,
      "C-MAE": 1071.6182886488677,
      "EV-VC@1000": 0.1283939353425806,
      "R-REC@500": 0.028801139833095867,
      "binding_rate": 0.0761197961049223,
      "n_samples": 129086,
      "n_binding": 9826
    },
    "2022-12": {
      "AUC": 0.8231157257302223,
      "AP": 0.30634618249434364,
      "Brier": 0.13826514752304894,
      "S1-VCAP@100": 0.04030521491848417,
      "S1-VCAP@500": 0.19509121854738606,
      "S1-NDCG": 0.6626887551463073,
      "EV-VC@100": 0.19730791260187475,
      "EV-VC@500": 0.35336355457572766,
      "EV-NDCG": 0.8111711628799779,
      "Spearman": 0.3003437635495736,
      "C-RMSE": 2891.450976063034,
      "C-MAE": 1182.7212489146636,