{
  "per_month": {
    "2022-06/aq1": {
      "VC@20": 0.35076837331467753,
      "VC@100": 0.5805557121306426,
      "Recall@20": 0.4,
      "Recall@100": 0.58,
      "NDCG": 0.6143960105385359,
      "VC@10": 0.12969282662445852,
      "VC@25": 0.38138026974968425,
      "VC@50": 0.4619061364770954,
      "VC@200": 0.8650898225626039,
      "Recall@10": 0.1,
      "Recall@50": 0.42,
      "Spearman": 0.42911703101423804,
      "Tier0-AP": 0.4446534849536995,
      "Tier01-AP": 0.6593050495469137,
      "n_samples": 325
    },
    "2022-06/aq2": {
      "VC@20": 0.48445201449240005,
      "VC@100": 0.8013760578518507,
      "Recall@20": 0.7,
      "Recall@100": 0.66,
      "NDCG": 0.844083385076724,
      "VC@10": 0.3241339933850611,
      "VC@25": 0.5435010036148803,
      "VC@50": 0.6609732884382192,
      "VC@200": 0.928436727408193,
      "Recall@10": 0.6,
      "Recall@50": 0.52,
      "Spearman": 0.5018104485509176,
      "Tier0-AP": 0.5616980216876265,
      "Tier01-AP": 0.6789837426600014,
      "n_samples": 302
    },
    "2022-06/aq3": {
      "VC@20": 0.6161385376561166,
      "VC@100": 0.866653453530502,
      "Recall@20": 0.35,
      "Recall@100": 0.43,
      "NDCG": 0.9146447064366557,
      "VC@10": 0.5753819766082603,
      "VC@25": 0.6243443440890277,
      "VC@50": 0.7373741939605886,
      "VC@200": 0.967345626653993,
      "Recall@10": 0.4,
      "Recall@50": 0.38,
      "Spearman": 0.3212711492808709,
      "Tier0-AP": 0.41932230986917685,
      "Tier01-AP": 0.4660687236208957,
      "n_samples": 262
    },
    "2022-06/aq4": {
      "VC@20": 0.32176361132508385,
      "VC@100": 0.8361300205301132,
      "Recall@20": 0.5,
      "Recall@100": 0.53,
      "NDCG": 0.6628238135087114,
      "VC@10": 0.23058483081155992,
      "VC@25": 0.3786112500178764,
      "VC@50": 0.580010563837247,
      "VC@200": 0.94535955173061,
      "Recall@10": 0.3,
      "Recall@50": 0.54,
      "Spearman": 0.46366471191919856,
      "Tier0-AP": 0.5672437403939629,
      "Tier01-AP": 0.6715282004783598,
      "n_samples": 380
    },
    "2023-06/aq1": {
      "VC@20": 0.22128042674485404,
      "VC@100": 0.7588508526587892,
      "Recall@20": 0.25,
      "Recall@100": 0.57,
      "NDCG": 0.6544133284671767,
      "VC@10": 0.1460085051320055,
      "VC@25": 0.2935631028994582,
      "VC@50": 0.6507654926839697,
      "VC@200": 0.9754097158560886,
      "Recall@10": 0.2,
      "Recall@50": 0.5,
      "Spearman": 0.47968654689166257,
      "Tier0-AP": 0.4417912208545777,
      "Tier01-AP": 0.6219024226034565,
      "n_samples": 276
    },
    "2023-06/aq2": {
      "VC@20": 0.32338978050056166,
      "VC@100": 0.8856804097860114,
      "Recall@20": 0.4,
      "Recall@100": 0.57,
      "NDCG": 0.6061421890233261,
      "VC@10": 0.18323721122684805,
      "VC@25": 0.34596914238571264,
      "VC@50": 0.7798455709464269,
      "VC@200": 0.952529606487791,
      "Recall@10": 0.1,
      "Recall@50": 0.62,
      "Spearman": 0.5010936637426343,
      "Tier0-AP": 0.5492078858790173,
      "Tier01-AP": 0.7035372198270279,
      "n_samples": 410
    },
    "2023-06/aq3": {
      "VC@20": 0.1628145442907921,
      "VC@100": 0.5447017297898394,
      "Recall@20": 0.1,
      "Recall@100": 0.6,
      "NDCG": 0.5858603811484544,
      "VC@10": 0.10145306518182473,
      "VC@25": 0.1768388582920683,
      "VC@50": 0.3414966911648136,
      "VC@200": 0.7057754315834904,
      "Recall@10": 0.1,
      "Recall@50": 0.42,
      "Spearman": 0.4955451122867791,
      "Tier0-AP": 0.6395805666474361,
      "Tier01-AP": 0.7152869446729354,
      "n_samples": 504
    },
    "2023-06/aq4": {
      "VC@20": 0.22389505812273874,
      "VC@100": 0.773828502830275,
      "Recall@20": 0.35,
      "Recall@100": 0.57,
      "NDCG": 0.6543736061258709,
      "VC@10": 0.12482449545716622,
      "VC@25": 0.2641297926251171,
      "VC@50": 0.5966670478984323,
      "VC@200": 0.8497606322283497,
      "Recall@10": 0.1,
      "Recall@50": 0.52,
      "Spearman": 0.5078671084031937,
      "Tier0-AP": 0.5452313101294691,
      "Tier01-AP": 0.6932131531687107,
      "n_samples": 459
    },
    "2024-06/aq1": {
      "VC@20": 0.23503351357176577,
      "VC@100": 0.6719405224836678,
      "Recall@20": 0.3,
      "Recall@100": 0.58,
      "NDCG": 0.807793689579689,
      "VC@10": 0.1963167160580364,
      "VC@25": 0.30592523784873743,
      "VC@50": 0.49488581421774797,
      "VC@200": 0.8962152405922946,
      "Recall@10": 0.3,
      "Recall@50": 0.54,
      "Spearman": 0.5779440905881759,
      "Tier0-AP": 0.6329916281912046,
      "Tier01-AP": 0.7234268322845959,
      "n_samples": 425
    },
    "2024-06/aq2": {
      "VC@20": 0.36208010940990304,
      "VC@100": 0.6774508703420146,
      "Recall@20": 0.4,
      "Recall@100": 0.53,
      "NDCG": 0.8061230166409488,
      "VC@10": 0.19669551950474062,
      "VC@25": 0.39444221577872024,
      "VC@50": 0.5149552108729771,
      "VC@200": 0.833051954062415,
      "Recall@10": 0.3,
      "Recall@50": 0.42,
      "Spearman": 0.5180076337602038,
      "Tier0-AP": 0.5148852288176711,
      "Tier01-AP": 0.7147847535192018,
      "n_samples": 483
    },
    "2024-06/aq3": {
      "VC@20": 0.30148860519758736,
      "VC@100": 0.7469821340885593,
      "Recall@20": 0.25,
      "Recall@100": 0.58,
      "NDCG": 0.5813828091515427,
      "VC@10": 0.25984297509168963,
      "VC@25": 0.3912953662972132,
      "VC@50": 0.46232217690363114,
      "VC@200": 0.9351777203176941,
      "Recall@10": 0.4,
      "Recall@50": 0.44,
      "Spearman": 0.5063582969115189,
      "Tier0-AP": 0.5603977664516039,
      "Tier01-AP": 0.6627952263890287,
      "n_samples": 315
    },
    "2024-06/aq4": {
      "VC@20": 0.27493265817496704,
      "VC@100": 0.4938725935362652,
      "Recall@20": 0.2,
      "Recall@100": 0.46,
      "NDCG": 0.7910945360072678,
      "VC@10": 0.19700779607107502,
      "VC@25": 0.29953036388604776,
      "VC@50": 0.4055687277267968,
      "VC@200": 0.8234003099244082,
      "Recall@10": 0.2,
      "Recall@50": 0.54,
      "Spearman": 0.4739603902956369,
      "Tier0-AP": 0.605044828124096,
      "Tier01-AP": 0.6876807776725686,
      "n_samples": 476
    }
  },
  "aggregate": {
    "mean": {
      "VC@20": 0.32316976940012065,
      "VC@100": 0.7198352382965442,
      "Recall@20": 0.35000000000000003,
      "Recall@100": 0.555,
      "NDCG": 0.7102609559754085,
      "VC@10": 0.22209832592939383,
      "VC@25": 0.36662757895704523,
      "VC@50": 0.5572309095939955,
      "VC@200": 0.8897960282839942,
      "Recall@10": 0.2583333333333333,
      "Recall@50": 0.48833333333333334,
      "Spearman": 0.48136051530375257,
      "Tier0-AP": 0.5401706659999618,
      "Tier01-AP": 0.6665427538703079,
      "n_samples": 384.75
    },
    "std": {
      "VC@20": 0.119246237179043,
      "VC@100": 0.12234787257284128,
      "Recall@20": 0.14719601443879743,
      "Recall@100": 0.05880759588125783,
      "NDCG": 0.1101233843776652,
      "VC@10": 0.12196752424596313,
      "VC@25": 0.11544230060793426,
      "VC@50": 0.12809680823040176,
      "VC@200": 0.07509180464085351,
      "Recall@10": 0.14976833963009523,
      "Recall@50": 0.06804818554197868,
      "Spearman": 0.058974838433966496,
      "Tier0-AP": 0.06980045209391737,
      "Tier01-AP": 0.06639180357964196,
      "n_samples": 82.74974823728066
    },
    "min": {
      "VC@20": 0.1628145442907921,
      "VC@100": 0.4938725935362652,
      "Recall@20": 0.1,
      "Recall@100": 0.43,
      "NDCG": 0.5813828091515427,
      "VC@10": 0.10145306518182473,
      "VC@25": 0.1768388582920683,
      "VC@50": 0.3414966911648136,
      "VC@200": 0.7057754315834904,
      "Recall@10": 0.1,
      "Recall@50": 0.38,
      "Spearman": 0.3212711492808709,
      "Tier0-AP": 0.41932230986917685,
      "Tier01-AP": 0.4660687236208957,
      "n_samples": 262.0
    },
    "max": {
      "VC@20": 0.6161385376561166,
      "VC@100": 0.8856804097860114,
      "Recall@20": 0.7,
      "Recall@100": 0.66,