{
  "eval_config": {
    "eval_months": [
      "2020-07",
      "2020-08",
      "2020-09",
      "2020-10",
      "2020-11",
      "2020-12",
      "2021-01",
      "2021-02",
      "2021-03",
      "2021-04",
      "2021-07",
      "2021-08",
      "2021-09",
      "2021-10",
      "2021-11",
      "2021-12",
      "2022-01",
      "2022-02",
      "2022-03",
      "2022-04",
      "2022-07",
      "2022-08",
      "2022-09",
      "2022-10",
      "2022-11",
      "2022-12",
      "2023-01",
      "2023-02",
      "2023-03",
      "2023-04"
    ],
    "class_type": "offpeak",
    "period_type": "f1",
    "mode": "eval",
    "note": "weights selected on dev \u2014 holdout is the fair comparison"
  },
  "blend_weights": {
    "da": 0.8,
    "dmix": 0.0,
    "dori": 0.2
  },
  "per_month": {
    "2020-07": {
      "VC@20": 0.5687743381166767,
      "VC@100": 0.7746753834674946,
      "Recall@20": 0.2,
      "Recall@100": 0.3,
      "NDCG": 0.5354372606470423,
      "VC@10": 0.43499397391700684,
      "VC@25": 0.5787634711207325,
      "VC@50": 0.7100664334069917,
      "VC@200": 0.9191260230077192,
      "Recall@10": 0.3,
      "Recall@50": 0.24,
      "Spearman": 0.2382915856586442,
      "n_samples": 386
    },
    "2020-08": {
      "VC@20": 0.6557840690101302,
      "VC@100": 0.8777738339977175,
      "Recall@20": 0.4,
      "Recall@100": 0.21,
      "NDCG": 0.4177241424044928,
      "VC@10": 0.25508685535847947,
      "VC@25": 0.6763808291647052,
      "VC@50": 0.8421118264857196,
      "VC@200": 0.9861103227314141,
      "Recall@10": 0.2,
      "Recall@50": 0.32,
      "Spearman": 0.3018197870562365,
      "n_samples": 567
    },
    "2020-09": {
      "VC@20": 0.4495861074650483,
      "VC@100": 0.6420438362409107,
      "Recall@20": 0.4,
      "Recall@100": 0.2,
      "NDCG": 0.5489903264109612,
      "VC@10": 0.3463398734656105,
      "VC@25": 0.4499674342079941,
      "VC@50": 0.6014979701063115,
      "VC@200": 0.7446013915140437,
      "Recall@10": 0.3,
      "Recall@50": 0.3,
      "Spearman": 0.17260229517002237,
      "n_samples": 696
    },
    "2020-10": {
      "VC@20": 0.4625513425670678,
      "VC@100": 0.7366841491994633,
      "Recall@20": 0.35,
      "Recall@100": 0.21,
      "NDCG": 0.47942128617443597,
      "VC@10": 0.2233146805097352,
      "VC@25": 0.6248942927825819,
      "VC@50": 0.6438441039505549,
      "VC@200": 0.7565656730232028,
      "Recall@10": 0.2,
      "Recall@50": 0.32,
      "Spearman": 0.19417626849113528,
      "n_samples": 557
    },
    "2020-11": {
      "VC@20": 0.4548424578351146,
      "VC@100": 0.666531742659102,
      "Recall@20": 0.25,
      "Recall@100": 0.26,
      "NDCG": 0.549608653281169,
      "VC@10": 0.39093239564807836,
      "VC@25": 0.4548424578351146,
      "VC@50": 0.476794778597755,
      "VC@200": 0.8592262298126355,
      "Recall@10": 0.3,
      "Recall@50": 0.26,
      "Spearman": 0.23366775062690653,
      "n_samples": 408
    },
    "2020-12": {
      "VC@20": 0.2581328703777365,
      "VC@100": 0.7751975329669367,
      "Recall@20": 0.2,
      "Recall@100": 0.39,
      "NDCG": 0.41654641360218336,
      "VC@10": 0.2581039182642713,
      "VC@25": 0.25924087558494363,
      "VC@50": 0.6846237585911918,
      "VC@200": 0.9327075503547241,
      "Recall@10": 0.3,
      "Recall@50": 0.26,
      "Spearman": 0.2816205056451434,
      "n_samples": 326
    },
    "2021-01": {
      "VC@20": 0.33657188825788403,
      "VC@100": 0.7903158907861594,
      "Recall@20": 0.2,
      "Recall@100": 0.37,
      "NDCG": 0.49263299969932667,
      "VC@10": 0.32527662590141637,
      "VC@25": 0.3400852335302961,
      "VC@50": 0.46536123693963743,
      "VC@200": 0.9782915944416246,
      "Recall@10": 0.2,
      "Recall@50": 0.22,
      "Spearman": 0.27304687400875455,
      "n_samples": 332
    },
    "2021-02": {
      "VC@20": 0.20888002124940808,
      "VC@100": 0.6995536389537989,
      "Recall@20": 0.2,
      "Recall@100": 0.21,
      "NDCG": 0.4022088890029252,
      "VC@10": 0.17303399243835038,
      "VC@25": 0.2343131638878243,
      "VC@50": 0.6406351862035249,
      "VC@200": 0.939005481835769,
      "Recall@10": 0.2,
      "Recall@50": 0.24,
      "Spearman": 0.22894249472301947,
      "n_samples": 497
    },
    "2021-03": {
      "VC@20": 0.287894157853131,
      "VC@100": 0.7408496189190049,
      "Recall@20": 0.25,
      "Recall@100": 0.25,
      "NDCG": 0.4732479050061928,
      "VC@10": 0.18055092976945772,
      "VC@25": 0.287894157853131,
      "VC@50": 0.40976271244971846,
      "VC@200": 0.8869649293811811,
      "Recall@10": 0.2,
      "Recall@50": 0.24,
      "Spearman": 0.21226593675442432,
      "n_samples": 545
    },
    "2021-04": {
      "VC@20": 0.294888139697824,
      "VC@100": 0.66617012758344,
      "Recall@20": 0.15,
      "Recall@100": 0.23,
      "NDCG": 0.41146963882365334,
      "VC@10": 0.06847245841099979,
      "VC@25": 0.302449524580979,
      "VC@50": 0.46652079326859003,
      "VC@200": 0.8192226822922061,
      "Recall@10": 0.2,
      "Recall@50": 0.24,
      "Spearman": 0.195865104632003,
      "n_samples": 471
    },
    "2021-07": {
      "VC@20": 0.7003390825823467,
      "VC@100": 0.9116473310553603,
      "Recall@20": 0.3,
      "Recall@100": 0.25,
      "NDCG": 0.6228159064209251,
      "VC@10": 0.41175474755968544,
      "VC@25": 0.7506390225136539,
      "VC@50": 0.9116473310553606,
      "VC@200": 0.9445659739102796,
      "Recall@10": 0.3,
      "Recall@50": 0.34,
      "Spearman": 0.21403384728812164,
      "n_samples": 428
    },
    "2021-08": {
      "VC@20": 0.5422068171521607,
      "VC@100": 0.822059758149717,
      "Recall@20": 0.3,
      "Recall@100": 0.29,
      "NDCG": 0.5971689206700436,
      "VC@10": 0.483841412712764,
      "VC@25": 0.6864301202082735,
      "VC@50": 0.7761379085480513,
      "VC@200": 0.9061946000751868,
      "Recall@10": 0.3,
      "Recall@50": 0.34,
      "Spearman": 0.24971310018739584,
      "n_samples": 522
    },
    "2021-09": {
      "VC@20": 0.36989649953718334,
      "VC@100": 0.7512977359123214,
      "Recall@20": 0.3,
      "Recall@100": 0.34,
      "NDCG": 0.5052908015106892,
      "VC@10": 0.17235753627871422,
      "VC@25": 0.3800758911665463,
      "VC@50": 0.597223608507141,
      "VC@200": 0.7971577091506892,
      "Recall@10": 0.2,
      "Recall@50": 0.3,
      "Spearman": 0.2541392450523503,
      "n_samples": 557
    },
    "2021-10": {
      "VC@20": 0.6183939393175777,
      "VC@100": 0.8508353744856519,
      "Recall@20": 0.2,
      "Recall@100": 0.25,
      "NDCG": 0.3751471769248736,
      "VC@10": 0.33651720895799875,
      "VC@25": 0.6234374265017171,
      "VC@50": 0.6540525763318169,
      "VC@200": 0.8924656770017853,
      "Recall@10": 0.2,
      "Recall@50": 0.26,
      "Spearman": 0.15419000020709406,
      "n_samples": 567
    },
    "2021-11": {
      "VC@20": 0.4754613888175019,
      "VC@100": 0.7813131001786321,
      "Recall@20": 0.2,
      "Recall@100": 0.33,
      "NDCG": 0.48062193148835464,
      "VC@10": 0.334584406472809,
      "VC@25": 0.48067156937180094,
      "VC@50": 0.7220035246032376,
      "VC@200": 0.8992464917423747,
      "Recall@10": 0.1,
      "Recall@50": 0.2,
      "Spearman": 0.14188383971428656,
      "n_samples": 332
    },
    "2021-12": {
      "VC@20": 0.24576849611255586,
      "VC@100": 0.5366652928791332,
      "Recall@20": 0.15,
      "Recall@100": 0.33,
      "NDCG": 0.336023512939192,
      "VC@10": 0.22342743819257707,
      "VC@25": 0.24576849611255586,
      "VC@50": 0.3185973615511,
      "VC@200": 0.6414402141687108,
      "Recall@10": 0.2,
      "Recall@50": 0.16,
      "Spearman": 0.09956280532697087,
      "n_samples": 313
    },
    "2022-01": {
      "VC@20": 0.5794744940487299,
      "VC@100": 0.684294982875769,
      "Recall@20": 0.25,
      "Recall@100": 0.33,
      "NDCG": 0.3994566193752857,
      "VC@10": 0.5243006124556343,
      "VC@25": 0.5929257242030168,
      "VC@50": 0.6318735748320902,