{
  "v0a": {
    "K=50": {
      "VC@50": 0.3031281888871899,
      "Recall@50": 0.09391360223370036,
      "Abs_SP@50": 0.25731074995917397,
      "NB12_Count@50": 1.0,
      "NB12_SP@50": 0.05516969586038594,
      "Dang20k_Recall@50": 0.43292124542124544,
      "Dorm_inK@50": 6.0,
      "Dang40k_Recall@50": 0.4222222222222222
    },
    "K=200": {
      "VC@200": 0.5175600330933542,
      "Recall@200": 0.25938152134998066,
      "Abs_SP@200": 0.44222446469249393,
      "NB12_Count@200": 4.333333333333333,
      "NB12_SP@200": 0.14517520488131982,
      "Dang20k_Recall@200": 0.6771978021978021,
      "Dorm_inK@200": 57.333333333333336,
      "Dang40k_Recall@200": 0.4222222222222222
    },
    "K=250": {
      "VC@250": 0.5536574032302414,
      "Recall@250": 0.3076578673365583,
      "Abs_SP@250": 0.47277779741447,
      "NB12_Count@250": 7.0,
      "NB12_SP@250": 0.19638491917592274,
      "Dang20k_Recall@250": 0.6980311355311355,
      "Dorm_inK@250": 77.0,
      "Dang40k_Recall@250": 0.4222222222222222
    },
    "K=400": {
      "VC@400": 0.6888086466042195,
      "Recall@400": 0.41860024242355703,
      "Abs_SP@400": 0.5885896265684581,
      "NB12_Count@400": 12.666666666666666,
      "NB12_SP@400": 0.28343963891803353,
      "Dang20k_Recall@400": 0.8385989010989011,
      "Dorm_inK@400": 149.33333333333334,
      "Dang40k_Recall@400": 0.5555555555555555
    }
  },
  "v0c": {
    "K=50": {
      "VC@50": 0.3570395454369364,
      "Recall@50": 0.1246772490048419,
      "Abs_SP@50": 0.3062620636003201,
      "NB12_Count@50": 0.0,
      "NB12_SP@50": 0.0,
      "Dang20k_Recall@50": 0.5384615384615384,
      "Dorm_inK@50": 0.0,
      "Dang40k_Recall@50": 0.35555555555555557
    },
    "K=200": {
      "VC@200": 0.588466478265068,
      "Recall@200": 0.3601363940331465,
      "Abs_SP@200": 0.5020005160025102,
      "NB12_Count@200": 0.6666666666666666,
      "NB12_SP@200": 0.0009457380890179108,
      "Dang20k_Recall@200": 0.7426739926739927,
      "Dorm_inK@200": 6.333333333333333,
      "Dang40k_Recall@200": 0.48888888888888893
    },
    "K=250": {
      "VC@250": 0.6206072356579942,
      "Recall@250": 0.4095653593549875,
      "Abs_SP@250": 0.5302998525307339,
      "NB12_Count@250": 2.3333333333333335,
      "NB12_SP@250": 0.025938865462526994,
      "Dang20k_Recall@250": 0.7426739926739927,
      "Dorm_inK@250": 17.0,
      "Dang40k_Recall@250": 0.48888888888888893
    },
    "K=400": {
      "VC@400": 0.7455946029328597,
      "Recall@400": 0.5210666984507287,
      "Abs_SP@400": 0.6373711542019729,
      "NB12_Count@400": 7.0,
      "NB12_SP@400": 0.1661156606808046,
      "Dang20k_Recall@400": 0.8434065934065934,
      "Dorm_inK@400": 78.0,
      "Dang40k_Recall@400": 0.5555555555555555
    }
  },
  "v0c_cross": {
    "K=50": {
      "VC@50": 0.3415619426581628,
      "Recall@50": 0.12628226922398347,
      "Abs_SP@50": 0.2926065712793676,
      "NB12_Count@50": 0.0,
      "NB12_SP@50": 0.0,
      "Dang20k_Recall@50": 0.5176282051282052,
      "Dorm_inK@50": 0.0,
      "Dang40k_Recall@50": 0.35555555555555557
    },
    "K=200": {
      "VC@200": 0.6060470313809927,
      "Recall@200": 0.37664813212628817,
      "Abs_SP@200": 0.5171159130359564,
      "NB12_Count@200": 0.0,
      "NB12_SP@200": 0.0,
      "Dang20k_Recall@200": 0.7426739926739927,
      "Dorm_inK@200": 1.3333333333333333,
      "Dang40k_Recall@200": 0.48888888888888893
    },
    "K=250": {
      "VC@250": 0.6525643642185123,
      "Recall@250": 0.43869087750896857,
      "Abs_SP@250": 0.5580248021208035,
      "NB12_Count@250": 0.6666666666666666,
      "NB12_SP@250": 0.0009457380890179108,
      "Dang20k_Recall@250": 0.7939560439560439,
      "Dorm_inK@250": 6.0,
      "Dang40k_Recall@250": 0.48888888888888893
    },
    "K=400": {
      "VC@400": 0.7450559488516953,
      "Recall@400": 0.5505100088922633,
      "Abs_SP@400": 0.6370276389888874,
      "NB12_Count@400": 5.666666666666667,
      "NB12_SP@400": 0.11818298137268986,
      "Dang20k_Recall@400": 0.8434065934065934,
      "Dorm_inK@400": 54.333333333333336,
      "Dang40k_Recall@400": 0.5555555555555555
    }
  },
  "blend_a0.05": {
    "K=50": {
      "VC@50": 0.3570395454369364,
      "Recall@50": 0.1246772490048419,
      "Abs_SP@50": 0.3062620636003201,
      "NB12_Count@50": 0.0,
      "NB12_SP@50": 0.0,
      "Dang20k_Recall@50": 0.5384615384615384,
      "Dorm_inK@50": 0.0,
      "Dang40k_Recall@50": 0.35555555555555557
    },
    "K=200": {
      "VC@200": 0.5816815565368167,
      "Recall@200": 0.35717069115557115,
      "Abs_SP@200": 0.4965190904779164,
      "NB12_Count@200": 2.0,
      "NB12_SP@200": 0.014607133949801796,
      "Dang20k_Recall@200": 0.7218406593406593,
      "Dorm_inK@200": 14.0,
      "Dang40k_Recall@200": 0.48888888888888893
    },
    "K=250": {
      "VC@250": 0.6164184827148748,
      "Recall@250": 0.39958908611384364,
      "Abs_SP@250": 0.5268748063736012,
      "NB12_Count@250": 4.333333333333333,
      "NB12_SP@250": 0.09855433115170492,
      "Dang20k_Recall@250": 0.7426739926739927,
      "Dorm_inK@250": 35.0,
      "Dang40k_Recall@250": 0.48888888888888893
    },
    "K=400": {
      "VC@400": 0.7548627324153635,
      "Recall@400": 0.504280680238379,
      "Abs_SP@400": 0.6447673515171983,
      "NB12_Count@400": 10.333333333333334,
      "NB12_SP@400": 0.2804548450325869,
      "Dang20k_Recall@400": 0.88507326007326,
      "Dorm_inK@400": 105.66666666666667,
      "Dang40k_Recall@400": 0.5555555555555555
    }
  },
  "blend_a0.10": {
    "K=50": {
      "VC@50": 0.3570055595273293,
      "Recall@50": 0.12371663421137409,
      "Abs_SP@50": 0.30623402574673864,
      "NB12_Count@50": 0.0,
      "NB12_SP@50": 0.0,
      "Dang20k_Recall@50": 0.5384615384615384,
      "Dorm_inK@50": 0.3333333333333333,
      "Dang40k_Recall@50": 0.35555555555555557
    },
    "K=200": {
      "VC@200": 0.5624895516652701,
      "Recall@200": 0.3378625500989572,
      "Abs_SP@200": 0.48044012290672633,
      "NB12_Count@200": 4.333333333333333,
      "NB12_SP@200": 0.09855433115170492,
      "Dang20k_Recall@200": 0.6753663003663003,
      "Dorm_inK@200": 30.333333333333332,
      "Dang40k_Recall@200": 0.48888888888888893
    },
    "K=250": {
      "VC@250": 0.611649957142641,
      "Recall@250": 0.3768054453503055,
      "Abs_SP@250": 0.5218501858603468,
      "NB12_Count@250": 6.333333333333333,
      "NB12_SP@250": 0.1578615741985089,
      "Dang20k_Recall@250": 0.7635073260073261,
      "Dorm_inK@250": 58.666666666666664,
      "Dang40k_Recall@250": 0.48888888888888893
    },
    "K=400": {
      "VC@400": 0.7065649196531512,
      "Recall@400": 0.47131111999076736,
      "Abs_SP@400": 0.6028236888442687,
      "NB12_Count@400": 12.0,
      "NB12_SP@400": 0.2942016821087489,
      "Dang20k_Recall@400": 0.8099816849816849,
      "Dorm_inK@400": 138.0,
      "Dang40k_Recall@400": 0.48888888888888893
    }
  },
  "blend_a0.15": {
    "K=50": {
      "VC@50": 0.34982440007703564,
      "Recall@50": 0.1213518245911273,
      "Abs_SP@50": 0.3000997312019668,
      "NB12_Count@50": 0.3333333333333333,
      "NB12_SP@50": 2.72469437375679e-08,
      "Dang20k_Recall@50": 0.5384615384615384,
      "Dorm_inK@50": 1.3333333333333333,
      "Dang40k_Recall@50": 0.35555555555555557
    },
    "K=200": {
      "VC@200": 0.5360443264201702,
      "Recall@200": 0.3100226769568051,
      "Abs_SP@200": 0.45773438384753823,
      "NB12_Count@200": 6.0,
      "NB12_SP@200": 0.13972278702426397,
      "Dang20k_Recall@200": 0.6515567765567766,
      "Dorm_inK@200": 55.0,
      "Dang40k_Recall@200": 0.4222222222222222
    },
    "K=250": {
      "VC@250": 0.5919597202678409,
      "Recall@250": 0.3514908608919362,
      "Abs_SP@250": 0.5048647824807849,
      "NB12_Count@250": 9.333333333333334,
      "NB12_SP@250": 0.2741356113379399,
      "Dang20k_Recall@250": 0.717032967032967,
      "Dorm_inK@250": 82.33333333333333,
      "Dang40k_Recall@250": 0.48888888888888893
    },