{
  "created_at": "2026-02-28T00:25:25.348015+00:00",
  "feature_count": 14,
  "train_samples": 80,
  "val_samples": 20,
  "threshold": 0.8202872276306152,
  "max_fbeta": 0.9237288135593221
}