{
  "v0a": {
    "K=50": {
      "VC@50": 0.3803966872625064,
      "Recall@50": 0.1080167714884696,
      "Abs_SP@50": 0.3169358470996416,
      "NB12_Count@50": 0.3333333333333333,
      "NB12_SP@50": 0.0015085601123522733,
      "Dang20k_Recall@50": 0.5936507936507937,
      "Dorm_inK@50": 7.333333333333333,
      "Dang40k_Recall@50": 0.4583333333333333
    },
    "K=200": {
      "VC@200": 0.6261069776427882,
      "Recall@200": 0.28014255765199164,
      "Abs_SP@200": 0.5220169205926015,
      "NB12_Count@200": 6.0,
      "NB12_SP@200": 0.16492754714901475,
      "Dang20k_Recall@200": 0.7801587301587302,
      "Dorm_inK@200": 58.333333333333336,
      "Dang40k_Recall@200": 0.5416666666666666
    },
    "K=250": {
      "VC@250": 0.6662166231097421,
      "Recall@250": 0.32967714884696014,
      "Abs_SP@250": 0.5557645241443231,
      "NB12_Count@250": 6.666666666666667,
      "NB12_SP@250": 0.1684572788690993,
      "Dang20k_Recall@250": 0.7968253968253968,
      "Dorm_inK@250": 76.33333333333333,
      "Dang40k_Recall@250": 0.5833333333333334
    },
    "K=400": {
      "VC@400": 0.7602259676278901,
      "Recall@400": 0.4636058700209644,
      "Abs_SP@400": 0.635348630021065,
      "NB12_Count@400": 11.666666666666666,
      "NB12_SP@400": 0.2479756279683997,
      "Dang20k_Recall@400": 0.8777777777777779,
      "Dorm_inK@400": 145.33333333333334,
      "Dang40k_Recall@400": 0.9166666666666666
    }
  },
  "v0c": {
    "K=50": {
      "VC@50": 0.37283043155187817,
      "Recall@50": 0.1338280922431866,
      "Abs_SP@50": 0.3121734434384637,
      "NB12_Count@50": 0.0,
      "NB12_SP@50": 0.0,
      "Dang20k_Recall@50": 0.5071428571428571,
      "Dorm_inK@50": 0.0,
      "Dang40k_Recall@50": 0.25
    },
    "K=200": {
      "VC@200": 0.6589983094511478,
      "Recall@200": 0.40235639412997903,
      "Abs_SP@200": 0.5506256284557863,
      "NB12_Count@200": 0.6666666666666666,
      "NB12_SP@200": 0.004927328755007152,
      "Dang20k_Recall@200": 0.7579365079365079,
      "Dorm_inK@200": 7.333333333333333,
      "Dang40k_Recall@200": 0.5416666666666666
    },
    "K=250": {
      "VC@250": 0.684565702272165,
      "Recall@250": 0.45560587002096437,
      "Abs_SP@250": 0.57186735436592,
      "NB12_Count@250": 1.6666666666666667,
      "NB12_SP@250": 0.011445091782208571,
      "Dang20k_Recall@250": 0.7579365079365079,
      "Dorm_inK@250": 18.333333333333332,
      "Dang40k_Recall@250": 0.5416666666666666
    },
    "K=400": {
      "VC@400": 0.8237892041063798,
      "Recall@400": 0.5889643605870022,
      "Abs_SP@400": 0.6885165314987826,
      "NB12_Count@400": 9.333333333333334,
      "NB12_SP@400": 0.22876143511094207,
      "Dang20k_Recall@400": 0.9111111111111111,
      "Dorm_inK@400": 87.66666666666667,
      "Dang40k_Recall@400": 0.9166666666666666
    }
  },
  "v0c_cross": {
    "K=50": {
      "VC@50": 0.35525513006153847,
      "Recall@50": 0.13754297693920337,
      "Abs_SP@50": 0.2972452349030092,
      "NB12_Count@50": 0.0,
      "NB12_SP@50": 0.0,
      "Dang20k_Recall@50": 0.4904761904761905,
      "Dorm_inK@50": 0.0,
      "Dang40k_Recall@50": 0.25
    },
    "K=200": {
      "VC@200": 0.6417508348957807,
      "Recall@200": 0.4233123689727463,
      "Abs_SP@200": 0.5360311668965775,
      "NB12_Count@200": 0.3333333333333333,
      "NB12_SP@200": 0.0034187686426548785,
      "Dang20k_Recall@200": 0.7103174603174603,
      "Dorm_inK@200": 1.3333333333333333,
      "Dang40k_Recall@200": 0.5416666666666666
    },
    "K=250": {
      "VC@250": 0.685904582050413,
      "Recall@250": 0.4789433962264151,
      "Abs_SP@250": 0.5730070896595261,
      "NB12_Count@250": 0.6666666666666666,
      "NB12_SP@250": 0.004927328755007152,
      "Dang20k_Recall@250": 0.7579365079365079,
      "Dorm_inK@250": 7.0,
      "Dang40k_Recall@250": 0.5416666666666666
    },
    "K=400": {
      "VC@400": 0.8164519709646857,
      "Recall@400": 0.606775681341719,
      "Abs_SP@400": 0.6825268707103761,
      "NB12_Count@400": 6.666666666666667,
      "NB12_SP@400": 0.14855016623109707,
      "Dang20k_Recall@400": 0.8833333333333333,
      "Dorm_inK@400": 63.333333333333336,
      "Dang40k_Recall@400": 0.9166666666666666
    }
  },
  "blend_a0.05": {
    "K=50": {
      "VC@50": 0.37283043155187817,
      "Recall@50": 0.1338280922431866,
      "Abs_SP@50": 0.3121734434384637,
      "NB12_Count@50": 0.0,
      "NB12_SP@50": 0.0,
      "Dang20k_Recall@50": 0.5071428571428571,
      "Dorm_inK@50": 0.0,
      "Dang40k_Recall@50": 0.25
    },
    "K=200": {
      "VC@200": 0.6527648241535089,
      "Recall@200": 0.39387840670859536,
      "Abs_SP@200": 0.5453402850987683,
      "NB12_Count@200": 1.6666666666666667,
      "NB12_SP@200": 0.011445091782208571,
      "Dang20k_Recall@200": 0.7579365079365079,
      "Dorm_inK@200": 17.0,
      "Dang40k_Recall@200": 0.5416666666666666
    },
    "K=250": {
      "VC@250": 0.6822832331513332,
      "Recall@250": 0.4392201257861635,
      "Abs_SP@250": 0.5697820916326548,
      "NB12_Count@250": 3.3333333333333335,
      "NB12_SP@250": 0.06354796839099798,
      "Dang20k_Recall@250": 0.7857142857142857,
      "Dorm_inK@250": 35.666666666666664,
      "Dang40k_Recall@250": 0.5416666666666666
    },
    "K=400": {
      "VC@400": 0.776996593383474,
      "Recall@400": 0.5680083857442347,
      "Abs_SP@400": 0.6490009499490849,
      "NB12_Count@400": 10.333333333333334,
      "NB12_SP@400": 0.25776330036768663,
      "Dang20k_Recall@400": 0.8634920634920635,
      "Dorm_inK@400": 107.33333333333333,
      "Dang40k_Recall@400": 0.5833333333333334
    }
  },
  "blend_a0.10": {
    "K=50": {
      "VC@50": 0.37283043155187817,
      "Recall@50": 0.1338280922431866,
      "Abs_SP@50": 0.3121734434384637,
      "NB12_Count@50": 0.0,
      "NB12_SP@50": 0.0,
      "Dang20k_Recall@50": 0.5071428571428571,
      "Dorm_inK@50": 0.3333333333333333,
      "Dang40k_Recall@50": 0.25
    },
    "K=200": {
      "VC@200": 0.6310083612634569,
      "Recall@200": 0.3724444444444444,
      "Abs_SP@200": 0.526773648829186,
      "NB12_Count@200": 3.6666666666666665,
      "NB12_SP@200": 0.1237956492199368,
      "Dang20k_Recall@200": 0.7380952380952381,
      "Dorm_inK@200": 35.333333333333336,
      "Dang40k_Recall@200": 0.5416666666666666
    },
    "K=250": {
      "VC@250": 0.6904831876379897,
      "Recall@250": 0.43074213836477987,
      "Abs_SP@250": 0.576441311489507,
      "NB12_Count@250": 7.333333333333333,
      "NB12_SP@250": 0.17226659106681083,
      "Dang20k_Recall@250": 0.8301587301587302,
      "Dorm_inK@250": 55.333333333333336,
      "Dang40k_Recall@250": 0.5416666666666666
    },
    "K=400": {
      "VC@400": 0.7588717332841551,
      "Recall@400": 0.5431446540880503,
      "Abs_SP@400": 0.6339891035880177,
      "NB12_Count@400": 12.0,
      "NB12_SP@400": 0.2731557565919401,
      "Dang20k_Recall@400": 0.8468253968253968,
      "Dorm_inK@400": 132.0,
      "Dang40k_Recall@400": 0.5833333333333334
    }
  },
  "blend_a0.15": {
    "K=50": {
      "VC@50": 0.36338105556629663,
      "Recall@50": 0.1298280922431866,
      "Abs_SP@50": 0.3041222000484005,
      "NB12_Count@50": 0.3333333333333333,
      "NB12_SP@50": 0.0034187686426548785,
      "Dang20k_Recall@50": 0.5071428571428571,
      "Dorm_inK@50": 1.6666666666666667,
      "Dang40k_Recall@50": 0.25
    },
    "K=200": {
      "VC@200": 0.6240705930003402,
      "Recall@200": 0.35834800838574427,
      "Abs_SP@200": 0.5207015148695048,
      "NB12_Count@200": 7.0,
      "NB12_SP@200": 0.17139063497574888,
      "Dang20k_Recall@200": 0.7658730158730158,
      "Dorm_inK@200": 50.666666666666664,
      "Dang40k_Recall@200": 0.5416666666666666
    },
    "K=250": {
      "VC@250": 0.6754360999932921,
      "Recall@250": 0.4053081761006289,
      "Abs_SP@250": 0.5639018754921136,
      "NB12_Count@250": 9.0,
      "NB12_SP@250": 0.22684935646330937,
      "Dang20k_Recall@250": 0.8134920634920636,
      "Dorm_inK@250": 76.0,