{
  "v0a": {
    "K=150": {
      "VC@150": 0.5232234895380629,
      "Recall@150": 0.22365618448637317,
      "Abs_SP@150": 0.5232234895380629,
      "NB12_Count@150": 3.3333333333333335,
      "NB12_SP@150": 0.06685259226975926,
      "Dang20k_Recall@150": 0.6547619047619048,
      "Dorm_inK@150": 37.333333333333336,
      "Dang40k_Recall@150": 0.5
    },
    "K=200": {
      "VC@200": 0.6261069776427882,
      "Recall@200": 0.28014255765199164,
      "Abs_SP@200": 0.6261069776427882,
      "NB12_Count@200": 6.0,
      "NB12_SP@200": 0.16492754714901475,
      "Dang20k_Recall@200": 0.7801587301587302,
      "Dorm_inK@200": 58.333333333333336,
      "Dang40k_Recall@200": 0.5416666666666666
    },
    "K=300": {
      "VC@300": 0.6860794974037084,
      "Recall@300": 0.37635220125786156,
      "Abs_SP@300": 0.6860794974037084,
      "NB12_Count@300": 8.333333333333334,
      "NB12_SP@300": 0.20274147525958572,
      "Dang20k_Recall@300": 0.7968253968253968,
      "Dorm_inK@300": 101.33333333333333,
      "Dang40k_Recall@300": 0.5833333333333334
    },
    "K=400": {
      "VC@400": 0.76022596762789,
      "Recall@400": 0.4636058700209644,
      "Abs_SP@400": 0.76022596762789,
      "NB12_Count@400": 11.666666666666666,
      "NB12_SP@400": 0.2479756279683997,
      "Dang20k_Recall@400": 0.8777777777777779,
      "Dorm_inK@400": 145.33333333333334,
      "Dang40k_Recall@400": 0.9166666666666666
    }
  },
  "v0c": {
    "K=150": {
      "VC@150": 0.5873144026356879,
      "Recall@150": 0.32919916142557654,
      "Abs_SP@150": 0.5873144026356879,
      "NB12_Count@150": 0.3333333333333333,
      "NB12_SP@150": 0.0034187686426548785,
      "Dang20k_Recall@150": 0.6769841269841269,
      "Dorm_inK@150": 1.6666666666666667,
      "Dang40k_Recall@150": 0.5416666666666666
    },
    "K=200": {
      "VC@200": 0.6589983094511478,
      "Recall@200": 0.40235639412997903,
      "Abs_SP@200": 0.6589983094511478,
      "NB12_Count@200": 0.6666666666666666,
      "NB12_SP@200": 0.004927328755007152,
      "Dang20k_Recall@200": 0.7579365079365079,
      "Dorm_inK@200": 7.333333333333333,
      "Dang40k_Recall@200": 0.5416666666666666
    },
    "K=300": {
      "VC@300": 0.7132021287119401,
      "Recall@300": 0.49904402515723273,
      "Abs_SP@300": 0.7132021287119401,
      "NB12_Count@300": 2.6666666666666665,
      "NB12_SP@300": 0.023468796478233165,
      "Dang20k_Recall@300": 0.7746031746031745,
      "Dorm_inK@300": 37.666666666666664,
      "Dang40k_Recall@300": 0.5833333333333334
    },
    "K=400": {
      "VC@400": 0.8237892041063798,
      "Recall@400": 0.5889643605870022,
      "Abs_SP@400": 0.8237892041063798,
      "NB12_Count@400": 9.333333333333334,
      "NB12_SP@400": 0.22876143511094207,
      "Dang20k_Recall@400": 0.9111111111111111,
      "Dorm_inK@400": 87.66666666666667,
      "Dang40k_Recall@400": 0.9166666666666666
    }
  },
  "v0c_cross": {
    "K=150": {
      "VC@150": 0.5974729806338944,
      "Recall@150": 0.3390104821802935,
      "Abs_SP@150": 0.5974729806338944,
      "NB12_Count@150": 0.0,
      "NB12_SP@150": 0.0,
      "Dang20k_Recall@150": 0.6769841269841269,
      "Dorm_inK@150": 0.3333333333333333,
      "Dang40k_Recall@150": 0.5416666666666666
    },
    "K=200": {
      "VC@200": 0.6417508348957807,
      "Recall@200": 0.4233123689727463,
      "Abs_SP@200": 0.6417508348957807,
      "NB12_Count@200": 0.3333333333333333,
      "NB12_SP@200": 0.0034187686426548785,
      "Dang20k_Recall@200": 0.7103174603174603,
      "Dorm_inK@200": 1.3333333333333333,
      "Dang40k_Recall@200": 0.5416666666666666
    },
    "K=300": {
      "VC@300": 0.7242977447825109,
      "Recall@300": 0.5332410901467505,
      "Abs_SP@300": 0.7242977447825109,
      "NB12_Count@300": 1.0,
      "NB12_SP@300": 0.004927594836814182,
      "Dang20k_Recall@300": 0.7746031746031745,
      "Dorm_inK@300": 14.333333333333334,
      "Dang40k_Recall@300": 0.5833333333333334
    },
    "K=400": {
      "VC@400": 0.8164519709646857,
      "Recall@400": 0.606775681341719,
      "Abs_SP@400": 0.8164519709646857,
      "NB12_Count@400": 6.666666666666667,
      "NB12_SP@400": 0.14855016623109707,
      "Dang20k_Recall@400": 0.8833333333333333,
      "Dorm_inK@400": 63.333333333333336,
      "Dang40k_Recall@400": 0.9166666666666666
    }
  },
  "blend_a0.05": {
    "K=150": {
      "VC@150": 0.5787817670488845,
      "Recall@150": 0.3244360587002097,
      "Abs_SP@150": 0.5787817670488845,
      "NB12_Count@150": 0.3333333333333333,
      "NB12_SP@150": 0.0034187686426548785,
      "Dang20k_Recall@150": 0.6603174603174603,
      "Dorm_inK@150": 3.6666666666666665,
      "Dang40k_Recall@150": 0.5416666666666666
    },
    "K=200": {
      "VC@200": 0.6527648241535089,
      "Recall@200": 0.39387840670859536,
      "Abs_SP@200": 0.6527648241535089,
      "NB12_Count@200": 1.6666666666666667,
      "NB12_SP@200": 0.011445091782208571,
      "Dang20k_Recall@200": 0.7579365079365079,
      "Dorm_inK@200": 17.0,
      "Dang40k_Recall@200": 0.5416666666666666
    },
    "K=300": {
      "VC@300": 0.7289419073173175,
      "Recall@300": 0.4884696016771488,
      "Abs_SP@300": 0.7289419073173175,
      "NB12_Count@300": 6.666666666666667,
      "NB12_SP@300": 0.1665290857296445,
      "Dang20k_Recall@300": 0.8468253968253968,
      "Dorm_inK@300": 57.666666666666664,
      "Dang40k_Recall@300": 0.5833333333333334
    },
    "K=400": {
      "VC@400": 0.776996593383474,
      "Recall@400": 0.5680083857442347,
      "Abs_SP@400": 0.776996593383474,
      "NB12_Count@400": 10.333333333333334,
      "NB12_SP@400": 0.25776330036768663,
      "Dang20k_Recall@400": 0.8634920634920635,
      "Dorm_inK@400": 107.33333333333333,
      "Dang40k_Recall@400": 0.5833333333333334
    }
  },
  "blend_a0.10": {
    "K=150": {
      "VC@150": 0.5748374668683921,
      "Recall@150": 0.31433962264150944,
      "Abs_SP@150": 0.5748374668683921,
      "NB12_Count@150": 1.3333333333333333,
      "NB12_SP@150": 0.005767689483309063,
      "Dang20k_Recall@150": 0.6603174603174603,
      "Dorm_inK@150": 12.666666666666666,
      "Dang40k_Recall@150": 0.5416666666666666
    },
    "K=200": {
      "VC@200": 0.6310083612634569,
      "Recall@200": 0.3724444444444444,
      "Abs_SP@200": 0.6310083612634569,
      "NB12_Count@200": 3.6666666666666665,
      "NB12_SP@200": 0.1237956492199368,
      "Dang20k_Recall@200": 0.7380952380952381,
      "Dorm_inK@200": 35.333333333333336,
      "Dang40k_Recall@200": 0.5416666666666666
    },
    "K=300": {
      "VC@300": 0.7159993911096962,
      "Recall@300": 0.4686540880503145,
      "Abs_SP@300": 0.7159993911096962,
      "NB12_Count@300": 9.0,
      "NB12_SP@300": 0.22684935646330937,
      "Dang20k_Recall@300": 0.8301587301587302,
      "Dorm_inK@300": 78.66666666666667,
      "Dang40k_Recall@300": 0.5416666666666666
    },
    "K=400": {
      "VC@400": 0.7588717332841551,
      "Recall@400": 0.5431446540880503,
      "Abs_SP@400": 0.7588717332841551,
      "NB12_Count@400": 12.0,
      "NB12_SP@400": 0.2731557565919401,
      "Dang20k_Recall@400": 0.8468253968253968,
      "Dorm_inK@400": 132.0,
      "Dang40k_Recall@400": 0.5833333333333334
    }
  },
  "blend_a0.15": {
    "K=150": {
      "VC@150": 0.5545138770199404,
      "Recall@150": 0.29052410901467507,
      "Abs_SP@150": 0.5545138770199404,
      "NB12_Count@150": 2.6666666666666665,
      "NB12_SP@150": 0.06288314821381351,
      "Dang20k_Recall@150": 0.6404761904761904,
      "Dorm_inK@150": 27.0,
      "Dang40k_Recall@150": 0.5416666666666666
    },
    "K=200": {
      "VC@200": 0.6240705930003402,
      "Recall@200": 0.35834800838574427,
      "Abs_SP@200": 0.6240705930003402,
      "NB12_Count@200": 7.0,
      "NB12_SP@200": 0.17139063497574888,
      "Dang20k_Recall@200": 0.7658730158730158,
      "Dorm_inK@200": 50.666666666666664,
      "Dang40k_Recall@200": 0.5416666666666666
    },
    "K=300": {
      "VC@300": 0.7044739729581755,
      "Recall@300": 0.44645702306079665,