{
  "eval_config": {
    "eval_months": [
      "2020-09",
      "2020-12",
      "2021-03",
      "2021-06",
      "2021-09",
      "2021-12",
      "2022-03",
      "2022-06",
      "2022-09",
      "2022-12",
      "2023-03"
    ],
    "class_type": "dailyoffpeak",
    "period_type": "f1",
    "mode": "eval"
  },
  "per_month": {
    "2020-09": {
      "VC@20": 0.20277293359943088,
      "VC@100": 0.9135476803555802,
      "Recall@20": 0.2,
      "Recall@100": 0.25,
      "NDCG": 0.28517707137702075,
      "VC@10": 0.020504252733900365,
      "VC@25": 0.23038343857616836,
      "VC@50": 0.8893124484540952,
      "VC@200": 0.9719952278722481,
      "Recall@10": 0.0,
      "Recall@50": 0.46,
      "Spearman": 0.27294161525884897,
      "n_samples": 541
    },
    "2020-12": {
      "VC@20": 0.1775947815421267,
      "VC@100": 0.3525494123006296,
      "Recall@20": 0.1,
      "Recall@100": 0.29,
      "NDCG": 0.25054719768803413,
      "VC@10": 0.004951181074502854,
      "VC@25": 0.17882852269494035,
      "VC@50": 0.26977616120933534,
      "VC@200": 0.6757166202531832,
      "Recall@10": 0.0,
      "Recall@50": 0.34,
      "Spearman": 0.3273906761317225,
      "n_samples": 374
    },
    "2021-03": {
      "VC@20": 0.40867102196508287,
      "VC@100": 0.705351529520496,
      "Recall@20": 0.35,
      "Recall@100": 0.31,
      "NDCG": 0.5353521896106073,
      "VC@10": 0.32975577905671183,
      "VC@25": 0.40867102196508287,
      "VC@50": 0.5461971251317084,
      "VC@200": 0.9044545450325719,
      "Recall@10": 0.3,
      "Recall@50": 0.3,
      "Spearman": 0.30845524904904736,
      "n_samples": 441
    },
    "2021-06": {
      "VC@20": 0.3057952113429642,
      "VC@100": 0.8626744471196718,
      "Recall@20": 0.15,
      "Recall@100": 0.24,
      "NDCG": 0.4490938989911343,
      "VC@10": 0.10193173711432141,
      "VC@25": 0.4145153379703942,
      "VC@50": 0.49956248885321924,
      "VC@200": 0.999554128767612,
      "Recall@10": 0.1,
      "Recall@50": 0.18,
      "Spearman": 0.2819135961288503,
      "n_samples": 351
    },
    "2021-09": {
      "VC@20": 0.2130429350055236,
      "VC@100": 0.26055582653049475,
      "Recall@20": 0.25,
      "Recall@100": 0.16,
      "NDCG": 0.20318431231160738,
      "VC@10": 0.20737020917273502,
      "VC@25": 0.2130429350055236,
      "VC@50": 0.22861898476883005,
      "VC@200": 0.2612399676471083,
      "Recall@10": 0.4,
      "Recall@50": 0.26,
      "Spearman": 0.173873322318081,
      "n_samples": 488
    },
    "2021-12": {
      "VC@20": 0.2692384094289211,
      "VC@100": 0.6584662487136913,
      "Recall@20": 0.3,
      "Recall@100": 0.43,
      "NDCG": 0.47245728266222164,
      "VC@10": 0.1379714134876419,
      "VC@25": 0.33152573268837193,
      "VC@50": 0.4475576319965428,
      "VC@200": 0.9563646807004264,
      "Recall@10": 0.2,
      "Recall@50": 0.32,
      "Spearman": 0.25771920527648257,
      "n_samples": 390
    },
    "2022-03": {
      "VC@20": 0.07144084678522242,
      "VC@100": 0.27597318508851915,
      "Recall@20": 0.1,
      "Recall@100": 0.17,
      "NDCG": 0.22388993582473132,
      "VC@10": 0.0,
      "VC@25": 0.1034114080594805,
      "VC@50": 0.2664219202599748,
      "VC@200": 0.40766770644124267,
      "Recall@10": 0.0,
      "Recall@50": 0.3,
      "Spearman": 0.20278862794731387,
      "n_samples": 376
    },
    "2022-06": {
      "VC@20": 0.3491828978259041,
      "VC@100": 0.9059467092870015,
      "Recall@20": 0.3,
      "Recall@100": 0.14,
      "NDCG": 0.5591184879738216,
      "VC@10": 0.3337151829844941,
      "VC@25": 0.7267394169273084,
      "VC@50": 0.882575879235587,
      "VC@200": 1.0,
      "Recall@10": 0.3,
      "Recall@50": 0.24,
      "Spearman": 0.27458033721702013,
      "n_samples": 411
    },
    "2022-09": {
      "VC@20": 0.6007741127742814,
      "VC@100": 0.6876249649994891,
      "Recall@20": 0.35,
      "Recall@100": 0.34,
      "NDCG": 0.6399201114953547,
      "VC@10": 0.3491748128303281,
      "VC@25": 0.6011132339280633,
      "VC@50": 0.6427596029716179,
      "VC@200": 0.7674084407255176,
      "Recall@10": 0.3,
      "Recall@50": 0.32,
      "Spearman": 0.2905385608436807,
      "n_samples": 543
    },
    "2022-12": {
      "VC@20": 0.31321485763344575,
      "VC@100": 0.7429725882831059,
      "Recall@20": 0.1,
      "Recall@100": 0.16,
      "NDCG": 0.3913509101436818,
      "VC@10": 0.0,
      "VC@25": 0.46982228645016866,
      "VC@50": 0.701173823488501,
      "VC@200": 0.903944257062526,
      "Recall@10": 0.0,
      "Recall@50": 0.18,
      "Spearman": 0.22539574325759873,
      "n_samples": 500
    },
    "2023-03": {
      "VC@20": 0.7288714336695682,
      "VC@100": 0.8650783423862891,
      "Recall@20": 0.3,
      "Recall@100": 0.23,
      "NDCG": 0.5173560935176067,
      "VC@10": 0.44513730574085014,
      "VC@25": 0.7288714336695683,
      "VC@50": 0.8563582422993554,
      "VC@200": 0.9263240295908549,
      "Recall@10": 0.3,
      "Recall@50": 0.32,
      "Spearman": 0.21713243903394905,
      "n_samples": 468
    }
  },
  "aggregate": {
    "mean": {
      "VC@20": 0.3309635855974974,
      "VC@100": 0.6573400849622698,
      "Recall@20": 0.22727272727272727,
      "Recall@100": 0.24727272727272728,
      "NDCG": 0.41158613559962015,
      "VC@10": 0.17550107947231688,
      "VC@25": 0.40062952435773364,
      "VC@50": 0.5663922098789788,
      "VC@200": 0.7976972367357537,
      "Recall@10": 0.17272727272727276,
      "Recall@50": 0.2927272727272727,
      "Spearman": 0.2575208520420541,
      "n_samples": 443.90909090909093
    },
    "std": {
      "VC@20": 0.18177643412404387,
      "VC@100": 0.23723736680855856,
      "Recall@20": 0.09620913858416691,
      "Recall@100": 0.08571526957325941,
      "NDCG": 0.143496305710595,
      "VC@10": 0.15789570274394044,
      "VC@25": 0.20578261609131815,
      "VC@50": 0.2380560804528718,
      "VC@200": 0.23972792958191005,
      "Recall@10": 0.14826824027545538,
      "Recall@50": 0.07496555682941201,
      "Spearman": 0.04507157700915622,
      "n_samples": 65.39732347241262
    },
    "min": {
      "VC@20": 0.07144084678522242,
      "VC@100": 0.26055582653049475,
      "Recall@20": 0.1,
      "Recall@100": 0.14,
      "NDCG": 0.20318431231160738,
      "VC@10": 0.0,
      "VC@25": 0.1034114080594805,
      "VC@50": 0.22861898476883005,
      "VC@200": 0.2612399676471083,
      "Recall@10": 0.0,
      "Recall@50": 0.18,
      "Spearman": 0.173873322318081,
      "n_samples": 351.0
    },
    "max": {
      "VC@20": 0.7288714336695682,
      "VC@100": 0.9135476803555802,
      "Recall@20": 0.35,
      "Recall@100": 0.43,
      "NDCG": 0.6399201114953547,
      "VC@10": 0.44513730574085014,
      "VC@25": 0.7288714336695683,
      "VC@50": 0.8893124484540952,
      "VC@200": 1.0,
      "Recall@10": 0.4,
      "Recall@50": 0.46,
      "Spearman": 0.3273906761317225,
      "n_samples": 543.0
    },
    "bottom_2_mean": {
      "VC@20": 0.12451781416367456,
      "VC@100": 0.26826450580950695,
      "Recall@20": 0.1,
      "Recall@100": 0.15000000000000002,
      "NDCG": 0.21353712406816935,
      "VC@10": 0.0,
      "VC@25": 0.14111996537721042,
      "VC@50": 0.2475204525144024,
      "VC@200": 0.3344538370441755,
      "Recall@10": 0.0,
      "Recall@50": 0.18,
      "Spearman": 0.18833097513269742,
      "n_samples": 362.5
    }
  },
  "n_months": 11,
  "n_months_requested": 11,
  "skipped_months": []
}