{
  "version": "v3b",
  "features": [
    "da_rank_value",
    "bf_6",
    "bf_12",
    "bf_15",
    "bfo_6",
    "bfo_12",
    "bf_combined_6",
    "bf_combined_12",
    "bin_80_cid_max",
    "bin_100_cid_max",
    "bin_110_cid_max",
    "bin_120_cid_max",
    "bin_150_cid_max",
    "bin_-100_cid_max",
    "bin_-50_cid_max",
    "bin_60_cid_max"
  ],
  "feature_groups": "history,density_core,density_counter",
  "monotone": false,
  "feature_importance_dev_averaged": {
    "da_rank_value": 0.04713475502822473,
    "bf_6": 0.008073452480481238,
    "bf_12": 0.1872852755589265,
    "bf_15": 0.021372955024967392,
    "bfo_6": 0.007538621852733138,
    "bfo_12": 0.20941013416139725,
    "bf_combined_6": 0.00906890491249474,
    "bf_combined_12": 0.3074482204916154,
    "bin_80_cid_max": 0.02370641721025237,
    "bin_100_cid_max": 0.03860020467891875,
    "bin_110_cid_max": 0.026931772158688257,
    "bin_120_cid_max": 0.020222990948253854,
    "bin_150_cid_max": 0.02882920878433629,
    "bin_-100_cid_max": 0.01652189319918799,
    "bin_-50_cid_max": 0.023842934135346647,
    "bin_60_cid_max": 0.024012259374175456
  },
  "feature_importance_all_averaged": {
    "da_rank_value": 0.045729144135751354,
    "bf_6": 0.007833641294907982,
    "bf_12": 0.2294827793978619,
    "bf_15": 0.018091928235479265,
    "bfo_6": 0.007257361605229595,
    "bfo_12": 0.197139354042728,
    "bf_combined_6": 0.008357334835642511,
    "bf_combined_12": 0.2889078387034267,
    "bin_80_cid_max": 0.023055065621331455,
    "bin_100_cid_max": 0.03735866086071174,
    "bin_110_cid_max": 0.024483323729286677,
    "bin_120_cid_max": 0.02007687586665058,
    "bin_150_cid_max": 0.026761246423336226,
    "bin_-100_cid_max": 0.017115735416806666,
    "bin_-50_cid_max": 0.024399549700853115,
    "bin_60_cid_max": 0.02395016012999633
  },
  "feature_importance_per_split": {
    "2022-06": {
      "da_rank_value": 0.05160620381678452,
      "bf_6": 0.007792052867271452,
      "bf_12": 0.5413718913743629,
      "bf_15": 0.04176690966524567,
      "bfo_6": 0.007422873867450487,
      "bfo_12": 0.04414810750712161,
      "bf_combined_6": 0.006306414881017749,
      "bf_combined_12": 0.0806027187613009,
      "bin_80_cid_max": 0.02160959046013645,
      "bin_100_cid_max": 0.060426128694386926,
      "bin_110_cid_max": 0.03834193255280608,
      "bin_120_cid_max": 0.016385756345485964,
      "bin_150_cid_max": 0.026721230055141505,
      "bin_-100_cid_max": 0.015369861740593795,
      "bin_-50_cid_max": 0.01893498660441493,
      "bin_60_cid_max": 0.02119334080647909
    },
    "2023-06": {
      "da_rank_value": 0.04701070133574113,
      "bf_6": 0.009223444211256357,
      "bf_12": 0.054487364925110804,
      "bf_15": 0.014831981301444468,
      "bfo_6": 0.008734241404846322,
      "bfo_12": 0.5675344772552188,
      "bf_combined_6": 0.009508121890843248,
      "bf_combined_12": 0.07596023055664938,
      "bin_80_cid_max": 0.027386579679691655,
      "bin_100_cid_max": 0.023760834243204562,
      "bin_110_cid_max": 0.03322128524816955,
      "bin_120_cid_max": 0.024588136862384525,
      "bin_150_cid_max": 0.03370850867919811,
      "bin_-100_cid_max": 0.01721075047535129,
      "bin_-50_cid_max": 0.025540534480927003,
      "bin_60_cid_max": 0.027292807449962805
    },
    "2024-06": {
      "da_rank_value": 0.04441937320315022,
      "bf_6": 0.00731871043865975,
      "bf_12": 0.07191721933024763,
      "bf_15": 0.013830583078368711,
      "bfo_6": 0.00664258310645493,
      "bfo_12": 0.023260232189635452,
      "bf_combined_6": 0.010452653517235106,
      "bf_combined_12": 0.6379033540781125,
      "bin_80_cid_max": 0.02204449512079764,
      "bin_100_cid_max": 0.03688107450001117,
      "bin_110_cid_max": 0.014649142878801176,
      "bin_120_cid_max": 0.01910198714220453,
      "bin_150_cid_max": 0.026202527251919037,
      "bin_-100_cid_max": 0.016689139430461932,
      "bin_-50_cid_max": 0.025557998863677597,
      "bin_60_cid_max": 0.023128925870262638
    },
    "2025-06": {
      "da_rank_value": 0.04280123566961902,
      "bf_6": 0.007334111016455431,
      "bf_12": 0.31738080964310655,
      "bf_15": 0.011257500467460808,
      "bfo_6": 0.006671492312197141,
      "bfo_12": 0.1715791359283963,
      "bf_combined_6": 0.006875123746202244,
      "bf_combined_12": 0.2502879467449616,
      "bin_80_cid_max": 0.021698290540943115,
      "bin_100_cid_max": 0.034772506558786824,
      "bin_110_cid_max": 0.019383169110593682,
      "bin_120_cid_max": 0.019772515971073042,
      "bin_150_cid_max": 0.02245364996343631,
      "bin_-100_cid_max": 0.018352717618511864,
      "bin_-50_cid_max": 0.025558988230644016,
      "bin_60_cid_max": 0.0238208064776121
    }
  },
  "walltimes": {
    "2022-06": 0.535132646560669,
    "2023-06": 0.6720130443572998,
    "2024-06": 0.8008935451507568,
    "2025-06": 0.935356616973877
  },
  "n_train_rows": {
    "2022-06": 31375,
    "2023-06": 40375,
    "2024-06": 49821,
    "2025-06": 58363
  }
}