{
  "2022-06/aq1": {
    "n_total": 2427,
    "n_binding": 342,
    "total_sp": 3317365.2199999993,
    "nb6_count": 154,
    "nb6_sp": 1144064.6800000002,
    "nb6_sp_share": 0.34487148810223567,
    "nb12_count": 109,
    "nb12_sp": 709974.46,
    "nb12_sp_share": 0.21401757506820432,
    "nb24_count": 76,
    "nb24_sp": 442433.09,
    "nb24_sp_share": 0.13336882153723192,
    "cohort_established_count": 781,
    "cohort_history_dormant_count": 870,
    "cohort_history_zero_count": 776
  },
  "2022-06/aq2": {
    "n_total": 2225,
    "n_binding": 408,
    "total_sp": 2920735.8599999994,
    "nb6_count": 201,
    "nb6_sp": 794364.29,
    "nb6_sp_share": 0.27197402575116814,
    "nb12_count": 158,
    "nb12_sp": 570162.2000000001,
    "nb12_sp_share": 0.19521183267835804,
    "nb24_count": 127,
    "nb24_sp": 490503.6,
    "nb24_sp_share": 0.16793836331368905,
    "cohort_established_count": 766,
    "cohort_history_dormant_count": 763,
    "cohort_history_zero_count": 696
  },
  "2022-06/aq3": {
    "n_total": 1953,
    "n_binding": 317,
    "total_sp": 2016048.86,
    "nb6_count": 140,
    "nb6_sp": 448580.35000000003,
    "nb6_sp_share": 0.2225047015973611,
    "nb12_count": 117,
    "nb12_sp": 327301.99000000005,
    "nb12_sp_share": 0.16234824288931174,
    "nb24_count": 82,
    "nb24_sp": 242902.81,
    "nb24_sp_share": 0.12048458488253107,
    "cohort_established_count": 687,
    "cohort_history_dormant_count": 675,
    "cohort_history_zero_count": 591
  },
  "2022-06/aq4": {
    "n_total": 2395,
    "n_binding": 388,
    "total_sp": 2495110.2100000004,
    "nb6_count": 204,
    "nb6_sp": 714879.79,
    "nb6_sp_share": 0.28651231001134814,
    "nb12_count": 160,
    "nb12_sp": 597017.4,
    "nb12_sp_share": 0.23927496172603932,
    "nb24_count": 118,
    "nb24_sp": 517395.75000000006,
    "nb24_sp_share": 0.20736388634312067,
    "cohort_established_count": 804,
    "cohort_history_dormant_count": 819,
    "cohort_history_zero_count": 772
  },
  "2023-06/aq1": {
    "n_total": 2512,
    "n_binding": 327,
    "total_sp": 1772164.12,
    "nb6_count": 133,
    "nb6_sp": 392411.06000000006,
    "nb6_sp_share": 0.22143042823821535,
    "nb12_count": 96,
    "nb12_sp": 326807.77,
    "nb12_sp_share": 0.18441168417290832,
    "nb24_count": 71,
    "nb24_sp": 287103.82,
    "nb24_sp_share": 0.1620074668930776,
    "cohort_established_count": 845,
    "cohort_history_dormant_count": 999,
    "cohort_history_zero_count": 668
  },
  "2023-06/aq2": {
    "n_total": 2278,
    "n_binding": 422,
    "total_sp": 3424928.1300000004,
    "nb6_count": 197,
    "nb6_sp": 675015.6399999999,
    "nb6_sp_share": 0.19708899409810385,
    "nb12_count": 142,
    "nb12_sp": 549209.0900000001,
    "nb12_sp_share": 0.1603563838870978,
    "nb24_count": 106,
    "nb24_sp": 325902.62,
    "nb24_sp_share": 0.09515604638395725,
    "cohort_established_count": 813,
    "cohort_history_dormant_count": 893,
    "cohort_history_zero_count": 572
  },
  "2023-06/aq3": {
    "n_total": 2274,
    "n_binding": 338,
    "total_sp": 2418518.72,
    "nb6_count": 141,
    "nb6_sp": 904127.3500000001,
    "nb6_sp_share": 0.373835167172078,
    "nb12_count": 105,
    "nb12_sp": 838825.2400000001,
    "nb12_sp_share": 0.34683429698654555,
    "nb24_count": 67,
    "nb24_sp": 573195.1600000001,
    "nb24_sp_share": 0.23700257321142426,
    "cohort_established_count": 833,
    "cohort_history_dormant_count": 868,
    "cohort_history_zero_count": 573
  },
  "2023-06/aq4": {
    "n_total": 2382,
    "n_binding": 423,
    "total_sp": 2465472.8400000003,
    "nb6_count": 201,
    "nb6_sp": 520530.75,
    "nb6_sp_share": 0.2111281623366007,
    "nb12_count": 147,
    "nb12_sp": 422735.35,
    "nb12_sp_share": 0.17146218086101483,
    "nb24_count": 94,
    "nb24_sp": 238638.46999999997,
    "nb24_sp_share": 0.09679217151708715,
    "cohort_established_count": 859,
    "cohort_history_dormant_count": 902,
    "cohort_history_zero_count": 621
  },
  "2024-06/aq1": {
    "n_total": 2339,
    "n_binding": 385,
    "total_sp": 1314948.75,
    "nb6_count": 147,
    "nb6_sp": 464473.20000000007,
    "nb6_sp_share": 0.3532253253216143,
    "nb12_count": 102,
    "nb12_sp": 316643.85000000015,
    "nb12_sp_share": 0.2408031871964593,
    "nb24_count": 74,
    "nb24_sp": 201888.47999999998,
    "nb24_sp_share": 0.15353334493074347,
    "cohort_established_count": 785,
    "cohort_history_dormant_count": 1050,
    "cohort_history_zero_count": 504
  },
  "2024-06/aq2": {
    "n_total": 2281,
    "n_binding": 444,
    "total_sp": 2176815.45,
    "nb6_count": 191,
    "nb6_sp": 610190.6300000001,
    "nb6_sp_share": 0.28031344136224323,
    "nb12_count": 146,
    "nb12_sp": 384596.5399999999,
    "nb12_sp_share": 0.1766785236663034,
    "nb24_count": 100,
    "nb24_sp": 335194.4199999999,
    "nb24_sp_share": 0.15398384828626602,
    "cohort_established_count": 781,
    "cohort_history_dormant_count": 1018,
    "cohort_history_zero_count": 482
  },
  "2024-06/aq3": {
    "n_total": 1918,
    "n_binding": 274,
    "total_sp": 1653003.73,
    "nb6_count": 92,
    "nb6_sp": 168736.73999999996,
    "nb6_sp_share": 0.1020788622176914,
    "nb12_count": 71,
    "nb12_sp": 140914.16999999995,
    "nb12_sp_share": 0.08524733939953055,
    "nb24_count": 46,
    "nb24_sp": 113593.59000000001,
    "nb24_sp_share": 0.06871950010663316,
    "cohort_established_count": 715,
    "cohort_history_dormant_count": 824,
    "cohort_history_zero_count": 379
  },
  "2024-06/aq4": {
    "n_total": 2004,
    "n_binding": 335,
    "total_sp": 1586652.54,
    "nb6_count": 129,
    "nb6_sp": 262984.38,
    "nb6_sp_share": 0.1657479336969391,
    "nb12_count": 90,
    "nb12_sp": 162000.76,
    "nb12_sp_share": 0.10210222838076445,
    "nb24_count": 54,
    "nb24_sp": 115853.81,
    "nb24_sp_share": 0.07301775724633447,
    "cohort_established_count": 751,
    "cohort_history_dormant_count": 860,
    "cohort_history_zero_count": 393
  }
}