{
  "n_track_b": 17568,
  "n_binders": 1443,
  "base_rate": 0.0821379781420765,
  "feature_auc": {
    "bin_-100_cid_max": 0.5602889114517022,
    "bin_-50_cid_max": 0.5684789548045361,
    "bin_60_cid_max": 0.5920444379979264,
    "bin_70_cid_max": 0.6097967950060974,
    "bin_80_cid_max": 0.6115570597431063,
    "bin_90_cid_max": 0.6044297463832347,
    "bin_100_cid_max": 0.5874853744621187,
    "bin_110_cid_max": 0.5703929475092265,
    "bin_120_cid_max": 0.5645229845229846,
    "bin_150_cid_max": 0.5586132250318298,
    "bin_-100_cid_min": 0.4716362659618473,
    "bin_-50_cid_min": 0.46436106947734856,
    "bin_60_cid_min": 0.44232083246036735,
    "bin_70_cid_min": 0.4374116155511505,
    "bin_80_cid_min": 0.4323755311662288,
    "bin_90_cid_min": 0.4326165664770316,
    "bin_100_cid_min": 0.43105511235743793,
    "bin_110_cid_min": 0.43320120120120115,
    "bin_120_cid_min": 0.43537516049143954,
    "bin_150_cid_min": 0.4568195673311952,
    "limit_min": 0.433795527190876,
    "limit_mean": 0.4354726533331184,
    "limit_max": 0.43596671447834234,
    "limit_std": 0.5182757712990271,
    "count_cids": 0.6391372624860997,
    "count_active_cids": 0.6036013258338839
  }
}