{
  "eval_config": {
    "eval_months": [
      "2020-12",
      "2021-09"
    ],
    "class_type": "onpeak",
    "period_type": "f0",
    "train_months": 8,
    "val_months": 0,
    "mode": "screen"
  },
  "per_month": {
    "2021-09": {
      "VC@20": 0.5239651557313363,
      "VC@100": 0.7513526369232101,
      "Recall@20": 0.3,
      "Recall@100": 0.25,
      "NDCG": 0.8031298743483904,
      "VC@10": 0.39081596638767835,
      "VC@25": 0.6037327501952691,
      "VC@50": 0.6818069832346777,
      "VC@200": 0.8318533201209686,
      "Recall@10": 0.3,
      "Recall@50": 0.24,
      "Spearman": 0.21890874282368294,
      "Tier0-AP": 1.0,
      "Tier01-AP": 1.0,
      "n_samples": 621
    },
    "2020-12": {
      "VC@20": 0.7077974279569827,
      "VC@100": 0.8524642770901999,
      "Recall@20": 0.45,
      "Recall@100": 0.33,
      "NDCG": 0.6517943690756339,
      "VC@10": 0.2690281125731385,
      "VC@25": 0.7177058807181338,
      "VC@50": 0.7723690671831962,
      "VC@200": 0.9364318907553802,
      "Recall@10": 0.3,
      "Recall@50": 0.4,
      "Spearman": 0.24098712902062291,
      "Tier0-AP": 1.0,
      "Tier01-AP": 1.0,
      "n_samples": 550
    }
  },
  "aggregate": {
    "mean": {
      "VC@20": 0.6158812918441595,
      "VC@100": 0.801908457006705,
      "Recall@20": 0.375,
      "Recall@100": 0.29000000000000004,
      "NDCG": 0.7274621217120122,
      "VC@10": 0.32992203948040844,
      "VC@25": 0.6607193154567015,
      "VC@50": 0.7270880252089369,
      "VC@200": 0.8841426054381745,
      "Recall@10": 0.3,
      "Recall@50": 0.32,
      "Spearman": 0.22994793592215293,
      "Tier0-AP": 1.0,
      "Tier01-AP": 1.0,
      "n_samples": 585.5
    },
    "std": {
      "VC@20": 0.09191613611282323,
      "VC@100": 0.05055582008349491,
      "Recall@20": 0.07500000000000001,
      "Recall@100": 0.04000000000000001,
      "NDCG": 0.07566775263637826,
      "VC@10": 0.06089392690726991,
      "VC@25": 0.056986565261432365,
      "VC@50": 0.04528104197425925,
      "VC@200": 0.052289285317205836,
      "Recall@10": 0.0,
      "Recall@50": 0.08000000000000002,
      "Spearman": 0.011039193098469985,
      "Tier0-AP": 0.0,
      "Tier01-AP": 0.0,
      "n_samples": 35.5
    },
    "min": {
      "VC@20": 0.5239651557313363,
      "VC@100": 0.7513526369232101,
      "Recall@20": 0.3,
      "Recall@100": 0.25,
      "NDCG": 0.6517943690756339,
      "VC@10": 0.2690281125731385,
      "VC@25": 0.6037327501952691,
      "VC@50": 0.6818069832346777,
      "VC@200": 0.8318533201209686,
      "Recall@10": 0.3,
      "Recall@50": 0.24,
      "Spearman": 0.21890874282368294,
      "Tier0-AP": 1.0,
      "Tier01-AP": 1.0,
      "n_samples": 550.0
    },
    "max": {
      "VC@20": 0.7077974279569827,
      "VC@100": 0.8524642770901999,
      "Recall@20": 0.45,
      "Recall@100": 0.33,
      "NDCG": 0.8031298743483904,
      "VC@10": 0.39081596638767835,
      "VC@25": 0.7177058807181338,
      "VC@50": 0.7723690671831962,
      "VC@200": 0.9364318907553802,
      "Recall@10": 0.3,
      "Recall@50": 0.4,
      "Spearman": 0.24098712902062291,
      "Tier0-AP": 1.0,
      "Tier01-AP": 1.0,
      "n_samples": 621.0
    },
    "bottom_2_mean": {
      "VC@20": 0.6158812918441595,
      "VC@100": 0.801908457006705,
      "Recall@20": 0.375,
      "Recall@100": 0.29000000000000004,
      "NDCG": 0.7274621217120122,
      "VC@10": 0.32992203948040844,
      "VC@25": 0.6607193154567015,
      "VC@50": 0.7270880252089369,
      "VC@200": 0.8841426054381745,
      "Recall@10": 0.3,
      "Recall@50": 0.32,
      "Spearman": 0.22994793592215293,
      "Tier0-AP": 1.0,
      "Tier01-AP": 1.0,
      "n_samples": 585.5
    }
  },
  "n_months": 2,
  "n_months_requested": 2,
  "skipped_months": []
}