{
  "baseline_version": "v0c",
  "gates": {
    "VC@50": {
      "passed": false,
      "wins": 1,
      "n_groups": 3,
      "candidate_mean": 0.3362064758464198,
      "baseline_mean": 0.35470582397473455
    },
    "Recall@50": {
      "passed": false,
      "wins": 0,
      "n_groups": 3,
      "candidate_mean": 0.11064304619819469,
      "baseline_mean": 0.12294303128456953
    },
    "Abs_SP@50": {
      "passed": false,
      "wins": 1,
      "n_groups": 3,
      "candidate_mean": 0.2768202939181473,
      "baseline_mean": 0.29190216921319806
    },
    "VC@100": {
      "passed": false,
      "wins": 0,
      "n_groups": 3,
      "candidate_mean": 0.4332477893618964,
      "baseline_mean": 0.4658480507621141
    },
    "Recall@100": {
      "passed": false,
      "wins": 0,
      "n_groups": 3,
      "candidate_mean": 0.185751624294889,
      "baseline_mean": 0.21493120408926514
    },
    "Abs_SP@100": {
      "passed": false,
      "wins": 0,
      "n_groups": 3,
      "candidate_mean": 0.35633283420070017,
      "baseline_mean": 0.38297206173375403
    }
  }
}