{
  "v0c": {
    "K=150": {
      "VC@150": 0.6448138801349558,
      "Recall@150": 0.2958629555640804,
      "NB12_Count@150": 0.16666666666666666,
      "NB12_SP@150": 0.011082734279145594,
      "Dorm_inK@150": 1.1666666666666667,
      "Dang20k_Recall@150": 0.7281370493541547,
      "Dang40k_Recall@150": 0.6563822751322751
    },
    "K=200": {
      "VC@200": 0.6894920669645984,
      "Recall@200": 0.3485051505096044,
      "NB12_Count@200": 0.5833333333333334,
      "NB12_SP@200": 0.016902213334549412,
      "Dorm_inK@200": 5.666666666666667,
      "Dang20k_Recall@200": 0.7766698396632608,
      "Dang40k_Recall@200": 0.681382275132275
    },
    "K=300": {
      "VC@300": 0.7423238933189791,
      "Recall@300": 0.4288705807281404,
      "NB12_Count@300": 4.25,
      "NB12_SP@300": 0.09076119188059094,
      "Dorm_inK@300": 37.166666666666664,
      "Dang20k_Recall@300": 0.8221056112503481,
      "Dang40k_Recall@300": 0.7141203703703703
    },
    "K=400": {
      "VC@400": 0.7782817711389335,
      "Recall@400": 0.49100412540402966,
      "NB12_Count@400": 8.416666666666666,
      "NB12_SP@400": 0.13600708124865413,
      "Dorm_inK@400": 84.58333333333333,
      "Dang20k_Recall@400": 0.8639376218323586,
      "Dang40k_Recall@400": 0.7141203703703703
    }
  },
  "S1_v0c_3f_logistic": {
    "K=150": {
      "VC@150": 0.5785527208970599,
      "Recall@150": 0.3028445354280101,
      "NB12_Count@150": 0.08333333333333333,
      "NB12_SP@150": 1.0235111792470288e-05,
      "Dorm_inK@150": 1.1666666666666667,
      "Dang20k_Recall@150": 0.6660589775721354,
      "Dang40k_Recall@150": 0.5744378306878306
    },
    "K=200": {
      "VC@200": 0.6364398521229,
      "Recall@200": 0.35942432938910485,
      "NB12_Count@200": 0.25,
      "NB12_SP@200": 0.011597767329111379,
      "Dorm_inK@200": 2.3333333333333335,
      "Dang20k_Recall@200": 0.7049018780926676,
      "Dang40k_Recall@200": 0.6295304232804232
    },
    "K=300": {
      "VC@300": 0.7143424641102603,
      "Recall@300": 0.4602255710664383,
      "NB12_Count@300": 0.5833333333333334,
      "NB12_SP@300": 0.015173153005365638,
      "Dorm_inK@300": 5.0,
      "Dang20k_Recall@300": 0.7603007920442132,
      "Dang40k_Recall@300": 0.6730489417989417
    },
    "K=400": {
      "VC@400": 0.758106508224447,
      "Recall@400": 0.5277442390083092,
      "NB12_Count@400": 1.75,
      "NB12_SP@400": 0.037788864177709484,
      "Dorm_inK@400": 15.75,
      "Dang20k_Recall@400": 0.814417119186856,
      "Dang40k_Recall@400": 0.7114748677248676
    }
  },
  "S1_v0c_3f_ridge": {
    "K=150": {
      "VC@150": 0.584254100935652,
      "Recall@150": 0.30308391189130285,
      "NB12_Count@150": 0.0,
      "NB12_SP@150": 0.0,
      "Dorm_inK@150": 0.0,
      "Dang20k_Recall@150": 0.6620525673157253,
      "Dang40k_Recall@150": 0.595271164021164
    },
    "K=200": {
      "VC@200": 0.6271820621816495,
      "Recall@200": 0.36391980289221726,
      "NB12_Count@200": 0.0,
      "NB12_SP@200": 0.0,
      "Dorm_inK@200": 0.08333333333333333,
      "Dang20k_Recall@200": 0.6927491003148898,
      "Dang40k_Recall@200": 0.620271164021164
    },
    "K=300": {
      "VC@300": 0.7053626741119392,
      "Recall@300": 0.4611036445675614,
      "NB12_Count@300": 0.08333333333333333,
      "NB12_SP@300": 1.0235111792470288e-05,
      "Dorm_inK@300": 1.0833333333333333,
      "Dang20k_Recall@300": 0.7533563475997685,
      "Dang40k_Recall@300": 0.6637896825396824
    },
    "K=400": {
      "VC@400": 0.7501569977356514,
      "Recall@400": 0.5339634225820686,
      "NB12_Count@400": 0.25,
      "NB12_SP@400": 0.011597767329111379,
      "Dorm_inK@400": 2.9166666666666665,
      "Dang20k_Recall@400": 0.7978827276524645,
      "Dang40k_Recall@400": 0.7114748677248676
    }
  },
  "S2_+spda_4f_logistic": {
    "K=150": {
      "VC@150": 0.5746188415274726,
      "Recall@150": 0.3024874182504185,
      "NB12_Count@150": 0.08333333333333333,
      "NB12_SP@150": 1.0235111792470288e-05,
      "Dorm_inK@150": 1.4166666666666667,
      "Dang20k_Recall@150": 0.659648721161879,
      "Dang40k_Recall@150": 0.5744378306878306
    },
    "K=200": {
      "VC@200": 0.636254459250772,
      "Recall@200": 0.360139955079948,
      "NB12_Count@200": 0.25,
      "NB12_SP@200": 0.011597767329111379,
      "Dorm_inK@200": 2.3333333333333335,
      "Dang20k_Recall@200": 0.7049018780926676,
      "Dang40k_Recall@200": 0.6295304232804232
    },
    "K=300": {
      "VC@300": 0.7104422021769768,
      "Recall@300": 0.4606693431949716,
      "NB12_Count@300": 0.5833333333333334,
      "NB12_SP@300": 0.015173153005365638,
      "Dorm_inK@300": 5.083333333333333,
      "Dang20k_Recall@300": 0.7603007920442132,
      "Dang40k_Recall@300": 0.6730489417989417
    },
    "K=400": {
      "VC@400": 0.7534546050376649,
      "Recall@400": 0.5277309090069652,
      "NB12_Count@400": 1.5833333333333333,
      "NB12_SP@400": 0.033409623974063614,
      "Dorm_inK@400": 14.5,
      "Dang20k_Recall@400": 0.8040004525201893,
      "Dang40k_Recall@400": 0.7114748677248676
    }
  },
  "S2_+spda_4f_ridge": {
    "K=150": {
      "VC@150": 0.5916621187185338,
      "Recall@150": 0.3025161932881646,
      "NB12_Count@150": 0.08333333333333333,
      "NB12_SP@150": 4.209991304454324e-05,
      "Dorm_inK@150": 0.8333333333333334,
      "Dang20k_Recall@150": 0.6719940877835615,
      "Dang40k_Recall@150": 0.6036044973544973
    },
    "K=200": {
      "VC@200": 0.6383315825326622,
      "Recall@200": 0.36218563145213795,
      "NB12_Count@200": 0.16666666666666666,
      "NB12_SP@200": 0.004421317659996357,
      "Dorm_inK@200": 1.6666666666666667,
      "Dang20k_Recall@200": 0.7082957795128847,
      "Dang40k_Recall@200": 0.6471230158730158
    },
    "K=300": {
      "VC@300": 0.7162373018680294,
      "Recall@300": 0.4615824577565573,
      "NB12_Count@300": 0.25,
      "NB12_SP@300": 0.004431552771788828,
      "Dorm_inK@300": 3.5,
      "Dang20k_Recall@300": 0.7697253952188162,
      "Dang40k_Recall@300": 0.6730489417989417
    },
    "K=400": {
      "VC@400": 0.7510608730930106,
      "Recall@400": 0.5312351386796857,
      "NB12_Count@400": 0.4166666666666667,
      "NB12_SP@400": 0.01601908498910774,
      "Dorm_inK@400": 7.416666666666667,
      "Dang20k_Recall@400": 0.7978827276524645,
      "Dang40k_Recall@400": 0.7114748677248676
    }
  },
  "S3_+bins_7f_logistic": {
    "K=150": {
      "VC@150": 0.573190303163231,
      "Recall@150": 0.3009884177814232,
      "NB12_Count@150": 0.08333333333333333,
      "NB12_SP@150": 0.0005150330499657851,
      "Dorm_inK@150": 0.3333333333333333,
      "Dang20k_Recall@150": 0.6600282758177495,
      "Dang40k_Recall@150": 0.5744378306878306
    },
    "K=200": {
      "VC@200": 0.6338352628493831,
      "Recall@200": 0.3602926452955731,
      "NB12_Count@200": 0.16666666666666666,
      "NB12_SP@200": 0.0013620421407865497,
      "Dorm_inK@200": 1.0833333333333333,
      "Dang20k_Recall@200": 0.6979574336482232,
      "Dang40k_Recall@200": 0.6295304232804232
    },
    "K=300": {
      "VC@300": 0.7069965121679361,
      "Recall@300": 0.4590535110745275,
      "NB12_Count@300": 1.1666666666666667,
      "NB12_SP@300": 0.0265160724318769,
      "Dorm_inK@300": 5.666666666666667,
      "Dang20k_Recall@300": 0.7474039666473876,
      "Dang40k_Recall@300": 0.6637896825396824
    },
    "K=400": {
      "VC@400": 0.7473879968931721,
      "Recall@400": 0.5239391578610585,
      "NB12_Count@400": 2.25,
      "NB12_SP@400": 0.033348001696379685,
      "Dorm_inK@400": 20.416666666666668,
      "Dang20k_Recall@400": 0.7880569479253691,
      "Dang40k_Recall@400": 0.7031415343915345
    }
  },
  "S3_+bins_7f_ridge": {
    "K=150": {
      "VC@150": 0.5840935125401168,
      "Recall@150": 0.3038625762763059,
      "NB12_Count@150": 0.08333333333333333,
      "NB12_SP@150": 4.209991304454324e-05,
      "Dorm_inK@150": 0.75,
      "Dang20k_Recall@150": 0.6611978664610244,
      "Dang40k_Recall@150": 0.595271164021164
    },