{
  "per_month": {
    "2022-06/aq1": {
      "VC@20": 0.3436048876177977,
      "VC@100": 0.64699024860039,
      "Recall@20": 0.4,
      "Recall@100": 0.58,
      "NDCG": 0.6185161846615631,
      "VC@10": 0.20326440380344107,
      "VC@25": 0.4076977680293281,
      "VC@50": 0.4539267446574369,
      "VC@200": 0.8673533699050247,
      "Recall@10": 0.3,
      "Recall@50": 0.42,
      "Spearman": 0.4290043751680421,
      "Tier0-AP": 0.467856242728813,
      "Tier01-AP": 0.662631290727954,
      "n_samples": 325
    },
    "2022-06/aq2": {
      "VC@20": 0.44355327700526875,
      "VC@100": 0.7788115649402303,
      "Recall@20": 0.65,
      "Recall@100": 0.63,
      "NDCG": 0.7909041141638111,
      "VC@10": 0.25064589104012186,
      "VC@25": 0.5176110529142783,
      "VC@50": 0.6630829108367439,
      "VC@200": 0.9509378613952717,
      "Recall@10": 0.4,
      "Recall@50": 0.54,
      "Spearman": 0.5103193722575833,
      "Tier0-AP": 0.559547760437453,
      "Tier01-AP": 0.6806529477624059,
      "n_samples": 302
    },
    "2022-06/aq3": {
      "VC@20": 0.5977567425694148,
      "VC@100": 0.8666143343132087,
      "Recall@20": 0.3,
      "Recall@100": 0.48,
      "NDCG": 0.9010745746331877,
      "VC@10": 0.5840700506250915,
      "VC@25": 0.6193189405098017,
      "VC@50": 0.7227258824362014,
      "VC@200": 0.9673577294895848,
      "Recall@10": 0.4,
      "Recall@50": 0.34,
      "Spearman": 0.32427152151940253,
      "Tier0-AP": 0.43483329135591864,
      "Tier01-AP": 0.47050601146731896,
      "n_samples": 262
    },
    "2022-06/aq4": {
      "VC@20": 0.3149733818242065,
      "VC@100": 0.8310725878986087,
      "Recall@20": 0.5,
      "Recall@100": 0.52,
      "NDCG": 0.7089357335457203,
      "VC@10": 0.17059220449101348,
      "VC@25": 0.43644419410567314,
      "VC@50": 0.5325157129809811,
      "VC@200": 0.9468296827804645,
      "Recall@10": 0.2,
      "Recall@50": 0.56,
      "Spearman": 0.45671446992036274,
      "Tier0-AP": 0.5617423147830038,
      "Tier01-AP": 0.663361341590099,
      "n_samples": 380
    },
    "2023-06/aq1": {
      "VC@20": 0.29511511406558477,
      "VC@100": 0.781032759774434,
      "Recall@20": 0.4,
      "Recall@100": 0.61,
      "NDCG": 0.5567764047767713,
      "VC@10": 0.14600850513200547,
      "VC@25": 0.31316988734507906,
      "VC@50": 0.6068991643751492,
      "VC@200": 0.9766847281624671,
      "Recall@10": 0.2,
      "Recall@50": 0.48,
      "Spearman": 0.47562691996271567,
      "Tier0-AP": 0.47757947311755644,
      "Tier01-AP": 0.628660678793525,
      "n_samples": 276
    },
    "2023-06/aq2": {
      "VC@20": 0.3192094210103259,
      "VC@100": 0.8856804097860115,
      "Recall@20": 0.4,
      "Recall@100": 0.57,
      "NDCG": 0.5246843673742655,
      "VC@10": 0.18659932315182362,
      "VC@25": 0.3450362916033331,
      "VC@50": 0.7285807172541576,
      "VC@200": 0.9391656706320486,
      "Recall@10": 0.1,
      "Recall@50": 0.58,
      "Spearman": 0.5053231180410559,
      "Tier0-AP": 0.5497938558132225,
      "Tier01-AP": 0.7057009973499148,
      "n_samples": 410
    },
    "2023-06/aq3": {
      "VC@20": 0.17233144026165803,
      "VC@100": 0.5053921199388657,
      "Recall@20": 0.1,
      "Recall@100": 0.59,
      "NDCG": 0.5905697452875782,
      "VC@10": 0.1018993655109104,
      "VC@25": 0.2106686720823291,
      "VC@50": 0.40692464933885086,
      "VC@200": 0.6859841285738627,
      "Recall@10": 0.1,
      "Recall@50": 0.5,
      "Spearman": 0.5007426374749694,
      "Tier0-AP": 0.6599253543807999,
      "Tier01-AP": 0.7166396539096482,
      "n_samples": 504
    },
    "2023-06/aq4": {
      "VC@20": 0.2313133180116665,
      "VC@100": 0.6769511050779656,
      "Recall@20": 0.35,
      "Recall@100": 0.56,
      "NDCG": 0.7081112639048933,
      "VC@10": 0.15999346204561452,
      "VC@25": 0.2584249203735423,
      "VC@50": 0.5517833674760966,
      "VC@200": 0.8526563817723246,
      "Recall@10": 0.3,
      "Recall@50": 0.54,
      "Spearman": 0.4973106712628125,
      "Tier0-AP": 0.5415018496121524,
      "Tier01-AP": 0.679730785954739,
      "n_samples": 459
    },
    "2024-06/aq1": {
      "VC@20": 0.2286248391797967,
      "VC@100": 0.708704459787033,
      "Recall@20": 0.3,
      "Recall@100": 0.6,
      "NDCG": 0.7171651766537379,
      "VC@10": 0.18507551938336053,
      "VC@25": 0.28704407084473843,
      "VC@50": 0.4930253418815732,
      "VC@200": 0.9083476433021103,
      "Recall@10": 0.3,
      "Recall@50": 0.54,
      "Spearman": 0.5840989668551211,
      "Tier0-AP": 0.6256600628866353,
      "Tier01-AP": 0.7303187448764565,
      "n_samples": 425
    },
    "2024-06/aq2": {
      "VC@20": 0.36208010940990304,
      "VC@100": 0.6708766704028509,
      "Recall@20": 0.4,
      "Recall@100": 0.55,
      "NDCG": 0.7044831871731492,
      "VC@10": 0.23616543279349125,
      "VC@25": 0.39444221577872024,
      "VC@50": 0.450617767736923,
      "VC@200": 0.8460238344144714,
      "Recall@10": 0.4,
      "Recall@50": 0.34,
      "Spearman": 0.5033893698168707,
      "Tier0-AP": 0.5321511773797074,
      "Tier01-AP": 0.7074899801185026,
      "n_samples": 483
    },
    "2024-06/aq3": {
      "VC@20": 0.30148860519758736,
      "VC@100": 0.7504470648838162,
      "Recall@20": 0.25,
      "Recall@100": 0.61,
      "NDCG": 0.5523269279949128,
      "VC@10": 0.22521121756920193,
      "VC@25": 0.32292300322354367,
      "VC@50": 0.4624767334732407,
      "VC@200": 0.9330349035828748,
      "Recall@10": 0.2,
      "Recall@50": 0.44,
      "Spearman": 0.5181120019027803,
      "Tier0-AP": 0.5681612268043028,
      "Tier01-AP": 0.6683073725674227,
      "n_samples": 315
    },
    "2024-06/aq4": {
      "VC@20": 0.274632769613011,
      "VC@100": 0.5303595602520289,
      "Recall@20": 0.2,
      "Recall@100": 0.46,
      "NDCG": 0.6891775737149158,
      "VC@10": 0.19700779607107502,
      "VC@25": 0.2995303638860478,
      "VC@50": 0.4066000196124924,
      "VC@200": 0.8507769179044831,
      "Recall@10": 0.2,
      "Recall@50": 0.54,
      "Spearman": 0.4851966702366139,
      "Tier0-AP": 0.6150071753102982,
      "Tier01-AP": 0.6827812493304668,
      "n_samples": 476
    }
  },
  "aggregate": {
    "mean": {
      "VC@20": 0.32372365881385173,
      "VC@100": 0.7194110738046203,
      "Recall@20": 0.3541666666666667,
      "Recall@100": 0.5633333333333334,
      "NDCG": 0.6718937711570422,
      "VC@10": 0.22054443096809592,
      "VC@25": 0.36769261505803463,
      "VC@50": 0.5399299176716539,
      "VC@200": 0.8937627376595824,
      "Recall@10": 0.25833333333333336,
      "Recall@50": 0.48500000000000004,
      "Spearman": 0.48250917453486086,
      "Tier0-AP": 0.5494799820508219,
      "Tier01-AP": 0.6663984212040378,
      "n_samples": 384.75
    },
    "std": {
      "VC@20": 0.1063181220463267,
      "VC@100": 0.11587849280896602,
      "Recall@20": 0.13610402475884228,
      "Recall@100": 0.05071708018234312,
      "NDCG": 0.10466734078249568,
      "VC@10": 0.11632553308155048,
      "VC@25": 0.11032930315104628,
      "VC@50": 0.11101426610203488,
      "VC@200": 0.07739495287036308,
      "Recall@10": 0.10374916331657277,
      "Recall@50": 0.0792148975887743,
      "Spearman": 0.05950583276841514,
      "Tier0-AP": 0.06340092677508731,
      "Tier01-AP": 0.06475438923165254,
      "n_samples": 82.74974823728066
    },
    "min": {
      "VC@20": 0.17233144026165803,
      "VC@100": 0.5053921199388657,
      "Recall@20": 0.1,
      "Recall@100": 0.46,
      "NDCG": 0.5246843673742655,
      "VC@10": 0.1018993655109104,
      "VC@25": 0.2106686720823291,
      "VC@50": 0.4066000196124924,
      "VC@200": 0.6859841285738627,
      "Recall@10": 0.1,
      "Recall@50": 0.34,
      "Spearman": 0.32427152151940253,
      "Tier0-AP": 0.43483329135591864,
      "Tier01-AP": 0.47050601146731896,
      "n_samples": 262.0
    },
    "max": {
      "VC@20": 0.5977567425694148,
      "VC@100": 0.8856804097860115,
      "Recall@20": 0.65,
      "Recall@100": 0.63,