{
  "v0c": {
    "K=150": {
      "VC@150": 0.5663086531013908,
      "Recall@150": 0.2651854659177416,
      "NB12_Count@150": 0.08333333333333333,
      "NB12_SP@150": 2.035482412260457e-05,
      "Dorm_inK@150": 1.75,
      "Dang20k_Recall@150": 0.7076654826654827,
      "Dang40k_Recall@150": 0.6113636363636363
    },
    "K=200": {
      "VC@200": 0.6037401474674872,
      "Recall@200": 0.3200206226607321,
      "NB12_Count@200": 0.6666666666666666,
      "NB12_SP@200": 0.00476682417770068,
      "Dorm_inK@200": 5.333333333333333,
      "Dang20k_Recall@200": 0.7287829069079069,
      "Dang40k_Recall@200": 0.628030303030303
    },
    "K=300": {
      "VC@300": 0.6695777492881277,
      "Recall@300": 0.3946483142737371,
      "NB12_Count@300": 4.0,
      "NB12_SP@300": 0.0788411374509619,
      "Dorm_inK@300": 33.25,
      "Dang20k_Recall@300": 0.7685989935989936,
      "Dang40k_Recall@300": 0.668939393939394
    },
    "K=400": {
      "VC@400": 0.7119975606220207,
      "Recall@400": 0.44833048449217944,
      "NB12_Count@400": 9.416666666666666,
      "NB12_SP@400": 0.1524276218174006,
      "Dorm_inK@400": 80.75,
      "Dang20k_Recall@400": 0.79614528989529,
      "Dang40k_Recall@400": 0.693181818181818
    }
  },
  "S1_v0c_3f_logistic": {
    "K=150": {
      "VC@150": 0.4954854911727163,
      "Recall@150": 0.27173055867159335,
      "NB12_Count@150": 0.08333333333333333,
      "NB12_SP@150": 2.035482412260457e-05,
      "Dorm_inK@150": 1.1666666666666667,
      "Dang20k_Recall@150": 0.6290083758833759,
      "Dang40k_Recall@150": 0.4712121212121212
    },
    "K=200": {
      "VC@200": 0.5645176038705881,
      "Recall@200": 0.33158931972890104,
      "NB12_Count@200": 0.3333333333333333,
      "NB12_SP@200": 0.0014843530826452631,
      "Dorm_inK@200": 1.75,
      "Dang20k_Recall@200": 0.689560323935324,
      "Dang40k_Recall@200": 0.5545454545454546
    },
    "K=300": {
      "VC@300": 0.6455912358965651,
      "Recall@300": 0.4282640476916218,
      "NB12_Count@300": 0.5833333333333334,
      "NB12_SP@300": 0.002309111601502001,
      "Dorm_inK@300": 4.25,
      "Dang20k_Recall@300": 0.7589200151700152,
      "Dang40k_Recall@300": 0.628030303030303
    },
    "K=400": {
      "VC@400": 0.6904901489544888,
      "Recall@400": 0.49436705430500744,
      "NB12_Count@400": 1.4166666666666667,
      "NB12_SP@400": 0.008828703867176728,
      "Dorm_inK@400": 9.5,
      "Dang20k_Recall@400": 0.7658644596144596,
      "Dang40k_Recall@400": 0.6431818181818182
    }
  },
  "S1_v0c_3f_ridge": {
    "K=150": {
      "VC@150": 0.48892868336760187,
      "Recall@150": 0.2725562212273067,
      "NB12_Count@150": 0.0,
      "NB12_SP@150": 0.0,
      "Dorm_inK@150": 0.08333333333333333,
      "Dang20k_Recall@150": 0.623055994930995,
      "Dang40k_Recall@150": 0.45454545454545453
    },
    "K=200": {
      "VC@200": 0.5548361887145022,
      "Recall@200": 0.33515241974455373,
      "NB12_Count@200": 0.08333333333333333,
      "NB12_SP@200": 2.035482412260457e-05,
      "Dorm_inK@200": 0.6666666666666666,
      "Dang20k_Recall@200": 0.6803010646760647,
      "Dang40k_Recall@200": 0.5337121212121212
    },
    "K=300": {
      "VC@300": 0.6407606671302958,
      "Recall@300": 0.4277340065104169,
      "NB12_Count@300": 0.08333333333333333,
      "NB12_SP@300": 2.035482412260457e-05,
      "Dorm_inK@300": 1.25,
      "Dang20k_Recall@300": 0.7438292032042032,
      "Dang40k_Recall@300": 0.628030303030303
    },
    "K=400": {
      "VC@400": 0.6832961850735715,
      "Recall@400": 0.49393684687362316,
      "NB12_Count@400": 0.5,
      "NB12_SP@400": 0.0021667718806034995,
      "Dorm_inK@400": 2.8333333333333335,
      "Dang20k_Recall@400": 0.7623922373922375,
      "Dang40k_Recall@400": 0.6356060606060606
    }
  },
  "S2_+spda_4f_logistic": {
    "K=150": {
      "VC@150": 0.49538230098899366,
      "Recall@150": 0.27201497277853304,
      "NB12_Count@150": 0.08333333333333333,
      "NB12_SP@150": 2.035482412260457e-05,
      "Dorm_inK@150": 1.1666666666666667,
      "Dang20k_Recall@150": 0.6290083758833759,
      "Dang40k_Recall@150": 0.4712121212121212
    },
    "K=200": {
      "VC@200": 0.5646810205687867,
      "Recall@200": 0.3320858201663464,
      "NB12_Count@200": 0.3333333333333333,
      "NB12_SP@200": 0.0014843530826452631,
      "Dorm_inK@200": 1.75,
      "Dang20k_Recall@200": 0.689560323935324,
      "Dang40k_Recall@200": 0.5545454545454546
    },
    "K=300": {
      "VC@300": 0.6408240904760287,
      "Recall@300": 0.427605788269892,
      "NB12_Count@300": 0.5833333333333334,
      "NB12_SP@300": 0.002309111601502001,
      "Dorm_inK@300": 4.333333333333333,
      "Dang20k_Recall@300": 0.7529676342176342,
      "Dang40k_Recall@300": 0.6071969696969697
    },
    "K=400": {
      "VC@400": 0.6899826962654938,
      "Recall@400": 0.4942990904145179,
      "NB12_Count@400": 1.4166666666666667,
      "NB12_SP@400": 0.008828703867176728,
      "Dorm_inK@400": 9.416666666666666,
      "Dang20k_Recall@400": 0.7658644596144596,
      "Dang40k_Recall@400": 0.6431818181818182
    }
  },
  "S2_+spda_4f_ridge": {
    "K=150": {
      "VC@150": 0.5235584432051177,
      "Recall@150": 0.27283109653178156,
      "NB12_Count@150": 0.16666666666666666,
      "NB12_SP@150": 1.2809854053596703e-06,
      "Dorm_inK@150": 0.75,
      "Dang20k_Recall@150": 0.6541105884855886,
      "Dang40k_Recall@150": 0.5621212121212121
    },
    "K=200": {
      "VC@200": 0.5790418602129889,
      "Recall@200": 0.33416709161419805,
      "NB12_Count@200": 0.25,
      "NB12_SP@200": 2.163580952796424e-05,
      "Dorm_inK@200": 1.3333333333333333,
      "Dang20k_Recall@200": 0.7146760646760647,
      "Dang40k_Recall@200": 0.590530303030303
    },
    "K=300": {
      "VC@300": 0.6427098928877208,
      "Recall@300": 0.4298273908179919,
      "NB12_Count@300": 0.3333333333333333,
      "NB12_SP@300": 0.003711671462554212,
      "Dorm_inK@300": 2.5,
      "Dang20k_Recall@300": 0.7438292032042032,
      "Dang40k_Recall@300": 0.628030303030303
    },
    "K=400": {
      "VC@400": 0.6857487150605796,
      "Recall@400": 0.4936881823218611,
      "NB12_Count@400": 0.75,
      "NB12_SP@400": 0.0058580885190351074,
      "Dorm_inK@400": 6.666666666666667,
      "Dang20k_Recall@400": 0.7623922373922375,
      "Dang40k_Recall@400": 0.6356060606060606
    }
  },
  "S3_+bins_7f_logistic": {
    "K=150": {
      "VC@150": 0.5003492932342019,
      "Recall@150": 0.2723176809253844,
      "NB12_Count@150": 0.0,
      "NB12_SP@150": 0.0,
      "Dorm_inK@150": 0.16666666666666666,
      "Dang20k_Recall@150": 0.6336380055130056,
      "Dang40k_Recall@150": 0.4712121212121212
    },
    "K=200": {
      "VC@200": 0.574044185937561,
      "Recall@200": 0.32965982364250423,
      "NB12_Count@200": 0.25,
      "NB12_SP@200": 0.0014097248234169262,
      "Dorm_inK@200": 0.75,
      "Dang20k_Recall@200": 0.7117825461575462,
      "Dang40k_Recall@200": 0.5621212121212121
    },
    "K=300": {
      "VC@300": 0.6386560726247449,
      "Recall@300": 0.4254970900273353,
      "NB12_Count@300": 0.8333333333333334,
      "NB12_SP@300": 0.007652218338551682,
      "Dorm_inK@300": 3.8333333333333335,
      "Dang20k_Recall@300": 0.7465573778073779,
      "Dang40k_Recall@300": 0.6071969696969697
    },
    "K=400": {
      "VC@400": 0.6898139930800987,
      "Recall@400": 0.4934899363882703,
      "NB12_Count@400": 2.0,
      "NB12_SP@400": 0.011322470804679024,
      "Dorm_inK@400": 13.25,
      "Dang20k_Recall@400": 0.7714200151700151,
      "Dang40k_Recall@400": 0.6431818181818182
    }
  },
  "S3_+bins_7f_ridge": {
    "K=150": {
      "VC@150": 0.5185328944791557,
      "Recall@150": 0.27294163162868273,
      "NB12_Count@150": 0.16666666666666666,
      "NB12_SP@150": 1.2809854053596703e-06,
      "Dorm_inK@150": 0.6666666666666666,
      "Dang20k_Recall@150": 0.6527878371628372,
      "Dang40k_Recall@150": 0.5412878787878788
    },
    "K=200": {
      "VC@200": 0.5856198053647931,