{
  "timestamp": "2026-03-25 21:06:10",
  "results_rows": 1380,
  "results_expected": 1380,
  "results_match": true,
  "branch_rows": 368808,
  "branch_expected": 368808,
  "branch_match": true,
  "ref_results_rows": 1380,
  "results_joined": 1380,
  "sp_mean_abs_diff": 2998.1515724637743,
  "sp_max_abs_diff": 172374.47999999998,
  "sp_corr": 0.9989761329452123,
  "vc_mean_abs_diff": 0.0022033052933769057,
  "vc_max_abs_diff": 0.11752390034267718,
  "ref_branch_rows": 368808,
  "branch_joined": 368808,
  "base_rank_mean_diff": 47.695641092384115,
  "base_rank_exact_match_pct": 67.7767293551116,
  "cand_200_selected_set_overlap_pct": 96.81521739130434,
  "cand_200_min_overlap_pct": 81.5,
  "cand_200_max_overlap_pct": 100.0,
  "cand_400_selected_set_overlap_pct": 96.68478260869566,
  "cand_400_min_overlap_pct": 83.5,
  "cand_400_max_overlap_pct": 100.0
}