{
  "eval_config": {
    "eval_months": [
      "2020-09",
      "2020-12",
      "2021-03",
      "2021-06",
      "2021-09",
      "2021-12",
      "2022-03",
      "2022-06",
      "2022-09",
      "2022-12",
      "2023-03",
      "2023-05"
    ],
    "class_type": "onpeak",
    "period_type": "f0",
    "model": "v62b_formula",
    "note": "Full V6.2B formula: 0.60*da_rank + 0.30*dmix + 0.10*dori"
  },
  "per_month": {
    "2020-09": {
      "VC@20": 0.4985841202990729,
      "VC@100": 0.8110929228638262,
      "Recall@20": 0.5,
      "Recall@100": 0.78,
      "NDCG": 0.9384118521741731,
      "VC@10": 0.4200936300854473,
      "VC@25": 0.5175058630551597,
      "VC@50": 0.635460319539623,
      "VC@200": 0.9479103744832444,
      "Recall@10": 0.6,
      "Recall@50": 0.58,
      "Spearman": 0.9159801358795857,
      "Tier0-AP": 0.8441244935006098,
      "Tier01-AP": 0.9559020176916213,
      "n_samples": 715
    },
    "2020-12": {
      "VC@20": 0.6129201834836776,
      "VC@100": 0.9043518717748685,
      "Recall@20": 0.55,
      "Recall@100": 0.75,
      "NDCG": 0.9781103315908299,
      "VC@10": 0.5445209198088342,
      "VC@25": 0.6319870356641912,
      "VC@50": 0.7716814691560331,
      "VC@200": 0.9821627835831714,
      "Recall@10": 0.6,
      "Recall@50": 0.66,
      "Spearman": 0.8876950736980832,
      "Tier0-AP": 0.825417624441104,
      "Tier01-AP": 0.9412664915831904,
      "n_samples": 550
    },
    "2021-03": {
      "VC@20": 0.5821775253434183,
      "VC@100": 0.8461184778396332,
      "Recall@20": 0.65,
      "Recall@100": 0.72,
      "NDCG": 0.9538037144741771,
      "VC@10": 0.49819185862195475,
      "VC@25": 0.6143585070954327,
      "VC@50": 0.7132772856913149,
      "VC@200": 0.9532709718294674,
      "Recall@10": 0.7,
      "Recall@50": 0.52,
      "Spearman": 0.9000891385440916,
      "Tier0-AP": 0.8078308187606693,
      "Tier01-AP": 0.9481232025956098,
      "n_samples": 669
    },
    "2021-06": {
      "VC@20": 0.5168668904741054,
      "VC@100": 0.8574139839910843,
      "Recall@20": 0.4,
      "Recall@100": 0.71,
      "NDCG": 0.9669062609466094,
      "VC@10": 0.4512379314326508,
      "VC@25": 0.5567313053139262,
      "VC@50": 0.7169526849254787,
      "VC@200": 0.9763926826167084,
      "Recall@10": 0.5,
      "Recall@50": 0.54,
      "Spearman": 0.9182038751542967,
      "Tier0-AP": 0.832340700748251,
      "Tier01-AP": 0.9670249351531436,
      "n_samples": 556
    },
    "2021-09": {
      "VC@20": 0.548345381447118,
      "VC@100": 0.8675985468135113,
      "Recall@20": 0.55,
      "Recall@100": 0.77,
      "NDCG": 0.9402139697061425,
      "VC@10": 0.4221593581324823,
      "VC@25": 0.5638147925662418,
      "VC@50": 0.7003897716467149,
      "VC@200": 0.9690802902098644,
      "Recall@10": 0.5,
      "Recall@50": 0.64,
      "Spearman": 0.8958493210601755,
      "Tier0-AP": 0.8255621524726685,
      "Tier01-AP": 0.9407058289955763,
      "n_samples": 621
    },
    "2021-12": {
      "VC@20": 0.5697088853001544,
      "VC@100": 0.9195883957270142,
      "Recall@20": 0.5,
      "Recall@100": 0.76,
      "NDCG": 0.9251641781812457,
      "VC@10": 0.45555062079062925,
      "VC@25": 0.5961750571413689,
      "VC@50": 0.7769726832634037,
      "VC@200": 0.9916077796008085,
      "Recall@10": 0.5,
      "Recall@50": 0.6,
      "Spearman": 0.9224765248293939,
      "Tier0-AP": 0.753939185923187,
      "Tier01-AP": 0.8904590819617494,
      "n_samples": 448
    },
    "2022-03": {
      "VC@20": 0.4681984341846746,
      "VC@100": 0.7556175438986015,
      "Recall@20": 0.4,
      "Recall@100": 0.55,
      "NDCG": 0.8954246597572322,
      "VC@10": 0.39220261684947216,
      "VC@25": 0.47491938001660544,
      "VC@50": 0.5980154012337152,
      "VC@200": 0.9355327147228699,
      "Recall@10": 0.4,
      "Recall@50": 0.42,
      "Spearman": 0.900147777037855,
      "Tier0-AP": 0.7516117472877876,
      "Tier01-AP": 0.9312113322382144,
      "n_samples": 717
    },
    "2022-06": {
      "VC@20": 0.4710089823450615,
      "VC@100": 0.8440346683675515,
      "Recall@20": 0.4,
      "Recall@100": 0.7,
      "NDCG": 0.9114262717410682,
      "VC@10": 0.3734834503578526,
      "VC@25": 0.49809008733698096,
      "VC@50": 0.6947608427685239,
      "VC@200": 0.9639867042425809,
      "Recall@10": 0.4,
      "Recall@50": 0.62,
      "Spearman": 0.9125391979045837,
      "Tier0-AP": 0.7564634469256555,
      "Tier01-AP": 0.9385914866965078,
      "n_samples": 578
    },
    "2022-09": {
      "VC@20": 0.4315160896099241,
      "VC@100": 0.7664034791647866,
      "Recall@20": 0.5,
      "Recall@100": 0.57,
      "NDCG": 0.9274517645489401,
      "VC@10": 0.3614495858627369,
      "VC@25": 0.48591887453462346,
      "VC@50": 0.5670354513829083,
      "VC@200": 0.9471758922703238,
      "Recall@10": 0.3,
      "Recall@50": 0.46,
      "Spearman": 0.9181596385553741,
      "Tier0-AP": 0.6931262424693955,
      "Tier01-AP": 0.9276613076602531,
      "n_samples": 600
    },
    "2022-12": {
      "VC@20": 0.5259764408694161,
      "VC@100": 0.8739536127093981,
      "Recall@20": 0.45,
      "Recall@100": 0.74,
      "NDCG": 0.9304177476568655,
      "VC@10": 0.5129515502761689,
      "VC@25": 0.5638334773010373,
      "VC@50": 0.7356125249234791,
      "VC@200": 0.9744471805119991,
      "Recall@10": 0.6,
      "Recall@50": 0.64,
      "Spearman": 0.9244053228645637,
      "Tier0-AP": 0.7423435772840028,
      "Tier01-AP": 0.9035413172969989,
      "n_samples": 525
    },
    "2023-03": {
      "VC@20": 0.5277968945009891,
      "VC@100": 0.8235202733576551,
      "Recall@20": 0.6,
      "Recall@100": 0.74,
      "NDCG": 0.9158565893127512,
      "VC@10": 0.45720110978679446,
      "VC@25": 0.546941791143401,
      "VC@50": 0.6689946485715039,
      "VC@200": 0.9327476299846766,
      "Recall@10": 0.8,
      "Recall@50": 0.62,
      "Spearman": 0.8993075868303825,
      "Tier0-AP": 0.8113211059088978,
      "Tier01-AP": 0.9335051981290484,
      "n_samples": 780
    },
    "2023-05": {
      "VC@20": 0.4500497505649792,
      "VC@100": 0.758506577988561,
      "Recall@20": 0.6,
      "Recall@100": 0.62,
      "NDCG": 0.9609703313388571,
      "VC@10": 0.3606372355248331,
      "VC@25": 0.4869056567519965,
      "VC@50": 0.6122463893614422,
      "VC@200": 0.9465499198828781,
      "Recall@10": 0.6,
      "Recall@50": 0.58,
      "Spearman": 0.9029173746541064,
      "Tier0-AP": 0.7437267008105973,
      "Tier01-AP": 0.9440538815089938,
      "n_samples": 655
    }
  },
  "aggregate": {
    "mean": {
      "VC@20": 0.5169291315352159,
      "VC@100": 0.8356833628747076,
      "Recall@20": 0.5083333333333333,
      "Recall@100": 0.7008333333333333,
      "NDCG": 0.9370131392857409,
      "VC@10": 0.4374733222941547,
      "VC@25": 0.544765152326747,
      "VC@50": 0.682616622705345,
      "VC@200": 0.9600720769948828,
      "Recall@10": 0.5416666666666666,
      "Recall@50": 0.5733333333333334,
      "Spearman": 0.9081475805843743,
      "Tier0-AP": 0.7823173163777355,
      "Tier01-AP": 0.9351705067925756,
      "n_samples": 617.8333333333334
    },
    "std": {
      "VC@20": 0.05325442375976839,
      "VC@100": 0.05228813578760075,
      "Recall@20": 0.08122328620674137,
      "Recall@100": 0.07466127212655538,
      "NDCG": 0.02337708297528239,
      "VC@10": 0.05781611286678323,
      "VC@25": 0.05048015678587055,
      "VC@50": 0.06461695191936087,
      "VC@200": 0.01812940956756035,
      "Recall@10": 0.1320248293146238,
      "Recall@50": 0.07180219742846006,
      "Spearman": 0.011385760593312786,
      "Tier0-AP": 0.045644580786050125,
      "Tier01-AP": 0.020093623112550963,
      "n_samples": 90.0803653535121
    },
    "min": {
      "VC@20": 0.4315160896099241,
      "VC@100": 0.7556175438986015,
      "Recall@20": 0.4,
      "Recall@100": 0.55,
      "NDCG": 0.8954246597572322,
      "VC@10": 0.3606372355248331,
      "VC@25": 0.47491938001660544,
      "VC@50": 0.5670354513829083,