{
  "eval_config": {
    "eval_months": [
      "2020-09",
      "2020-12",
      "2021-03",
      "2021-06",
      "2021-09",
      "2021-12",
      "2022-03",
      "2022-06",
      "2022-09",
      "2022-12",
      "2023-03"
    ],
    "class_type": "wkndonpeak",
    "period_type": "f1",
    "mode": "eval"
  },
  "per_month": {
    "2020-09": {
      "VC@20": 0.0,
      "VC@100": 0.5275741487273024,
      "Recall@20": 0.0,
      "Recall@100": 0.18,
      "NDCG": 0.3297648557494826,
      "VC@10": 0.0,
      "VC@25": 0.011259686095007958,
      "VC@50": 0.059233012302938065,
      "VC@200": 0.6933071552214878,
      "Recall@10": 0.0,
      "Recall@50": 0.1,
      "Spearman": 0.152512022369308,
      "n_samples": 574
    },
    "2020-12": {
      "VC@20": 0.020267149737598977,
      "VC@100": 0.5718819158736532,
      "Recall@20": 0.25,
      "Recall@100": 0.19,
      "NDCG": 0.2948990816858657,
      "VC@10": 0.0022692821786412165,
      "VC@25": 0.022536431916240194,
      "VC@50": 0.46312579365822776,
      "VC@200": 0.9496921481696277,
      "Recall@10": 0.0,
      "Recall@50": 0.26,
      "Spearman": 0.2519145625372133,
      "n_samples": 391
    },
    "2021-03": {
      "VC@20": 0.38371256726214825,
      "VC@100": 0.7501093652367513,
      "Recall@20": 0.25,
      "Recall@100": 0.15,
      "NDCG": 0.42147427267873705,
      "VC@10": 0.25293398788455607,
      "VC@25": 0.6509627848130276,
      "VC@50": 0.7340931717671197,
      "VC@200": 0.7682259104950858,
      "Recall@10": 0.3,
      "Recall@50": 0.22,
      "Spearman": 0.15881535387124626,
      "n_samples": 454
    },
    "2021-06": {
      "VC@20": 0.017953630870550203,
      "VC@100": 0.6998159962536551,
      "Recall@20": 0.05,
      "Recall@100": 0.21,
      "NDCG": 0.3343184759253419,
      "VC@10": 0.0,
      "VC@25": 0.06791501580402408,
      "VC@50": 0.29891745736991665,
      "VC@200": 0.8188583796779785,
      "Recall@10": 0.0,
      "Recall@50": 0.16,
      "Spearman": 0.21531993530471283,
      "n_samples": 383
    },
    "2021-09": {
      "VC@20": 0.534530952105229,
      "VC@100": 0.7272948506836663,
      "Recall@20": 0.45,
      "Recall@100": 0.23,
      "NDCG": 0.5117226372383347,
      "VC@10": 0.4575297629975682,
      "VC@25": 0.5351863453157351,
      "VC@50": 0.7263357689798247,
      "VC@200": 0.8010067589896256,
      "Recall@10": 0.3,
      "Recall@50": 0.44,
      "Spearman": 0.21460671910394205,
      "n_samples": 518
    },
    "2021-12": {
      "VC@20": 0.353135924952251,
      "VC@100": 0.7025922876148218,
      "Recall@20": 0.3,
      "Recall@100": 0.33,
      "NDCG": 0.7090149394395997,
      "VC@10": 0.2713901864157176,
      "VC@25": 0.35313592495225093,
      "VC@50": 0.39775362180301044,
      "VC@200": 0.8150993526921613,
      "Recall@10": 0.3,
      "Recall@50": 0.4,
      "Spearman": 0.3657864675197228,
      "n_samples": 397
    },
    "2022-03": {
      "VC@20": 0.44017312250218676,
      "VC@100": 0.4771641572202827,
      "Recall@20": 0.5,
      "Recall@100": 0.17,
      "NDCG": 0.39784147679360227,
      "VC@10": 0.4223260787543792,
      "VC@25": 0.4547089272869053,
      "VC@50": 0.45482187822563097,
      "VC@200": 0.5190834057836714,
      "Recall@10": 0.3,
      "Recall@50": 0.3,
      "Spearman": 0.2517220965303518,
      "n_samples": 394
    },
    "2022-06": {
      "VC@20": 0.06747098496089028,
      "VC@100": 0.5807338447625175,
      "Recall@20": 0.1,
      "Recall@100": 0.33,
      "NDCG": 0.39972832337577086,
      "VC@10": 0.02404124362680673,
      "VC@25": 0.08378786888452076,
      "VC@50": 0.3525440310018551,
      "VC@200": 0.9831569557628678,
      "Recall@10": 0.0,
      "Recall@50": 0.38,
      "Spearman": 0.3561977457799729,
      "n_samples": 452
    },
    "2022-09": {
      "VC@20": 0.5124050641623874,
      "VC@100": 0.7864520246853766,
      "Recall@20": 0.3,
      "Recall@100": 0.24,
      "NDCG": 0.8663486081020583,
      "VC@10": 0.4628750221388413,
      "VC@25": 0.5131855312947041,
      "VC@50": 0.7316600363832884,
      "VC@200": 0.9468109805703016,
      "Recall@10": 0.4,
      "Recall@50": 0.4,
      "Spearman": 0.3054643553062893,
      "n_samples": 589
    },
    "2022-12": {
      "VC@20": 0.656298688580417,
      "VC@100": 0.7476623740063798,
      "Recall@20": 0.15,
      "Recall@100": 0.1,
      "NDCG": 0.39128627665471094,
      "VC@10": 0.21876622952680566,
      "VC@25": 0.656298688580417,
      "VC@50": 0.664873948146221,
      "VC@200": 0.9543927946560301,
      "Recall@10": 0.1,
      "Recall@50": 0.1,
      "Spearman": 0.17643818270782066,
      "n_samples": 498
    },
    "2023-03": {
      "VC@20": 0.6874117183698024,
      "VC@100": 0.7323166523342203,
      "Recall@20": 0.3,
      "Recall@100": 0.17,
      "NDCG": 0.43694788007876956,
      "VC@10": 0.38070281536346856,
      "VC@25": 0.6877301781212877,
      "VC@50": 0.6882748286565269,
      "VC@200": 0.7554392556477835,
      "Recall@10": 0.3,
      "Recall@50": 0.26,
      "Spearman": 0.1471574444498237,
      "n_samples": 500
    }
  },
  "aggregate": {
    "mean": {
      "VC@20": 0.33394180031849646,
      "VC@100": 0.6639634197635116,
      "Recall@20": 0.2409090909090909,
      "Recall@100": 0.2090909090909091,
      "NDCG": 0.46303152979293394,
      "VC@10": 0.2266213280806168,
      "VC@25": 0.36697339846037463,
      "VC@50": 0.5065121407540509,
      "VC@200": 0.8186430088787836,
      "Recall@10": 0.18181818181818182,
      "Recall@50": 0.2745454545454545,
      "Spearman": 0.2359940804982185,
      "n_samples": 468.1818181818182
    },
    "std": {
      "VC@20": 0.25151086354530744,
      "VC@100": 0.0999058154964851,
      "Recall@20": 0.14896336007430855,
      "Recall@100": 0.06761583266104383,
      "NDCG": 0.16622839897298822,
      "VC@10": 0.18291112112597313,
      "VC@25": 0.259300741193204,
      "VC@50": 0.21152397001514478,
      "VC@200": 0.1319087220145604,
      "Recall@10": 0.1526623238522424,
      "Recall@50": 0.11602222642577323,
      "Spearman": 0.07499784144807975,
      "n_samples": 70.33920177102611
    },
    "min": {
      "VC@20": 0.0,
      "VC@100": 0.4771641572202827,
      "Recall@20": 0.0,
      "Recall@100": 0.1,
      "NDCG": 0.2948990816858657,
      "VC@10": 0.0,
      "VC@25": 0.011259686095007958,
      "VC@50": 0.059233012302938065,
      "VC@200": 0.5190834057836714,
      "Recall@10": 0.0,
      "Recall@50": 0.1,
      "Spearman": 0.1471574444498237,
      "n_samples": 383.0
    },
    "max": {
      "VC@20": 0.6874117183698024,
      "VC@100": 0.7864520246853766,
      "Recall@20": 0.5,
      "Recall@100": 0.33,
      "NDCG": 0.8663486081020583,
      "VC@10": 0.4628750221388413,
      "VC@25": 0.6877301781212877,
      "VC@50": 0.7340931717671197,
      "VC@200": 0.9831569557628678,
      "Recall@10": 0.4,
      "Recall@50": 0.44,
      "Spearman": 0.3657864675197228,
      "n_samples": 589.0
    },
    "bottom_2_mean": {
      "VC@20": 0.008976815435275102,
      "VC@100": 0.5023691529737926,
      "Recall@20": 0.025,
      "Recall@100": 0.125,
      "NDCG": 0.31233196871767416,
      "VC@10": 0.0,
      "VC@25": 0.016898059005624078,
      "VC@50": 0.17907523483642734,
      "VC@200": 0.6061952805025796,
      "Recall@10": 0.0,
      "Recall@50": 0.1,
      "Spearman": 0.14983473340956585,
      "n_samples": 387.0
    }
  },
  "n_months": 11,
  "n_months_requested": 11,
  "skipped_months": []
}