{
  "eval_config": {
    "eval_groups": [
      "2022-06/aq1",
      "2022-06/aq2",
      "2022-06/aq3",
      "2022-06/aq4",
      "2023-06/aq1",
      "2023-06/aq2",
      "2023-06/aq3",
      "2023-06/aq4",
      "2024-06/aq1",
      "2024-06/aq2",
      "2024-06/aq3",
      "2024-06/aq4"
    ],
    "mode": "eval"
  },
  "per_month": {
    "2022-06/aq1": {
      "VC@20": 0.11433956216920693,
      "VC@100": 0.6511680582246573,
      "Recall@20": 0.15,
      "Recall@100": 0.49,
      "NDCG": 0.5849009667676022,
      "VC@10": 0.08633550405321726,
      "VC@25": 0.12268582974667595,
      "VC@50": 0.3740768145365145,
      "VC@200": 0.8749347327312046,
      "Recall@10": 0.2,
      "Recall@50": 0.3,
      "Spearman": 0.31895747708262834,
      "Tier0-AP": 0.3155734101992699,
      "Tier01-AP": 0.5387206130950494,
      "n_samples": 325
    },
    "2022-06/aq2": {
      "VC@20": 0.16473327045963504,
      "VC@100": 0.8159645903987833,
      "Recall@20": 0.25,
      "Recall@100": 0.56,
      "NDCG": 0.6022926649825939,
      "VC@10": 0.09639299197255677,
      "VC@25": 0.17605437674052912,
      "VC@50": 0.5680421684597773,
      "VC@200": 0.9421716979943289,
      "Recall@10": 0.1,
      "Recall@50": 0.44,
      "Spearman": 0.3788888006063417,
      "Tier0-AP": 0.4316216793131613,
      "Tier01-AP": 0.566092279833419,
      "n_samples": 302
    },
    "2022-06/aq3": {
      "VC@20": 0.5603411478863121,
      "VC@100": 0.8584986665196286,
      "Recall@20": 0.25,
      "Recall@100": 0.51,
      "NDCG": 0.4275258674266235,
      "VC@10": 0.4438352961835869,
      "VC@25": 0.5850895743067982,
      "VC@50": 0.6660881491146274,
      "VC@200": 0.9754897894911569,
      "Recall@10": 0.2,
      "Recall@50": 0.32,
      "Spearman": 0.25725375058543526,
      "Tier0-AP": 0.34553930180959064,
      "Tier01-AP": 0.4273846370781246,
      "n_samples": 262
    },
    "2022-06/aq4": {
      "VC@20": 0.3087242731990285,
      "VC@100": 0.8085834753203073,
      "Recall@20": 0.45,
      "Recall@100": 0.49,
      "NDCG": 0.7174825316505269,
      "VC@10": 0.18570855041944662,
      "VC@25": 0.3420886394783698,
      "VC@50": 0.6067272249772822,
      "VC@200": 0.90342758093322,
      "Recall@10": 0.4,
      "Recall@50": 0.48,
      "Spearman": 0.39110157964063147,
      "Tier0-AP": 0.4580383649360507,
      "Tier01-AP": 0.5867095992419102,
      "n_samples": 380
    },
    "2023-06/aq1": {
      "VC@20": 0.2173446663169654,
      "VC@100": 0.552294120314001,
      "Recall@20": 0.25,
      "Recall@100": 0.54,
      "NDCG": 0.6258368059225886,
      "VC@10": 0.11263840699865928,
      "VC@25": 0.29048310639913016,
      "VC@50": 0.42985481677073933,
      "VC@200": 0.9152612371494133,
      "Recall@10": 0.1,
      "Recall@50": 0.4,
      "Spearman": 0.36857272345090386,
      "Tier0-AP": 0.41840715183546173,
      "Tier01-AP": 0.5542672599272096,
      "n_samples": 276
    },
    "2023-06/aq2": {
      "VC@20": 0.4956505607244673,
      "VC@100": 0.84641819006163,
      "Recall@20": 0.3,
      "Recall@100": 0.56,
      "NDCG": 0.7288047665967958,
      "VC@10": 0.191522998952957,
      "VC@25": 0.49764563818238106,
      "VC@50": 0.6928812165294621,
      "VC@200": 0.88002663290678,
      "Recall@10": 0.1,
      "Recall@50": 0.46,
      "Spearman": 0.3341161637513917,
      "Tier0-AP": 0.4755915973809287,
      "Tier01-AP": 0.6235350633703557,
      "n_samples": 410
    },
    "2023-06/aq3": {
      "VC@20": 0.16022426427923406,
      "VC@100": 0.3926320616096569,
      "Recall@20": 0.25,
      "Recall@100": 0.46,
      "NDCG": 0.6068702955359827,
      "VC@10": 0.1038600141981531,
      "VC@25": 0.17630878827247315,
      "VC@50": 0.25189111191988056,
      "VC@200": 0.7716725670801067,
      "Recall@10": 0.1,
      "Recall@50": 0.2,
      "Spearman": 0.36455239091988856,
      "Tier0-AP": 0.4738138209349746,
      "Tier01-AP": 0.5954822595594008,
      "n_samples": 504
    },
    "2023-06/aq4": {
      "VC@20": 0.16265587066472065,
      "VC@100": 0.4563582908854929,
      "Recall@20": 0.25,
      "Recall@100": 0.47,
      "NDCG": 0.5318846251035171,
      "VC@10": 0.10112568371678868,
      "VC@25": 0.1703279587124775,
      "VC@50": 0.24410031599551824,
      "VC@200": 0.5297831216581091,
      "Recall@10": 0.1,
      "Recall@50": 0.38,
      "Spearman": 0.2690635107421659,
      "Tier0-AP": 0.4314797597275848,
      "Tier01-AP": 0.5508211657484059,
      "n_samples": 459
    },
    "2024-06/aq1": {
      "VC@20": 0.1761288079604723,
      "VC@100": 0.6256808857848247,
      "Recall@20": 0.2,
      "Recall@100": 0.5,
      "NDCG": 0.6093616286724631,
      "VC@10": 0.08546989458349497,
      "VC@25": 0.2434719963702294,
      "VC@50": 0.45318751453831707,
      "VC@200": 0.8390429571988354,
      "Recall@10": 0.1,
      "Recall@50": 0.46,
      "Spearman": 0.38271665529540116,
      "Tier0-AP": 0.4196349591714114,
      "Tier01-AP": 0.6081254838395369,
      "n_samples": 425
    },
    "2024-06/aq2": {
      "VC@20": 0.1669170329291474,
      "VC@100": 0.6342028196504446,
      "Recall@20": 0.15,
      "Recall@100": 0.46,
      "NDCG": 0.6898127388828835,
      "VC@10": 0.14865251818206454,
      "VC@25": 0.23106253792945441,
      "VC@50": 0.46281078283702476,
      "VC@200": 0.7754803074541652,
      "Recall@10": 0.3,
      "Recall@50": 0.32,
      "Spearman": 0.3497811933105312,
      "Tier0-AP": 0.404250490034036,
      "Tier01-AP": 0.5893910917443587,
      "n_samples": 483
    },
    "2024-06/aq3": {
      "VC@20": 0.16682848106358533,
      "VC@100": 0.7141714744925252,
      "Recall@20": 0.1,
      "Recall@100": 0.55,
      "NDCG": 0.4510616909126101,
      "VC@10": 0.019207018635368923,
      "VC@25": 0.2529854255188255,
      "VC@50": 0.39709324774900917,
      "VC@200": 0.8791616956180737,
      "Recall@10": 0.0,
      "Recall@50": 0.44,
      "Spearman": 0.3805371973956995,
      "Tier0-AP": 0.41661204808505736,
      "Tier01-AP": 0.5696276811175394,
      "n_samples": 315
    },
    "2024-06/aq4": {
      "VC@20": 0.0935207495826284,
      "VC@100": 0.4657964891310089,
      "Recall@20": 0.05,
      "Recall@100": 0.5,
      "NDCG": 0.5339851209229629,
      "VC@10": 0.03597737363897115,
      "VC@25": 0.10765896363049152,
      "VC@50": 0.2671197439433146,
      "VC@200": 0.7071708237695213,
      "Recall@10": 0.0,
      "Recall@50": 0.34,
      "Spearman": 0.3144725495384107,
      "Tier0-AP": 0.3938910350053004,
      "Tier01-AP": 0.5594831729891391,
      "n_samples": 476
    }
  },
  "aggregate": {
    "mean": {
      "VC@20": 0.23228405726961687,
      "VC@100": 0.6518140935327468,
      "Recall@20": 0.22083333333333335,
      "Recall@100": 0.5075,
      "NDCG": 0.5924849752814292,
      "VC@10": 0.1342271876279388,
      "VC@25": 0.266321902940653,
      "VC@50": 0.4511560922809556,
      "VC@200": 0.8328019286654095,
      "Recall@10": 0.1416666666666667,
      "Recall@50": 0.37833333333333335,
      "Spearman": 0.3425011660266191,
      "Tier0-AP": 0.41537113486940225,
      "Tier01-AP": 0.5641366922953707,
      "n_samples": 384.75
    },
    "std": {
      "VC@20": 0.14216490443347063,
      "VC@100": 0.15461735680323702,
      "Recall@20": 0.09886508764753893,
      "Recall@100": 0.03538478957593693,
      "NDCG": 0.0911704756832733,
      "VC@10": 0.10546221304061837,
      "VC@25": 0.1398397111737742,
      "VC@50": 0.14955413465941686,
      "VC@200": 0.11723507570468401,
      "Recall@10": 0.11149240133549711,
      "Recall@50": 0.08060534859562499,
      "Spearman": 0.04285585800471499,
      "Tier0-AP": 0.0454937576511165,
      "Tier01-AP": 0.047671171256742195,
      "n_samples": 82.74974823728066
    },
    "min": {
      "VC@20": 0.0935207495826284,
      "VC@100": 0.3926320616096569,
      "Recall@20": 0.05,
      "Recall@100": 0.46,
      "NDCG": 0.4275258674266235,
      "VC@10": 0.019207018635368923,
      "VC@25": 0.10765896363049152,
      "VC@50": 0.24410031599551824,
      "VC@200": 0.5297831216581091,