{
  "eval_config": {
    "eval_groups": [
      "2022-06/aq1",
      "2022-06/aq2",
      "2022-06/aq3",
      "2022-06/aq4",
      "2023-06/aq1",
      "2023-06/aq2",
      "2023-06/aq3",
      "2023-06/aq4",
      "2024-06/aq1",
      "2024-06/aq2",
      "2024-06/aq3",
      "2024-06/aq4"
    ],
    "mode": "eval"
  },
  "per_month": {
    "2022-06/aq1": {
      "VC@20": 0.2040863698799692,
      "VC@100": 0.6624714932092326,
      "Recall@20": 0.2,
      "Recall@100": 0.48,
      "NDCG": 0.5982114521341038,
      "VC@10": 0.10076462342635538,
      "VC@25": 0.23151948781804382,
      "VC@50": 0.35121500800076666,
      "VC@200": 0.867418760852494,
      "Recall@10": 0.2,
      "Recall@50": 0.26,
      "Spearman": 0.3234341349964368,
      "Tier0-AP": 0.33403226964569166,
      "Tier01-AP": 0.5584449100627834,
      "n_samples": 325
    },
    "2022-06/aq2": {
      "VC@20": 0.4657249572770612,
      "VC@100": 0.8306714022796119,
      "Recall@20": 0.55,
      "Recall@100": 0.56,
      "NDCG": 0.6422695615504459,
      "VC@10": 0.12161848113992198,
      "VC@25": 0.516394929647307,
      "VC@50": 0.689395043025334,
      "VC@200": 0.9302817610734646,
      "Recall@10": 0.0,
      "Recall@50": 0.54,
      "Spearman": 0.41653128962325253,
      "Tier0-AP": 0.4933298611963441,
      "Tier01-AP": 0.5973775517743816,
      "n_samples": 302
    },
    "2022-06/aq3": {
      "VC@20": 0.5598408924304196,
      "VC@100": 0.864635466880833,
      "Recall@20": 0.25,
      "Recall@100": 0.52,
      "NDCG": 0.3824280277508105,
      "VC@10": 0.05703779810187912,
      "VC@25": 0.5890067960229356,
      "VC@50": 0.6678332353066726,
      "VC@200": 0.986250252705049,
      "Recall@10": 0.1,
      "Recall@50": 0.36,
      "Spearman": 0.2693343402818976,
      "Tier0-AP": 0.35778734803604584,
      "Tier01-AP": 0.4290062952876059,
      "n_samples": 262
    },
    "2022-06/aq4": {
      "VC@20": 0.2923553136036053,
      "VC@100": 0.7989421065175317,
      "Recall@20": 0.5,
      "Recall@100": 0.45,
      "NDCG": 0.7415266125367337,
      "VC@10": 0.22641549940005698,
      "VC@25": 0.32480393380960226,
      "VC@50": 0.6681933869328662,
      "VC@200": 0.9034518865502903,
      "Recall@10": 0.4,
      "Recall@50": 0.5,
      "Spearman": 0.3594564822005355,
      "Tier0-AP": 0.4755700915169048,
      "Tier01-AP": 0.578467060411597,
      "n_samples": 380
    },
    "2023-06/aq1": {
      "VC@20": 0.2577750930294195,
      "VC@100": 0.5260435454006899,
      "Recall@20": 0.3,
      "Recall@100": 0.51,
      "NDCG": 0.6394440477321991,
      "VC@10": 0.1721444647394231,
      "VC@25": 0.2782969038181163,
      "VC@50": 0.411849772032934,
      "VC@200": 0.9281022741800498,
      "Recall@10": 0.1,
      "Recall@50": 0.36,
      "Spearman": 0.389007630148151,
      "Tier0-AP": 0.45143405315560153,
      "Tier01-AP": 0.5669642187266668,
      "n_samples": 276
    },
    "2023-06/aq2": {
      "VC@20": 0.6065721714013907,
      "VC@100": 0.8220039813533432,
      "Recall@20": 0.6,
      "Recall@100": 0.57,
      "NDCG": 0.6826851306232797,
      "VC@10": 0.4627794080507767,
      "VC@25": 0.6329548400545081,
      "VC@50": 0.7242544583542091,
      "VC@200": 0.8762153165292719,
      "Recall@10": 0.4,
      "Recall@50": 0.54,
      "Spearman": 0.3620185477590325,
      "Tier0-AP": 0.5396145766986978,
      "Tier01-AP": 0.6342789533836257,
      "n_samples": 410
    },
    "2023-06/aq3": {
      "VC@20": 0.2117719861781139,
      "VC@100": 0.47590567352963675,
      "Recall@20": 0.25,
      "Recall@100": 0.52,
      "NDCG": 0.5836246985312216,
      "VC@10": 0.13187671843395926,
      "VC@25": 0.2197951615405505,
      "VC@50": 0.30620771585970863,
      "VC@200": 0.7825367030781022,
      "Recall@10": 0.1,
      "Recall@50": 0.34,
      "Spearman": 0.4080674910672377,
      "Tier0-AP": 0.5302314192183641,
      "Tier01-AP": 0.6362003493429531,
      "n_samples": 504
    },
    "2023-06/aq4": {
      "VC@20": 0.15889475973271822,
      "VC@100": 0.4549071382916657,
      "Recall@20": 0.25,
      "Recall@100": 0.48,
      "NDCG": 0.5460293184489653,
      "VC@10": 0.10198506385473947,
      "VC@25": 0.18664362279180582,
      "VC@50": 0.3712377862322798,
      "VC@200": 0.545938552897938,
      "Recall@10": 0.1,
      "Recall@50": 0.44,
      "Spearman": 0.3176898917281811,
      "Tier0-AP": 0.4630272268278565,
      "Tier01-AP": 0.5786657140243476,
      "n_samples": 459
    },
    "2024-06/aq1": {
      "VC@20": 0.26279227005550715,
      "VC@100": 0.6937417016994417,
      "Recall@20": 0.35,
      "Recall@100": 0.57,
      "NDCG": 0.628872138429923,
      "VC@10": 0.0869617389247236,
      "VC@25": 0.30449985852667116,
      "VC@50": 0.462463289738456,
      "VC@200": 0.8411136233962012,
      "Recall@10": 0.1,
      "Recall@50": 0.48,
      "Spearman": 0.41637430889404514,
      "Tier0-AP": 0.4767209818203883,
      "Tier01-AP": 0.6165682245938247,
      "n_samples": 425
    },
    "2024-06/aq2": {
      "VC@20": 0.26470576227277137,
      "VC@100": 0.647943947030334,
      "Recall@20": 0.2,
      "Recall@100": 0.45,
      "NDCG": 0.7347660643139196,
      "VC@10": 0.16791991041426688,
      "VC@25": 0.35929774461590086,
      "VC@50": 0.4840225254801416,
      "VC@200": 0.7817660320434688,
      "Recall@10": 0.3,
      "Recall@50": 0.36,
      "Spearman": 0.38719880617576674,
      "Tier0-AP": 0.4366866492229452,
      "Tier01-AP": 0.6189533903416331,
      "n_samples": 483
    },
    "2024-06/aq3": {
      "VC@20": 0.23683743836254093,
      "VC@100": 0.7640970072795626,
      "Recall@20": 0.1,
      "Recall@100": 0.56,
      "NDCG": 0.48866061162078617,
      "VC@10": 0.10779873531811275,
      "VC@25": 0.3097332036832041,
      "VC@50": 0.5671853619757095,
      "VC@200": 0.8802791168346441,
      "Recall@10": 0.1,
      "Recall@50": 0.46,
      "Spearman": 0.3959668387333603,
      "Tier0-AP": 0.42124365348577314,
      "Tier01-AP": 0.577879065898751,
      "n_samples": 315
    },
    "2024-06/aq4": {
      "VC@20": 0.11472549488424295,
      "VC@100": 0.4816866143139632,
      "Recall@20": 0.1,
      "Recall@100": 0.49,
      "NDCG": 0.5600476509997653,
      "VC@10": 0.0499018197031027,
      "VC@25": 0.1715138874586326,
      "VC@50": 0.3397771843617454,
      "VC@200": 0.6991538752017359,
      "Recall@10": 0.0,
      "Recall@50": 0.44,
      "Spearman": 0.32445802634666865,
      "Tier0-AP": 0.45777430185588797,
      "Tier01-AP": 0.573342175411529,
      "n_samples": 476
    }
  },
  "aggregate": {
    "mean": {
      "VC@20": 0.30300687575897994,
      "VC@100": 0.6685875064821539,
      "Recall@20": 0.3041666666666667,
      "Recall@100": 0.5133333333333333,
      "NDCG": 0.6023804428893461,
      "VC@10": 0.14893368845894314,
      "VC@25": 0.3437050308156065,
      "VC@50": 0.503636230608402,
      "VC@200": 0.835209012945226,
      "Recall@10": 0.15833333333333335,
      "Recall@50": 0.4233333333333334,
      "Spearman": 0.3641281489962138,
      "Tier0-AP": 0.45312103605670845,
      "Tier01-AP": 0.5805123257716416,
      "n_samples": 384.75
    },
    "std": {
      "VC@20": 0.14959444648159173,
      "VC@100": 0.14534143761171134,
      "Recall@20": 0.15871664128950758,
      "Recall@100": 0.04249182927993988,
      "NDCG": 0.09731865723740858,
      "VC@10": 0.10596699527090411,
      "VC@25": 0.14817986667712957,
      "VC@50": 0.14672848793633375,
      "VC@200": 0.11465259802456461,
      "Recall@10": 0.13202482931462384,
      "Recall@50": 0.08359957469322969,
      "Spearman": 0.04469315414176786,
      "Tier0-AP": 0.05829833135900585,
      "Tier01-AP": 0.05223721762307042,
      "n_samples": 82.74974823728066
    },
    "min": {
      "VC@20": 0.11472549488424295,
      "VC@100": 0.4549071382916657,
      "Recall@20": 0.1,
      "Recall@100": 0.45,
      "NDCG": 0.3824280277508105,
      "VC@10": 0.0499018197031027,
      "VC@25": 0.1715138874586326,
      "VC@50": 0.30620771585970863,
      "VC@200": 0.545938552897938,