{
  "version": "v2a",
  "features": [
    "da_rank_value",
    "bf_6",
    "bf_12",
    "bf_15",
    "bfo_6",
    "bfo_12",
    "bf_combined_6",
    "bf_combined_12"
  ],
  "feature_groups": "history",
  "monotone": false,
  "feature_importance_dev_averaged": {
    "da_rank_value": 0.0781258122483006,
    "bf_6": 0.0753421525169188,
    "bf_12": 0.1540729632585636,
    "bf_15": 0.05549165791780644,
    "bfo_6": 0.014119732641938948,
    "bfo_12": 0.049798709411336635,
    "bf_combined_6": 0.2346712260034748,
    "bf_combined_12": 0.3383777460016601
  },
  "feature_importance_all_averaged": {
    "da_rank_value": 0.07892462610311429,
    "bf_6": 0.06865707357288525,
    "bf_12": 0.1137619209378924,
    "bf_15": 0.05051358846002735,
    "bfo_6": 0.016289894345354092,
    "bfo_12": 0.048390491431031385,
    "bf_combined_6": 0.2921973336363489,
    "bf_combined_12": 0.33126507151334633
  },
  "feature_importance_per_split": {
    "2022-06": {
      "da_rank_value": 0.09588241787699431,
      "bf_6": 0.015093758996364335,
      "bf_12": 0.5428948567024287,
      "bf_15": 0.0689555592167071,
      "bfo_6": 0.015387843130482498,
      "bfo_12": 0.03852815765134697,
      "bf_combined_6": 0.0910486061721149,
      "bf_combined_12": 0.1322088002535612
    },
    "2023-06": {
      "da_rank_value": 0.07981243759967255,
      "bf_6": 0.13595819136084114,
      "bf_12": 0.020080304437027883,
      "bf_15": 0.08032332874152369,
      "bfo_6": 0.015166531699376741,
      "bfo_12": 0.08716052487269746,
      "bf_combined_6": 0.043443979080448746,
      "bf_combined_12": 0.5380547022084118
    },
    "2024-06": {
      "da_rank_value": 0.06557666630257676,
      "bf_6": 0.06416053790428619,
      "bf_12": 0.0177984343072828,
      "bf_15": 0.02688908846394979,
      "bfo_6": 0.01247280707797787,
      "bfo_12": 0.02661832889342718,
      "bf_combined_6": 0.4800890175316676,
      "bf_combined_12": 0.3063951195188318
    },
    "2025-06": {
      "da_rank_value": 0.08058856728406034,
      "bf_6": 0.0547319543654233,
      "bf_12": 0.029793418188439537,
      "bf_15": 0.04014419548756769,
      "bfo_6": 0.02081037356071112,
      "bfo_12": 0.04545715236203751,
      "bf_combined_6": 0.4120250743459789,
      "bf_combined_12": 0.3164492644057816
    }
  },
  "walltimes": {
    "2022-06": 0.42348766326904297,
    "2023-06": 0.502671480178833,
    "2024-06": 0.6082143783569336,
    "2025-06": 0.6940841674804688
  },
  "n_train_rows": {
    "2022-06": 31375,
    "2023-06": 40375,
    "2024-06": 49821,
    "2025-06": 58363
  }
}