{
  "per_group": {
    "2022-06/aq1": {
      "n_branches": 2427,
      "n_binding": 342,
      "VC@20": 0.09586537776506862,
      "Recall@20": 0.038011695906432746,
      "Abs_SP@20": 0.08934168730345532,
      "NB12_Recall@20": 0.0,
      "VC@50": 0.15113261783096646,
      "Recall@50": 0.09064327485380116,
      "Abs_SP@50": 0.14084796198995247,
      "NB12_Recall@50": 0.0,
      "VC@100": 0.2994644315949029,
      "Recall@100": 0.17543859649122806,
      "Abs_SP@100": 0.27908571613439825,
      "NB12_Recall@100": 0.0,
      "NDCG": 0.8105777884901267,
      "Spearman": 0.31779071011936755,
      "cohort_contribution": {
        "established": {
          "count_in_top_k": 50,
          "sp_captured": 501362.08999999997
        },
        "history_dormant": {
          "count_in_top_k": 0,
          "sp_captured": 0.0
        },
        "history_zero": {
          "count_in_top_k": 0,
          "sp_captured": 0.0
        }
      }
    },
    "2022-06/aq2": {
      "n_branches": 2225,
      "n_binding": 408,
      "VC@20": 0.09907841854620843,
      "Recall@20": 0.03676470588235294,
      "Abs_SP@20": 0.08942154593905662,
      "NB12_Recall@20": 0.0,
      "VC@50": 0.3222515061666686,
      "Recall@50": 0.08333333333333333,
      "Abs_SP@50": 0.2908426303673141,
      "NB12_Recall@50": 0.0,
      "VC@100": 0.4042203836946763,
      "Recall@100": 0.15196078431372548,
      "Abs_SP@100": 0.36482225029862303,
      "NB12_Recall@100": 0.0,
      "NDCG": 0.8185974762936483,
      "Spearman": 0.2735896597162459,
      "cohort_contribution": {
        "established": {
          "count_in_top_k": 50,
          "sp_captured": 941211.53
        },
        "history_dormant": {
          "count_in_top_k": 0,
          "sp_captured": 0.0
        },
        "history_zero": {
          "count_in_top_k": 0,
          "sp_captured": 0.0
        }
      }
    },
    "2022-06/aq3": {
      "n_branches": 1953,
      "n_binding": 317,
      "VC@20": 0.0680606719025649,
      "Recall@20": 0.03470031545741325,
      "Abs_SP@20": 0.059769093215136,
      "NB12_Recall@20": 0.0,
      "VC@50": 0.4226771170615378,
      "Recall@50": 0.10410094637223975,
      "Abs_SP@50": 0.37118393491210827,
      "NB12_Recall@50": 0.0,
      "VC@100": 0.5208420990352386,
      "Recall@100": 0.17034700315457413,
      "Abs_SP@100": 0.45738984199524363,
      "NB12_Recall@100": 0.0,
      "NDCG": 0.7909461000112141,
      "Spearman": 0.286108908780832,
      "cohort_contribution": {
        "established": {
          "count_in_top_k": 50,
          "sp_captured": 852137.7200000001
        },
        "history_dormant": {
          "count_in_top_k": 0,
          "sp_captured": 0.0
        },
        "history_zero": {
          "count_in_top_k": 0,
          "sp_captured": 0.0
        }
      }
    },
    "2022-06/aq4": {
      "n_branches": 2395,
      "n_binding": 388,
      "VC@20": 0.041024324131958875,
      "Recall@20": 0.030927835051546393,
      "Abs_SP@20": 0.03785374988920514,
      "NB12_Recall@20": 0.0,
      "VC@50": 0.2572788157521907,
      "Recall@50": 0.07216494845360824,
      "Abs_SP@50": 0.23739496382555741,
      "NB12_Recall@50": 0.0,
      "VC@100": 0.3985558778183189,
      "Recall@100": 0.13917525773195877,
      "Abs_SP@100": 0.367753395943317,
      "NB12_Recall@100": 0.0,
      "NDCG": 0.7957480581075964,
      "Spearman": 0.25822332675082516,
      "cohort_contribution": {
        "established": {
          "count_in_top_k": 50,
          "sp_captured": 641939.0
        },
        "history_dormant": {
          "count_in_top_k": 0,
          "sp_captured": 0.0
        },
        "history_zero": {
          "count_in_top_k": 0,
          "sp_captured": 0.0
        }
      }
    },
    "2023-06/aq1": {
      "n_branches": 2512,
      "n_binding": 327,
      "VC@20": 0.08837507668307831,
      "Recall@20": 0.05504587155963303,
      "Abs_SP@20": 0.07963320080009088,
      "NB12_Recall@20": 0.0,
      "VC@50": 0.26172337808080665,
      "Recall@50": 0.12232415902140673,
      "Abs_SP@50": 0.23583425444175818,
      "NB12_Recall@50": 0.0,
      "VC@100": 0.37213660549678657,
      "Recall@100": 0.21712538226299694,
      "Abs_SP@100": 0.33532563866237736,
      "NB12_Recall@100": 0.0,
      "NDCG": 0.8406571979854325,
      "Spearman": 0.32399244509184805,
      "cohort_contribution": {
        "established": {
          "count_in_top_k": 50,
          "sp_captured": 463816.78
        },
        "history_dormant": {
          "count_in_top_k": 0,
          "sp_captured": 0.0
        },
        "history_zero": {
          "count_in_top_k": 0,
          "sp_captured": 0.0
        }
      }
    },
    "2023-06/aq2": {
      "n_branches": 2278,
      "n_binding": 422,
      "VC@20": 0.13530529763262508,
      "Recall@20": 0.04028436018957346,
      "Abs_SP@20": 0.12671589832457478,
      "NB12_Recall@20": 0.0,
      "VC@50": 0.39916081684318444,
      "Recall@50": 0.0971563981042654,
      "Abs_SP@50": 0.3738214420812095,
      "NB12_Recall@50": 0.0,
      "VC@100": 0.452786102696993,
      "Recall@100": 0.16587677725118483,
      "Abs_SP@100": 0.42404250798749366,
      "NB12_Recall@100": 0.0,
      "NDCG": 0.8402997834481275,
      "Spearman": 0.3271154778369994,
      "cohort_contribution": {
        "established": {
          "count_in_top_k": 50,
          "sp_captured": 1367097.11
        },
        "history_dormant": {
          "count_in_top_k": 0,
          "sp_captured": 0.0
        },
        "history_zero": {
          "count_in_top_k": 0,
          "sp_captured": 0.0
        }
      }
    },
    "2023-06/aq3": {
      "n_branches": 2274,
      "n_binding": 338,
      "VC@20": 0.08093522633556459,
      "Recall@20": 0.05325443786982249,
      "Abs_SP@20": 0.0668570053688116,
      "NB12_Recall@20": 0.0,
      "VC@50": 0.2540617713308417,
      "Recall@50": 0.11538461538461539,
      "Abs_SP@50": 0.20986917537551825,
      "NB12_Recall@50": 0.0,
      "VC@100": 0.2862434325089698,
      "Recall@100": 0.19822485207100593,
      "Abs_SP@100": 0.23645302015582176,
      "NB12_Recall@100": 0.0,
      "NDCG": 0.823332121132903,
      "Spearman": 0.32217753144319955,
      "cohort_contribution": {
        "established": {
          "count_in_top_k": 50,
          "sp_captured": 614453.1499999998
        },
        "history_dormant": {
          "count_in_top_k": 0,
          "sp_captured": 0.0
        },
        "history_zero": {
          "count_in_top_k": 0,
          "sp_captured": 0.0
        }
      }
    },
    "2023-06/aq4": {
      "n_branches": 2382,
      "n_binding": 423,
      "VC@20": 0.10656306804012491,
      "Recall@20": 0.03546099290780142,
      "Abs_SP@20": 0.09631270118388968,
      "NB12_Recall@20": 0.0,
      "VC@50": 0.3791588067139283,
      "Recall@50": 0.09929078014184398,
      "Abs_SP@50": 0.34268728860667247,
      "NB12_Recall@50": 0.0,
      "VC@100": 0.4602917548262264,
      "Recall@100": 0.16312056737588654,
      "Abs_SP@100": 0.4160160086916224,
      "NB12_Recall@100": 0.0,
      "NDCG": 0.8317766347790713,
      "Spearman": 0.31900821688856457,
      "cohort_contribution": {
        "established": {
          "count_in_top_k": 50,
          "sp_captured": 934805.74
        },
        "history_dormant": {
          "count_in_top_k": 0,
          "sp_captured": 0.0
        },
        "history_zero": {
          "count_in_top_k": 0,
          "sp_captured": 0.0
        }
      }
    },
    "2024-06/aq1": {
      "n_branches": 2339,
      "n_binding": 385,
      "VC@20": 0.07927690717984257,
      "Recall@20": 0.04415584415584416,
      "Abs_SP@20": 0.07368336635010818,
      "NB12_Recall@20": 0.0,
      "VC@50": 0.2021819025266194,
      "Recall@50": 0.1038961038961039,
      "Abs_SP@50": 0.1879165538009116,
      "NB12_Recall@50": 0.0,
      "VC@100": 0.3006136398852047,
      "Recall@100": 0.18961038961038962,
      "Abs_SP@100": 0.27940324295513236,
      "NB12_Recall@100": 0.0,
      "NDCG": 0.8547676189943987,