{
  "eval_config": {
    "eval_months": [
      "2020-06",
      "2020-07",
      "2020-08",
      "2020-09",
      "2020-10",
      "2020-11",
      "2020-12",
      "2021-01",
      "2021-02",
      "2021-03",
      "2021-04",
      "2021-06",
      "2021-07",
      "2021-08",
      "2021-09",
      "2021-10",
      "2021-11",
      "2021-12",
      "2022-01",
      "2022-02",
      "2022-03",
      "2022-04",
      "2022-06",
      "2022-07",
      "2022-08",
      "2022-09",
      "2022-10",
      "2022-11",
      "2022-12",
      "2023-01",
      "2023-02",
      "2023-03",
      "2023-04"
    ],
    "class_type": "dailyoffpeak",
    "period_type": "f1",
    "lag": 1,
    "variant": "v3c"
  },
  "per_month": {
    "2020-06": {
      "VC@20": 0.7394742005101039,
      "VC@100": 0.8894447714341769,
      "Recall@20": 0.4,
      "Recall@100": 0.44,
      "NDCG": 0.43883110708328105,
      "VC@10": 0.7237590739650775,
      "VC@25": 0.7394742005101039,
      "VC@50": 0.8652736904061213,
      "VC@200": 0.9002158132234648,
      "Recall@10": 0.4,
      "Recall@50": 0.42,
      "Spearman": 0.27316471166965967,
      "n_samples": 242
    },
    "2020-07": {
      "VC@20": 0.030431370862849222,
      "VC@100": 0.9357720442012706,
      "Recall@20": 0.55,
      "Recall@100": 0.4,
      "NDCG": 0.2166357344676215,
      "VC@10": 0.025301250147803375,
      "VC@25": 0.030652404089047503,
      "VC@50": 0.9350451203388189,
      "VC@200": 0.9365963839232927,
      "Recall@10": 0.4,
      "Recall@50": 0.38,
      "Spearman": 0.29506640526573874,
      "n_samples": 289
    },
    "2020-08": {
      "VC@20": 0.080427170824888,
      "VC@100": 0.90886997578422,
      "Recall@20": 0.25,
      "Recall@100": 0.37,
      "NDCG": 0.2997358138100471,
      "VC@10": 0.03488636208486569,
      "VC@25": 0.4101117947355813,
      "VC@50": 0.8225893135304273,
      "VC@200": 0.9531782745605225,
      "Recall@10": 0.1,
      "Recall@50": 0.38,
      "Spearman": 0.30763749524945966,
      "n_samples": 412
    },
    "2020-09": {
      "VC@20": 0.5546022520210608,
      "VC@100": 0.9811663598752315,
      "Recall@20": 0.45,
      "Recall@100": 0.43,
      "NDCG": 0.36674764147974104,
      "VC@10": 0.5499433062956647,
      "VC@25": 0.5563778937675821,
      "VC@50": 0.7447413524133085,
      "VC@200": 0.9814597635352518,
      "Recall@10": 0.4,
      "Recall@50": 0.32,
      "Spearman": 0.28044104592380986,
      "n_samples": 381
    },
    "2020-10": {
      "VC@20": 0.09735165733305523,
      "VC@100": 0.848845276722097,
      "Recall@20": 0.25,
      "Recall@100": 0.33,
      "NDCG": 0.24708186828505127,
      "VC@10": 0.050828745296697946,
      "VC@25": 0.11316155791386695,
      "VC@50": 0.7407142276502172,
      "VC@200": 0.995500079714314,
      "Recall@10": 0.1,
      "Recall@50": 0.3,
      "Spearman": 0.28589679873765644,
      "n_samples": 353
    },
    "2020-11": {
      "VC@20": 0.3411633417075758,
      "VC@100": 0.7486386947595147,
      "Recall@20": 0.3,
      "Recall@100": 0.39,
      "NDCG": 0.38859225599874797,
      "VC@10": 0.29037077292504515,
      "VC@25": 0.3412751204369998,
      "VC@50": 0.5251231202129188,
      "VC@200": 0.8712722644511965,
      "Recall@10": 0.2,
      "Recall@50": 0.42,
      "Spearman": 0.2649090540074613,
      "n_samples": 297
    },
    "2020-12": {
      "VC@20": 0.06768050697061301,
      "VC@100": 0.48868206971078826,
      "Recall@20": 0.35,
      "Recall@100": 0.52,
      "NDCG": 0.2239934789116611,
      "VC@10": 0.024235573183285432,
      "VC@25": 0.0920028343588573,
      "VC@50": 0.1847547243195908,
      "VC@200": 0.9992637537438224,
      "Recall@10": 0.1,
      "Recall@50": 0.42,
      "Spearman": 0.33803612550729123,
      "n_samples": 273
    },
    "2021-01": {
      "VC@20": 0.5241237007853863,
      "VC@100": 0.9864944684319643,
      "Recall@20": 0.4,
      "Recall@100": 0.43,
      "NDCG": 0.3351951735628844,
      "VC@10": 0.032191186112308846,
      "VC@25": 0.5357381232243166,
      "VC@50": 0.832619614375186,
      "VC@200": 0.9913723683459243,
      "Recall@10": 0.1,
      "Recall@50": 0.46,
      "Spearman": 0.33729273718975605,
      "n_samples": 256
    },
    "2021-02": {
      "VC@20": 0.15346091386721863,
      "VC@100": 0.4512173220824709,
      "Recall@20": 0.25,
      "Recall@100": 0.39,
      "NDCG": 0.29582882247526715,
      "VC@10": 0.079830387942472,
      "VC@25": 0.25852592474659025,
      "VC@50": 0.36376543013320595,
      "VC@200": 0.9987044525818605,
      "Recall@10": 0.2,
      "Recall@50": 0.46,
      "Spearman": 0.3750747277151994,
      "n_samples": 342
    },
    "2021-03": {
      "VC@20": 0.41975222084103925,
      "VC@100": 0.902733036715884,
      "Recall@20": 0.35,
      "Recall@100": 0.47,
      "NDCG": 0.6149085801736147,
      "VC@10": 0.22508754509899037,
      "VC@25": 0.4312950989903889,
      "VC@50": 0.6503558651426493,
      "VC@200": 0.9964517706091017,
      "Recall@10": 0.2,
      "Recall@50": 0.4,
      "Spearman": 0.32114760573078366,
      "n_samples": 309
    },
    "2021-04": {
      "VC@20": 0.16581611158234139,
      "VC@100": 0.42394998342892126,
      "Recall@20": 0.3,
      "Recall@100": 0.41,
      "NDCG": 0.4338986270258345,
      "VC@10": 0.13059976070238902,
      "VC@25": 0.20728032086102202,
      "VC@50": 0.41865215339763273,
      "VC@200": 1.0,
      "Recall@10": 0.2,
      "Recall@50": 0.28,
      "Spearman": 0.20039350176480802,
      "n_samples": 293
    },
    "2021-06": {
      "VC@20": 0.23280420366168017,
      "VC@100": 0.7918768864702901,
      "Recall@20": 0.15,
      "Recall@100": 0.41,
      "NDCG": 0.3497682178683985,
      "VC@10": 0.13322611205358126,
      "VC@25": 0.28559232413139746,
      "VC@50": 0.773039723280971,
      "VC@200": 0.9991187292075172,
      "Recall@10": 0.2,
      "Recall@50": 0.28,
      "Spearman": 0.24564803407924007,
      "n_samples": 260
    },
    "2021-07": {
      "VC@20": 0.023845235984454597,
      "VC@100": 0.5014448027832221,
      "Recall@20": 0.2,
      "Recall@100": 0.47,
      "NDCG": 0.20148997765849488,
      "VC@10": 0.020222446916076848,
      "VC@25": 0.023845235984454597,
      "VC@50": 0.4793678328916662,
      "VC@200": 0.5184278245535009,
      "Recall@10": 0.2,
      "Recall@50": 0.26,
      "Spearman": 0.15010271729409688,
      "n_samples": 268
    },
    "2021-08": {
      "VC@20": 0.13196566819061262,
      "VC@100": 0.2705045676740255,
      "Recall@20": 0.3,
      "Recall@100": 0.33,
      "NDCG": 0.18301814604051841,
      "VC@10": 0.04468992280339432,
      "VC@25": 0.13201355173782578,
      "VC@50": 0.16649803330474197,
      "VC@200": 0.9901373772029902,
      "Recall@10": 0.2,
      "Recall@50": 0.3,
      "Spearman": 0.2530903318433857,
      "n_samples": 345
    },
    "2021-09": {
      "VC@20": 0.03305035470539706,
      "VC@100": 0.23062190320488793,
      "Recall@20": 0.25,
      "Recall@100": 0.39,
      "NDCG": 0.1690483921592276,
      "VC@10": 0.01618669775167996,
      "VC@25": 0.03305035470539706,
      "VC@50": 0.22664169588333954,
      "VC@200": 0.25523735742384623,
      "Recall@10": 0.2,
      "Recall@50": 0.28,
      "Spearman": 0.18804736270198671,
      "n_samples": 333
    },
    "2021-10": {
      "VC@20": 0.442565039216689,
      "VC@100": 0.9085100241860286,
      "Recall@20": 0.25,
      "Recall@100": 0.35,
      "NDCG": 0.5311490001462277,
      "VC@10": 0.43849153294331067,
      "VC@25": 0.4425784886802413,
      "VC@50": 0.8859059001203904,
      "VC@200": 0.9480252559689514,
      "Recall@10": 0.2,
      "Recall@50": 0.34,
      "Spearman": 0.2720752641930738,
      "n_samples": 340
    },
    "2021-11": {
      "VC@20": 0.09132725596932154,
      "VC@100": 0.8543962685719617,
      "Recall@20": 0.25,
      "Recall@100": 0.36,
      "NDCG": 0.29484850486389536,
      "VC@10": 0.08028237590674125,
      "VC@25": 0.21308218759616523,
      "VC@50": 0.3732196423223521,
      "VC@200": 0.8708314639085762,
      "Recall@10": 0.2,