{
  "eval_config": {
    "eval_months": [
      "2020-12",
      "2021-09",
      "2022-06",
      "2023-03"
    ],
    "class_type": "onpeak",
    "period_type": "f0",
    "train_months": 8,
    "val_months": 0,
    "mode": "screen"
  },
  "per_month": {
    "2020-12": {
      "VC@20": 0.7077833698861199,
      "VC@100": 0.8108078340654524,
      "Recall@20": 0.45,
      "Recall@100": 0.31,
      "NDCG": 0.5149759337373028,
      "VC@10": 0.25239654963034314,
      "VC@25": 0.7180968032271275,
      "VC@50": 0.7695158735625759,
      "VC@200": 0.8816109835491374,
      "Recall@10": 0.3,
      "Recall@50": 0.38,
      "Spearman": 0.23441495474020288,
      "Tier0-AP": 1.0000000000000002,
      "Tier01-AP": 1.0000000000000002,
      "n_samples": 550
    },
    "2021-09": {
      "VC@20": 0.5242033979971809,
      "VC@100": 0.7244095043028135,
      "Recall@20": 0.3,
      "Recall@100": 0.22,
      "NDCG": 0.6067197215747544,
      "VC@10": 0.37906437859452907,
      "VC@25": 0.5242791088381399,
      "VC@50": 0.6601830000976215,
      "VC@200": 0.8321955619251413,
      "Recall@10": 0.3,
      "Recall@50": 0.24,
      "Spearman": 0.21362142050551025,
      "Tier0-AP": 0.9999999999999999,
      "Tier01-AP": 0.9999999999999999,
      "n_samples": 621
    },
    "2022-06": {
      "VC@20": 0.05678230179574789,
      "VC@100": 0.40308961091493595,
      "Recall@20": 0.05,
      "Recall@100": 0.21,
      "NDCG": 0.327682606319005,
      "VC@10": 0.05085748252800979,
      "VC@25": 0.05978733140382931,
      "VC@50": 0.27671720319676646,
      "VC@200": 0.8151847017051801,
      "Recall@10": 0.1,
      "Recall@50": 0.22,
      "Spearman": 0.17040100234410252,
      "Tier0-AP": 1.0000000000000002,
      "Tier01-AP": 1.0000000000000002,
      "n_samples": 578
    },
    "2023-03": {
      "VC@20": 0.10756974834169607,
      "VC@100": 0.2875709979445706,
      "Recall@20": 0.15,
      "Recall@100": 0.2,
      "NDCG": 0.2928577784363917,
      "VC@10": 0.051795132629446135,
      "VC@25": 0.11192209005006495,
      "VC@50": 0.209195794082182,
      "VC@200": 0.6770757005516382,
      "Recall@10": 0.1,
      "Recall@50": 0.26,
      "Spearman": 0.15646013933733094,
      "Tier0-AP": 1.0,
      "Tier01-AP": 1.0,
      "n_samples": 780
    }
  },
  "aggregate": {
    "mean": {
      "VC@20": 0.34908470450518614,
      "VC@100": 0.5564694868069431,
      "Recall@20": 0.23750000000000002,
      "Recall@100": 0.235,
      "NDCG": 0.4355590100168635,
      "VC@10": 0.18352838584558204,
      "VC@25": 0.3535213333797904,
      "VC@50": 0.47890296773478647,
      "VC@200": 0.8015167369327743,
      "Recall@10": 0.19999999999999998,
      "Recall@50": 0.275,
      "Spearman": 0.19372437923178665,
      "Tier0-AP": 1.0,
      "Tier01-AP": 1.0,
      "n_samples": 632.25
    },
    "std": {
      "VC@20": 0.27527325425691535,
      "VC@100": 0.2172116640536474,
      "Recall@20": 0.15155444566227677,
      "Recall@100": 0.04387482193696061,
      "NDCG": 0.13000384313895144,
      "VC@10": 0.1395818460916463,
      "VC@25": 0.27691305015663337,
      "VC@50": 0.24028074936865101,
      "VC@200": 0.07587599001098111,
      "Recall@10": 0.09999999999999999,
      "Recall@50": 0.06224949798994366,
      "Spearman": 0.03156033377125029,
      "Tier0-AP": 1.6653345369377348e-16,
      "Tier01-AP": 1.6653345369377348e-16,
      "n_samples": 88.97295937530683
    },
    "min": {
      "VC@20": 0.05678230179574789,
      "VC@100": 0.2875709979445706,
      "Recall@20": 0.05,
      "Recall@100": 0.2,
      "NDCG": 0.2928577784363917,
      "VC@10": 0.05085748252800979,
      "VC@25": 0.05978733140382931,
      "VC@50": 0.209195794082182,
      "VC@200": 0.6770757005516382,
      "Recall@10": 0.1,
      "Recall@50": 0.22,
      "Spearman": 0.15646013933733094,
      "Tier0-AP": 0.9999999999999999,
      "Tier01-AP": 0.9999999999999999,
      "n_samples": 550.0
    },
    "max": {
      "VC@20": 0.7077833698861199,
      "VC@100": 0.8108078340654524,
      "Recall@20": 0.45,
      "Recall@100": 0.31,
      "NDCG": 0.6067197215747544,
      "VC@10": 0.37906437859452907,
      "VC@25": 0.7180968032271275,
      "VC@50": 0.7695158735625759,
      "VC@200": 0.8816109835491374,
      "Recall@10": 0.3,
      "Recall@50": 0.38,
      "Spearman": 0.23441495474020288,
      "Tier0-AP": 1.0000000000000002,
      "Tier01-AP": 1.0000000000000002,
      "n_samples": 780.0
    },
    "bottom_2_mean": {
      "VC@20": 0.08217602506872199,
      "VC@100": 0.34533030442975327,
      "Recall@20": 0.1,
      "Recall@100": 0.20500000000000002,
      "NDCG": 0.3102701923776984,
      "VC@10": 0.05132630757872796,
      "VC@25": 0.08585471072694713,
      "VC@50": 0.24295649863947422,
      "VC@200": 0.7461302011284092,
      "Recall@10": 0.1,
      "Recall@50": 0.22999999999999998,
      "Spearman": 0.16343057084071672,
      "Tier0-AP": 1.0,
      "Tier01-AP": 1.0,
      "n_samples": 564.0
    }
  },
  "n_months": 4,
  "n_months_requested": 4,
  "skipped_months": []
}