{
  "eval_config": {
    "eval_groups": [
      "2022-06/aq1",
      "2022-06/aq2",
      "2022-06/aq3",
      "2022-06/aq4",
      "2023-06/aq1",
      "2023-06/aq2",
      "2023-06/aq3",
      "2023-06/aq4",
      "2024-06/aq1",
      "2024-06/aq2",
      "2024-06/aq3",
      "2024-06/aq4"
    ],
    "mode": "eval"
  },
  "per_month": {
    "2022-06/aq1": {
      "VC@20": 0.22214321264504114,
      "VC@100": 0.635984357830145,
      "Recall@20": 0.25,
      "Recall@100": 0.57,
      "NDCG": 0.6502807959185448,
      "VC@10": 0.15539543457057067,
      "VC@25": 0.292383237695334,
      "VC@50": 0.4662145638678197,
      "VC@200": 0.8696387880105654,
      "Recall@10": 0.2,
      "Recall@50": 0.42,
      "Spearman": 0.42488026916870997,
      "Tier0-AP": 0.4360685371695434,
      "Tier01-AP": 0.6502848612653886,
      "n_samples": 325
    },
    "2022-06/aq2": {
      "VC@20": 0.41872398851181936,
      "VC@100": 0.8103989396354048,
      "Recall@20": 0.6,
      "Recall@100": 0.66,
      "NDCG": 0.7971833888472137,
      "VC@10": 0.34110678535817474,
      "VC@25": 0.4970720210177922,
      "VC@50": 0.6636045109813143,
      "VC@200": 0.928436727408193,
      "Recall@10": 0.6,
      "Recall@50": 0.54,
      "Spearman": 0.5053490893735775,
      "Tier0-AP": 0.5770408946449245,
      "Tier01-AP": 0.6926276045158624,
      "n_samples": 302
    },
    "2022-06/aq3": {
      "VC@20": 0.5478587650686072,
      "VC@100": 0.8722415026243018,
      "Recall@20": 0.25,
      "Recall@100": 0.44,
      "NDCG": 0.900764381069485,
      "VC@10": 0.5294663564033796,
      "VC@25": 0.5965396839393778,
      "VC@50": 0.7373741939605887,
      "VC@200": 0.9679377007272063,
      "Recall@10": 0.3,
      "Recall@50": 0.38,
      "Spearman": 0.3222215173427297,
      "Tier0-AP": 0.41266939403839265,
      "Tier01-AP": 0.4630677563312762,
      "n_samples": 262
    },
    "2022-06/aq4": {
      "VC@20": 0.29788218265421723,
      "VC@100": 0.8308789590875912,
      "Recall@20": 0.4,
      "Recall@100": 0.51,
      "NDCG": 0.7135825298475408,
      "VC@10": 0.16740070559691705,
      "VC@25": 0.35864975147211003,
      "VC@50": 0.4943918200936147,
      "VC@200": 0.9472584789154365,
      "Recall@10": 0.2,
      "Recall@50": 0.5,
      "Spearman": 0.47683298717974354,
      "Tier0-AP": 0.5595526469898887,
      "Tier01-AP": 0.6653761633881726,
      "n_samples": 380
    },
    "2023-06/aq1": {
      "VC@20": 0.2135102580729292,
      "VC@100": 0.7590231099927832,
      "Recall@20": 0.25,
      "Recall@100": 0.57,
      "NDCG": 0.5430111603899865,
      "VC@10": 0.1460085051320055,
      "VC@25": 0.2935631028994582,
      "VC@50": 0.4162170472243147,
      "VC@200": 0.9489159315047572,
      "Recall@10": 0.2,
      "Recall@50": 0.44,
      "Spearman": 0.4741908284897893,
      "Tier0-AP": 0.467387987994872,
      "Tier01-AP": 0.6304242401110125,
      "n_samples": 276
    },
    "2023-06/aq2": {
      "VC@20": 0.31630656465803597,
      "VC@100": 0.8856804097860115,
      "Recall@20": 0.4,
      "Recall@100": 0.57,
      "NDCG": 0.5327437390592509,
      "VC@10": 0.18659932315182365,
      "VC@25": 0.3458193505739652,
      "VC@50": 0.7350749876239776,
      "VC@200": 0.941326737744105,
      "Recall@10": 0.1,
      "Recall@50": 0.58,
      "Spearman": 0.509834297073343,
      "Tier0-AP": 0.5421407157564231,
      "Tier01-AP": 0.7056787522720933,
      "n_samples": 410
    },
    "2023-06/aq3": {
      "VC@20": 0.168292823511958,
      "VC@100": 0.5447052877222337,
      "Recall@20": 0.1,
      "Recall@100": 0.6,
      "NDCG": 0.5943336868763098,
      "VC@10": 0.11495622247285724,
      "VC@25": 0.21066867208232906,
      "VC@50": 0.4069246493388509,
      "VC@200": 0.6475821549656965,
      "Recall@10": 0.1,
      "Recall@50": 0.5,
      "Spearman": 0.4862067240996743,
      "Tier0-AP": 0.6565345183640995,
      "Tier01-AP": 0.711898949798951,
      "n_samples": 504
    },
    "2023-06/aq4": {
      "VC@20": 0.22755996278757962,
      "VC@100": 0.6707061944046029,
      "Recall@20": 0.35,
      "Recall@100": 0.51,
      "NDCG": 0.7130713098866046,
      "VC@10": 0.1780760933999221,
      "VC@25": 0.2641297926251171,
      "VC@50": 0.41574053091538626,
      "VC@200": 0.8569615282989244,
      "Recall@10": 0.3,
      "Recall@50": 0.5,
      "Spearman": 0.4910273465069807,
      "Tier0-AP": 0.5365027610374881,
      "Tier01-AP": 0.6721984988224488,
      "n_samples": 459
    },
    "2024-06/aq1": {
      "VC@20": 0.2631815328274377,
      "VC@100": 0.7439475538690354,
      "Recall@20": 0.4,
      "Recall@100": 0.63,
      "NDCG": 0.8164267926203153,
      "VC@10": 0.18374152545368735,
      "VC@25": 0.2907530494442307,
      "VC@50": 0.4730657739601926,
      "VC@200": 0.9384774803764686,
      "Recall@10": 0.3,
      "Recall@50": 0.54,
      "Spearman": 0.599771278480841,
      "Tier0-AP": 0.6219318492810327,
      "Tier01-AP": 0.7295819704818451,
      "n_samples": 425
    },
    "2024-06/aq2": {
      "VC@20": 0.36208010940990304,
      "VC@100": 0.6651725272498856,
      "Recall@20": 0.4,
      "Recall@100": 0.54,
      "NDCG": 0.8262432017953911,
      "VC@10": 0.21122699150553265,
      "VC@25": 0.3837477087425056,
      "VC@50": 0.4792327284591432,
      "VC@200": 0.8490128799908286,
      "Recall@10": 0.3,
      "Recall@50": 0.38,
      "Spearman": 0.5349122504287311,
      "Tier0-AP": 0.5328197638489406,
      "Tier01-AP": 0.7271584741340306,
      "n_samples": 483
    },
    "2024-06/aq3": {
      "VC@20": 0.30148860519758736,
      "VC@100": 0.7686215668019917,
      "Recall@20": 0.25,
      "Recall@100": 0.62,
      "NDCG": 0.571197034478061,
      "VC@10": 0.22521121756920187,
      "VC@25": 0.3043307020387974,
      "VC@50": 0.48811701779515954,
      "VC@200": 0.9345356854229003,
      "Recall@10": 0.2,
      "Recall@50": 0.46,
      "Spearman": 0.5213956951088002,
      "Tier0-AP": 0.5569771892000642,
      "Tier01-AP": 0.670203272587206,
      "n_samples": 315
    },
    "2024-06/aq4": {
      "VC@20": 0.2438253508555865,
      "VC@100": 0.5572321021116727,
      "Recall@20": 0.15,
      "Recall@100": 0.5,
      "NDCG": 0.7437541178107472,
      "VC@10": 0.197007796071075,
      "VC@25": 0.2995303638860478,
      "VC@50": 0.4046845128959348,
      "VC@200": 0.8622630036553087,
      "Recall@10": 0.2,
      "Recall@50": 0.54,
      "Spearman": 0.49138330298186084,
      "Tier0-AP": 0.6041366471354503,
      "Tier01-AP": 0.6871300011521524,
      "n_samples": 476
    }
  },
  "aggregate": {
    "mean": {
      "VC@20": 0.2985711130167252,
      "VC@100": 0.7287160425929717,
      "Recall@20": 0.31666666666666665,
      "Recall@100": 0.5599999999999999,
      "NDCG": 0.7002160115499542,
      "VC@10": 0.2196830797237623,
      "VC@25": 0.3447656197014221,
      "VC@50": 0.5150535280930248,
      "VC@200": 0.8910289247516993,
      "Recall@10": 0.25,
      "Recall@50": 0.4816666666666667,
      "Spearman": 0.48650046551956505,
      "Tier0-AP": 0.54198024212176,
      "Tier01-AP": 0.6671358787383701,
      "n_samples": 384.75
    },
    "std": {
      "VC@20": 0.10011621673562901,
      "VC@100": 0.10968077980098022,
      "Recall@20": 0.12963624321753373,
      "Recall@100": 0.06041522986797286,
      "NDCG": 0.11703291006630373,
      "VC@10": 0.10751166841437002,
      "VC@25": 0.10195963676704142,
      "VC@50": 0.11902101996171799,
      "VC@200": 0.0836552084873288,
      "Recall@10": 0.12583057392117916,
      "Recall@50": 0.06295942255841368,
      "Spearman": 0.06348584035180306,
      "Tier0-AP": 0.06997489998415497,
      "Tier01-AP": 0.06791829674069146,
      "n_samples": 82.74974823728066
    },
    "min": {
      "VC@20": 0.168292823511958,
      "VC@100": 0.5447052877222337,
      "Recall@20": 0.1,
      "Recall@100": 0.44,
      "NDCG": 0.5327437390592509,
      "VC@10": 0.11495622247285724,
      "VC@25": 0.21066867208232906,
      "VC@50": 0.4046845128959348,
      "VC@200": 0.6475821549656965,
      "Recall@10": 0.1,