{
  "version": "v3f_nbonly",
  "features": [
    "da_rank_value",
    "bf_combined_12",
    "bin_80_cid_max",
    "bin_90_cid_max",
    "bin_90_cid_min",
    "bin_80_cid_min",
    "bin_100_cid_min",
    "bin_-50_cid_max",
    "bin_70_cid_max",
    "limit_std"
  ],
  "feature_groups": "history",
  "monotone": false,
  "feature_importance_dev_averaged": {
    "da_rank_value": 0.3159184340063325,
    "bf_combined_12": 0.31064958554573735,
    "bin_80_cid_max": 0.03181292234387131,
    "bin_90_cid_max": 0.1146907256096247,
    "bin_90_cid_min": 0.01967764191581308,
    "bin_80_cid_min": 0.02678608025643842,
    "bin_100_cid_min": 0.019140165186297284,
    "bin_-50_cid_max": 0.041291875409243055,
    "bin_70_cid_max": 0.030544887576176405,
    "limit_std": 0.0894876821504658
  },
  "feature_importance_all_averaged": {
    "da_rank_value": 0.3914390098080146,
    "bf_combined_12": 0.2781659005786335,
    "bin_80_cid_max": 0.029818740102208113,
    "bin_90_cid_max": 0.09396136436950123,
    "bin_90_cid_min": 0.019536666872688686,
    "bin_80_cid_min": 0.024833340454351347,
    "bin_100_cid_min": 0.018987147687817993,
    "bin_-50_cid_max": 0.03945425803621966,
    "bin_70_cid_max": 0.03208747154094628,
    "limit_std": 0.07171610054961856
  },
  "feature_importance_per_split": {
    "2022-06": {
      "da_rank_value": 0.15544955568560814,
      "bf_combined_12": 0.434903853882917,
      "bin_80_cid_max": 0.028598912190762014,
      "bin_90_cid_max": 0.05047956668296705,
      "bin_90_cid_min": 0.015303009064000764,
      "bin_80_cid_min": 0.020008283412947758,
      "bin_100_cid_min": 0.015802253482422705,
      "bin_-50_cid_max": 0.04261375325119462,
      "bin_70_cid_max": 0.03138337584857623,
      "limit_std": 0.2054574364986037
    },
    "2023-06": {
      "da_rank_value": 0.15813177202125187,
      "bf_combined_12": 0.3807823145543908,
      "bin_80_cid_max": 0.033474242619029454,
      "bin_90_cid_max": 0.23042820251198248,
      "bin_90_cid_min": 0.022472981279534305,
      "bin_80_cid_min": 0.03397485635375293,
      "bin_100_cid_min": 0.018891324739655574,
      "bin_-50_cid_max": 0.039047926580528136,
      "bin_70_cid_max": 0.033307784472138266,
      "limit_std": 0.049488594867736165
    },
    "2024-06": {
      "da_rank_value": 0.5448449416027349,
      "bf_combined_12": 0.17556424798118844,
      "bin_80_cid_max": 0.03249062376384069,
      "bin_90_cid_max": 0.061334198871726815,
      "bin_90_cid_min": 0.02016724025617894,
      "bin_80_cid_min": 0.02522863542464955,
      "bin_100_cid_min": 0.02144389077876279,
      "bin_-50_cid_max": 0.04227791576708681,
      "bin_70_cid_max": 0.027777790735065134,
      "limit_std": 0.04887051481876599
    },
    "2025-06": {
      "da_rank_value": 0.5487494962598126,
      "bf_combined_12": 0.21050190001088034,
      "bin_80_cid_max": 0.0256648287319695,
      "bin_90_cid_max": 0.050781795544679834,
      "bin_90_cid_min": 0.019243013753971763,
      "bin_80_cid_min": 0.020765754304230083,
      "bin_100_cid_min": 0.018668409954877157,
      "bin_-50_cid_max": 0.03562647362390658,
      "bin_70_cid_max": 0.03530069696083624,
      "limit_std": 0.0346976308548359
    }
  },
  "walltimes": {
    "2022-06": 0.5387759208679199,
    "2023-06": 0.6178264617919922,
    "2024-06": 0.7507278919219971,
    "2025-06": 0.838895320892334
  },
  "n_train_rows": {
    "2022-06": 31375,
    "2023-06": 40375,
    "2024-06": 49821,
    "2025-06": 58363
  }
}