{
  "per_group": {
    "2022-06/aq1": {
      "n_branches": 2427,
      "n_binding": 342,
      "VC@20": 0.09381670071286273,
      "Recall@20": 0.04093567251461988,
      "Abs_SP@20": 0.08743242382532569,
      "NB12_Recall@20": 0.0,
      "VC@50": 0.1590414154037583,
      "Recall@50": 0.08771929824561403,
      "Abs_SP@50": 0.14821856163882965,
      "NB12_Recall@50": 0.0,
      "VC@100": 0.322989999274183,
      "Recall@100": 0.17251461988304093,
      "Abs_SP@100": 0.30101035629374023,
      "NB12_Recall@100": 0.0,
      "NDCG": 0.8107970426368217,
      "Spearman": 0.34011308165435317,
      "cohort_contribution": {
        "established": {
          "count_in_top_k": 49,
          "sp_captured": 527598.46
        },
        "history_dormant": {
          "count_in_top_k": 1,
          "sp_captured": 0.0
        },
        "history_zero": {
          "count_in_top_k": 0,
          "sp_captured": 0.0
        }
      }
    },
    "2022-06/aq2": {
      "n_branches": 2225,
      "n_binding": 408,
      "VC@20": 0.1672764582005029,
      "Recall@20": 0.03431372549019608,
      "Abs_SP@20": 0.15097252974948078,
      "NB12_Recall@20": 0.0,
      "VC@50": 0.3499159694639419,
      "Recall@50": 0.08088235294117647,
      "Abs_SP@50": 0.31581072242928765,
      "NB12_Recall@50": 0.0,
      "VC@100": 0.42405731615867515,
      "Recall@100": 0.13725490196078433,
      "Abs_SP@100": 0.3827257371895867,
      "NB12_Recall@100": 0.006329113924050633,
      "NDCG": 0.8275095739467196,
      "Spearman": 0.3066254444764652,
      "cohort_contribution": {
        "established": {
          "count_in_top_k": 49,
          "sp_captured": 1022012.1200000001
        },
        "history_dormant": {
          "count_in_top_k": 1,
          "sp_captured": 0.0
        },
        "history_zero": {
          "count_in_top_k": 0,
          "sp_captured": 0.0
        }
      }
    },
    "2022-06/aq3": {
      "n_branches": 1953,
      "n_binding": 317,
      "VC@20": 0.1413256670773346,
      "Recall@20": 0.0473186119873817,
      "Abs_SP@20": 0.12410848634184823,
      "NB12_Recall@20": 0.0,
      "VC@50": 0.41010123633610746,
      "Recall@50": 0.09779179810725552,
      "Abs_SP@50": 0.36014012699295145,
      "NB12_Recall@50": 0.0,
      "VC@100": 0.5198624402386756,
      "Recall@100": 0.1861198738170347,
      "Abs_SP@100": 0.45652953138863317,
      "NB12_Recall@100": 0.02564102564102564,
      "NDCG": 0.823815384196576,
      "Spearman": 0.2945637513077945,
      "cohort_contribution": {
        "established": {
          "count_in_top_k": 48,
          "sp_captured": 826784.1300000001
        },
        "history_dormant": {
          "count_in_top_k": 2,
          "sp_captured": 0.0
        },
        "history_zero": {
          "count_in_top_k": 0,
          "sp_captured": 0.0
        }
      }
    },
    "2022-06/aq4": {
      "n_branches": 2395,
      "n_binding": 388,
      "VC@20": 0.14823951604125735,
      "Recall@20": 0.03865979381443299,
      "Abs_SP@20": 0.13678279125020723,
      "NB12_Recall@20": 0.0,
      "VC@50": 0.25758678611635355,
      "Recall@50": 0.07989690721649484,
      "Abs_SP@50": 0.23767913262991874,
      "NB12_Recall@50": 0.0,
      "VC@100": 0.43663294937180364,
      "Recall@100": 0.15721649484536082,
      "Abs_SP@100": 0.40288767234145345,
      "NB12_Recall@100": 0.0125,
      "NDCG": 0.8340266445951237,
      "Spearman": 0.2869079420104164,
      "cohort_contribution": {
        "established": {
          "count_in_top_k": 49,
          "sp_captured": 642707.42
        },
        "history_dormant": {
          "count_in_top_k": 1,
          "sp_captured": 0.0
        },
        "history_zero": {
          "count_in_top_k": 0,
          "sp_captured": 0.0
        }
      }
    },
    "2023-06/aq1": {
      "n_branches": 2512,
      "n_binding": 327,
      "VC@20": 0.2446118985864582,
      "Recall@20": 0.05198776758409786,
      "Abs_SP@20": 0.22041540634902435,
      "NB12_Recall@20": 0.0,
      "VC@50": 0.4033687353968097,
      "Recall@50": 0.11314984709480122,
      "Abs_SP@50": 0.36346835225415275,
      "NB12_Recall@50": 0.0,
      "VC@100": 0.4809719880797496,
      "Recall@100": 0.19877675840978593,
      "Abs_SP@100": 0.4333952551274832,
      "NB12_Recall@100": 0.0,
      "NDCG": 0.8373274631854237,
      "Spearman": 0.34563135269380885,
      "cohort_contribution": {
        "established": {
          "count_in_top_k": 50,
          "sp_captured": 714835.6
        },
        "history_dormant": {
          "count_in_top_k": 0,
          "sp_captured": 0.0
        },
        "history_zero": {
          "count_in_top_k": 0,
          "sp_captured": 0.0
        }
      }
    },
    "2023-06/aq2": {
      "n_branches": 2278,
      "n_binding": 422,
      "VC@20": 0.32123905035052525,
      "Recall@20": 0.037914691943127965,
      "Abs_SP@20": 0.3008462754549602,
      "NB12_Recall@20": 0.0,
      "VC@50": 0.6234287841829836,
      "Recall@50": 0.0971563981042654,
      "Abs_SP@50": 0.5838525158389362,
      "NB12_Recall@50": 0.0,
      "VC@100": 0.6710804673147989,
      "Recall@100": 0.15876777251184834,
      "Abs_SP@100": 0.6284791929932976,
      "NB12_Recall@100": 0.0,
      "NDCG": 0.868482946615529,
      "Spearman": 0.36645976470675695,
      "cohort_contribution": {
        "established": {
          "count_in_top_k": 50,
          "sp_captured": 2135198.78
        },
        "history_dormant": {
          "count_in_top_k": 0,
          "sp_captured": 0.0
        },
        "history_zero": {
          "count_in_top_k": 0,
          "sp_captured": 0.0
        }
      }
    },
    "2023-06/aq3": {
      "n_branches": 2274,
      "n_binding": 338,
      "VC@20": 0.1674663572585454,
      "Recall@20": 0.05621301775147929,
      "Abs_SP@20": 0.13833653964108342,
      "NB12_Recall@20": 0.0,
      "VC@50": 0.31461157348412006,
      "Recall@50": 0.10946745562130178,
      "Abs_SP@50": 0.2598866848201462,
      "NB12_Recall@50": 0.0,
      "VC@100": 0.34230213855859665,
      "Recall@100": 0.17751479289940827,
      "Abs_SP@100": 0.2827606340468281,
      "NB12_Recall@100": 0.0,
      "NDCG": 0.8510753285462385,
      "Spearman": 0.3584238443089058,
      "cohort_contribution": {
        "established": {
          "count_in_top_k": 50,
          "sp_captured": 760893.98
        },
        "history_dormant": {
          "count_in_top_k": 0,
          "sp_captured": 0.0
        },
        "history_zero": {
          "count_in_top_k": 0,
          "sp_captured": 0.0
        }
      }
    },
    "2023-06/aq4": {
      "n_branches": 2382,
      "n_binding": 423,
      "VC@20": 0.17265082100843585,
      "Recall@20": 0.04018912529550828,
      "Abs_SP@20": 0.1560434326710402,
      "NB12_Recall@20": 0.0,
      "VC@50": 0.37740846092630254,
      "Recall@50": 0.08983451536643026,
      "Abs_SP@50": 0.34110530965362096,
      "NB12_Recall@50": 0.0,
      "VC@100": 0.49601568111372907,
      "Recall@100": 0.1536643026004728,
      "Abs_SP@100": 0.4483036286046303,
      "NB12_Recall@100": 0.0,
      "NDCG": 0.864444582213144,
      "Spearman": 0.36371444802656655,
      "cohort_contribution": {
        "established": {
          "count_in_top_k": 50,
          "sp_captured": 930490.3099999999
        },
        "history_dormant": {
          "count_in_top_k": 0,
          "sp_captured": 0.0
        },
        "history_zero": {
          "count_in_top_k": 0,
          "sp_captured": 0.0
        }
      }
    },
    "2024-06/aq1": {
      "n_branches": 2339,
      "n_binding": 385,
      "VC@20": 0.13952020563539072,
      "Recall@20": 0.046753246753246755,
      "Abs_SP@20": 0.12967607832825323,
      "NB12_Recall@20": 0.0,
      "VC@50": 0.31428180756094104,
      "Recall@50": 0.0987012987012987,
      "Abs_SP@50": 0.2921070257086814,
      "NB12_Recall@50": 0.0,
      "VC@100": 0.45990428904548564,
      "Recall@100": 0.18181818181818182,
      "Abs_SP@100": 0.4274548216020839,
      "NB12_Recall@100": 0.00980392156862745,