{
  "eval_config": {
    "eval_months": [
      "2020-09",
      "2020-12",
      "2021-03",
      "2021-06",
      "2021-09",
      "2021-12",
      "2022-03",
      "2022-06",
      "2022-09",
      "2022-12",
      "2023-03",
      "2023-05"
    ],
    "class_type": "onpeak",
    "period_type": "f0",
    "train_months": 8,
    "val_months": 0,
    "mode": "eval"
  },
  "per_month": {
    "2020-09": {
      "VC@20": 0.4786242400814971,
      "VC@100": 0.6946792862990052,
      "Recall@20": 0.25,
      "Recall@100": 0.26,
      "NDCG": 0.5893154727244804,
      "VC@10": 0.4678977090136732,
      "VC@25": 0.4797833962546846,
      "VC@50": 0.6274151286597992,
      "VC@200": 0.7872537400656177,
      "Recall@10": 0.4,
      "Recall@50": 0.28,
      "Spearman": 0.21322225790869012,
      "Tier0-AP": 1.0,
      "Tier01-AP": 1.0,
      "n_samples": 715
    },
    "2020-12": {
      "VC@20": 0.3353417630572715,
      "VC@100": 0.7956973003205132,
      "Recall@20": 0.3,
      "Recall@100": 0.38,
      "NDCG": 0.5981112861816392,
      "VC@10": 0.3082018462140048,
      "VC@25": 0.34406279545604235,
      "VC@50": 0.4539922055566797,
      "VC@200": 0.9312631706551396,
      "Recall@10": 0.4,
      "Recall@50": 0.32,
      "Spearman": 0.2545643292068581,
      "Tier0-AP": 1.0,
      "Tier01-AP": 1.0,
      "n_samples": 550
    },
    "2021-03": {
      "VC@20": 0.25937556567030523,
      "VC@100": 0.645554489313368,
      "Recall@20": 0.3,
      "Recall@100": 0.24,
      "NDCG": 0.508702414959265,
      "VC@10": 0.18453035302150775,
      "VC@25": 0.26535611172544066,
      "VC@50": 0.5883409368568716,
      "VC@200": 0.8038993532785201,
      "Recall@10": 0.2,
      "Recall@50": 0.26,
      "Spearman": 0.16478534622411722,
      "Tier0-AP": 0.9999999999999999,
      "Tier01-AP": 0.9999999999999999,
      "n_samples": 669
    },
    "2021-06": {
      "VC@20": 0.12662604875635086,
      "VC@100": 0.6149774125759475,
      "Recall@20": 0.15,
      "Recall@100": 0.33,
      "NDCG": 0.3346020745987479,
      "VC@10": 0.04459211098506286,
      "VC@25": 0.36382753464441386,
      "VC@50": 0.45025077744927444,
      "VC@200": 0.9349583550570663,
      "Recall@10": 0.1,
      "Recall@50": 0.24,
      "Spearman": 0.276713398984627,
      "Tier0-AP": 1.0,
      "Tier01-AP": 1.0,
      "n_samples": 556
    },
    "2021-09": {
      "VC@20": 0.5243458187299361,
      "VC@100": 0.7238624523296874,
      "Recall@20": 0.3,
      "Recall@100": 0.3,
      "NDCG": 0.553861796951869,
      "VC@10": 0.3908159663876783,
      "VC@25": 0.5252471480621161,
      "VC@50": 0.6042028569115511,
      "VC@200": 0.8189656582414696,
      "Recall@10": 0.3,
      "Recall@50": 0.18,
      "Spearman": 0.1896631290591167,
      "Tier0-AP": 1.0,
      "Tier01-AP": 1.0,
      "n_samples": 621
    },
    "2021-12": {
      "VC@20": 0.34961324901282065,
      "VC@100": 0.6538883193081116,
      "Recall@20": 0.1,
      "Recall@100": 0.24,
      "NDCG": 0.735235196543514,
      "VC@10": 0.32602897949654214,
      "VC@25": 0.40181832419506636,
      "VC@50": 0.5699550893210613,
      "VC@200": 0.8794301259732218,
      "Recall@10": 0.1,
      "Recall@50": 0.24,
      "Spearman": 0.17012192165840778,
      "Tier0-AP": 0.9999999999999998,
      "Tier01-AP": 0.9999999999999998,
      "n_samples": 448
    },
    "2022-03": {
      "VC@20": 0.339685349804361,
      "VC@100": 0.4648617255538197,
      "Recall@20": 0.2,
      "Recall@100": 0.26,
      "NDCG": 0.6781148938061866,
      "VC@10": 0.3290272592696412,
      "VC@25": 0.33968534980436094,
      "VC@50": 0.35605717005607307,
      "VC@200": 0.6562565479998664,
      "Recall@10": 0.4,
      "Recall@50": 0.18,
      "Spearman": 0.18383276712021693,
      "Tier0-AP": 1.0,
      "Tier01-AP": 1.0,
      "n_samples": 717
    },
    "2022-06": {
      "VC@20": 0.05321546446196776,
      "VC@100": 0.5845092059031517,
      "Recall@20": 0.05,
      "Recall@100": 0.3,
      "NDCG": 0.3339449634658747,
      "VC@10": 0.05085748252800979,
      "VC@25": 0.10933603448557037,
      "VC@50": 0.4641208049691708,
      "VC@200": 0.6852561934130745,
      "Recall@10": 0.1,
      "Recall@50": 0.18,
      "Spearman": 0.16628565031358045,
      "Tier0-AP": 1.0,
      "Tier01-AP": 1.0,
      "n_samples": 578
    },
    "2022-09": {
      "VC@20": 0.14758707955527234,
      "VC@100": 0.41613529235856966,
      "Recall@20": 0.15,
      "Recall@100": 0.28,
      "NDCG": 0.5857516477019372,
      "VC@10": 0.1456036720210568,
      "VC@25": 0.18280314172208947,
      "VC@50": 0.3883117854151842,
      "VC@200": 0.7458327284912492,
      "Recall@10": 0.2,
      "Recall@50": 0.22,
      "Spearman": 0.2174965078214224,
      "Tier0-AP": 1.0,
      "Tier01-AP": 1.0,
      "n_samples": 600
    },
    "2022-12": {
      "VC@20": 0.03605432706348846,
      "VC@100": 0.5950513955391523,
      "Recall@20": 0.0,
      "Recall@100": 0.27,
      "NDCG": 0.37105927591345667,
      "VC@10": 0.025092226891942945,
      "VC@25": 0.09638432041497864,
      "VC@50": 0.26061487252703514,
      "VC@200": 0.6791369363759873,
      "Recall@10": 0.0,
      "Recall@50": 0.26,
      "Spearman": 0.12958800283756564,
      "Tier0-AP": 1.0,
      "Tier01-AP": 1.0,
      "n_samples": 525
    },
    "2023-03": {
      "VC@20": 0.14713836757793766,
      "VC@100": 0.2676177269556354,
      "Recall@20": 0.2,
      "Recall@100": 0.19,
      "NDCG": 0.27224605342989266,
      "VC@10": 0.02667093242409847,
      "VC@25": 0.16881158582693723,
      "VC@50": 0.19295465252532742,
      "VC@200": 0.36533806639017335,
      "Recall@10": 0.0,
      "Recall@50": 0.24,
      "Spearman": 0.15952880315668505,
      "Tier0-AP": 0.9999999999999999,
      "Tier01-AP": 0.9999999999999999,
      "n_samples": 780
    },
    "2023-05": {
      "VC@20": 0.12996095053670953,
      "VC@100": 0.4411076900318599,
      "Recall@20": 0.2,
      "Recall@100": 0.34,
      "NDCG": 0.4416215603568938,
      "VC@10": 0.09053413312473382,
      "VC@25": 0.1299990006916473,
      "VC@50": 0.4115945960012155,
      "VC@200": 0.7318487552990603,
      "Recall@10": 0.2,
      "Recall@50": 0.2,
      "Spearman": 0.21984999022284285,
      "Tier0-AP": 1.0,
      "Tier01-AP": 1.0,
      "n_samples": 655
    }
  },
  "aggregate": {
    "mean": {
      "VC@20": 0.2439640186923265,
      "VC@100": 0.5748285247074019,
      "Recall@20": 0.18333333333333332,
      "Recall@100": 0.2825,
      "NDCG": 0.5002138863861464,
      "VC@10": 0.199154389281496,
      "VC@25": 0.28392622860694566,
      "VC@50": 0.4473175730207703,
      "VC@200": 0.7516199692700373,
      "Recall@10": 0.20000000000000004,
      "Recall@50": 0.2333333333333334,
      "Spearman": 0.19547100870951084,
      "Tier0-AP": 1.0,
      "Tier01-AP": 1.0,
      "n_samples": 617.8333333333334
    },
    "std": {
      "VC@20": 0.15482010662925066,
      "VC@100": 0.14383483987730955,
      "Recall@20": 0.09428090415820634,
      "Recall@100": 0.04918078893226501,
      "NDCG": 0.14195937627581215,
      "VC@10": 0.1512784836533228,
      "VC@25": 0.14046751436222862,
      "VC@50": 0.1306891487825904,
      "VC@200": 0.14695482456917994,
      "Recall@10": 0.1414213562373095,
      "Recall@50": 0.04189935029992179,
      "Spearman": 0.040542646971166295,
      "Tier0-AP": 7.850462293418876e-17,
      "Tier01-AP": 7.850462293418876e-17,
      "n_samples": 90.0803653535121
    },
    "min": {
      "VC@20": 0.03605432706348846,
      "VC@100": 0.2676177269556354,
      "Recall@20": 0.0,
      "Recall@100": 0.19,
      "NDCG": 0.27224605342989266,
      "VC@10": 0.025092226891942945,
      "VC@25": 0.09638432041497864,
      "VC@50": 0.19295465252532742,
      "VC@200": 0.36533806639017335,
      "Recall@10": 0.0,
      "Recall@50": 0.18,
      "Spearman": 0.12958800283756564,
      "Tier0-AP": 0.9999999999999998,
      "Tier01-AP": 0.9999999999999998,
      "n_samples": 448.0
    },
    "max": {
      "VC@20": 0.5243458187299361,
      "VC@100": 0.7956973003205132,