{
  "eval_config": {
    "eval_groups": [
      "2022-06/aq1",
      "2022-06/aq2",
      "2022-06/aq3",
      "2022-06/aq4",
      "2023-06/aq1",
      "2023-06/aq2",
      "2023-06/aq3",
      "2023-06/aq4",
      "2024-06/aq1",
      "2024-06/aq2",
      "2024-06/aq3",
      "2024-06/aq4"
    ],
    "mode": "eval"
  },
  "per_month": {
    "2022-06/aq1": {
      "VC@20": 0.21911518088553067,
      "VC@100": 0.7455322028351203,
      "Recall@20": 0.25,
      "Recall@100": 0.52,
      "NDCG": 0.6145259600165587,
      "VC@10": 0.09218788039124094,
      "VC@25": 0.2316237165135403,
      "VC@50": 0.47755300963522884,
      "VC@200": 0.872300171875478,
      "Recall@10": 0.2,
      "Recall@50": 0.42,
      "Spearman": 0.34838643482258996,
      "Tier0-AP": 0.3672976041496271,
      "Tier01-AP": 0.5648791806553043,
      "n_samples": 325
    },
    "2022-06/aq2": {
      "VC@20": 0.34731641549156994,
      "VC@100": 0.826835048415926,
      "Recall@20": 0.45,
      "Recall@100": 0.59,
      "NDCG": 0.6587389007226463,
      "VC@10": 0.12025294089320938,
      "VC@25": 0.5156565429619517,
      "VC@50": 0.6661922255107203,
      "VC@200": 0.9301181734542221,
      "Recall@10": 0.0,
      "Recall@50": 0.56,
      "Spearman": 0.41608210799502976,
      "Tier0-AP": 0.4781086017755154,
      "Tier01-AP": 0.6069120638486908,
      "n_samples": 302
    },
    "2022-06/aq3": {
      "VC@20": 0.569219472820618,
      "VC@100": 0.8781390864578332,
      "Recall@20": 0.25,
      "Recall@100": 0.43,
      "NDCG": 0.3822250594491006,
      "VC@10": 0.052598378119348546,
      "VC@25": 0.5992849510489593,
      "VC@50": 0.7373446395492392,
      "VC@200": 0.9748116918342022,
      "Recall@10": 0.1,
      "Recall@50": 0.38,
      "Spearman": 0.25734064768530274,
      "Tier0-AP": 0.33182062165631104,
      "Tier01-AP": 0.3933556077149106,
      "n_samples": 262
    },
    "2022-06/aq4": {
      "VC@20": 0.2875685022001466,
      "VC@100": 0.7966235716463094,
      "Recall@20": 0.5,
      "Recall@100": 0.44,
      "NDCG": 0.7299060828246084,
      "VC@10": 0.22680093338225385,
      "VC@25": 0.3166907263667669,
      "VC@50": 0.6675580831542872,
      "VC@200": 0.9088484331465227,
      "Recall@10": 0.4,
      "Recall@50": 0.54,
      "Spearman": 0.38120224059146296,
      "Tier0-AP": 0.464880155889843,
      "Tier01-AP": 0.5835681554813871,
      "n_samples": 380
    },
    "2023-06/aq1": {
      "VC@20": 0.21097500557029641,
      "VC@100": 0.5248600567779856,
      "Recall@20": 0.2,
      "Recall@100": 0.52,
      "NDCG": 0.634092643303579,
      "VC@10": 0.18124828922013164,
      "VC@25": 0.2858024755576791,
      "VC@50": 0.4232034803827637,
      "VC@200": 0.9713309957946273,
      "Recall@10": 0.2,
      "Recall@50": 0.48,
      "Spearman": 0.376654253764604,
      "Tier0-AP": 0.47635970005230227,
      "Tier01-AP": 0.562042973537264,
      "n_samples": 276
    },
    "2023-06/aq2": {
      "VC@20": 0.63373428577008,
      "VC@100": 0.8404133643613075,
      "Recall@20": 0.65,
      "Recall@100": 0.61,
      "NDCG": 0.6857256543043584,
      "VC@10": 0.4656005067594921,
      "VC@25": 0.6368133265188778,
      "VC@50": 0.7703671528767786,
      "VC@200": 0.8856574016835562,
      "Recall@10": 0.4,
      "Recall@50": 0.6,
      "Spearman": 0.36575906666907365,
      "Tier0-AP": 0.5564373347770166,
      "Tier01-AP": 0.6320109121250097,
      "n_samples": 410
    },
    "2023-06/aq3": {
      "VC@20": 0.20925284566089103,
      "VC@100": 0.5522374515708782,
      "Recall@20": 0.35,
      "Recall@100": 0.57,
      "NDCG": 0.5680971743137648,
      "VC@10": 0.1393122269234462,
      "VC@25": 0.23104909599997805,
      "VC@50": 0.35208394461268083,
      "VC@200": 0.7539211001300316,
      "Recall@10": 0.1,
      "Recall@50": 0.34,
      "Spearman": 0.4193196308187122,
      "Tier0-AP": 0.5815377251509147,
      "Tier01-AP": 0.6399458429609411,
      "n_samples": 504
    },
    "2023-06/aq4": {
      "VC@20": 0.15924787716124864,
      "VC@100": 0.4884017120262929,
      "Recall@20": 0.25,
      "Recall@100": 0.56,
      "NDCG": 0.5464110147903686,
      "VC@10": 0.11134278992590592,
      "VC@25": 0.1772074026163994,
      "VC@50": 0.4002994884540244,
      "VC@200": 0.5289321613500679,
      "Recall@10": 0.1,
      "Recall@50": 0.48,
      "Spearman": 0.33028858870999583,
      "Tier0-AP": 0.48183367777424646,
      "Tier01-AP": 0.5970405008811842,
      "n_samples": 459
    },
    "2024-06/aq1": {
      "VC@20": 0.24170712632053212,
      "VC@100": 0.7289959818330536,
      "Recall@20": 0.3,
      "Recall@100": 0.58,
      "NDCG": 0.6277956236454488,
      "VC@10": 0.09340141927991803,
      "VC@25": 0.3047381199035924,
      "VC@50": 0.42592751068259993,
      "VC@200": 0.8399811635869725,
      "Recall@10": 0.1,
      "Recall@50": 0.48,
      "Spearman": 0.4104761002756714,
      "Tier0-AP": 0.4827938739790196,
      "Tier01-AP": 0.6080565901800192,
      "n_samples": 425
    },
    "2024-06/aq2": {
      "VC@20": 0.30700903511307825,
      "VC@100": 0.6491619899956627,
      "Recall@20": 0.25,
      "Recall@100": 0.45,
      "NDCG": 0.7464431184898088,
      "VC@10": 0.16991404322552373,
      "VC@25": 0.34482979506069195,
      "VC@50": 0.4840670264469219,
      "VC@200": 0.7734721285006946,
      "Recall@10": 0.3,
      "Recall@50": 0.36,
      "Spearman": 0.39778802660372153,
      "Tier0-AP": 0.4206547307421131,
      "Tier01-AP": 0.6057290618716673,
      "n_samples": 483
    },
    "2024-06/aq3": {
      "VC@20": 0.29199250211516375,
      "VC@100": 0.7592130370646517,
      "Recall@20": 0.3,
      "Recall@100": 0.52,
      "NDCG": 0.48421114358632333,
      "VC@10": 0.17019944949692503,
      "VC@25": 0.3169336163647362,
      "VC@50": 0.4276269434917827,
      "VC@200": 0.9030374911709717,
      "Recall@10": 0.2,
      "Recall@50": 0.44,
      "Spearman": 0.4303564344434976,
      "Tier0-AP": 0.44511562310899666,
      "Tier01-AP": 0.5804766998010517,
      "n_samples": 315
    },
    "2024-06/aq4": {
      "VC@20": 0.15306791589140187,
      "VC@100": 0.5237614572997987,
      "Recall@20": 0.1,
      "Recall@100": 0.49,
      "NDCG": 0.5525401962944847,
      "VC@10": 0.04303004332794647,
      "VC@25": 0.1718505542281587,
      "VC@50": 0.32954405458586317,
      "VC@200": 0.6996080928894312,
      "Recall@10": 0.0,
      "Recall@50": 0.42,
      "Spearman": 0.31104560569637874,
      "Tier0-AP": 0.4468372364003771,
      "Tier01-AP": 0.5460108581915307,
      "n_samples": 476
    }
  },
  "aggregate": {
    "mean": {
      "VC@20": 0.3025171804167131,
      "VC@100": 0.6928479133570683,
      "Recall@20": 0.32083333333333336,
      "Recall@100": 0.5233333333333334,
      "NDCG": 0.602559380978421,
      "VC@10": 0.15549074174544517,
      "VC@25": 0.3443733602617776,
      "VC@50": 0.5134806299485742,
      "VC@200": 0.8368349171180648,
      "Recall@10": 0.17500000000000002,
      "Recall@50": 0.4583333333333333,
      "Spearman": 0.37039159483967005,
      "Tier0-AP": 0.46113974045469025,
      "Tier01-AP": 0.5766690372707467,
      "n_samples": 384.75
    },
    "std": {
      "VC@20": 0.1454273592291414,
      "VC@100": 0.13341824222882473,
      "Recall@20": 0.1420949408748328,
      "Recall@100": 0.05835713800003865,
      "NDCG": 0.0992314691044334,
      "VC@10": 0.10680594191926712,
      "VC@25": 0.14989535394221623,
      "VC@50": 0.14753539686099984,
      "VC@200": 0.12368422468879682,
      "Recall@10": 0.1299038105676658,
      "Recall@50": 0.07722621892135396,
      "Spearman": 0.04916569117015766,
      "Tier0-AP": 0.06623076945974778,
      "Tier01-AP": 0.06136281035078512,
      "n_samples": 82.74974823728066
    },
    "min": {
      "VC@20": 0.15306791589140187,
      "VC@100": 0.4884017120262929,
      "Recall@20": 0.1,
      "Recall@100": 0.43,
      "NDCG": 0.3822250594491006,
      "VC@10": 0.04303004332794647,
      "VC@25": 0.1718505542281587,
      "VC@50": 0.32954405458586317,
      "VC@200": 0.5289321613500679,