{
  "blend_v9f_kitchen_sink_a50": {
    "mean": {
      "VC@20": 0.33493173828683925,
      "VC@100": 0.7203298793578301,
      "Recall@20": 0.37916666666666665,
      "Recall@100": 0.5541666666666667,
      "NDCG": 0.6715062000789018,
      "VC@10": 0.21877268501957028,
      "VC@25": 0.36040952048976566,
      "VC@50": 0.5403922059751703,
      "VC@200": 0.8558839025571664,
      "Recall@10": 0.26666666666666666,
      "Recall@50": 0.49500000000000005,
      "Spearman": 0.42896112075091203,
      "Tier0-AP": 0.5207754921786879,
      "Tier01-AP": 0.6285917372599077,
      "n_samples": 384.75
    },
    "bottom_2_mean": {
      "VC@20": 0.19681508052761315,
      "VC@100": 0.496897360202592,
      "Recall@20": 0.175,
      "Recall@100": 0.47,
      "NDCG": 0.5532652574153484,
      "VC@10": 0.11278387556459184,
      "VC@25": 0.22771351023738573,
      "VC@50": 0.3865038469477918,
      "VC@200": 0.683394613042868,
      "Recall@10": 0.1,
      "Recall@50": 0.39,
      "Spearman": 0.3457921408800176,
      "Tier0-AP": 0.4282425500599731,
      "Tier01-AP": 0.5149338836626802,
      "n_samples": 269.0
    }
  },
  "blend_v9f_kitchen_sink_a60": {
    "mean": {
      "VC@20": 0.3352006168360637,
      "VC@100": 0.7074530285095372,
      "Recall@20": 0.375,
      "Recall@100": 0.5475,
      "NDCG": 0.6735015660380591,
      "VC@10": 0.22743336871335962,
      "VC@25": 0.36389507559855333,
      "VC@50": 0.53462657663621,
      "VC@200": 0.8619888960277208,
      "Recall@10": 0.2833333333333333,
      "Recall@50": 0.48833333333333334,
      "Spearman": 0.440568097340912,
      "Tier0-AP": 0.5270757687163108,
      "Tier01-AP": 0.6366232946635911,
      "n_samples": 384.75
    },
    "bottom_2_mean": {
      "VC@20": 0.1964226860815237,
      "VC@100": 0.4946315839896055,
      "Recall@20": 0.175,
      "Recall@100": 0.47,
      "NDCG": 0.5559693680626544,
      "VC@10": 0.11145057709759795,
      "VC@25": 0.23566191722593105,
      "VC@50": 0.3865038469477917,
      "VC@200": 0.6800268577693085,
      "Recall@10": 0.1,
      "Recall@50": 0.39,
      "Spearman": 0.3514713843164782,
      "Tier0-AP": 0.42848836336019575,
      "Tier01-AP": 0.5215494399794364,
      "n_samples": 269.0
    }
  },
  "blend_v9f_kitchen_sink_a70": {
    "mean": {
      "VC@20": 0.33447431186189247,
      "VC@100": 0.707611170374998,
      "Recall@20": 0.37083333333333335,
      "Recall@100": 0.5483333333333333,
      "NDCG": 0.6767448341570222,
      "VC@10": 0.22900071984070877,
      "VC@25": 0.3634325475922953,
      "VC@50": 0.53439247471704,
      "VC@200": 0.8798892045507052,
      "Recall@10": 0.2833333333333333,
      "Recall@50": 0.48833333333333334,
      "Spearman": 0.45256296441718863,
      "Tier0-AP": 0.5318410479286139,
      "Tier01-AP": 0.6441925135227424,
      "n_samples": 384.75
    },
    "bottom_2_mean": {
      "VC@20": 0.1964226860815237,
      "VC@100": 0.49532199040464736,
      "Recall@20": 0.15000000000000002,
      "Recall@100": 0.47,
      "NDCG": 0.5573131242664096,
      "VC@10": 0.11427589225371965,
      "VC@25": 0.22347116776325607,
      "VC@50": 0.38582288385170105,
      "VC@200": 0.7248378211429074,
      "Recall@10": 0.1,
      "Recall@50": 0.4,
      "Spearman": 0.3572566607673837,
      "Tier0-AP": 0.4259846696548625,
      "Tier01-AP": 0.5267548668899539,
      "n_samples": 269.0
    }
  },
  "blend_v9f_kitchen_sink_a75": {
    "mean": {
      "VC@20": 0.33396747451841996,
      "VC@100": 0.7059024760691166,
      "Recall@20": 0.37083333333333335,
      "Recall@100": 0.5466666666666667,
      "NDCG": 0.6769828234281107,
      "VC@10": 0.23176935653646016,
      "VC@25": 0.3675615069325655,
      "VC@50": 0.556806756382919,
      "VC@200": 0.881822196692351,
      "Recall@10": 0.2916666666666667,
      "Recall@50": 0.49,
      "Spearman": 0.45817816779245607,
      "Tier0-AP": 0.5339444898451478,
      "Tier01-AP": 0.6479753771288999,
      "n_samples": 384.75
    },
    "bottom_2_mean": {
      "VC@20": 0.1964226860815237,
      "VC@100": 0.493737928206192,
      "Recall@20": 0.15000000000000002,
      "Recall@100": 0.46499999999999997,
      "NDCG": 0.5562021277547939,
      "VC@10": 0.11434565886425894,
      "VC@25": 0.23119009859744175,
      "VC@50": 0.38231885518178405,
      "VC@200": 0.7258887074187836,
      "Recall@10": 0.1,
      "Recall@50": 0.39,
      "Spearman": 0.3583951073147277,
      "Tier0-AP": 0.4266256163728334,
      "Tier01-AP": 0.5291614279222292,
      "n_samples": 269.0
    }
  },
  "blend_v9f_kitchen_sink_a80": {
    "mean": {
      "VC@20": 0.331221606286846,
      "VC@100": 0.7054370028715029,
      "Recall@20": 0.36666666666666664,
      "Recall@100": 0.5499999999999999,
      "NDCG": 0.6766973472782346,
      "VC@10": 0.23092249993593783,
      "VC@25": 0.3651520468736227,
      "VC@50": 0.5582349025925998,
      "VC@200": 0.8900487462857689,
      "Recall@10": 0.2833333333333333,
      "Recall@50": 0.49,
      "Spearman": 0.4644211205017192,
      "Tier0-AP": 0.5363418077456802,
      "Tier01-AP": 0.651537500908744,
      "n_samples": 384.75
    },
    "bottom_2_mean": {
      "VC@20": 0.1964226860815237,
      "VC@100": 0.493737928206192,
      "Recall@20": 0.15000000000000002,
      "Recall@100": 0.46499999999999997,
      "NDCG": 0.556645816544368,
      "VC@10": 0.11434565886425894,
      "VC@25": 0.23716428299491427,
      "VC@50": 0.386134207772765,
      "VC@200": 0.7644366246269696,
      "Recall@10": 0.1,
      "Recall@50": 0.39,
      "Spearman": 0.3607344885909356,
      "Tier0-AP": 0.42776938755546867,
      "Tier01-AP": 0.5305104629306545,
      "n_samples": 269.0
    }
  },
  "blend_v9f_kitchen_sink_a85": {
    "mean": {
      "VC@20": 0.33231441962429104,
      "VC@100": 0.6992707254207237,
      "Recall@20": 0.36666666666666664,
      "Recall@100": 0.5525000000000001,
      "NDCG": 0.6782135003071258,
      "VC@10": 0.22837301650282674,
      "VC@25": 0.3651563483349498,
      "VC@50": 0.5578973164566122,
      "VC@200": 0.8856180032465361,
      "Recall@10": 0.27499999999999997,
      "Recall@50": 0.48833333333333334,
      "Spearman": 0.46902939665541665,
      "Tier0-AP": 0.5385664229231608,
      "Tier01-AP": 0.6546675281564285,
      "n_samples": 384.75
    },
    "bottom_2_mean": {
      "VC@20": 0.1964226860815237,
      "VC@100": 0.5054637236558797,
      "Recall@20": 0.15000000000000002,
      "Recall@100": 0.47,
      "NDCG": 0.5565314883983493,
      "VC@10": 0.11434565886425893,
      "VC@25": 0.23757339628993876,
      "VC@50": 0.38804998259519685,
      "VC@200": 0.7499683059138909,
      "Recall@10": 0.1,
      "Recall@50": 0.39,
      "Spearman": 0.36398694346336324,
      "Tier0-AP": 0.43200556797932577,
      "Tier01-AP": 0.5327747771528459,
      "n_samples": 269.0
    }
  },
  "blend_v9f_kitchen_sink_a90": {
    "mean": {
      "VC@20": 0.33336323944311963,
      "VC@100": 0.7208071519551525,
      "Recall@20": 0.37083333333333335,
      "Recall@100": 0.5591666666666665,
      "NDCG": 0.6780916139866004,
      "VC@10": 0.2272216618974495,
      "VC@25": 0.3659807091500326,
      "VC@50": 0.5581711720783117,
      "VC@200": 0.8834571367328617,
      "Recall@10": 0.27499999999999997,
      "Recall@50": 0.48833333333333345,
      "Spearman": 0.4733849127679039,
      "Tier0-AP": 0.5416623152862129,
      "Tier01-AP": 0.658057271088135,
      "n_samples": 384.75
    },
    "bottom_2_mean": {
      "VC@20": 0.1964226860815237,
      "VC@100": 0.49985619440075063,
      "Recall@20": 0.15000000000000002,
      "Recall@100": 0.46,
      "NDCG": 0.5516893774967582,
      "VC@10": 0.11434565886425894,
      "VC@25": 0.2375733962899388,
      "VC@50": 0.3903934024961656,
      "VC@200": 0.7459610918354354,
      "Recall@10": 0.1,
      "Recall@50": 0.39,
      "Spearman": 0.3673977020195378,
      "Tier0-AP": 0.43040130406775734,
      "Tier01-AP": 0.5342932580603774,
      "n_samples": 269.0
    }
  },