{
  "eval_config": {
    "eval_groups": [
      "2025-06/aq1",
      "2025-06/aq2",
      "2025-06/aq3",
      "2025-06/aq4"
    ],
    "mode": "holdout"
  },
  "per_month": {
    "2025-06/aq1": {
      "VC@20": 0.2401398239182311,
      "VC@100": 0.5982847174044977,
      "Recall@20": 0.3,
      "Recall@100": 0.47,
      "NDCG": 0.5711596174847596,
      "VC@10": 0.10878329382847632,
      "VC@25": 0.36983518721874575,
      "VC@50": 0.42930512328723025,
      "VC@200": 0.9164702424728569,
      "Recall@10": 0.1,
      "Recall@50": 0.32,
      "Spearman": 0.4397639946074179,
      "Tier0-AP": 0.433263253661131,
      "Tier01-AP": 0.5832603688076111,
      "n_samples": 395
    },
    "2025-06/aq2": {
      "VC@20": 0.35807947084805297,
      "VC@100": 0.6653436146796661,
      "Recall@20": 0.55,
      "Recall@100": 0.52,
      "NDCG": 0.6094832428035346,
      "VC@10": 0.19827875890579788,
      "VC@25": 0.38744841019568294,
      "VC@50": 0.4897117862696136,
      "VC@200": 0.9099733270271498,
      "Recall@10": 0.5,
      "Recall@50": 0.48,
      "Spearman": 0.4428721875979207,
      "Tier0-AP": 0.44385412879988867,
      "Tier01-AP": 0.6148742675183403,
      "n_samples": 385
    },
    "2025-06/aq3": {
      "VC@20": 0.15902114008328677,
      "VC@100": 0.6831159188622776,
      "Recall@20": 0.1,
      "Recall@100": 0.56,
      "NDCG": 0.46687352480982564,
      "VC@10": 0.032163074602848285,
      "VC@25": 0.18536791848739162,
      "VC@50": 0.567686054414197,
      "VC@200": 0.9417508741257107,
      "Recall@10": 0.1,
      "Recall@50": 0.4,
      "Spearman": 0.4181978008280271,
      "Tier0-AP": 0.3816745624049237,
      "Tier01-AP": 0.5587864349993965,
      "n_samples": 286
    },
    "2025-06/aq4": {
      "VC@20": 0.24803767014079725,
      "VC@100": 0.5306878349158245,
      "Recall@20": 0.4,
      "Recall@100": 0.34,
      "NDCG": 0.41250618200948835,
      "VC@10": 0.021823170687550235,
      "VC@25": 0.33275802955187733,
      "VC@50": 0.4583172994925024,
      "VC@200": 0.9634894149181769,
      "Recall@10": 0.0,
      "Recall@50": 0.44,
      "Spearman": 0.2988683859298233,
      "Tier0-AP": 0.357968197217427,
      "Tier01-AP": 0.357968197217427,
      "n_samples": 418
    }
  },
  "aggregate": {
    "mean": {
      "VC@20": 0.251319526247592,
      "VC@100": 0.6193580214655665,
      "Recall@20": 0.3375,
      "Recall@100": 0.47250000000000003,
      "NDCG": 0.515005641776902,
      "VC@10": 0.09026207450616819,
      "VC@25": 0.31885238636342444,
      "VC@50": 0.48625506586588585,
      "VC@200": 0.9329209646359735,
      "Recall@10": 0.175,
      "Recall@50": 0.41000000000000003,
      "Spearman": 0.39992559224079727,
      "Tier0-AP": 0.40419003552084254,
      "Tier01-AP": 0.5287223171356937,
      "n_samples": 371.0
    },
    "std": {
      "VC@20": 0.07080330886213498,
      "VC@100": 0.06017937850817024,
      "Recall@20": 0.1634587103827753,
      "Recall@100": 0.08287792227125389,
      "NDCG": 0.07890203739430657,
      "VC@10": 0.07083434375275571,
      "VC@25": 0.07955521753046957,
      "VC@50": 0.05164002701768912,
      "VC@200": 0.021269801278846277,
      "Recall@10": 0.1920286436967152,
      "Recall@50": 0.05916079783099615,
      "Spearman": 0.05911417112234437,
      "Tier0-AP": 0.03557350550080223,
      "Tier01-AP": 0.10057009780109487,
      "n_samples": 50.51237472144821
    },
    "min": {
      "VC@20": 0.15902114008328677,
      "VC@100": 0.5306878349158245,
      "Recall@20": 0.1,
      "Recall@100": 0.34,
      "NDCG": 0.41250618200948835,
      "VC@10": 0.021823170687550235,
      "VC@25": 0.18536791848739162,
      "VC@50": 0.42930512328723025,
      "VC@200": 0.9099733270271498,
      "Recall@10": 0.0,
      "Recall@50": 0.32,
      "Spearman": 0.2988683859298233,
      "Tier0-AP": 0.357968197217427,
      "Tier01-AP": 0.357968197217427,
      "n_samples": 286.0
    },
    "max": {
      "VC@20": 0.35807947084805297,
      "VC@100": 0.6831159188622776,
      "Recall@20": 0.55,
      "Recall@100": 0.56,
      "NDCG": 0.6094832428035346,
      "VC@10": 0.19827875890579788,
      "VC@25": 0.38744841019568294,
      "VC@50": 0.567686054414197,
      "VC@200": 0.9634894149181769,
      "Recall@10": 0.5,
      "Recall@50": 0.48,
      "Spearman": 0.4428721875979207,
      "Tier0-AP": 0.44385412879988867,
      "Tier01-AP": 0.6148742675183403,
      "n_samples": 418.0
    },
    "bottom_2_mean": {
      "VC@20": 0.19958048200075895,
      "VC@100": 0.5644862761601611,
      "Recall@20": 0.2,
      "Recall@100": 0.405,
      "NDCG": 0.439689853409657,
      "VC@10": 0.02699312264519926,
      "VC@25": 0.25906297401963446,
      "VC@50": 0.44381121138986634,
      "VC@200": 0.9132217847500034,
      "Recall@10": 0.05,
      "Recall@50": 0.36,
      "Spearman": 0.3585330933789252,
      "Tier0-AP": 0.36982137981117535,
      "Tier01-AP": 0.45837731610841176,
      "n_samples": 335.5
    }
  },
  "n_months": 4,
  "n_months_requested": 4,
  "skipped_months": []
}