{
  "eval_config": {
    "eval_groups": [
      "2022-06/aq1",
      "2022-06/aq2",
      "2022-06/aq3",
      "2022-06/aq4",
      "2023-06/aq1",
      "2023-06/aq2",
      "2023-06/aq3",
      "2023-06/aq4",
      "2024-06/aq1",
      "2024-06/aq2",
      "2024-06/aq3",
      "2024-06/aq4"
    ],
    "mode": "eval"
  },
  "per_month": {
    "2022-06/aq1": {
      "VC@20": 0.2040863698799692,
      "VC@100": 0.7455175696532219,
      "Recall@20": 0.2,
      "Recall@100": 0.52,
      "NDCG": 0.6225575290737224,
      "VC@10": 0.10076462342635537,
      "VC@25": 0.22269283636956752,
      "VC@50": 0.36857259576976575,
      "VC@200": 0.8723576357082016,
      "Recall@10": 0.2,
      "Recall@50": 0.3,
      "Spearman": 0.34510944897127493,
      "Tier0-AP": 0.3662684668018321,
      "Tier01-AP": 0.5675353295905169,
      "n_samples": 325
    },
    "2022-06/aq2": {
      "VC@20": 0.4657249572770613,
      "VC@100": 0.7902316895850711,
      "Recall@20": 0.55,
      "Recall@100": 0.55,
      "NDCG": 0.6892745376223312,
      "VC@10": 0.11415896901149504,
      "VC@25": 0.516394929647307,
      "VC@50": 0.6907095125781794,
      "VC@200": 0.9334305633970249,
      "Recall@10": 0.1,
      "Recall@50": 0.56,
      "Spearman": 0.41065899045280774,
      "Tier0-AP": 0.5134252665686345,
      "Tier01-AP": 0.6115908102258197,
      "n_samples": 302
    },
    "2022-06/aq3": {
      "VC@20": 0.5600742088803439,
      "VC@100": 0.8627018330703174,
      "Recall@20": 0.25,
      "Recall@100": 0.51,
      "NDCG": 0.38766338817357066,
      "VC@10": 0.06592893294031209,
      "VC@25": 0.5810596853855571,
      "VC@50": 0.7062700432640843,
      "VC@200": 0.9593789099363187,
      "Recall@10": 0.1,
      "Recall@50": 0.36,
      "Spearman": 0.26797267477743625,
      "Tier0-AP": 0.37502123961557104,
      "Tier01-AP": 0.43666639579809513,
      "n_samples": 262
    },
    "2022-06/aq4": {
      "VC@20": 0.29703733991166287,
      "VC@100": 0.7989421065175317,
      "Recall@20": 0.5,
      "Recall@100": 0.45,
      "NDCG": 0.7447366708754994,
      "VC@10": 0.21775394125898662,
      "VC@25": 0.32480393380960226,
      "VC@50": 0.6972837048354471,
      "VC@200": 0.9121467901689043,
      "Recall@10": 0.4,
      "Recall@50": 0.56,
      "Spearman": 0.3821304764844371,
      "Tier0-AP": 0.5100333649243535,
      "Tier01-AP": 0.5974093314171922,
      "n_samples": 380
    },
    "2023-06/aq1": {
      "VC@20": 0.21116520842866163,
      "VC@100": 0.5260435454006899,
      "Recall@20": 0.25,
      "Recall@100": 0.51,
      "NDCG": 0.6308078662253961,
      "VC@10": 0.1319297800200798,
      "VC@25": 0.27144705413646497,
      "VC@50": 0.42789923750431585,
      "VC@200": 0.9265559790947573,
      "Recall@10": 0.1,
      "Recall@50": 0.38,
      "Spearman": 0.3902915028398412,
      "Tier0-AP": 0.4563135841249331,
      "Tier01-AP": 0.5705884160318621,
      "n_samples": 276
    },
    "2023-06/aq2": {
      "VC@20": 0.6054960885974268,
      "VC@100": 0.8282461209468281,
      "Recall@20": 0.6,
      "Recall@100": 0.59,
      "NDCG": 0.6829962687368746,
      "VC@10": 0.4627794080507767,
      "VC@25": 0.6323895155884272,
      "VC@50": 0.7662696390748533,
      "VC@200": 0.8808096876338175,
      "Recall@10": 0.4,
      "Recall@50": 0.58,
      "Spearman": 0.3665564258426137,
      "Tier0-AP": 0.5512815169916976,
      "Tier01-AP": 0.6344102209275164,
      "n_samples": 410
    },
    "2023-06/aq3": {
      "VC@20": 0.19800177861359744,
      "VC@100": 0.5130077215079497,
      "Recall@20": 0.25,
      "Recall@100": 0.53,
      "NDCG": 0.5841210376344191,
      "VC@10": 0.13187671843395926,
      "VC@25": 0.20933405161806679,
      "VC@50": 0.29509032216134307,
      "VC@200": 0.7813544500257659,
      "Recall@10": 0.1,
      "Recall@50": 0.3,
      "Spearman": 0.41826551778373433,
      "Tier0-AP": 0.5374478145026792,
      "Tier01-AP": 0.6438709157701008,
      "n_samples": 504
    },
    "2023-06/aq4": {
      "VC@20": 0.15889475973271822,
      "VC@100": 0.46016949353482783,
      "Recall@20": 0.25,
      "Recall@100": 0.5,
      "NDCG": 0.5486711754188852,
      "VC@10": 0.10198506385473947,
      "VC@25": 0.1894869676248973,
      "VC@50": 0.38002271823198086,
      "VC@200": 0.5290268474694755,
      "Recall@10": 0.1,
      "Recall@50": 0.46,
      "Spearman": 0.3117767913353114,
      "Tier0-AP": 0.4737946250283346,
      "Tier01-AP": 0.5838919097106531,
      "n_samples": 459
    },
    "2024-06/aq1": {
      "VC@20": 0.25664070052846666,
      "VC@100": 0.693671795539222,
      "Recall@20": 0.35,
      "Recall@100": 0.58,
      "NDCG": 0.629810532702163,
      "VC@10": 0.10864498751187783,
      "VC@25": 0.2978272501000381,
      "VC@50": 0.4567094562067244,
      "VC@200": 0.842003190430291,
      "Recall@10": 0.1,
      "Recall@50": 0.5,
      "Spearman": 0.4116432870965223,
      "Tier0-AP": 0.4736302098502602,
      "Tier01-AP": 0.6164148073779666,
      "n_samples": 425
    },
    "2024-06/aq2": {
      "VC@20": 0.30340593804911914,
      "VC@100": 0.6482148890789333,
      "Recall@20": 0.25,
      "Recall@100": 0.44,
      "NDCG": 0.738935532831221,
      "VC@10": 0.16791991041426688,
      "VC@25": 0.34078282875010385,
      "VC@50": 0.4840225254801416,
      "VC@200": 0.782248639327068,
      "Recall@10": 0.3,
      "Recall@50": 0.36,
      "Spearman": 0.39434086694364084,
      "Tier0-AP": 0.4355162139996155,
      "Tier01-AP": 0.6223906116884638,
      "n_samples": 483
    },
    "2024-06/aq3": {
      "VC@20": 0.2700427655300993,
      "VC@100": 0.7640970072795624,
      "Recall@20": 0.25,
      "Recall@100": 0.56,
      "NDCG": 0.49483348889891454,
      "VC@10": 0.1675693344312229,
      "VC@25": 0.3025193185346105,
      "VC@50": 0.5626547394181091,
      "VC@200": 0.8805707510835873,
      "Recall@10": 0.2,
      "Recall@50": 0.46,
      "Spearman": 0.4055942753250883,
      "Tier0-AP": 0.40958543951117743,
      "Tier01-AP": 0.5778630945798224,
      "n_samples": 315
    },
    "2024-06/aq4": {
      "VC@20": 0.15969338492482338,
      "VC@100": 0.5194468502126294,
      "Recall@20": 0.15,
      "Recall@100": 0.5,
      "NDCG": 0.5634115579913881,
      "VC@10": 0.0499018197031027,
      "VC@25": 0.21057152623230843,
      "VC@50": 0.3227471656973587,
      "VC@200": 0.7087026217309249,
      "Recall@10": 0.0,
      "Recall@50": 0.42,
      "Spearman": 0.33012422729409685,
      "Tier0-AP": 0.45109805043322654,
      "Tier01-AP": 0.5749842448741702,
      "n_samples": 476
    }
  },
  "aggregate": {
    "mean": {
      "VC@20": 0.30752195836282914,
      "VC@100": 0.6791908851938988,
      "Recall@20": 0.32083333333333336,
      "Recall@100": 0.52,
      "NDCG": 0.6098182988486989,
      "VC@10": 0.15176779075476457,
      "VC@25": 0.34160915814974596,
      "VC@50": 0.5131876383518587,
      "VC@200": 0.8340488388338447,
      "Recall@10": 0.17500000000000002,
      "Recall@50": 0.4366666666666667,
      "Spearman": 0.36953870709556713,
      "Tier0-AP": 0.46278464936269287,
      "Tier01-AP": 0.5864680073326817,
      "n_samples": 384.75
    },
    "std": {
      "VC@20": 0.14652685101765417,
      "VC@100": 0.13537020615634002,
      "Recall@20": 0.14062114192238503,
      "Recall@100": 0.04415880433163923,
      "NDCG": 0.09860370687311111,
      "VC@10": 0.10347334902775834,
      "VC@25": 0.14521258688114091,
      "VC@50": 0.15889687573507014,
      "VC@200": 0.11559013959803992,
      "Recall@10": 0.12332207155790618,
      "Recall@50": 0.09516068282413466,
      "Spearman": 0.04486427631056082,
      "Tier0-AP": 0.057163513385526665,
      "Tier01-AP": 0.051474386837376485,
      "n_samples": 82.74974823728066
    },
    "min": {
      "VC@20": 0.15889475973271822,
      "VC@100": 0.46016949353482783,
      "Recall@20": 0.15,
      "Recall@100": 0.44,
      "NDCG": 0.38766338817357066,
      "VC@10": 0.0499018197031027,
      "VC@25": 0.1894869676248973,
      "VC@50": 0.29509032216134307,
      "VC@200": 0.5290268474694755,