{
  "eval_config": {
    "eval_months": [
      "2020-07",
      "2020-08",
      "2020-09",
      "2020-10",
      "2020-11",
      "2020-12",
      "2021-01",
      "2021-02",
      "2021-03",
      "2021-04",
      "2021-07",
      "2021-08",
      "2021-09",
      "2021-10",
      "2021-11",
      "2021-12",
      "2022-01",
      "2022-02",
      "2022-03",
      "2022-04",
      "2022-07",
      "2022-08",
      "2022-09",
      "2022-10",
      "2022-11",
      "2022-12",
      "2023-01",
      "2023-02",
      "2023-03",
      "2023-04"
    ],
    "class_type": "offpeak",
    "period_type": "f1",
    "lag": 2,
    "note": "v12a: extended BF (d12, blend partial into bf windows)"
  },
  "per_month": {
    "2020-07": {
      "VC@20": 0.6481750033539431,
      "VC@100": 0.778060608009855,
      "Recall@20": 0.35,
      "Recall@100": 0.37,
      "NDCG": 0.7654356113173594,
      "VC@10": 0.5839973846954014,
      "VC@25": 0.6597253445529431,
      "VC@50": 0.702380010895634,
      "VC@200": 0.9070357465348645,
      "Recall@10": 0.4,
      "Recall@50": 0.46,
      "Spearman": 0.33057792993918445,
      "n_samples": 386
    },
    "2020-08": {
      "VC@20": 0.34598135209187814,
      "VC@100": 0.9140792722371057,
      "Recall@20": 0.35,
      "Recall@100": 0.35,
      "NDCG": 0.48209098276047907,
      "VC@10": 0.3190908382752887,
      "VC@25": 0.3652319811962976,
      "VC@50": 0.7538073094651853,
      "VC@200": 0.99200436224222,
      "Recall@10": 0.5,
      "Recall@50": 0.5,
      "Spearman": 0.35218664003311767,
      "n_samples": 567
    },
    "2020-09": {
      "VC@20": 0.4717131972285375,
      "VC@100": 0.7465050211776219,
      "Recall@20": 0.4,
      "Recall@100": 0.41,
      "NDCG": 0.7189879293810677,
      "VC@10": 0.38652713099409125,
      "VC@25": 0.4825809155258939,
      "VC@50": 0.614730815425277,
      "VC@200": 0.8306963709747828,
      "Recall@10": 0.4,
      "Recall@50": 0.42,
      "Spearman": 0.3062065465144178,
      "n_samples": 696
    },
    "2020-10": {
      "VC@20": 0.5194117081287735,
      "VC@100": 0.6830480048731751,
      "Recall@20": 0.35,
      "Recall@100": 0.37,
      "NDCG": 0.5826893848720236,
      "VC@10": 0.5177345482633708,
      "VC@25": 0.6036967173868599,
      "VC@50": 0.6511745742760623,
      "VC@200": 0.9866040245740046,
      "Recall@10": 0.4,
      "Recall@50": 0.54,
      "Spearman": 0.3219421016047206,
      "n_samples": 557
    },
    "2020-11": {
      "VC@20": 0.41809279704473534,
      "VC@100": 0.5631847977206449,
      "Recall@20": 0.3,
      "Recall@100": 0.32,
      "NDCG": 0.7034213374875339,
      "VC@10": 0.28331636588128395,
      "VC@25": 0.46810080674169696,
      "VC@50": 0.49725432607288095,
      "VC@200": 0.930951706755583,
      "Recall@10": 0.2,
      "Recall@50": 0.44,
      "Spearman": 0.2794548102598199,
      "n_samples": 408
    },
    "2020-12": {
      "VC@20": 0.371900417597286,
      "VC@100": 0.8645010659681295,
      "Recall@20": 0.3,
      "Recall@100": 0.45,
      "NDCG": 0.49414754272662836,
      "VC@10": 0.14232885062457015,
      "VC@25": 0.4003912099992429,
      "VC@50": 0.5262799551129217,
      "VC@200": 0.9877907285595037,
      "Recall@10": 0.2,
      "Recall@50": 0.4,
      "Spearman": 0.29558507479402146,
      "n_samples": 326
    },
    "2021-01": {
      "VC@20": 0.47138595466342326,
      "VC@100": 0.9006299619800995,
      "Recall@20": 0.35,
      "Recall@100": 0.43,
      "NDCG": 0.6687425779309708,
      "VC@10": 0.36743140616171377,
      "VC@25": 0.7314034323255345,
      "VC@50": 0.8050331836160084,
      "VC@200": 0.9875808521437671,
      "Recall@10": 0.3,
      "Recall@50": 0.46,
      "Spearman": 0.39291804692603777,
      "n_samples": 332
    },
    "2021-02": {
      "VC@20": 0.6241496966123689,
      "VC@100": 0.8156094953809438,
      "Recall@20": 0.35,
      "Recall@100": 0.38,
      "NDCG": 0.5833811732836341,
      "VC@10": 0.21259080351603024,
      "VC@25": 0.6479683340308185,
      "VC@50": 0.7564862069203749,
      "VC@200": 0.8616299865956453,
      "Recall@10": 0.3,
      "Recall@50": 0.42,
      "Spearman": 0.3116190895201146,
      "n_samples": 497
    },
    "2021-03": {
      "VC@20": 0.3542687333405129,
      "VC@100": 0.5135834787781393,
      "Recall@20": 0.35,
      "Recall@100": 0.44,
      "NDCG": 0.628011274616696,
      "VC@10": 0.2595157286413371,
      "VC@25": 0.41134592258499914,
      "VC@50": 0.5012746800910359,
      "VC@200": 0.9388513465975559,
      "Recall@10": 0.3,
      "Recall@50": 0.52,
      "Spearman": 0.2938012805525038,
      "n_samples": 545
    },
    "2021-04": {
      "VC@20": 0.28506496586903923,
      "VC@100": 0.4106986436486667,
      "Recall@20": 0.3,
      "Recall@100": 0.41,
      "NDCG": 0.40883003166945003,
      "VC@10": 0.11680542656598582,
      "VC@25": 0.33212398231137713,
      "VC@50": 0.37067021574583797,
      "VC@200": 0.8371412763796368,
      "Recall@10": 0.2,
      "Recall@50": 0.4,
      "Spearman": 0.2668474639408884,
      "n_samples": 471
    },
    "2021-07": {
      "VC@20": 0.8951755193367004,
      "VC@100": 0.9268592567085354,
      "Recall@20": 0.55,
      "Recall@100": 0.4,
      "NDCG": 0.8774931647425164,
      "VC@10": 0.6021828801535422,
      "VC@25": 0.9096684846125379,
      "VC@50": 0.9143379319382895,
      "VC@200": 0.9492067896454333,
      "Recall@10": 0.7,
      "Recall@50": 0.4,
      "Spearman": 0.30263303282482346,
      "n_samples": 428
    },
    "2021-08": {
      "VC@20": 0.6086029207596068,
      "VC@100": 0.8789913331039231,
      "Recall@20": 0.5,
      "Recall@100": 0.44,
      "NDCG": 0.7894961766367722,
      "VC@10": 0.572419712895322,
      "VC@25": 0.6559995436751799,
      "VC@50": 0.7267256326429844,
      "VC@200": 0.8912483244615464,
      "Recall@10": 0.5,
      "Recall@50": 0.5,
      "Spearman": 0.3658066555805755,
      "n_samples": 522
    },
    "2021-09": {
      "VC@20": 0.5027929521212402,
      "VC@100": 0.805044052624325,
      "Recall@20": 0.4,
      "Recall@100": 0.42,
      "NDCG": 0.6891018680545442,
      "VC@10": 0.3175856022642558,
      "VC@25": 0.5184458970474005,
      "VC@50": 0.7686650143873552,
      "VC@200": 0.8751381413444846,
      "Recall@10": 0.5,
      "Recall@50": 0.44,
      "Spearman": 0.36599625764864274,
      "n_samples": 557
    },
    "2021-10": {
      "VC@20": 0.35749631388610753,
      "VC@100": 0.882558808426235,
      "Recall@20": 0.3,
      "Recall@100": 0.36,
      "NDCG": 0.35910512642899733,
      "VC@10": 0.04177502413543619,
      "VC@25": 0.6827578207773065,
      "VC@50": 0.8548146065307913,
      "VC@200": 0.9412106833184376,
      "Recall@10": 0.2,
      "Recall@50": 0.46,
      "Spearman": 0.266190168872036,
      "n_samples": 567
    },
    "2021-11": {
      "VC@20": 0.5960734147936374,
      "VC@100": 0.7823006420200633,
      "Recall@20": 0.35,
      "Recall@100": 0.31,
      "NDCG": 0.487156552176762,
      "VC@10": 0.49681947745813326,
      "VC@25": 0.626639709527575,
      "VC@50": 0.7706776886352585,
      "VC@200": 0.9305762488781575,
      "Recall@10": 0.3,
      "Recall@50": 0.36,
      "Spearman": 0.24490378199516863,
      "n_samples": 332
    },
    "2021-12": {
      "VC@20": 0.3697713466046112,
      "VC@100": 0.6033413697287033,
      "Recall@20": 0.35,
      "Recall@100": 0.35,
      "NDCG": 0.4583493787871152,
      "VC@10": 0.33207439080153517,
      "VC@25": 0.42929962372215646,
      "VC@50": 0.6021149606454085,
      "VC@200": 0.6996712579048223,
      "Recall@10": 0.4,
      "Recall@50": 0.42,
      "Spearman": 0.253801859235177,
      "n_samples": 313
    },
    "2022-01": {
      "VC@20": 0.661607709369718,
      "VC@100": 0.7516756553328605,
      "Recall@20": 0.5,
      "Recall@100": 0.4,
      "NDCG": 0.5342108922239565,
      "VC@10": 0.6185996297895862,
      "VC@25": 0.6769518690916071,
      "VC@50": 0.6882180269189003,
      "VC@200": 0.8385379176863893,
      "Recall@10": 0.4,
      "Recall@50": 0.42,