{
  "v0a": {
    "K=150": {
      "VC@150": 0.5259212019225842,
      "Recall@150": 0.1901477851990544,
      "Abs_SP@150": 0.5259212019225842,
      "NB12_Count@150": 3.4166666666666665,
      "NB12_SP@150": 0.08416470987646978,
      "Dang20k_Recall@150": 0.6763722388722387,
      "Dorm_inK@150": 37.166666666666664,
      "Dang40k_Recall@150": 0.6613636363636363
    },
    "K=200": {
      "VC@200": 0.5778253572885688,
      "Recall@200": 0.22969214424780326,
      "Abs_SP@200": 0.5778253572885688,
      "NB12_Count@200": 4.916666666666667,
      "NB12_SP@200": 0.10426842778655931,
      "Dang20k_Recall@200": 0.7199764356014356,
      "Dorm_inK@200": 57.166666666666664,
      "Dang40k_Recall@200": 0.6780303030303031
    },
    "K=300": {
      "VC@300": 0.637899717212847,
      "Recall@300": 0.3059402528370155,
      "Abs_SP@300": 0.6378997172128472,
      "NB12_Count@300": 9.916666666666666,
      "NB12_SP@300": 0.15989271121528173,
      "Dang20k_Recall@300": 0.7475061975061975,
      "Dorm_inK@300": 96.5,
      "Dang40k_Recall@300": 0.6856060606060606
    },
    "K=400": {
      "VC@400": 0.6886184289423146,
      "Recall@400": 0.3726339113468758,
      "Abs_SP@400": 0.6886184289423148,
      "NB12_Count@400": 14.333333333333334,
      "NB12_SP@400": 0.2086159064114432,
      "Dang20k_Recall@400": 0.7899894087394087,
      "Dorm_inK@400": 140.58333333333334,
      "Dang40k_Recall@400": 0.7098484848484848
    }
  },
  "v0c": {
    "K=150": {
      "VC@150": 0.5663086531013908,
      "Recall@150": 0.2651854659177416,
      "Abs_SP@150": 0.5663086531013909,
      "NB12_Count@150": 0.08333333333333333,
      "NB12_SP@150": 2.035482412260457e-05,
      "Dang20k_Recall@150": 0.7076654826654827,
      "Dorm_inK@150": 1.75,
      "Dang40k_Recall@150": 0.6113636363636363
    },
    "K=200": {
      "VC@200": 0.6037401474674872,
      "Recall@200": 0.3200206226607321,
      "Abs_SP@200": 0.6037401474674872,
      "NB12_Count@200": 0.6666666666666666,
      "NB12_SP@200": 0.00476682417770068,
      "Dang20k_Recall@200": 0.7287829069079069,
      "Dorm_inK@200": 5.333333333333333,
      "Dang40k_Recall@200": 0.628030303030303
    },
    "K=300": {
      "VC@300": 0.6695777492881277,
      "Recall@300": 0.3946483142737371,
      "Abs_SP@300": 0.6695777492881277,
      "NB12_Count@300": 4.0,
      "NB12_SP@300": 0.0788411374509619,
      "Dang20k_Recall@300": 0.7685989935989936,
      "Dorm_inK@300": 33.25,
      "Dang40k_Recall@300": 0.668939393939394
    },
    "K=400": {
      "VC@400": 0.7119975606220207,
      "Recall@400": 0.44833048449217944,
      "Abs_SP@400": 0.7119975606220207,
      "NB12_Count@400": 9.416666666666666,
      "NB12_SP@400": 0.1524276218174006,
      "Dang20k_Recall@400": 0.79614528989529,
      "Dorm_inK@400": 80.75,
      "Dang40k_Recall@400": 0.693181818181818
    }
  },
  "v0c_cross": {
    "K=150": {
      "VC@150": 0.5610900568626912,
      "Recall@150": 0.2707420746920377,
      "Abs_SP@150": 0.5610900568626912,
      "NB12_Count@150": 0.08333333333333333,
      "NB12_SP@150": 2.035482412260457e-05,
      "Dang20k_Recall@150": 0.7176221926221927,
      "Dorm_inK@150": 0.3333333333333333,
      "Dang40k_Recall@150": 0.590530303030303
    },
    "K=200": {
      "VC@200": 0.6044341104465077,
      "Recall@200": 0.3302546067361628,
      "Abs_SP@200": 0.6044341104465079,
      "NB12_Count@200": 0.08333333333333333,
      "NB12_SP@200": 2.035482412260457e-05,
      "Dang20k_Recall@200": 0.7287829069079069,
      "Dorm_inK@200": 1.6666666666666667,
      "Dang40k_Recall@200": 0.628030303030303
    },
    "K=300": {
      "VC@300": 0.6707281192894321,
      "Recall@300": 0.407758397111093,
      "Abs_SP@300": 0.6707281192894321,
      "NB12_Count@300": 2.5,
      "NB12_SP@300": 0.045362787077065925,
      "Dang20k_Recall@300": 0.776077626077626,
      "Dorm_inK@300": 17.333333333333332,
      "Dang40k_Recall@300": 0.6598484848484848
    },
    "K=400": {
      "VC@400": 0.7130312845889496,
      "Recall@400": 0.45836916466926514,
      "Abs_SP@400": 0.7130312845889496,
      "NB12_Count@400": 8.25,
      "NB12_SP@400": 0.14437870913824846,
      "Dang20k_Recall@400": 0.79614528989529,
      "Dorm_inK@400": 65.0,
      "Dang40k_Recall@400": 0.693181818181818
    }
  },
  "blend_a0.05": {
    "K=150": {
      "VC@150": 0.5639863080813864,
      "Recall@150": 0.26271134457712386,
      "Abs_SP@150": 0.5639863080813864,
      "NB12_Count@150": 0.4166666666666667,
      "NB12_SP@150": 0.0008489499428971973,
      "Dang20k_Recall@150": 0.7076654826654827,
      "Dorm_inK@150": 4.333333333333333,
      "Dang40k_Recall@150": 0.6113636363636363
    },
    "K=200": {
      "VC@200": 0.6035098218576284,
      "Recall@200": 0.31387790243700325,
      "Abs_SP@200": 0.6035098218576284,
      "NB12_Count@200": 1.5833333333333333,
      "NB12_SP@200": 0.025931831071079315,
      "Dang20k_Recall@200": 0.7406876688126688,
      "Dorm_inK@200": 14.166666666666666,
      "Dang40k_Recall@200": 0.628030303030303
    },
    "K=300": {
      "VC@300": 0.6688959649382019,
      "Recall@300": 0.38376729448035835,
      "Abs_SP@300": 0.6688959649382019,
      "NB12_Count@300": 7.166666666666667,
      "NB12_SP@300": 0.12400501630504401,
      "Dang20k_Recall@300": 0.7621887371887371,
      "Dorm_inK@300": 54.75,
      "Dang40k_Recall@300": 0.668939393939394
    },
    "K=400": {
      "VC@400": 0.7131158705900346,
      "Recall@400": 0.4470273590538288,
      "Abs_SP@400": 0.7131158705900348,
      "NB12_Count@400": 13.75,
      "NB12_SP@400": 0.20067440390869976,
      "Dang20k_Recall@400": 0.7916810041810042,
      "Dorm_inK@400": 102.66666666666667,
      "Dang40k_Recall@400": 0.693181818181818
    }
  },
  "blend_a0.10": {
    "K=150": {
      "VC@150": 0.556310202398076,
      "Recall@150": 0.2555913293738488,
      "Abs_SP@150": 0.556310202398076,
      "NB12_Count@150": 1.8333333333333333,
      "NB12_SP@150": 0.0332414612049596,
      "Dang20k_Recall@150": 0.7041932604432605,
      "Dorm_inK@150": 13.583333333333334,
      "Dang40k_Recall@150": 0.590530303030303
    },
    "K=200": {
      "VC@200": 0.5920758995432179,
      "Recall@200": 0.29897682688302424,
      "Abs_SP@200": 0.5920758995432179,
      "NB12_Count@200": 3.75,
      "NB12_SP@200": 0.05958549922628353,
      "Dang20k_Recall@200": 0.7279035779035778,
      "Dorm_inK@200": 32.0,
      "Dang40k_Recall@200": 0.6113636363636363
    },
    "K=300": {
      "VC@300": 0.66000002577517,
      "Recall@300": 0.37398532122634176,
      "Abs_SP@300": 0.6600000257751701,
      "NB12_Count@300": 10.5,
      "NB12_SP@300": 0.16664700651790698,
      "Dang20k_Recall@300": 0.7646688959188959,
      "Dorm_inK@300": 75.25,
      "Dang40k_Recall@300": 0.6613636363636363
    },
    "K=400": {
      "VC@400": 0.7082193240160554,
      "Recall@400": 0.43370502384380333,
      "Abs_SP@400": 0.7082193240160555,
      "NB12_Count@400": 15.5,
      "NB12_SP@400": 0.21959111170696097,
      "Dang20k_Recall@400": 0.7899894087394087,
      "Dorm_inK@400": 126.0,
      "Dang40k_Recall@400": 0.7098484848484848
    }
  },
  "blend_a0.15": {
    "K=150": {
      "VC@150": 0.5438617342752546,
      "Recall@150": 0.2366914885172524,
      "Abs_SP@150": 0.5438617342752546,
      "NB12_Count@150": 3.3333333333333335,
      "NB12_SP@150": 0.05461862749034994,
      "Dang20k_Recall@150": 0.6958599271099271,
      "Dorm_inK@150": 29.0,
      "Dang40k_Recall@150": 0.590530303030303
    },
    "K=200": {
      "VC@200": 0.5913466003570081,
      "Recall@200": 0.28495918644352686,
      "Abs_SP@200": 0.5913466003570081,
      "NB12_Count@200": 6.916666666666667,
      "NB12_SP@200": 0.11201225303010853,
      "Dang20k_Recall@200": 0.7259805009805009,
      "Dorm_inK@200": 51.666666666666664,
      "Dang40k_Recall@200": 0.628030303030303
    },
    "K=300": {
      "VC@300": 0.6535670987197097,
      "Recall@300": 0.36483776674724355,
      "Abs_SP@300": 0.6535670987197096,
      "NB12_Count@300": 14.083333333333334,