{
  "version": "v3a",
  "features": [
    "da_rank_value",
    "bf_6",
    "bf_12",
    "bf_15",
    "bfo_6",
    "bfo_12",
    "bf_combined_6",
    "bf_combined_12",
    "bin_80_cid_max",
    "bin_100_cid_max",
    "bin_110_cid_max",
    "bin_120_cid_max",
    "bin_150_cid_max"
  ],
  "feature_groups": "history,density_core",
  "monotone": false,
  "feature_importance_dev_averaged": {
    "da_rank_value": 0.19905228594324878,
    "bf_6": 0.011630088220894032,
    "bf_12": 0.0693507077252694,
    "bf_15": 0.017527418791461708,
    "bfo_6": 0.011374383885212433,
    "bfo_12": 0.46857262384882575,
    "bf_combined_6": 0.005679670153901178,
    "bf_combined_12": 0.03746683337015447,
    "bin_80_cid_max": 0.037414605688492614,
    "bin_100_cid_max": 0.03190617185854538,
    "bin_110_cid_max": 0.03066732038876435,
    "bin_120_cid_max": 0.039131912563405875,
    "bin_150_cid_max": 0.04022597756182409
  },
  "feature_importance_all_averaged": {
    "da_rank_value": 0.16690836440393353,
    "bf_6": 0.010833939474428261,
    "bf_12": 0.19205972669888013,
    "bf_15": 0.015980432210792248,
    "bfo_6": 0.0213564249046461,
    "bfo_12": 0.3437221517012655,
    "bf_combined_6": 0.006951116895937341,
    "bf_combined_12": 0.07347687335268448,
    "bin_80_cid_max": 0.037789533609254654,
    "bin_100_cid_max": 0.030516926058045273,
    "bin_110_cid_max": 0.02794947396319895,
    "bin_120_cid_max": 0.035423073055338684,
    "bin_150_cid_max": 0.037031963671594906
  },
  "feature_importance_per_split": {
    "2022-06": {
      "da_rank_value": 0.0826629400686041,
      "bf_6": 0.014168856691676824,
      "bf_12": 0.12492446259492246,
      "bf_15": 0.020105292668825797,
      "bfo_6": 0.015353771808735551,
      "bfo_12": 0.5045301048088421,
      "bf_combined_6": 0.006812149099680865,
      "bf_combined_12": 0.03747046686693931,
      "bin_80_cid_max": 0.03871128603100891,
      "bin_100_cid_max": 0.028368426786920094,
      "bin_110_cid_max": 0.03361184568679904,
      "bin_120_cid_max": 0.05068123528077294,
      "bin_150_cid_max": 0.04259916160627206
    },
    "2023-06": {
      "da_rank_value": 0.20990796642993684,
      "bf_6": 0.012455453670690246,
      "bf_12": 0.07134301802408331,
      "bf_15": 0.017748327763400157,
      "bfo_6": 0.00980903751752641,
      "bfo_12": 0.4502286756339962,
      "bf_combined_6": 0.005148063907361071,
      "bf_combined_12": 0.036258482969358255,
      "bin_80_cid_max": 0.036275023013528,
      "bin_100_cid_max": 0.03076528064246089,
      "bin_110_cid_max": 0.038329776924816344,
      "bin_120_cid_max": 0.038928077391110615,
      "bin_150_cid_max": 0.042802816111731645
    },
    "2024-06": {
      "da_rank_value": 0.26355154583700735,
      "bf_6": 0.009362410117156002,
      "bf_12": 0.03273831360732765,
      "bf_15": 0.015724966158148182,
      "bfo_6": 0.010136904980629734,
      "bfo_12": 0.4607941959580413,
      "bf_combined_6": 0.005397300777136743,
      "bf_combined_12": 0.03844379381796809,
      "bin_80_cid_max": 0.0375215345890616,
      "bin_100_cid_max": 0.03505866246434723,
      "bin_110_cid_max": 0.02260332801870076,
      "bin_120_cid_max": 0.032023862641164844,
      "bin_150_cid_max": 0.036643181033310566
    },
    "2025-06": {
      "da_rank_value": 0.09995209612683849,
      "bf_6": 0.009175549753944565,
      "bf_12": 0.4476644445105216,
      "bf_15": 0.012758036076279504,
      "bfo_6": 0.042149165318496835,
      "bfo_12": 0.08365675496958538,
      "bf_combined_6": 0.009599559434464802,
      "bf_combined_12": 0.14848632404432396,
      "bin_80_cid_max": 0.03857051406356581,
      "bin_100_cid_max": 0.027623106322723273,
      "bin_110_cid_max": 0.022288159298044466,
      "bin_120_cid_max": 0.027697505009912013,
      "bin_150_cid_max": 0.03037878507129931
    }
  },
  "walltimes": {
    "2022-06": 0.5117113590240479,
    "2023-06": 0.6286897659301758,
    "2024-06": 0.7671511173248291,
    "2025-06": 0.8518333435058594
  },
  "n_train_rows": {
    "2022-06": 31375,
    "2023-06": 40375,
    "2024-06": 49821,
    "2025-06": 58363
  }
}