{
  "lgbm": {
    "2022-06": {
      "AUC": 0.6638287340129851,
      "Precision@10": 0.3,
      "Recall@10": 0.0055147058823529415,
      "model": "lgbm_binary",
      "feature_importance": {
        "count_cids": 0.3150312784893688,
        "bin_80_cid_max": 0.1305329712182689,
        "bin_70_cid_max": 0.08360265538548424,
        "bin_90_cid_max": 0.07678420394345879,
        "count_active_cids": 0.042297576753866827,
        "bin_60_cid_max": 0.071094391017479,
        "bin_100_cid_max": 0.0550592334373564,
        "bin_110_cid_max": 0.05009130584239213,
        "bin_-50_cid_max": 0.07607870770240992,
        "bin_120_cid_max": 0.03880894784286941,
        "bin_-100_cid_max": 0.03352688701958642,
        "bin_150_cid_max": 0.02709184134745916
      }
    },
    "2023-06": {
      "AUC": 0.7005438779150619,
      "Precision@10": 0.1,
      "Recall@10": 0.0020408163265306124,
      "model": "lgbm_binary",
      "feature_importance": {
        "count_cids": 0.3422181318623993,
        "bin_80_cid_max": 0.10631341101590733,
        "bin_70_cid_max": 0.09865155293978578,
        "bin_90_cid_max": 0.0636963936586915,
        "count_active_cids": 0.04593774920797198,
        "bin_60_cid_max": 0.0677156767140174,
        "bin_100_cid_max": 0.04988127628262961,
        "bin_110_cid_max": 0.05441247876501082,
        "bin_-50_cid_max": 0.07542468012659505,
        "bin_120_cid_max": 0.03540254727012937,
        "bin_-100_cid_max": 0.03044382269560082,
        "bin_150_cid_max": 0.029902279461261016
      }
    },
    "2024-06": {
      "AUC": 0.6393587910515652,
      "Precision@10": 0.5,
      "Recall@10": 0.012224938875305624,
      "model": "lgbm_binary",
      "feature_importance": {
        "count_cids": 0.36470376651365577,
        "bin_80_cid_max": 0.11535767921200724,
        "bin_70_cid_max": 0.09849087909009792,
        "bin_90_cid_max": 0.06981191375194924,
        "count_active_cids": 0.0424086604412741,
        "bin_60_cid_max": 0.06557493595619868,
        "bin_100_cid_max": 0.038689340577893236,
        "bin_110_cid_max": 0.04823052278100478,
        "bin_-50_cid_max": 0.06657620325769374,
        "bin_120_cid_max": 0.03718376468691746,
        "bin_-100_cid_max": 0.026537434117349875,
        "bin_150_cid_max": 0.02643489961395797
      }
    }
  },
  "logistic": {
    "2022-06": {
      "AUC": 0.6693527701778385,
      "Precision@10": 0.3,
      "Recall@10": 0.0055147058823529415,
      "model": "logistic",
      "coefficients": {
        "count_cids": 0.20537460201344127,
        "bin_80_cid_max": 0.26562932877081297,
        "bin_70_cid_max": -0.05956454276226822,
        "bin_90_cid_max": 0.05171635279543916,
        "count_active_cids": 0.01874792367912163,
        "bin_60_cid_max": 0.15776423569605147,
        "bin_100_cid_max": 0.1524247632695567,
        "bin_110_cid_max": 0.18717797697173588,
        "bin_-50_cid_max": 0.039056515823352796,
        "bin_120_cid_max": -0.18687023038873204,
        "bin_-100_cid_max": 0.2966234316965882,
        "bin_150_cid_max": -0.3707993621861724
      }
    },
    "2023-06": {
      "AUC": 0.6849934836581797,
      "Precision@10": 0.0,
      "Recall@10": 0.0,
      "model": "logistic",
      "coefficients": {
        "count_cids": 0.20773243098288435,
        "bin_80_cid_max": 0.2393084514834311,
        "bin_70_cid_max": 0.041303744440531046,
        "bin_90_cid_max": -0.05494640890629873,
        "count_active_cids": 0.0021825956610203485,
        "bin_60_cid_max": 0.1273977936224369,
        "bin_100_cid_max": 0.28761133860535,
        "bin_110_cid_max": 0.058129878694883945,
        "bin_-50_cid_max": 0.04257138639816477,
        "bin_120_cid_max": -0.27704229274897185,
        "bin_-100_cid_max": 0.3535806611339707,
        "bin_150_cid_max": -0.4339793419989189
      }
    },
    "2024-06": {
      "AUC": 0.6269881402994475,
      "Precision@10": 0.2,
      "Recall@10": 0.004889975550122249,
      "model": "logistic",
      "coefficients": {
        "count_cids": 0.19590761576259572,
        "bin_80_cid_max": 0.26438619490325993,
        "bin_70_cid_max": 0.04145156719099869,
        "bin_90_cid_max": -0.06865262876652325,
        "count_active_cids": 0.013569142737871251,
        "bin_60_cid_max": 0.12087773120022968,
        "bin_100_cid_max": 0.2830100897234693,
        "bin_110_cid_max": 0.013228190814309088,
        "bin_-50_cid_max": 0.0637434891260399,
        "bin_120_cid_max": -0.2184086062077828,
        "bin_-100_cid_max": 0.5178444916548572,
        "bin_150_cid_max": -0.18668696781936664
      }
    }
  }
}