{
  "eval_config": {
    "eval_months": [
      "2020-06",
      "2020-07",
      "2020-08",
      "2020-09",
      "2020-10",
      "2020-11",
      "2020-12",
      "2021-01",
      "2021-02",
      "2021-03",
      "2021-04",
      "2021-05",
      "2021-06",
      "2021-07",
      "2021-08",
      "2021-09",
      "2021-10",
      "2021-11",
      "2021-12",
      "2022-01",
      "2022-02",
      "2022-03",
      "2022-04",
      "2022-05",
      "2022-06",
      "2022-07",
      "2022-08",
      "2022-09",
      "2022-10",
      "2022-11",
      "2022-12",
      "2023-01",
      "2023-02",
      "2023-03",
      "2023-04",
      "2023-05"
    ],
    "class_type": "wkndonpeak",
    "period_type": "f0",
    "lag": 1,
    "variant": "v3b"
  },
  "per_month": {
    "2020-06": {
      "VC@20": 0.395906021282306,
      "VC@100": 0.9335363155642277,
      "Recall@20": 0.25,
      "Recall@100": 0.5,
      "NDCG": 0.46746261657653954,
      "VC@10": 0.31485518021775555,
      "VC@25": 0.409038814458041,
      "VC@50": 0.45449039249679024,
      "VC@200": 0.933735791848311,
      "Recall@10": 0.3,
      "Recall@50": 0.34,
      "Spearman": 0.34205215744502343,
      "n_samples": 350
    },
    "2020-07": {
      "VC@20": 0.35720027314707065,
      "VC@100": 0.7344295452040027,
      "Recall@20": 0.35,
      "Recall@100": 0.41,
      "NDCG": 0.3882875386180688,
      "VC@10": 0.0545115199470854,
      "VC@25": 0.35851242023003144,
      "VC@50": 0.5456610342842444,
      "VC@200": 0.9999012444727524,
      "Recall@10": 0.1,
      "Recall@50": 0.36,
      "Spearman": 0.3297189071451649,
      "n_samples": 305
    },
    "2020-08": {
      "VC@20": 0.44274997107522884,
      "VC@100": 0.817584979776681,
      "Recall@20": 0.3,
      "Recall@100": 0.42,
      "NDCG": 0.4706246574306487,
      "VC@10": 0.4228781528501008,
      "VC@25": 0.5474276170112085,
      "VC@50": 0.6925631110483018,
      "VC@200": 0.9167907395893846,
      "Recall@10": 0.3,
      "Recall@50": 0.4,
      "Spearman": 0.3614983723660688,
      "n_samples": 334
    },
    "2020-09": {
      "VC@20": 0.2647967921547774,
      "VC@100": 0.7295218339928369,
      "Recall@20": 0.35,
      "Recall@100": 0.36,
      "NDCG": 0.525043815548046,
      "VC@10": 0.1997043965153198,
      "VC@25": 0.303486244271705,
      "VC@50": 0.501254164255439,
      "VC@200": 0.9313738523859427,
      "Recall@10": 0.2,
      "Recall@50": 0.46,
      "Spearman": 0.351846987798923,
      "n_samples": 466
    },
    "2020-10": {
      "VC@20": 0.47620475823774966,
      "VC@100": 0.8140355854577879,
      "Recall@20": 0.4,
      "Recall@100": 0.3,
      "NDCG": 0.471253509101862,
      "VC@10": 0.2031370323835772,
      "VC@25": 0.48882178900012163,
      "VC@50": 0.5405666112754833,
      "VC@200": 0.8561585538848133,
      "Recall@10": 0.2,
      "Recall@50": 0.3,
      "Spearman": 0.24016404955446574,
      "n_samples": 419
    },
    "2020-11": {
      "VC@20": 0.2792551080947288,
      "VC@100": 0.6188021720975403,
      "Recall@20": 0.3,
      "Recall@100": 0.36,
      "NDCG": 0.4254695734429885,
      "VC@10": 0.2739495671298308,
      "VC@25": 0.2792551080947288,
      "VC@50": 0.38513163712215964,
      "VC@200": 0.9999999999999998,
      "Recall@10": 0.2,
      "Recall@50": 0.24,
      "Spearman": 0.2717315354487,
      "n_samples": 379
    },
    "2020-12": {
      "VC@20": 0.31781628424969854,
      "VC@100": 0.8814770284099197,
      "Recall@20": 0.2,
      "Recall@100": 0.4,
      "NDCG": 0.44097037916796983,
      "VC@10": 0.3045039307410694,
      "VC@25": 0.3256735148703225,
      "VC@50": 0.5124014657533841,
      "VC@200": 0.9693499556354087,
      "Recall@10": 0.3,
      "Recall@50": 0.32,
      "Spearman": 0.2643667870823883,
      "n_samples": 365
    },
    "2021-01": {
      "VC@20": 0.18981447776945073,
      "VC@100": 0.9759729593319363,
      "Recall@20": 0.4,
      "Recall@100": 0.4,
      "NDCG": 0.2968456003215569,
      "VC@10": 0.010862150711958765,
      "VC@25": 0.18981447776945073,
      "VC@50": 0.5020503800682135,
      "VC@200": 0.9999999999999999,
      "Recall@10": 0.1,
      "Recall@50": 0.32,
      "Spearman": 0.31702531672915796,
      "n_samples": 286
    },
    "2021-02": {
      "VC@20": 0.38339139334833655,
      "VC@100": 0.803830427265133,
      "Recall@20": 0.3,
      "Recall@100": 0.42,
      "NDCG": 0.30839051195382083,
      "VC@10": 0.030854458692182403,
      "VC@25": 0.3941560984487904,
      "VC@50": 0.616240512632271,
      "VC@200": 1.0,
      "Recall@10": 0.1,
      "Recall@50": 0.38,
      "Spearman": 0.36337636823116537,
      "n_samples": 327
    },
    "2021-03": {
      "VC@20": 0.3852427012295286,
      "VC@100": 0.7130332520284732,
      "Recall@20": 0.3,
      "Recall@100": 0.34,
      "NDCG": 0.485530765786732,
      "VC@10": 0.21649907909801386,
      "VC@25": 0.3895026507043655,
      "VC@50": 0.5030201540644134,
      "VC@200": 0.9675833167405047,
      "Recall@10": 0.2,
      "Recall@50": 0.32,
      "Spearman": 0.2538154690300097,
      "n_samples": 360
    },
    "2021-04": {
      "VC@20": 0.5761604791921344,
      "VC@100": 0.7151959055639463,
      "Recall@20": 0.25,
      "Recall@100": 0.33,
      "NDCG": 0.3923743502860259,
      "VC@10": 0.16852433127672498,
      "VC@25": 0.576717727168512,
      "VC@50": 0.6892746214672073,
      "VC@200": 0.7784908449915026,
      "Recall@10": 0.4,
      "Recall@50": 0.26,
      "Spearman": 0.23056896589101525,
      "n_samples": 368
    },
    "2021-05": {
      "VC@20": 0.32585395103278186,
      "VC@100": 0.7792215539965172,
      "Recall@20": 0.25,
      "Recall@100": 0.4,
      "NDCG": 0.5008790170085498,
      "VC@10": 0.12683917757446872,
      "VC@25": 0.32585395103278186,
      "VC@50": 0.5509079944780501,
      "VC@200": 0.9290969757329828,
      "Recall@10": 0.1,
      "Recall@50": 0.34,
      "Spearman": 0.27081705515357374,
      "n_samples": 379
    },
    "2021-06": {
      "VC@20": 0.5544355828220859,
      "VC@100": 0.6648730533270412,
      "Recall@20": 0.5,
      "Recall@100": 0.26,
      "NDCG": 0.5040481279471527,
      "VC@10": 0.15924681453515813,
      "VC@25": 0.635708824917414,
      "VC@50": 0.6586677678150071,
      "VC@200": 0.8016139688532327,
      "Recall@10": 0.3,
      "Recall@50": 0.34,
      "Spearman": 0.2671861162818487,
      "n_samples": 372
    },
    "2021-07": {
      "VC@20": 0.24953169456394533,
      "VC@100": 0.6668445164091519,
      "Recall@20": 0.25,
      "Recall@100": 0.35,
      "NDCG": 0.43612089597687276,
      "VC@10": 0.23562191155223003,
      "VC@25": 0.24953169456394533,
      "VC@50": 0.6630207469457207,
      "VC@200": 0.9680137238140418,
      "Recall@10": 0.3,
      "Recall@50": 0.28,
      "Spearman": 0.18634645785908935,
      "n_samples": 307
    },
    "2021-08": {
      "VC@20": 0.5341789833389647,
      "VC@100": 0.9751277531812023,
      "Recall@20": 0.2,
      "Recall@100": 0.38,
      "NDCG": 0.42654396640807374,
      "VC@10": 0.4206031831181181,
      "VC@25": 0.5341789833389647,
      "VC@50": 0.6551630747151461,
      "VC@200": 0.999005493299707,
      "Recall@10": 0.2,
      "Recall@50": 0.3,
      "Spearman": 0.26247643650452546,
      "n_samples": 340
    },
    "2021-09": {
      "VC@20": 0.6210791564048318,
      "VC@100": 0.7129786752403696,
      "Recall@20": 0.35,
      "Recall@100": 0.35,
      "NDCG": 0.6932817033047455,
      "VC@10": 0.35254104875811243,
      "VC@25": 0.622982879259548,
      "VC@50": 0.6556652988002377,
      "VC@200": 0.7993942467912443,
      "Recall@10": 0.3,
      "Recall@50": 0.3,
      "Spearman": 0.260846702375359,
      "n_samples": 415
    },
    "2021-10": {
      "VC@20": 0.5280094759014361,
      "VC@100": 0.7392423089887679,
      "Recall@20": 0.35,
      "Recall@100": 0.31,
      "NDCG": 0.4096097088637526,
      "VC@10": 0.528009475901436,
      "VC@25": 0.5298687798791288,
      "VC@50": 0.6703597947034038,
      "VC@200": 0.7448624927639587,
      "Recall@10": 0.4,