{
  "eval_config": {
    "eval_months": [
      "2020-07",
      "2020-08",
      "2020-09",
      "2020-10",
      "2020-11",
      "2020-12",
      "2021-01",
      "2021-02",
      "2021-03",
      "2021-04",
      "2021-07",
      "2021-08",
      "2021-09",
      "2021-10",
      "2021-11",
      "2021-12",
      "2022-01",
      "2022-02",
      "2022-03",
      "2022-04",
      "2022-07",
      "2022-08",
      "2022-09",
      "2022-10",
      "2022-11",
      "2022-12",
      "2023-01",
      "2023-02",
      "2023-03",
      "2023-04"
    ],
    "class_type": "onpeak",
    "period_type": "f1",
    "lag": 2,
    "note": "v12a: extended BF (d12, blend partial into bf windows)"
  },
  "per_month": {
    "2020-07": {
      "VC@20": 0.5970350491763768,
      "VC@100": 0.7840513964978633,
      "Recall@20": 0.45,
      "Recall@100": 0.46,
      "NDCG": 0.8373031090047829,
      "VC@10": 0.5685443838816431,
      "VC@25": 0.6114028013385615,
      "VC@50": 0.6613344364415029,
      "VC@200": 0.8543763962661178,
      "Recall@10": 0.7,
      "Recall@50": 0.44,
      "Spearman": 0.3019631577954924,
      "n_samples": 403
    },
    "2020-08": {
      "VC@20": 0.6368906040225448,
      "VC@100": 0.7308774783242534,
      "Recall@20": 0.4,
      "Recall@100": 0.47,
      "NDCG": 0.7765397799466387,
      "VC@10": 0.5553611991338271,
      "VC@25": 0.6427602091359511,
      "VC@50": 0.6665559514486747,
      "VC@200": 0.8964615833248984,
      "Recall@10": 0.6,
      "Recall@50": 0.42,
      "Spearman": 0.31989774060266013,
      "n_samples": 591
    },
    "2020-09": {
      "VC@20": 0.3939832167656272,
      "VC@100": 0.8150515302728367,
      "Recall@20": 0.35,
      "Recall@100": 0.47,
      "NDCG": 0.5918361228690532,
      "VC@10": 0.3349770892462419,
      "VC@25": 0.39522969716255696,
      "VC@50": 0.4894160570058277,
      "VC@200": 0.9035153060666005,
      "Recall@10": 0.2,
      "Recall@50": 0.38,
      "Spearman": 0.3113144477106249,
      "n_samples": 720
    },
    "2020-10": {
      "VC@20": 0.3500852490248948,
      "VC@100": 0.5858748634188401,
      "Recall@20": 0.25,
      "Recall@100": 0.43,
      "NDCG": 0.5155935609158475,
      "VC@10": 0.3207854100809442,
      "VC@25": 0.36582672495295177,
      "VC@50": 0.5257978621562347,
      "VC@200": 0.935679912336271,
      "Recall@10": 0.2,
      "Recall@50": 0.5,
      "Spearman": 0.3478505454562102,
      "n_samples": 577
    },
    "2020-11": {
      "VC@20": 0.4411079102695915,
      "VC@100": 0.8632085334242647,
      "Recall@20": 0.45,
      "Recall@100": 0.46,
      "NDCG": 0.6470766878111606,
      "VC@10": 0.39308030094574914,
      "VC@25": 0.45146145979145663,
      "VC@50": 0.7914791028445403,
      "VC@200": 0.9634687734999411,
      "Recall@10": 0.5,
      "Recall@50": 0.54,
      "Spearman": 0.3422271065011826,
      "n_samples": 404
    },
    "2020-12": {
      "VC@20": 0.4012197553429074,
      "VC@100": 0.8730025874368392,
      "Recall@20": 0.35,
      "Recall@100": 0.42,
      "NDCG": 0.6442700464211647,
      "VC@10": 0.34966051540883303,
      "VC@25": 0.5210314672082906,
      "VC@50": 0.6812166686058794,
      "VC@200": 0.9842448621219808,
      "Recall@10": 0.5,
      "Recall@50": 0.44,
      "Spearman": 0.34801607911752325,
      "n_samples": 336
    },
    "2021-01": {
      "VC@20": 0.41741571460133037,
      "VC@100": 0.9250852827856703,
      "Recall@20": 0.35,
      "Recall@100": 0.5,
      "NDCG": 0.6663707478472046,
      "VC@10": 0.3995522133133026,
      "VC@25": 0.4472717423256817,
      "VC@50": 0.5519543563294759,
      "VC@200": 0.9999999999999999,
      "Recall@10": 0.2,
      "Recall@50": 0.5,
      "Spearman": 0.4268264743311166,
      "n_samples": 351
    },
    "2021-02": {
      "VC@20": 0.623499737598877,
      "VC@100": 0.7463562884749549,
      "Recall@20": 0.45,
      "Recall@100": 0.38,
      "NDCG": 0.6168150867708628,
      "VC@10": 0.34562212398017644,
      "VC@25": 0.6621784353926374,
      "VC@50": 0.681238418284807,
      "VC@200": 0.9276459710994,
      "Recall@10": 0.4,
      "Recall@50": 0.38,
      "Spearman": 0.3197821083309516,
      "n_samples": 503
    },
    "2021-03": {
      "VC@20": 0.4075976766752248,
      "VC@100": 0.62813561015277,
      "Recall@20": 0.4,
      "Recall@100": 0.37,
      "NDCG": 0.7265942743531433,
      "VC@10": 0.271867801923706,
      "VC@25": 0.4425365416429966,
      "VC@50": 0.6129766788896158,
      "VC@200": 0.8112809766493583,
      "Recall@10": 0.2,
      "Recall@50": 0.4,
      "Spearman": 0.2392263322008893,
      "n_samples": 573
    },
    "2021-04": {
      "VC@20": 0.31222871755444,
      "VC@100": 0.6999073720959204,
      "Recall@20": 0.35,
      "Recall@100": 0.41,
      "NDCG": 0.5126469924063415,
      "VC@10": 0.20926760522476406,
      "VC@25": 0.3693620214893681,
      "VC@50": 0.3901001252616624,
      "VC@200": 0.7406028150628868,
      "Recall@10": 0.2,
      "Recall@50": 0.42,
      "Spearman": 0.2765320500493683,
      "n_samples": 490
    },
    "2021-07": {
      "VC@20": 0.7642053936793469,
      "VC@100": 0.8631943836085324,
      "Recall@20": 0.45,
      "Recall@100": 0.36,
      "NDCG": 0.5659255743337611,
      "VC@10": 0.5392042873437922,
      "VC@25": 0.787534262534782,
      "VC@50": 0.7948470050819185,
      "VC@200": 0.9388064581096202,
      "Recall@10": 0.5,
      "Recall@50": 0.42,
      "Spearman": 0.31368748926208456,
      "n_samples": 440
    },
    "2021-08": {
      "VC@20": 0.5376991890232834,
      "VC@100": 0.8245241613253979,
      "Recall@20": 0.45,
      "Recall@100": 0.43,
      "NDCG": 0.7977740851755445,
      "VC@10": 0.3489644242761948,
      "VC@25": 0.5404672784539667,
      "VC@50": 0.7196804083608015,
      "VC@200": 0.8824139454050771,
      "Recall@10": 0.2,
      "Recall@50": 0.5,
      "Spearman": 0.32708756616544693,
      "n_samples": 539
    },
    "2021-09": {
      "VC@20": 0.39865159172397957,
      "VC@100": 0.7289166506971207,
      "Recall@20": 0.4,
      "Recall@100": 0.45,
      "NDCG": 0.6555898613022628,
      "VC@10": 0.23200988229441788,
      "VC@25": 0.4774890735904445,
      "VC@50": 0.5270754777825813,
      "VC@200": 0.8177701237107484,
      "Recall@10": 0.4,
      "Recall@50": 0.42,
      "Spearman": 0.34546417899328,
      "n_samples": 576
    },
    "2021-10": {
      "VC@20": 0.2694996016084235,
      "VC@100": 0.7695942808504912,
      "Recall@20": 0.15,
      "Recall@100": 0.35,
      "NDCG": 0.3817103100929363,
      "VC@10": 0.24990302495945926,
      "VC@25": 0.2959959889450762,
      "VC@50": 0.7317982555933219,
      "VC@200": 0.8490141328327965,
      "Recall@10": 0.2,
      "Recall@50": 0.36,
      "Spearman": 0.2260006923897817,
      "n_samples": 577
    },
    "2021-11": {
      "VC@20": 0.40992469036559337,
      "VC@100": 0.80697780587955,
      "Recall@20": 0.25,
      "Recall@100": 0.34,
      "NDCG": 0.4012129753064072,
      "VC@10": 0.366056557051671,
      "VC@25": 0.43690122352724164,
      "VC@50": 0.4789747228730239,
      "VC@200": 0.9479436337429844,
      "Recall@10": 0.2,
      "Recall@50": 0.36,
      "Spearman": 0.25698672931731953,
      "n_samples": 345
    },
    "2021-12": {
      "VC@20": 0.699644215166665,
      "VC@100": 0.8095669584838756,
      "Recall@20": 0.45,
      "Recall@100": 0.38,
      "NDCG": 0.5818843280566116,
      "VC@10": 0.6113877839769657,
      "VC@25": 0.7086107020450202,
      "VC@50": 0.7924591438112111,
      "VC@200": 0.884749313439717,
      "Recall@10": 0.4,
      "Recall@50": 0.52,
      "Spearman": 0.33695562587454614,
      "n_samples": 327
    },
    "2022-01": {
      "VC@20": 0.5900951906670925,
      "VC@100": 0.9219613479116727,
      "Recall@20": 0.4,
      "Recall@100": 0.44,
      "NDCG": 0.5993360005574173,
      "VC@10": 0.5618882073673318,
      "VC@25": 0.5905756838503256,
      "VC@50": 0.8260723429131956,
      "VC@200": 0.9504576580038364,
      "Recall@10": 0.4,
      "Recall@50": 0.48,