{
  "eval_config": {
    "eval_months": [
      "2020-12",
      "2021-09",
      "2022-06",
      "2023-03"
    ],
    "class_type": "onpeak",
    "period_type": "f0",
    "train_months": 8,
    "val_months": 0,
    "mode": "screen"
  },
  "per_month": {
    "2020-12": {
      "VC@20": 0.6892369270655013,
      "VC@100": 0.8958527576152535,
      "Recall@20": 0.9,
      "Recall@100": 0.72,
      "NDCG": 0.9917261056199645,
      "VC@10": 0.5808239895615246,
      "VC@25": 0.7189169449113184,
      "VC@50": 0.8334739535130438,
      "VC@200": 0.9423035384180286,
      "Recall@10": 0.7,
      "Recall@50": 0.96,
      "Spearman": 0.41715057811685785,
      "Tier0-AP": 0.849978474922836,
      "Tier01-AP": 0.6932202387266889,
      "n_samples": 550
    },
    "2021-09": {
      "VC@20": 0.64735765582459,
      "VC@100": 0.8792183839656412,
      "Recall@20": 1.0,
      "Recall@100": 0.85,
      "NDCG": 0.965965621911322,
      "VC@10": 0.49969249085722695,
      "VC@25": 0.674180976374274,
      "VC@50": 0.7861861184221599,
      "VC@200": 0.9009860335988846,
      "Recall@10": 0.6,
      "Recall@50": 0.98,
      "Spearman": 0.46385437409054386,
      "Tier0-AP": 0.8238033010088479,
      "Tier01-AP": 0.7184202204590123,
      "n_samples": 621
    },
    "2022-06": {
      "VC@20": 0.5661251727246752,
      "VC@100": 0.8837068132204043,
      "Recall@20": 0.8,
      "Recall@100": 0.87,
      "NDCG": 0.9472109935725336,
      "VC@10": 0.4035760763297489,
      "VC@25": 0.6469290623495167,
      "VC@50": 0.7684833269842103,
      "VC@200": 0.952421508547671,
      "Recall@10": 0.4,
      "Recall@50": 0.94,
      "Spearman": 0.5692504872223944,
      "Tier0-AP": 0.9692122678524846,
      "Tier01-AP": 0.8382810252470032,
      "n_samples": 578
    },
    "2023-03": {
      "VC@20": 0.5589067638622016,
      "VC@100": 0.876494321642,
      "Recall@20": 0.9,
      "Recall@100": 0.96,
      "NDCG": 0.7678827220415226,
      "VC@10": 0.4205150376613216,
      "VC@25": 0.6244139075395247,
      "VC@50": 0.745592445826188,
      "VC@200": 0.9286483049596396,
      "Recall@10": 0.7,
      "Recall@50": 0.9,
      "Spearman": 0.4551026174594122,
      "Tier0-AP": 0.9366563636040082,
      "Tier01-AP": 0.7491617238609005,
      "n_samples": 780
    }
  },
  "aggregate": {
    "mean": {
      "VC@20": 0.615406629869242,
      "VC@100": 0.8838180691108248,
      "Recall@20": 0.9,
      "Recall@100": 0.85,
      "NDCG": 0.9181963607863357,
      "VC@10": 0.4761518986024555,
      "VC@25": 0.6661102227936584,
      "VC@50": 0.7834339611864005,
      "VC@200": 0.931089846381056,
      "Recall@10": 0.5999999999999999,
      "Recall@50": 0.945,
      "Spearman": 0.47633951422230203,
      "Tier0-AP": 0.8949126018470441,
      "Tier01-AP": 0.7497708020734012,
      "n_samples": 632.25
    },
    "std": {
      "VC@20": 0.05498335593793951,
      "VC@100": 0.00741013639708679,
      "Recall@20": 0.07071067811865474,
      "Recall@100": 0.08573214099741124,
      "NDCG": 0.08821077682481569,
      "VC@10": 0.07048602057037906,
      "VC@25": 0.035214296052621816,
      "VC@50": 0.03227645019710872,
      "VC@200": 0.019319597358816613,
      "Recall@10": 0.12247448713915887,
      "Recall@50": 0.029580398915498064,
      "Spearman": 0.05644170348542272,
      "Tier0-AP": 0.05987192673173322,
      "Tier01-AP": 0.054807061052616096,
      "n_samples": 88.97295937530683
    },
    "min": {
      "VC@20": 0.5589067638622016,
      "VC@100": 0.876494321642,
      "Recall@20": 0.8,
      "Recall@100": 0.72,
      "NDCG": 0.7678827220415226,
      "VC@10": 0.4035760763297489,
      "VC@25": 0.6244139075395247,
      "VC@50": 0.745592445826188,
      "VC@200": 0.9009860335988846,
      "Recall@10": 0.4,
      "Recall@50": 0.9,
      "Spearman": 0.41715057811685785,
      "Tier0-AP": 0.8238033010088479,
      "Tier01-AP": 0.6932202387266889,
      "n_samples": 550.0
    },
    "max": {
      "VC@20": 0.6892369270655013,
      "VC@100": 0.8958527576152535,
      "Recall@20": 1.0,
      "Recall@100": 0.96,
      "NDCG": 0.9917261056199645,
      "VC@10": 0.5808239895615246,
      "VC@25": 0.7189169449113184,
      "VC@50": 0.8334739535130438,
      "VC@200": 0.952421508547671,
      "Recall@10": 0.7,
      "Recall@50": 0.98,
      "Spearman": 0.5692504872223944,
      "Tier0-AP": 0.9692122678524846,
      "Tier01-AP": 0.8382810252470032,
      "n_samples": 780.0
    },
    "bottom_2_mean": {
      "VC@20": 0.5625159682934384,
      "VC@100": 0.8778563528038206,
      "Recall@20": 0.8500000000000001,
      "Recall@100": 0.7849999999999999,
      "NDCG": 0.8575468578070281,
      "VC@10": 0.41204555699553524,
      "VC@25": 0.6356714849445207,
      "VC@50": 0.7570378864051992,
      "VC@200": 0.9148171692792622,
      "Recall@10": 0.5,
      "Recall@50": 0.9199999999999999,
      "Spearman": 0.436126597788135,
      "Tier0-AP": 0.8368908879658419,
      "Tier01-AP": 0.7058202295928506,
      "n_samples": 564.0
    }
  },
  "n_months": 4,
  "n_months_requested": 4,
  "skipped_months": []
}