{
  "V2_baseline/R30@200": {
    "vc": 0.6566875974633846,
    "nb_sp": 14804.792222222219,
    "nb_bind": 6.0
  },
  "V2_baseline/R30@400": {
    "vc": 0.7824316231170919,
    "nb_sp": 49523.08999999999,
    "nb_bind": 14.777777777777779
  },
  "+2020/R30@200": {
    "vc": 0.6597759946229496,
    "nb_sp": 17255.128888888885,
    "nb_bind": 6.888888888888889
  },
  "+2020/R30@400": {
    "vc": 0.7786377354044126,
    "nb_sp": 43200.47444444444,
    "nb_bind": 15.777777777777779
  },
  "+class_train/R30@200": {
    "vc": 0.6617060957388416,
    "nb_sp": 19814.108888888888,
    "nb_bind": 6.111111111111111
  },
  "+class_train/R30@400": {
    "vc": 0.7913765711834191,
    "nb_sp": 58303.015555555554,
    "nb_bind": 15.666666666666666
  },
  "+log1p/R30@200": {
    "vc": 0.6537269365672949,
    "nb_sp": 11320.163333333334,
    "nb_bind": 5.222222222222222
  },
  "+log1p/R30@400": {
    "vc": 0.7789610569525424,
    "nb_sp": 46944.10888888888,
    "nb_bind": 12.555555555555555
  },
  "+binary_sqrt/R30@200": {
    "vc": 0.6688045603369207,
    "nb_sp": 28521.273333333334,
    "nb_bind": 6.777777777777778
  },
  "+binary_sqrt/R30@400": {
    "vc": 0.789380049062289,
    "nb_sp": 57787.98777777778,
    "nb_bind": 15.777777777777779
  },
  "+tiered_wt/R30@200": {
    "vc": 0.6557308322317721,
    "nb_sp": 13806.526666666667,
    "nb_bind": 6.444444444444445
  },
  "+tiered_wt/R30@400": {
    "vc": 0.7827575837201772,
    "nb_sp": 49975.545555555545,
    "nb_bind": 15.333333333333334
  },
  "-count/R30@200": {
    "vc": 0.6632797850821582,
    "nb_sp": 27073.218888888878,
    "nb_bind": 4.777777777777778
  },
  "-count/R30@400": {
    "vc": 0.7927233963208747,
    "nb_sp": 63322.27444444444,
    "nb_bind": 12.555555555555555
  },
  "+ratio/R30@200": {
    "vc": 0.6669923863716751,
    "nb_sp": 25038.95444444444,
    "nb_bind": 5.666666666666667
  },
  "+ratio/R30@400": {
    "vc": 0.7874763116474638,
    "nb_sp": 52424.114444444436,
    "nb_bind": 13.444444444444445
  },
  "+top2/R30@200": {
    "vc": 0.664290273418874,
    "nb_sp": 22179.327777777777,
    "nb_bind": 6.888888888888889
  },
  "+top2/R30@400": {
    "vc": 0.7885560839514476,
    "nb_sp": 53577.52888888889,
    "nb_bind": 15.777777777777779
  }
}