{
  "eval_config": {
    "eval_months": [
      "2020-06",
      "2020-07",
      "2020-08",
      "2020-09",
      "2020-10",
      "2020-11",
      "2020-12",
      "2021-01",
      "2021-02",
      "2021-03",
      "2021-04",
      "2021-06",
      "2021-07",
      "2021-08",
      "2021-09",
      "2021-10",
      "2021-11",
      "2021-12",
      "2022-01",
      "2022-02",
      "2022-03",
      "2022-04",
      "2022-06",
      "2022-07",
      "2022-08",
      "2022-09",
      "2022-10",
      "2022-11",
      "2022-12",
      "2023-01",
      "2023-02",
      "2023-03",
      "2023-04"
    ],
    "class_type": "wkndonpeak",
    "period_type": "f1",
    "lag": 1
  },
  "per_month": {
    "2020-06": {
      "VC@20": 0.014431242234091708,
      "VC@100": 0.39634849685533086,
      "Recall@20": 0.05,
      "Recall@100": 0.4,
      "NDCG": 0.3343761970457472,
      "VC@10": 0.007613283503834174,
      "VC@25": 0.08508251314967284,
      "VC@50": 0.29483996542898944,
      "VC@200": 0.7242583632398113,
      "Recall@10": 0.0,
      "Recall@50": 0.38,
      "Spearman": 0.28757021072953143,
      "n_samples": 359
    },
    "2020-07": {
      "VC@20": 0.38575304713718594,
      "VC@100": 0.7998075461590637,
      "Recall@20": 0.15,
      "Recall@100": 0.43,
      "NDCG": 0.5381259953187096,
      "VC@10": 0.38425177490720147,
      "VC@25": 0.3956050732030688,
      "VC@50": 0.6367249934983126,
      "VC@200": 0.9134140560551477,
      "Recall@10": 0.3,
      "Recall@50": 0.44,
      "Spearman": 0.3401787331108566,
      "n_samples": 417
    },
    "2020-08": {
      "VC@20": 0.1734231461197047,
      "VC@100": 0.6309807467319561,
      "Recall@20": 0.2,
      "Recall@100": 0.45,
      "NDCG": 0.5269714337229852,
      "VC@10": 0.08075394576194334,
      "VC@25": 0.17342314611970472,
      "VC@50": 0.2818715975108573,
      "VC@200": 0.9517206554040896,
      "Recall@10": 0.0,
      "Recall@50": 0.36,
      "Spearman": 0.3895234335528644,
      "n_samples": 598
    },
    "2020-09": {
      "VC@20": 0.20104325197207154,
      "VC@100": 0.36625811773179834,
      "Recall@20": 0.25,
      "Recall@100": 0.27,
      "NDCG": 0.37598370919191415,
      "VC@10": 0.061684305912148435,
      "VC@25": 0.20104325197207157,
      "VC@50": 0.3541596477572407,
      "VC@200": 0.7233477003148345,
      "Recall@10": 0.0,
      "Recall@50": 0.3,
      "Spearman": 0.2181503322678667,
      "n_samples": 574
    },
    "2020-10": {
      "VC@20": 0.12354991589841494,
      "VC@100": 0.2702260244626758,
      "Recall@20": 0.2,
      "Recall@100": 0.35,
      "NDCG": 0.40399744641906954,
      "VC@10": 0.12354991589841494,
      "VC@25": 0.12354991589841494,
      "VC@50": 0.15854020412163627,
      "VC@200": 0.9430813178265146,
      "Recall@10": 0.1,
      "Recall@50": 0.3,
      "Spearman": 0.305381384522828,
      "n_samples": 542
    },
    "2020-11": {
      "VC@20": 0.27921276595744676,
      "VC@100": 0.719409332688588,
      "Recall@20": 0.3,
      "Recall@100": 0.34,
      "NDCG": 0.5550621558866187,
      "VC@10": 0.15193375241779492,
      "VC@25": 0.2793143133462282,
      "VC@50": 0.3047676499032882,
      "VC@200": 0.9308080270793035,
      "Recall@10": 0.3,
      "Recall@50": 0.34,
      "Spearman": 0.28076931182581216,
      "n_samples": 452
    },
    "2020-12": {
      "VC@20": 0.02223464833864272,
      "VC@100": 0.6450654516042587,
      "Recall@20": 0.3,
      "Recall@100": 0.34,
      "NDCG": 0.30169792088896735,
      "VC@10": 0.019965366160001503,
      "VC@25": 0.02223464833864272,
      "VC@50": 0.3425597926530972,
      "VC@200": 0.9543923968458119,
      "Recall@10": 0.0,
      "Recall@50": 0.32,
      "Spearman": 0.31394896795542043,
      "n_samples": 391
    },
    "2021-01": {
      "VC@20": 0.07997881884216322,
      "VC@100": 0.6589634108192557,
      "Recall@20": 0.15,
      "Recall@100": 0.45,
      "NDCG": 0.3783144303492496,
      "VC@10": 0.07933413548505852,
      "VC@25": 0.08179046068111569,
      "VC@50": 0.10199053920372994,
      "VC@200": 0.9991766912964122,
      "Recall@10": 0.3,
      "Recall@50": 0.42,
      "Spearman": 0.4242068394704779,
      "n_samples": 379
    },
    "2021-02": {
      "VC@20": 0.141493786817005,
      "VC@100": 0.6499283331636165,
      "Recall@20": 0.15,
      "Recall@100": 0.36,
      "NDCG": 0.48577107854124835,
      "VC@10": 0.09009462491012717,
      "VC@25": 0.3638503682857663,
      "VC@50": 0.6270096028932112,
      "VC@200": 0.8278792479379393,
      "Recall@10": 0.2,
      "Recall@50": 0.44,
      "Spearman": 0.2724219872017744,
      "n_samples": 521
    },
    "2021-03": {
      "VC@20": 0.5408082310063421,
      "VC@100": 0.7536791544129293,
      "Recall@20": 0.3,
      "Recall@100": 0.25,
      "NDCG": 0.39183241120036433,
      "VC@10": 0.17489675180191439,
      "VC@25": 0.5408082310063421,
      "VC@50": 0.552275235059428,
      "VC@200": 0.7826385298615963,
      "Recall@10": 0.2,
      "Recall@50": 0.18,
      "Spearman": 0.14911321335653083,
      "n_samples": 454
    },
    "2021-04": {
      "VC@20": 0.2925066006116251,
      "VC@100": 0.8238044647590367,
      "Recall@20": 0.3,
      "Recall@100": 0.41,
      "NDCG": 0.641068251057966,
      "VC@10": 0.27718748327183135,
      "VC@25": 0.30534045169077545,
      "VC@50": 0.5161462443426413,
      "VC@200": 0.8658629662950063,
      "Recall@10": 0.3,
      "Recall@50": 0.36,
      "Spearman": 0.24503977247026604,
      "n_samples": 446
    },
    "2021-06": {
      "VC@20": 0.1591656735809224,
      "VC@100": 0.7943264005405415,
      "Recall@20": 0.2,
      "Recall@100": 0.35,
      "NDCG": 0.37890192154734315,
      "VC@10": 0.017953630870550203,
      "VC@25": 0.15984853347322658,
      "VC@50": 0.6104454623879056,
      "VC@200": 0.8198406135033864,
      "Recall@10": 0.0,
      "Recall@50": 0.28,
      "Spearman": 0.21757226039366678,
      "n_samples": 383
    },
    "2021-07": {
      "VC@20": 0.55423967073341,
      "VC@100": 0.7451328178342537,
      "Recall@20": 0.3,
      "Recall@100": 0.28,
      "NDCG": 0.4337415314966258,
      "VC@10": 0.1501047127428236,
      "VC@25": 0.55423967073341,
      "VC@50": 0.7075628419899055,
      "VC@200": 0.841646409452644,
      "Recall@10": 0.3,
      "Recall@50": 0.28,
      "Spearman": 0.23580539496557157,
      "n_samples": 424
    },
    "2021-08": {
      "VC@20": 0.35903170337615353,
      "VC@100": 0.6202881421959289,
      "Recall@20": 0.2,
      "Recall@100": 0.25,
      "NDCG": 0.3988931056221753,
      "VC@10": 0.15959170737550835,
      "VC@25": 0.3794189805229535,
      "VC@50": 0.4865781086258727,
      "VC@200": 0.7365066578882087,
      "Recall@10": 0.1,
      "Recall@50": 0.36,
      "Spearman": 0.233902908284049,
      "n_samples": 530
    },
    "2021-09": {
      "VC@20": 0.5349950712758477,
      "VC@100": 0.7300634096602993,
      "Recall@20": 0.45,
      "Recall@100": 0.35,
      "NDCG": 0.8081227861577951,
      "VC@10": 0.45480933322412004,
      "VC@25": 0.5349950712758477,
      "VC@50": 0.726532127090471,
      "VC@200": 0.9676448607105836,
      "Recall@10": 0.3,
      "Recall@50": 0.44,
      "Spearman": 0.2919739812857572,
      "n_samples": 518
    },
    "2021-10": {
      "VC@20": 0.4095131304649381,
      "VC@100": 0.5823294174910619,
      "Recall@20": 0.2,
      "Recall@100": 0.17,
      "NDCG": 0.49528137041549525,
      "VC@10": 0.3889367198315182,
      "VC@25": 0.450665951731778,
      "VC@50": 0.4678218036031145,
      "VC@200": 0.7385004240710484,
      "Recall@10": 0.3,
      "Recall@50": 0.22,
      "Spearman": 0.20198212837281643,
      "n_samples": 530
    },
    "2021-11": {
      "VC@20": 0.5819145330886394,
      "VC@100": 0.9597641379034704,
      "Recall@20": 0.45,
      "Recall@100": 0.4,
      "NDCG": 0.6156643071217204,
      "VC@10": 0.24515552609754226,
      "VC@25": 0.5883652273688629,
      "VC@50": 0.5896013259436649,
      "VC@200": 0.9617013445954724,
      "Recall@10": 0.4,
      "Recall@50": 0.3,