{
  "eval_config": {
    "eval_months": [
      "2020-06",
      "2020-07",
      "2020-08",
      "2020-09",
      "2020-10",
      "2020-11",
      "2020-12",
      "2021-01",
      "2021-02",
      "2021-03",
      "2021-04",
      "2021-06",
      "2021-07",
      "2021-08",
      "2021-09",
      "2021-10",
      "2021-11",
      "2021-12",
      "2022-01",
      "2022-02",
      "2022-03",
      "2022-04",
      "2022-06",
      "2022-07",
      "2022-08",
      "2022-09",
      "2022-10",
      "2022-11",
      "2022-12",
      "2023-01",
      "2023-02",
      "2023-03",
      "2023-04"
    ],
    "class_type": "wkndonpeak",
    "period_type": "f1",
    "lag": 1
  },
  "per_month": {
    "2020-06": {
      "VC@20": 0.035453481161911556,
      "VC@100": 0.4906679818334606,
      "Recall@20": 0.1,
      "Recall@100": 0.37,
      "NDCG": 0.3361007668566966,
      "VC@10": 0.007613283503834174,
      "VC@25": 0.08508251314967284,
      "VC@50": 0.2987332741189061,
      "VC@200": 0.7241535010330603,
      "Recall@10": 0.0,
      "Recall@50": 0.42,
      "Spearman": 0.26381005737709856,
      "n_samples": 359
    },
    "2020-07": {
      "VC@20": 0.3843692623944923,
      "VC@100": 0.7804495374708252,
      "Recall@20": 0.15,
      "Recall@100": 0.42,
      "NDCG": 0.5364151991303521,
      "VC@10": 0.38425177490720147,
      "VC@25": 0.384965453037781,
      "VC@50": 0.6367249934983127,
      "VC@200": 0.901340466094648,
      "Recall@10": 0.3,
      "Recall@50": 0.44,
      "Spearman": 0.3243502431405585,
      "n_samples": 417
    },
    "2020-08": {
      "VC@20": 0.1498415945873676,
      "VC@100": 0.6290514604702425,
      "Recall@20": 0.2,
      "Recall@100": 0.45,
      "NDCG": 0.5019717592394615,
      "VC@10": 0.08075394576194334,
      "VC@25": 0.1557070153447955,
      "VC@50": 0.2949730621303941,
      "VC@200": 0.9560733465062127,
      "Recall@10": 0.0,
      "Recall@50": 0.38,
      "Spearman": 0.3885572940502286,
      "n_samples": 598
    },
    "2020-09": {
      "VC@20": 0.20104325197207157,
      "VC@100": 0.48778884022445024,
      "Recall@20": 0.25,
      "Recall@100": 0.3,
      "NDCG": 0.37769734277901534,
      "VC@10": 0.011510624208557455,
      "VC@25": 0.20104325197207157,
      "VC@50": 0.3613927065301998,
      "VC@200": 0.8288671770623977,
      "Recall@10": 0.0,
      "Recall@50": 0.32,
      "Spearman": 0.17983901412855516,
      "n_samples": 574
    },
    "2020-10": {
      "VC@20": 0.12444322891204083,
      "VC@100": 0.27022602446267574,
      "Recall@20": 0.2,
      "Recall@100": 0.36,
      "NDCG": 0.4507916794481813,
      "VC@10": 0.12014711385518413,
      "VC@25": 0.12444322891204083,
      "VC@50": 0.24720520089470763,
      "VC@200": 0.9430813178265146,
      "Recall@10": 0.1,
      "Recall@50": 0.3,
      "Spearman": 0.3044543543079821,
      "n_samples": 542
    },
    "2020-11": {
      "VC@20": 0.278416827852998,
      "VC@100": 0.7194093326885879,
      "Recall@20": 0.3,
      "Recall@100": 0.33,
      "NDCG": 0.5452336105081533,
      "VC@10": 0.15193375241779492,
      "VC@25": 0.27921276595744676,
      "VC@50": 0.30175193423597674,
      "VC@200": 0.9308080270793035,
      "Recall@10": 0.3,
      "Recall@50": 0.3,
      "Spearman": 0.2777944373844194,
      "n_samples": 452
    },
    "2020-12": {
      "VC@20": 0.02213649740449833,
      "VC@100": 0.4844823780383009,
      "Recall@20": 0.3,
      "Recall@100": 0.3,
      "NDCG": 0.28808902781401996,
      "VC@10": 0.00483505348615013,
      "VC@25": 0.022136497404498332,
      "VC@50": 0.2972963286663447,
      "VC@200": 0.9556190798899734,
      "Recall@10": 0.0,
      "Recall@50": 0.32,
      "Spearman": 0.29430319669480304,
      "n_samples": 391
    },
    "2021-01": {
      "VC@20": 0.08840413213923351,
      "VC@100": 0.6081848491250532,
      "Recall@20": 0.2,
      "Recall@100": 0.4,
      "NDCG": 0.3858732399711651,
      "VC@10": 0.0772803973643241,
      "VC@25": 0.09170824768535102,
      "VC@50": 0.27239458611056455,
      "VC@200": 0.9991766912964122,
      "Recall@10": 0.3,
      "Recall@50": 0.44,
      "Spearman": 0.41850817922488687,
      "n_samples": 379
    },
    "2021-02": {
      "VC@20": 0.3933224868777945,
      "VC@100": 0.6499283331636165,
      "Recall@20": 0.3,
      "Recall@100": 0.33,
      "NDCG": 0.5005862820024011,
      "VC@10": 0.0911283553811071,
      "VC@25": 0.43645720510138275,
      "VC@50": 0.6230613696465876,
      "VC@200": 0.8588741903730379,
      "Recall@10": 0.2,
      "Recall@50": 0.46,
      "Spearman": 0.26889600187856305,
      "n_samples": 521
    },
    "2021-03": {
      "VC@20": 0.5408082310063421,
      "VC@100": 0.7536791544129294,
      "Recall@20": 0.3,
      "Recall@100": 0.26,
      "NDCG": 0.3825310443105095,
      "VC@10": 0.17489675180191439,
      "VC@25": 0.5408082310063421,
      "VC@50": 0.552275235059428,
      "VC@200": 0.7826385298615965,
      "Recall@10": 0.2,
      "Recall@50": 0.18,
      "Spearman": 0.14605901282653982,
      "n_samples": 454
    },
    "2021-04": {
      "VC@20": 0.27737872401413893,
      "VC@100": 0.7861248581882982,
      "Recall@20": 0.3,
      "Recall@100": 0.3,
      "NDCG": 0.6588663588657035,
      "VC@10": 0.2771874832718313,
      "VC@25": 0.3563307161123996,
      "VC@50": 0.6230998958752436,
      "VC@200": 0.8663412839981143,
      "Recall@10": 0.3,
      "Recall@50": 0.38,
      "Spearman": 0.22308901029526856,
      "n_samples": 446
    },
    "2021-06": {
      "VC@20": 0.11645553312310737,
      "VC@100": 0.649699826655078,
      "Recall@20": 0.1,
      "Recall@100": 0.29,
      "NDCG": 0.3686724906663453,
      "VC@10": 0.017953630870550203,
      "VC@25": 0.13440916399365757,
      "VC@50": 0.6094444597632861,
      "VC@200": 0.8235732874107932,
      "Recall@10": 0.0,
      "Recall@50": 0.2,
      "Spearman": 0.2101673618190503,
      "n_samples": 383
    },
    "2021-07": {
      "VC@20": 0.2848163654063524,
      "VC@100": 0.7270663792724233,
      "Recall@20": 0.2,
      "Recall@100": 0.28,
      "NDCG": 0.4521545135749378,
      "VC@10": 0.1501047127428236,
      "VC@25": 0.5568851258178591,
      "VC@50": 0.6161140957696051,
      "VC@200": 0.841646409452644,
      "Recall@10": 0.3,
      "Recall@50": 0.26,
      "Spearman": 0.22880597940896213,
      "n_samples": 424
    },
    "2021-08": {
      "VC@20": 0.38047399900582085,
      "VC@100": 0.6202881421959288,
      "Recall@20": 0.25,
      "Recall@100": 0.25,
      "NDCG": 0.40077698958762575,
      "VC@10": 0.15996240229170583,
      "VC@25": 0.3804739990058209,
      "VC@50": 0.4922979406152404,
      "VC@200": 0.7365066578882086,
      "Recall@10": 0.1,
      "Recall@50": 0.34,
      "Spearman": 0.22430030251775424,
      "n_samples": 530
    },
    "2021-09": {
      "VC@20": 0.5256326984835348,
      "VC@100": 0.7300634096602995,
      "Recall@20": 0.3,
      "Recall@100": 0.29,
      "NDCG": 0.532723073220661,
      "VC@10": 0.5254414244436474,
      "VC@25": 0.5292813665982201,
      "VC@50": 0.7239808274042713,
      "VC@200": 0.8976064759763535,
      "Recall@10": 0.6,
      "Recall@50": 0.4,
      "Spearman": 0.2653663190164248,
      "n_samples": 518
    },
    "2021-10": {
      "VC@20": 0.45122249931569713,
      "VC@100": 0.5823294174910619,
      "Recall@20": 0.3,
      "Recall@100": 0.16,
      "NDCG": 0.49062342014667193,
      "VC@10": 0.2598476941382646,
      "VC@25": 0.45122249931569713,
      "VC@50": 0.4521152686373464,
      "VC@200": 0.7391428537705227,
      "Recall@10": 0.2,
      "Recall@50": 0.22,
      "Spearman": 0.22079295580654107,
      "n_samples": 530
    },
    "2021-11": {
      "VC@20": 0.4153507705527929,
      "VC@100": 0.9583739953836778,
      "Recall@20": 0.3,
      "Recall@100": 0.39,
      "NDCG": 0.6301949704859205,
      "VC@10": 0.41404764204517064,
      "VC@25": 0.47769006524801916,
      "VC@50": 0.6451647687342419,
      "VC@200": 0.95958303218436,
      "Recall@10": 0.6,
      "Recall@50": 0.36,