{
  "eval_config": {
    "eval_months": [
      "2020-12",
      "2021-09",
      "2022-06",
      "2023-03"
    ],
    "class_type": "onpeak",
    "period_type": "f0",
    "train_months": 8,
    "val_months": 0,
    "mode": "screen"
  },
  "per_month": {
    "2020-12": {
      "VC@20": 0.33287711288749866,
      "VC@100": 0.8161665003308514,
      "Recall@20": 0.3,
      "Recall@100": 0.31,
      "NDCG": 0.37617312831123056,
      "VC@10": 0.1046238941570008,
      "VC@25": 0.3743153313968522,
      "VC@50": 0.761516560894102,
      "VC@200": 0.9399725781106969,
      "Recall@10": 0.2,
      "Recall@50": 0.28,
      "Spearman": 0.22400223764573993,
      "Tier0-AP": 1.0,
      "Tier01-AP": 1.0,
      "n_samples": 550
    },
    "2021-09": {
      "VC@20": 0.5251047273293608,
      "VC@100": 0.675165877206274,
      "Recall@20": 0.3,
      "Recall@100": 0.24,
      "NDCG": 0.5328760438766649,
      "VC@10": 0.4247168841450287,
      "VC@25": 0.5251804381703199,
      "VC@50": 0.566902563542329,
      "VC@200": 0.8156093843175897,
      "Recall@10": 0.4,
      "Recall@50": 0.24,
      "Spearman": 0.19460509387239242,
      "Tier0-AP": 1.0000000000000002,
      "Tier01-AP": 1.0000000000000002,
      "n_samples": 621
    },
    "2022-06": {
      "VC@20": 0.056782301795747885,
      "VC@100": 0.3928076746539813,
      "Recall@20": 0.05,
      "Recall@100": 0.18,
      "NDCG": 0.30157850210401116,
      "VC@10": 0.05085748252800979,
      "VC@25": 0.056782301795747885,
      "VC@50": 0.1936072835652484,
      "VC@200": 0.598728848836865,
      "Recall@10": 0.1,
      "Recall@50": 0.14,
      "Spearman": 0.1297693936276693,
      "Tier0-AP": 1.0,
      "Tier01-AP": 1.0,
      "n_samples": 578
    },
    "2023-03": {
      "VC@20": 0.15749194103771147,
      "VC@100": 0.5504444179151771,
      "Recall@20": 0.25,
      "Recall@100": 0.2,
      "NDCG": 0.32515060654143224,
      "VC@10": 0.10581507439460502,
      "VC@25": 0.18429655028717154,
      "VC@50": 0.18830009101460218,
      "VC@200": 0.659288105705246,
      "Recall@10": 0.2,
      "Recall@50": 0.22,
      "Spearman": 0.1529957380783599,
      "Tier0-AP": 0.9999999999999999,
      "Tier01-AP": 0.9999999999999999,
      "n_samples": 780
    }
  },
  "aggregate": {
    "mean": {
      "VC@20": 0.2680640207625797,
      "VC@100": 0.6086461175265709,
      "Recall@20": 0.225,
      "Recall@100": 0.23249999999999998,
      "NDCG": 0.3839445702083347,
      "VC@10": 0.17150333380616106,
      "VC@25": 0.2851436554125229,
      "VC@50": 0.42758162475407047,
      "VC@200": 0.7533997292425995,
      "Recall@10": 0.22500000000000003,
      "Recall@50": 0.22,
      "Spearman": 0.17534311580604037,
      "Tier0-AP": 1.0,
      "Tier01-AP": 1.0,
      "n_samples": 632.25
    },
    "std": {
      "VC@20": 0.178281246439022,
      "VC@100": 0.15609553081879027,
      "Recall@20": 0.1030776406404415,
      "Recall@100": 0.04968651728587947,
      "NDCG": 0.09011364837916022,
      "VC@10": 0.14786846382693436,
      "VC@25": 0.17880736234312156,
      "VC@50": 0.24643584879393274,
      "VC@200": 0.13365959379111994,
      "Recall@10": 0.10897247358851683,
      "Recall@50": 0.05099019513592785,
      "Spearman": 0.03645237777475681,
      "Tier0-AP": 1.2412670766236366e-16,
      "Tier01-AP": 1.2412670766236366e-16,
      "n_samples": 88.97295937530683
    },
    "min": {
      "VC@20": 0.056782301795747885,
      "VC@100": 0.3928076746539813,
      "Recall@20": 0.05,
      "Recall@100": 0.18,
      "NDCG": 0.30157850210401116,
      "VC@10": 0.05085748252800979,
      "VC@25": 0.056782301795747885,
      "VC@50": 0.18830009101460218,
      "VC@200": 0.598728848836865,
      "Recall@10": 0.1,
      "Recall@50": 0.14,
      "Spearman": 0.1297693936276693,
      "Tier0-AP": 0.9999999999999999,
      "Tier01-AP": 0.9999999999999999,
      "n_samples": 550.0
    },
    "max": {
      "VC@20": 0.5251047273293608,
      "VC@100": 0.8161665003308514,
      "Recall@20": 0.3,
      "Recall@100": 0.31,
      "NDCG": 0.5328760438766649,
      "VC@10": 0.4247168841450287,
      "VC@25": 0.5251804381703199,
      "VC@50": 0.761516560894102,
      "VC@200": 0.9399725781106969,
      "Recall@10": 0.4,
      "Recall@50": 0.28,
      "Spearman": 0.22400223764573993,
      "Tier0-AP": 1.0000000000000002,
      "Tier01-AP": 1.0000000000000002,
      "n_samples": 780.0
    },
    "bottom_2_mean": {
      "VC@20": 0.10713712141672968,
      "VC@100": 0.47162604628457916,
      "Recall@20": 0.15,
      "Recall@100": 0.19,
      "NDCG": 0.3133645543227217,
      "VC@10": 0.07774068834250529,
      "VC@25": 0.12053942604145972,
      "VC@50": 0.1909536872899253,
      "VC@200": 0.6290084772710555,
      "Recall@10": 0.15000000000000002,
      "Recall@50": 0.18,
      "Spearman": 0.1413825658530146,
      "Tier0-AP": 1.0,
      "Tier01-AP": 1.0,
      "n_samples": 564.0
    }
  },
  "n_months": 4,
  "n_months_requested": 4,
  "skipped_months": []
}