{
  "eval_config": {
    "eval_months": [
      "2020-06",
      "2020-07",
      "2020-08",
      "2020-09",
      "2020-10",
      "2020-11",
      "2020-12",
      "2021-01",
      "2021-02",
      "2021-03",
      "2021-04",
      "2021-06",
      "2021-07",
      "2021-08",
      "2021-09",
      "2021-10",
      "2021-11",
      "2021-12",
      "2022-01",
      "2022-02",
      "2022-03",
      "2022-04",
      "2022-06",
      "2022-07",
      "2022-08",
      "2022-09",
      "2022-10",
      "2022-11",
      "2022-12",
      "2023-01",
      "2023-02",
      "2023-03",
      "2023-04"
    ],
    "class_type": "dailyoffpeak",
    "period_type": "f1",
    "lag": 1
  },
  "per_month": {
    "2020-06": {
      "VC@20": 0.7129343519554131,
      "VC@100": 0.9035847661655702,
      "Recall@20": 0.3,
      "Recall@100": 0.35,
      "NDCG": 0.5531381662215831,
      "VC@10": 0.6993232355784724,
      "VC@25": 0.7145077818429981,
      "VC@50": 0.7145077818429981,
      "VC@200": 0.9035847661655702,
      "Recall@10": 0.4,
      "Recall@50": 0.24,
      "Spearman": 0.2610275890104655,
      "n_samples": 321
    },
    "2020-07": {
      "VC@20": 0.02738672732545819,
      "VC@100": 0.9047063274947328,
      "Recall@20": 0.3,
      "Recall@100": 0.39,
      "NDCG": 0.1940039570151692,
      "VC@10": 0.006382361659478055,
      "VC@25": 0.037007966268043826,
      "VC@50": 0.8999059515570492,
      "VC@200": 0.9070629804457346,
      "Recall@10": 0.0,
      "Recall@50": 0.42,
      "Spearman": 0.2935767387699326,
      "n_samples": 395
    },
    "2020-08": {
      "VC@20": 0.04670603354731368,
      "VC@100": 0.8398370182564636,
      "Recall@20": 0.15,
      "Recall@100": 0.37,
      "NDCG": 0.2954764039230414,
      "VC@10": 0.04026439683974811,
      "VC@25": 0.046996562079041224,
      "VC@50": 0.32628576735649995,
      "VC@200": 0.9305708250613403,
      "Recall@10": 0.0,
      "Recall@50": 0.44,
      "Spearman": 0.3031798291668137,
      "n_samples": 566
    },
    "2020-09": {
      "VC@20": 0.5411265495249907,
      "VC@100": 0.966603762300191,
      "Recall@20": 0.45,
      "Recall@100": 0.37,
      "NDCG": 0.3325495472137819,
      "VC@10": 0.11456411838402407,
      "VC@25": 0.541664830425777,
      "VC@50": 0.716613205824766,
      "VC@200": 0.979523290879444,
      "Recall@10": 0.2,
      "Recall@50": 0.46,
      "Spearman": 0.2998067166443456,
      "n_samples": 541
    },
    "2020-10": {
      "VC@20": 0.09044796183516735,
      "VC@100": 0.8906145130391026,
      "Recall@20": 0.25,
      "Recall@100": 0.37,
      "NDCG": 0.2807946350426786,
      "VC@10": 0.012479306958387495,
      "VC@25": 0.10466620874499416,
      "VC@50": 0.1049002448661242,
      "VC@200": 0.9093415775606263,
      "Recall@10": 0.0,
      "Recall@50": 0.28,
      "Spearman": 0.272429186714557,
      "n_samples": 526
    },
    "2020-11": {
      "VC@20": 0.25012909005015516,
      "VC@100": 0.6425360728740992,
      "Recall@20": 0.15,
      "Recall@100": 0.44,
      "NDCG": 0.41003086221358803,
      "VC@10": 0.13100740683659667,
      "VC@25": 0.344155543723268,
      "VC@50": 0.4418132304883696,
      "VC@200": 0.7760677182341378,
      "Recall@10": 0.1,
      "Recall@50": 0.38,
      "Spearman": 0.3145656224347934,
      "n_samples": 434
    },
    "2020-12": {
      "VC@20": 0.019792377672583707,
      "VC@100": 0.3678673360626132,
      "Recall@20": 0.25,
      "Recall@100": 0.45,
      "NDCG": 0.23295980002189443,
      "VC@10": 0.011099800537502043,
      "VC@25": 0.022523930339970778,
      "VC@50": 0.22265941151929097,
      "VC@200": 0.37774629490670364,
      "Recall@10": 0.0,
      "Recall@50": 0.38,
      "Spearman": 0.30852354635486223,
      "n_samples": 374
    },
    "2021-01": {
      "VC@20": 0.5595627928346539,
      "VC@100": 0.9407470759210279,
      "Recall@20": 0.1,
      "Recall@100": 0.45,
      "NDCG": 0.3490668820984438,
      "VC@10": 0.00788762093127279,
      "VC@25": 0.5759271035922211,
      "VC@50": 0.7399804762431063,
      "VC@200": 0.9938251923587696,
      "Recall@10": 0.0,
      "Recall@50": 0.56,
      "Spearman": 0.38517282608333775,
      "n_samples": 367
    },
    "2021-02": {
      "VC@20": 0.12410050621162264,
      "VC@100": 0.3140521184016165,
      "Recall@20": 0.3,
      "Recall@100": 0.44,
      "NDCG": 0.3217199388696209,
      "VC@10": 0.06976063377177015,
      "VC@25": 0.12410050621162262,
      "VC@50": 0.20401047531542751,
      "VC@200": 0.4015729946618413,
      "Recall@10": 0.3,
      "Recall@50": 0.36,
      "Spearman": 0.3544373682819199,
      "n_samples": 510
    },
    "2021-03": {
      "VC@20": 0.4736575274853644,
      "VC@100": 0.7584810471283034,
      "Recall@20": 0.4,
      "Recall@100": 0.4,
      "NDCG": 0.8224475226196425,
      "VC@10": 0.33150467188016547,
      "VC@25": 0.4736575274853644,
      "VC@50": 0.6749767011992629,
      "VC@200": 0.9789070425557043,
      "Recall@10": 0.3,
      "Recall@50": 0.44,
      "Spearman": 0.34599512971614077,
      "n_samples": 441
    },
    "2021-04": {
      "VC@20": 0.30645587724027956,
      "VC@100": 0.46489925117569786,
      "Recall@20": 0.35,
      "Recall@100": 0.25,
      "NDCG": 0.46851779203656235,
      "VC@10": 0.23040763771642933,
      "VC@25": 0.3064558772402795,
      "VC@50": 0.46317551883718844,
      "VC@200": 0.6832719895576793,
      "Recall@10": 0.3,
      "Recall@50": 0.24,
      "Spearman": 0.1730951947102216,
      "n_samples": 410
    },
    "2021-06": {
      "VC@20": 0.09299201890494027,
      "VC@100": 0.7927701979668272,
      "Recall@20": 0.1,
      "Recall@100": 0.35,
      "NDCG": 0.3799374952866133,
      "VC@10": 0.0,
      "VC@25": 0.09299201890494027,
      "VC@50": 0.5554803147850901,
      "VC@200": 0.8947019350811486,
      "Recall@10": 0.0,
      "Recall@50": 0.3,
      "Spearman": 0.3027139512836821,
      "n_samples": 351
    },
    "2021-07": {
      "VC@20": 0.05449895686116159,
      "VC@100": 0.49188146353500684,
      "Recall@20": 0.3,
      "Recall@100": 0.28,
      "NDCG": 0.21223239484326847,
      "VC@10": 0.03431814612916975,
      "VC@25": 0.05664356058056846,
      "VC@50": 0.47875810395495433,
      "VC@200": 0.5073961908607577,
      "Recall@10": 0.2,
      "Recall@50": 0.24,
      "Spearman": 0.16393944726183363,
      "n_samples": 377
    },
    "2021-08": {
      "VC@20": 0.026226738543271615,
      "VC@100": 0.33883852926484315,
      "Recall@20": 0.2,
      "Recall@100": 0.25,
      "NDCG": 0.1774656106770519,
      "VC@10": 0.002927166059500244,
      "VC@25": 0.029108661511020102,
      "VC@50": 0.28833112489200535,
      "VC@200": 0.3460036715078841,
      "Recall@10": 0.0,
      "Recall@50": 0.3,
      "Spearman": 0.23536502874952334,
      "n_samples": 490
    },
    "2021-09": {
      "VC@20": 0.03946052115125136,
      "VC@100": 0.251790418974227,
      "Recall@20": 0.4,
      "Recall@100": 0.27,
      "NDCG": 0.1731762478808311,
      "VC@10": 0.028701285045509953,
      "VC@25": 0.03946052115125136,
      "VC@50": 0.06577627542017686,
      "VC@200": 0.26545477993103994,
      "Recall@10": 0.4,
      "Recall@50": 0.26,
      "Spearman": 0.20611752867374208,
      "n_samples": 488
    },
    "2021-10": {
      "VC@20": 0.4654375681696035,
      "VC@100": 0.9188265699283149,
      "Recall@20": 0.15,
      "Recall@100": 0.28,
      "NDCG": 0.387455962629693,
      "VC@10": 0.026579848305676265,
      "VC@25": 0.4674294285357366,
      "VC@50": 0.6385495109939607,
      "VC@200": 0.9294592081149018,
      "Recall@10": 0.1,
      "Recall@50": 0.38,
      "Spearman": 0.28633524375131,
      "n_samples": 489
    },
    "2021-11": {
      "VC@20": 0.13313385009469889,
      "VC@100": 0.8746953107082446,
      "Recall@20": 0.3,
      "Recall@100": 0.45,
      "NDCG": 0.4321289029824267,
      "VC@10": 0.11438271279258945,
      "VC@25": 0.13313385009469889,
      "VC@50": 0.4330471728688439,
      "VC@200": 0.9290105983097402,
      "Recall@10": 0.0,
      "Recall@50": 0.42,