{
  "eval_config": {
    "eval_months": [
      "2020-06",
      "2020-07",
      "2020-08",
      "2020-09",
      "2020-10",
      "2020-11",
      "2020-12",
      "2021-01",
      "2021-02",
      "2021-03",
      "2021-04",
      "2021-06",
      "2021-07",
      "2021-08",
      "2021-09",
      "2021-10",
      "2021-11",
      "2021-12",
      "2022-01",
      "2022-02",
      "2022-03",
      "2022-04",
      "2022-06",
      "2022-07",
      "2022-08",
      "2022-09",
      "2022-10",
      "2022-11",
      "2022-12",
      "2023-01",
      "2023-02",
      "2023-03",
      "2023-04"
    ],
    "class_type": "dailyoffpeak",
    "period_type": "f1",
    "lag": 1
  },
  "per_month": {
    "2020-06": {
      "VC@20": 0.7129343519554131,
      "VC@100": 0.8931773805235917,
      "Recall@20": 0.3,
      "Recall@100": 0.29,
      "NDCG": 0.5256414906750569,
      "VC@10": 0.2865917233796515,
      "VC@25": 0.7145077818429981,
      "VC@50": 0.7145077818429981,
      "VC@200": 0.9035847661655702,
      "Recall@10": 0.3,
      "Recall@50": 0.24,
      "Spearman": 0.2532728891003703,
      "n_samples": 321
    },
    "2020-07": {
      "VC@20": 0.02738672732545819,
      "VC@100": 0.9047063274947328,
      "Recall@20": 0.3,
      "Recall@100": 0.39,
      "NDCG": 0.2053956124346154,
      "VC@10": 0.006382361659478055,
      "VC@25": 0.028219014431218194,
      "VC@50": 0.8999059515570492,
      "VC@200": 0.9072409618421973,
      "Recall@10": 0.0,
      "Recall@50": 0.42,
      "Spearman": 0.2952367100287206,
      "n_samples": 395
    },
    "2020-08": {
      "VC@20": 0.046827483999101416,
      "VC@100": 0.8398370182564637,
      "Recall@20": 0.15,
      "Recall@100": 0.37,
      "NDCG": 0.29829005609250425,
      "VC@10": 0.03581121360753088,
      "VC@25": 0.25767340624064816,
      "VC@50": 0.3244981437131928,
      "VC@200": 0.9305708250613406,
      "Recall@10": 0.0,
      "Recall@50": 0.4,
      "Spearman": 0.29639572903558165,
      "n_samples": 566
    },
    "2020-09": {
      "VC@20": 0.5408101914517216,
      "VC@100": 0.9428414935878467,
      "Recall@20": 0.45,
      "Recall@100": 0.34,
      "NDCG": 0.3300588558172881,
      "VC@10": 0.11456411838402407,
      "VC@25": 0.5418867532532942,
      "VC@50": 0.716613205824766,
      "VC@200": 0.979523290879444,
      "Recall@10": 0.2,
      "Recall@50": 0.46,
      "Spearman": 0.3050898167444533,
      "n_samples": 541
    },
    "2020-10": {
      "VC@20": 0.062479540257773726,
      "VC@100": 0.9013958916223663,
      "Recall@20": 0.15,
      "Recall@100": 0.4,
      "NDCG": 0.2792728724919919,
      "VC@10": 0.009307172040615706,
      "VC@25": 0.10443217262386414,
      "VC@50": 0.1049002448661242,
      "VC@200": 0.907570466851718,
      "Recall@10": 0.0,
      "Recall@50": 0.28,
      "Spearman": 0.2474059415354834,
      "n_samples": 526
    },
    "2020-11": {
      "VC@20": 0.2501290900501552,
      "VC@100": 0.4816984583313411,
      "Recall@20": 0.15,
      "Recall@100": 0.42,
      "NDCG": 0.40855815894177416,
      "VC@10": 0.13100740683659667,
      "VC@25": 0.344155543723268,
      "VC@50": 0.4418132304883697,
      "VC@200": 0.7760677182341379,
      "Recall@10": 0.1,
      "Recall@50": 0.38,
      "Spearman": 0.31878998152560695,
      "n_samples": 434
    },
    "2020-12": {
      "VC@20": 0.019792377672583707,
      "VC@100": 0.35120934274674454,
      "Recall@20": 0.25,
      "Recall@100": 0.43,
      "NDCG": 0.2371652201352125,
      "VC@10": 0.011099800537502043,
      "VC@25": 0.019792377672583707,
      "VC@50": 0.1953731850460621,
      "VC@200": 0.9987550178897073,
      "Recall@10": 0.0,
      "Recall@50": 0.36,
      "Spearman": 0.3280319809739277,
      "n_samples": 374
    },
    "2021-01": {
      "VC@20": 0.5595627928346539,
      "VC@100": 0.9447768163777357,
      "Recall@20": 0.1,
      "Recall@100": 0.47,
      "NDCG": 0.3485553938308298,
      "VC@10": 0.00788762093127279,
      "VC@25": 0.5607143125803243,
      "VC@50": 0.7500478835472132,
      "VC@200": 0.9938251923587699,
      "Recall@10": 0.0,
      "Recall@50": 0.56,
      "Spearman": 0.39672383687407875,
      "n_samples": 367
    },
    "2021-02": {
      "VC@20": 0.12210058393228117,
      "VC@100": 0.2998943624382309,
      "Recall@20": 0.3,
      "Recall@100": 0.43,
      "NDCG": 0.33189498568536124,
      "VC@10": 0.09027540360025317,
      "VC@25": 0.1241240904114594,
      "VC@50": 0.1773731936088605,
      "VC@200": 0.4015729946618413,
      "Recall@10": 0.3,
      "Recall@50": 0.32,
      "Spearman": 0.35681265096224846,
      "n_samples": 510
    },
    "2021-03": {
      "VC@20": 0.3610589491892739,
      "VC@100": 0.7850852604591886,
      "Recall@20": 0.3,
      "Recall@100": 0.43,
      "NDCG": 0.6357268783266489,
      "VC@10": 0.3606432583559788,
      "VC@25": 0.4065528553989006,
      "VC@50": 0.6821728974734146,
      "VC@200": 0.9789070425557043,
      "Recall@10": 0.3,
      "Recall@50": 0.48,
      "Spearman": 0.3574309951629161,
      "n_samples": 441
    },
    "2021-04": {
      "VC@20": 0.275722229277219,
      "VC@100": 0.46489925117569786,
      "Recall@20": 0.3,
      "Recall@100": 0.25,
      "NDCG": 0.4666154780604655,
      "VC@10": 0.24869106677797367,
      "VC@25": 0.27634572907840693,
      "VC@50": 0.464324673729528,
      "VC@200": 0.6832719895576793,
      "Recall@10": 0.3,
      "Recall@50": 0.28,
      "Spearman": 0.17328010917362718,
      "n_samples": 410
    },
    "2021-06": {
      "VC@20": 0.11699103798822899,
      "VC@100": 0.8947019350811486,
      "Recall@20": 0.2,
      "Recall@100": 0.38,
      "NDCG": 0.3916171899677697,
      "VC@10": 0.04261135634028894,
      "VC@25": 0.11699103798822899,
      "VC@50": 0.30805522115213124,
      "VC@200": 0.9995541287676121,
      "Recall@10": 0.1,
      "Recall@50": 0.2,
      "Spearman": 0.2972538573334874,
      "n_samples": 351
    },
    "2021-07": {
      "VC@20": 0.05325167687372412,
      "VC@100": 0.49188146353500695,
      "Recall@20": 0.25,
      "Recall@100": 0.29,
      "NDCG": 0.223047994352474,
      "VC@10": 0.05325167687372412,
      "VC@25": 0.05449895686116159,
      "VC@50": 0.47875810395495444,
      "VC@200": 0.5073961908607578,
      "Recall@10": 0.3,
      "Recall@50": 0.22,
      "Spearman": 0.19606093670514202,
      "n_samples": 377
    },
    "2021-08": {
      "VC@20": 0.029108661511020102,
      "VC@100": 0.3399609298013146,
      "Recall@20": 0.25,
      "Recall@100": 0.28,
      "NDCG": 0.18416553116353565,
      "VC@10": 0.002927166059500244,
      "VC@25": 0.02915142552925121,
      "VC@50": 0.3226700117632038,
      "VC@200": 0.3507151507338677,
      "Recall@10": 0.0,
      "Recall@50": 0.34,
      "Spearman": 0.2480181998376525,
      "n_samples": 490
    },
    "2021-09": {
      "VC@20": 0.03946052115125136,
      "VC@100": 0.251790418974227,
      "Recall@20": 0.4,
      "Recall@100": 0.27,
      "NDCG": 0.1660065761579869,
      "VC@10": 0.02274280922737002,
      "VC@25": 0.03946052115125135,
      "VC@50": 0.2475084500926145,
      "VC@200": 0.27444841289695626,
      "Recall@10": 0.3,
      "Recall@50": 0.32,
      "Spearman": 0.19125205494083553,
      "n_samples": 488
    },
    "2021-10": {
      "VC@20": 0.4654375681696035,
      "VC@100": 0.9188265699283148,
      "Recall@20": 0.15,
      "Recall@100": 0.28,
      "NDCG": 0.3794695681825048,
      "VC@10": 0.027845180976253273,
      "VC@25": 0.4654375681696035,
      "VC@50": 0.6094809292061124,
      "VC@200": 0.9265198527454058,
      "Recall@10": 0.1,
      "Recall@50": 0.34,
      "Spearman": 0.26920354788610446,
      "n_samples": 489
    },
    "2021-11": {
      "VC@20": 0.1325761009891971,
      "VC@100": 0.8539147419118305,
      "Recall@20": 0.3,
      "Recall@100": 0.46,
      "NDCG": 0.4259120934685041,
      "VC@10": 0.13136154309150205,
      "VC@25": 0.13317110515078068,
      "VC@50": 0.38536974566425447,
      "VC@200": 0.9869590075942172,
      "Recall@10": 0.0,