{
  "per_group": {
    "2022-06/aq1": {
      "n_branches": 2427,
      "n_binding": 342,
      "VC@20": 0.09466619716957182,
      "Recall@20": 0.038011695906432746,
      "Abs_SP@20": 0.08822411159175468,
      "NB12_Recall@20": 0.0,
      "VC@50": 0.1442556451472051,
      "Recall@50": 0.09649122807017543,
      "Abs_SP@50": 0.13443897099204827,
      "NB12_Recall@50": 0.0,
      "VC@100": 0.20422113185354976,
      "Recall@100": 0.16374269005847952,
      "Abs_SP@100": 0.19032377411092655,
      "NB12_Recall@100": 0.0,
      "NDCG": 0.8060403536691448,
      "Spearman": 0.30880021448529105,
      "cohort_contribution": {
        "established": {
          "count_in_top_k": 50,
          "sp_captured": 478548.6599999999
        },
        "history_dormant": {
          "count_in_top_k": 0,
          "sp_captured": 0.0
        },
        "history_zero": {
          "count_in_top_k": 0,
          "sp_captured": 0.0
        }
      }
    },
    "2022-06/aq2": {
      "n_branches": 2225,
      "n_binding": 408,
      "VC@20": 0.18175270049925019,
      "Recall@20": 0.03431372549019608,
      "Abs_SP@20": 0.16403781666803022,
      "NB12_Recall@20": 0.0,
      "VC@50": 0.2987141295276184,
      "Recall@50": 0.09068627450980392,
      "Abs_SP@50": 0.2695993703587576,
      "NB12_Recall@50": 0.0,
      "VC@100": 0.36231769688341475,
      "Recall@100": 0.14705882352941177,
      "Abs_SP@100": 0.32700369113464545,
      "NB12_Recall@100": 0.0,
      "NDCG": 0.8296819456410279,
      "Spearman": 0.26942181795035186,
      "cohort_contribution": {
        "established": {
          "count_in_top_k": 50,
          "sp_captured": 872465.0700000001
        },
        "history_dormant": {
          "count_in_top_k": 0,
          "sp_captured": 0.0
        },
        "history_zero": {
          "count_in_top_k": 0,
          "sp_captured": 0.0
        }
      }
    },
    "2022-06/aq3": {
      "n_branches": 1953,
      "n_binding": 317,
      "VC@20": 0.32453622676585325,
      "Recall@20": 0.0473186119873817,
      "Abs_SP@20": 0.28499918450740125,
      "NB12_Recall@20": 0.0,
      "VC@50": 0.4153630780555586,
      "Recall@50": 0.10725552050473186,
      "Abs_SP@50": 0.3647609380931327,
      "NB12_Recall@50": 0.0,
      "VC@100": 0.4929802494965325,
      "Recall@100": 0.167192429022082,
      "Abs_SP@100": 0.4329222980278696,
      "NB12_Recall@100": 0.0,
      "NDCG": 0.8107530575918133,
      "Spearman": 0.27910854517438666,
      "cohort_contribution": {
        "established": {
          "count_in_top_k": 50,
          "sp_captured": 837392.2600000001
        },
        "history_dormant": {
          "count_in_top_k": 0,
          "sp_captured": 0.0
        },
        "history_zero": {
          "count_in_top_k": 0,
          "sp_captured": 0.0
        }
      }
    },
    "2022-06/aq4": {
      "n_branches": 2395,
      "n_binding": 388,
      "VC@20": 0.10416150715843528,
      "Recall@20": 0.041237113402061855,
      "Abs_SP@20": 0.09611136133225041,
      "NB12_Recall@20": 0.0,
      "VC@50": 0.25646316841451267,
      "Recall@50": 0.08762886597938144,
      "Abs_SP@50": 0.23664235397831293,
      "NB12_Recall@50": 0.0,
      "VC@100": 0.31919648150532,
      "Recall@100": 0.14948453608247422,
      "Abs_SP@100": 0.29452730866573656,
      "NB12_Recall@100": 0.0,
      "NDCG": 0.821157126428597,
      "Spearman": 0.26076925538608264,
      "cohort_contribution": {
        "established": {
          "count_in_top_k": 50,
          "sp_captured": 639903.87
        },
        "history_dormant": {
          "count_in_top_k": 0,
          "sp_captured": 0.0
        },
        "history_zero": {
          "count_in_top_k": 0,
          "sp_captured": 0.0
        }
      }
    },
    "2023-06/aq1": {
      "n_branches": 2512,
      "n_binding": 327,
      "VC@20": 0.17235184741241685,
      "Recall@20": 0.04281345565749235,
      "Abs_SP@20": 0.15530316677945932,
      "NB12_Recall@20": 0.0,
      "VC@50": 0.28872923462641825,
      "Recall@50": 0.12538226299694188,
      "Abs_SP@50": 0.2601687487108525,
      "NB12_Recall@50": 0.0,
      "VC@100": 0.43243270267767286,
      "Recall@100": 0.21712538226299694,
      "Abs_SP@100": 0.389657373292563,
      "NB12_Recall@100": 0.0,
      "NDCG": 0.8462552550385753,
      "Spearman": 0.3178203813109781,
      "cohort_contribution": {
        "established": {
          "count_in_top_k": 50,
          "sp_captured": 511675.5900000001
        },
        "history_dormant": {
          "count_in_top_k": 0,
          "sp_captured": 0.0
        },
        "history_zero": {
          "count_in_top_k": 0,
          "sp_captured": 0.0
        }
      }
    },
    "2023-06/aq2": {
      "n_branches": 2278,
      "n_binding": 422,
      "VC@20": 0.26467393930394684,
      "Recall@20": 0.04028436018957346,
      "Abs_SP@20": 0.2478720092177437,
      "NB12_Recall@20": 0.0,
      "VC@50": 0.4183501012618329,
      "Recall@50": 0.0947867298578199,
      "Abs_SP@50": 0.39179255966388493,
      "NB12_Recall@50": 0.0,
      "VC@100": 0.49585557580736744,
      "Recall@100": 0.16587677725118483,
      "Abs_SP@100": 0.4643778612296513,
      "NB12_Recall@100": 0.0,
      "NDCG": 0.8604820494689566,
      "Spearman": 0.32281427523543105,
      "cohort_contribution": {
        "established": {
          "count_in_top_k": 50,
          "sp_captured": 1432819.03
        },
        "history_dormant": {
          "count_in_top_k": 0,
          "sp_captured": 0.0
        },
        "history_zero": {
          "count_in_top_k": 0,
          "sp_captured": 0.0
        }
      }
    },
    "2023-06/aq3": {
      "n_branches": 2274,
      "n_binding": 338,
      "VC@20": 0.19570885934676574,
      "Recall@20": 0.05917159763313609,
      "Abs_SP@20": 0.16166641958621558,
      "NB12_Recall@20": 0.0,
      "VC@50": 0.26116329171932146,
      "Recall@50": 0.10946745562130178,
      "Abs_SP@50": 0.21573542679947558,
      "NB12_Recall@50": 0.0,
      "VC@100": 0.29151078888485926,
      "Recall@100": 0.1893491124260355,
      "Abs_SP@100": 0.2408041499351122,
      "NB12_Recall@100": 0.0,
      "NDCG": 0.8447604496211104,
      "Spearman": 0.319587593570783,
      "cohort_contribution": {
        "established": {
          "count_in_top_k": 50,
          "sp_captured": 631628.31
        },
        "history_dormant": {
          "count_in_top_k": 0,
          "sp_captured": 0.0
        },
        "history_zero": {
          "count_in_top_k": 0,
          "sp_captured": 0.0
        }
      }
    },
    "2023-06/aq4": {
      "n_branches": 2382,
      "n_binding": 423,
      "VC@20": 0.26242142257791,
      "Recall@20": 0.037825059101654845,
      "Abs_SP@20": 0.2371789450307559,
      "NB12_Recall@20": 0.0,
      "VC@50": 0.4108275838885331,
      "Recall@50": 0.09456264775413711,
      "Abs_SP@50": 0.3713098266864547,
      "NB12_Recall@50": 0.0,
      "VC@100": 0.47098976357005823,
      "Recall@100": 0.15839243498817968,
      "Abs_SP@100": 0.42568496941466905,
      "NB12_Recall@100": 0.0,
      "NDCG": 0.8560303642686433,
      "Spearman": 0.3196609553978346,
      "cohort_contribution": {
        "established": {
          "count_in_top_k": 50,
          "sp_captured": 1012884.25
        },
        "history_dormant": {
          "count_in_top_k": 0,
          "sp_captured": 0.0
        },
        "history_zero": {
          "count_in_top_k": 0,
          "sp_captured": 0.0
        }
      }
    },
    "2024-06/aq1": {
      "n_branches": 2339,
      "n_binding": 385,
      "VC@20": 0.14584472588760589,
      "Recall@20": 0.04415584415584416,
      "Abs_SP@20": 0.1355543593978651,
      "NB12_Recall@20": 0.0,
      "VC@50": 0.221912131556458,
      "Recall@50": 0.1038961038961039,
      "Abs_SP@50": 0.20625467703873118,
      "NB12_Recall@50": 0.0,
      "VC@100": 0.3009051493451741,
      "Recall@100": 0.19480519480519481,
      "Abs_SP@100": 0.27967418438180436,
      "NB12_Recall@100": 0.0,
      "NDCG": 0.8676310963933841,