{
  "V2_baseline/R30@200": {
    "vc": 0.5616820778535859,
    "nb_sp": 21042.443333333333,
    "nb_bind": 6.333333333333333
  },
  "V2_baseline/R30@400": {
    "vc": 0.702822163766014,
    "nb_sp": 56168.451111111106,
    "nb_bind": 13.222222222222221
  },
  "+2020/R30@200": {
    "vc": 0.5622109481415662,
    "nb_sp": 21409.39111111111,
    "nb_bind": 7.111111111111111
  },
  "+2020/R30@400": {
    "vc": 0.712891011345068,
    "nb_sp": 70029.35666666667,
    "nb_bind": 14.222222222222221
  },
  "+class_train/R30@200": {
    "vc": 0.5643559660937595,
    "nb_sp": 24127.225555555557,
    "nb_bind": 6.777777777777778
  },
  "+class_train/R30@400": {
    "vc": 0.6946284677459855,
    "nb_sp": 46156.59666666667,
    "nb_bind": 14.0
  },
  "+log1p/R30@200": {
    "vc": 0.5570920321228287,
    "nb_sp": 15266.539999999999,
    "nb_bind": 5.0
  },
  "+log1p/R30@400": {
    "vc": 0.6884056165636442,
    "nb_sp": 38978.468888888885,
    "nb_bind": 12.444444444444445
  },
  "+binary_sqrt/R30@200": {
    "vc": 0.5612239105625402,
    "nb_sp": 20785.821111111112,
    "nb_bind": 6.111111111111111
  },
  "+binary_sqrt/R30@400": {
    "vc": 0.7033315935627645,
    "nb_sp": 56706.30222222222,
    "nb_bind": 15.11111111111111
  },
  "+tiered_wt/R30@200": {
    "vc": 0.576466427605675,
    "nb_sp": 39188.566666666666,
    "nb_bind": 6.333333333333333
  },
  "+tiered_wt/R30@400": {
    "vc": 0.7231686330188142,
    "nb_sp": 84595.13111111111,
    "nb_bind": 14.777777777777779
  },
  "-count/R30@200": {
    "vc": 0.5592945884452547,
    "nb_sp": 19374.57222222222,
    "nb_bind": 5.333333333333333
  },
  "-count/R30@400": {
    "vc": 0.695500437559709,
    "nb_sp": 49629.85,
    "nb_bind": 13.0
  },
  "+ratio/R30@200": {
    "vc": 0.5503666798784737,
    "nb_sp": 6377.247777777778,
    "nb_bind": 4.333333333333333
  },
  "+ratio/R30@400": {
    "vc": 0.6886635545546987,
    "nb_sp": 39807.95,
    "nb_bind": 11.777777777777779
  },
  "+top2/R30@200": {
    "vc": 0.5834832745361548,
    "nb_sp": 48679.86333333332,
    "nb_bind": 6.777777777777778
  },
  "+top2/R30@400": {
    "vc": 0.7157739875493424,
    "nb_sp": 73871.48888888891,
    "nb_bind": 13.777777777777779
  }
}