{
  "eval_config": {
    "eval_groups": [
      "2022-06/aq1",
      "2022-06/aq2",
      "2022-06/aq3",
      "2022-06/aq4",
      "2023-06/aq1",
      "2023-06/aq2",
      "2023-06/aq3",
      "2023-06/aq4",
      "2024-06/aq1",
      "2024-06/aq2",
      "2024-06/aq3",
      "2024-06/aq4"
    ],
    "mode": "eval"
  },
  "per_month": {
    "2022-06/aq1": {
      "VC@20": 0.24281794109604082,
      "VC@100": 0.47628046359918835,
      "Recall@20": 0.3,
      "Recall@100": 0.57,
      "NDCG": 0.5686171764110134,
      "VC@10": 0.1659516476070347,
      "VC@25": 0.25474814791706146,
      "VC@50": 0.3446669709211706,
      "VC@200": 0.7431658927554746,
      "Recall@10": 0.2,
      "Recall@50": 0.38,
      "Spearman": 0.44528758355577147,
      "Tier0-AP": 0.4227208869920246,
      "Tier01-AP": 0.6668898370580595,
      "n_samples": 325
    },
    "2022-06/aq2": {
      "VC@20": 0.37983426240691287,
      "VC@100": 0.6961882981482096,
      "Recall@20": 0.55,
      "Recall@100": 0.61,
      "NDCG": 0.6806110577202235,
      "VC@10": 0.2130951043169414,
      "VC@25": 0.4228695389534343,
      "VC@50": 0.5285553732958725,
      "VC@200": 0.9191591648157962,
      "Recall@10": 0.3,
      "Recall@50": 0.44,
      "Spearman": 0.5011554695016491,
      "Tier0-AP": 0.48588089095120635,
      "Tier01-AP": 0.6989022422699753,
      "n_samples": 302
    },
    "2022-06/aq3": {
      "VC@20": 0.5566218263250224,
      "VC@100": 0.8181349056308137,
      "Recall@20": 0.25,
      "Recall@100": 0.47,
      "NDCG": 0.5504809399101924,
      "VC@10": 0.529828392698546,
      "VC@25": 0.5760539881276429,
      "VC@50": 0.6853465578801435,
      "VC@200": 0.9403859625733336,
      "Recall@10": 0.3,
      "Recall@50": 0.42,
      "Spearman": 0.3810300906402854,
      "Tier0-AP": 0.4351460427758684,
      "Tier01-AP": 0.5251750195298472,
      "n_samples": 262
    },
    "2022-06/aq4": {
      "VC@20": 0.2391675658271199,
      "VC@100": 0.5984594671047911,
      "Recall@20": 0.3,
      "Recall@100": 0.53,
      "NDCG": 0.5872490029699098,
      "VC@10": 0.08620520820556533,
      "VC@25": 0.31014267826445685,
      "VC@50": 0.42657283947364527,
      "VC@200": 0.9496844348842566,
      "Recall@10": 0.1,
      "Recall@50": 0.4,
      "Spearman": 0.5100572590035758,
      "Tier0-AP": 0.545036805012425,
      "Tier01-AP": 0.6650929031407892,
      "n_samples": 380
    },
    "2023-06/aq1": {
      "VC@20": 0.4354378291674143,
      "VC@100": 0.7083709101911694,
      "Recall@20": 0.3,
      "Recall@100": 0.59,
      "NDCG": 0.5419965788139212,
      "VC@10": 0.12220427160604189,
      "VC@25": 0.44169983804536533,
      "VC@50": 0.5531708591077596,
      "VC@200": 0.8943493937458199,
      "Recall@10": 0.1,
      "Recall@50": 0.42,
      "Spearman": 0.4451362572464379,
      "Tier0-AP": 0.3905206749528824,
      "Tier01-AP": 0.644647329607512,
      "n_samples": 276
    },
    "2023-06/aq2": {
      "VC@20": 0.19845881790400616,
      "VC@100": 0.5487292091149494,
      "Recall@20": 0.1,
      "Recall@100": 0.55,
      "NDCG": 0.4955756057801456,
      "VC@10": 0.18659932315182362,
      "VC@25": 0.25024896329275675,
      "VC@50": 0.41633867442145256,
      "VC@200": 0.9413848661138202,
      "Recall@10": 0.1,
      "Recall@50": 0.44,
      "Spearman": 0.5290059766611207,
      "Tier0-AP": 0.4298288137372355,
      "Tier01-AP": 0.685104029793909,
      "n_samples": 410
    },
    "2023-06/aq3": {
      "VC@20": 0.12540593282500614,
      "VC@100": 0.4222495239360637,
      "Recall@20": 0.1,
      "Recall@100": 0.51,
      "NDCG": 0.5542734424907036,
      "VC@10": 0.07297806546562054,
      "VC@25": 0.1509152036644383,
      "VC@50": 0.3030773612774043,
      "VC@200": 0.5190444517588265,
      "Recall@10": 0.0,
      "Recall@50": 0.4,
      "Spearman": 0.4389498118381783,
      "Tier0-AP": 0.47376948665118,
      "Tier01-AP": 0.6687241032939657,
      "n_samples": 504
    },
    "2023-06/aq4": {
      "VC@20": 0.4028048784071,
      "VC@100": 0.7426475990729848,
      "Recall@20": 0.5,
      "Recall@100": 0.51,
      "NDCG": 0.8357226109942284,
      "VC@10": 0.3355124887390869,
      "VC@25": 0.41450117306368317,
      "VC@50": 0.5997246436364915,
      "VC@200": 0.8606550552810468,
      "Recall@10": 0.6,
      "Recall@50": 0.5,
      "Spearman": 0.4852892526842905,
      "Tier0-AP": 0.44806402975254284,
      "Tier01-AP": 0.6620652232935319,
      "n_samples": 459
    },
    "2024-06/aq1": {
      "VC@20": 0.2518335630718526,
      "VC@100": 0.6761506793813464,
      "Recall@20": 0.4,
      "Recall@100": 0.63,
      "NDCG": 0.7741718425840269,
      "VC@10": 0.14751129515919945,
      "VC@25": 0.28093391469151957,
      "VC@50": 0.3655987616223363,
      "VC@200": 0.883258676414394,
      "Recall@10": 0.2,
      "Recall@50": 0.38,
      "Spearman": 0.6245555108846358,
      "Tier0-AP": 0.5825680237235963,
      "Tier01-AP": 0.7520923843849209,
      "n_samples": 425
    },
    "2024-06/aq2": {
      "VC@20": 0.2684887757135631,
      "VC@100": 0.6266385584891953,
      "Recall@20": 0.3,
      "Recall@100": 0.57,
      "NDCG": 0.7458489655674376,
      "VC@10": 0.1991611343107035,
      "VC@25": 0.27216051987369727,
      "VC@50": 0.4366232794521702,
      "VC@200": 0.8909087429472697,
      "Recall@10": 0.3,
      "Recall@50": 0.3,
      "Spearman": 0.5605364991414855,
      "Tier0-AP": 0.5431975938526027,
      "Tier01-AP": 0.7490719207134234,
      "n_samples": 483
    },
    "2024-06/aq3": {
      "VC@20": 0.29858143697337286,
      "VC@100": 0.7068042343466014,
      "Recall@20": 0.25,
      "Recall@100": 0.59,
      "NDCG": 0.5520200389060268,
      "VC@10": 0.22591231323732527,
      "VC@25": 0.3471134789765035,
      "VC@50": 0.4948037041475586,
      "VC@200": 0.9307436096593992,
      "Recall@10": 0.3,
      "Recall@50": 0.5,
      "Spearman": 0.5430446199206087,
      "Tier0-AP": 0.5192753909482313,
      "Tier01-AP": 0.7286856924152835,
      "n_samples": 315
    },
    "2024-06/aq4": {
      "VC@20": 0.23766964370516933,
      "VC@100": 0.6048526133180181,
      "Recall@20": 0.2,
      "Recall@100": 0.54,
      "NDCG": 0.8009845935769547,
      "VC@10": 0.17641817303167398,
      "VC@25": 0.28627519405824675,
      "VC@50": 0.419584594279681,
      "VC@200": 0.7932919286652327,
      "Recall@10": 0.2,
      "Recall@50": 0.56,
      "Spearman": 0.5639391593745497,
      "Tier0-AP": 0.5747000047735489,
      "Tier01-AP": 0.7335285205355602,
      "n_samples": 476
    }
  },
  "aggregate": {
    "mean": {
      "VC@20": 0.3030935394518817,
      "VC@100": 0.6354588718611109,
      "Recall@20": 0.29583333333333334,
      "Recall@100": 0.5558333333333333,
      "NDCG": 0.6406293213103986,
      "VC@10": 0.20511478479413017,
      "VC@25": 0.33397188657740057,
      "VC@50": 0.4645053016263072,
      "VC@200": 0.855502681634556,
      "Recall@10": 0.225,
      "Recall@50": 0.4283333333333334,
      "Spearman": 0.5023322908710491,
      "Tier0-AP": 0.4875590536769454,
      "Tier01-AP": 0.6816649338363981,
      "n_samples": 384.75
    },
    "std": {
      "VC@20": 0.11401381544926108,
      "VC@100": 0.10851716150567252,
      "Recall@20": 0.13143175246322922,
      "Recall@100": 0.044433158289227594,
      "NDCG": 0.11420683060426182,
      "VC@10": 0.11813344903503013,
      "VC@25": 0.10841343336989752,
      "VC@50": 0.10672940813668594,
      "VC@200": 0.11776315904242635,
      "Recall@10": 0.1479019945774904,
      "Recall@50": 0.0650427210036262,
      "Spearman": 0.06461372621459902,
      "Tier0-AP": 0.06156208199320956,
      "Tier01-AP": 0.05889072433575193,
      "n_samples": 82.74974823728066
    },
    "min": {
      "VC@20": 0.12540593282500614,
      "VC@100": 0.4222495239360637,
      "Recall@20": 0.1,
      "Recall@100": 0.47,
      "NDCG": 0.4955756057801456,
      "VC@10": 0.07297806546562054,
      "VC@25": 0.1509152036644383,
      "VC@50": 0.3030773612774043,
      "VC@200": 0.5190444517588265,
      "Recall@10": 0.0,