{
  "eval_config": {
    "eval_months": [
      "2020-09",
      "2020-12",
      "2021-03",
      "2021-06",
      "2021-09",
      "2021-12",
      "2022-03",
      "2022-06",
      "2022-09",
      "2022-12",
      "2023-03",
      "2023-05"
    ],
    "class_type": "onpeak",
    "period_type": "f0",
    "train_months": 6,
    "val_months": 2,
    "screen": false
  },
  "per_month": {
    "2020-09": {
      "VC@20": 0.571288782324191,
      "VC@100": 0.8222893583063025,
      "Recall@20": 1.0,
      "Recall@100": 0.81,
      "NDCG": 0.5730418130748626,
      "VC@10": 0.4764212262817882,
      "VC@25": 0.6049575864677105,
      "VC@50": 0.7201640068164269,
      "VC@200": 0.8633363674107849,
      "Recall@10": 0.7,
      "Recall@50": 0.96,
      "Spearman": 0.49425829265814314,
      "Tier0-AP": 0.8221134044699028,
      "Tier01-AP": 0.7155888485674209,
      "n_samples": 715
    },
    "2020-12": {
      "VC@20": 0.69183483482528,
      "VC@100": 0.85202638557046,
      "Recall@20": 0.95,
      "Recall@100": 0.55,
      "NDCG": 0.7412823914765815,
      "VC@10": 0.6003094124111089,
      "VC@25": 0.7220331694566479,
      "VC@50": 0.833919890519034,
      "VC@200": 0.8869490290116043,
      "Recall@10": 1.0,
      "Recall@50": 0.98,
      "Spearman": 0.39333721611957956,
      "Tier0-AP": 0.7177087488631589,
      "Tier01-AP": 0.6871091045032982,
      "n_samples": 550
    },
    "2021-03": {
      "VC@20": 0.6409869176272187,
      "VC@100": 0.7657196235152721,
      "Recall@20": 1.0,
      "Recall@100": 0.49,
      "NDCG": 0.9606703826341733,
      "VC@10": 0.5511260257607593,
      "VC@25": 0.6736701795457134,
      "VC@50": 0.7394182129699459,
      "VC@200": 0.808863587042047,
      "Recall@10": 0.9,
      "Recall@50": 0.72,
      "Spearman": 0.2694372942156504,
      "Tier0-AP": 0.5354678154952888,
      "Tier01-AP": 0.5763938092852461,
      "n_samples": 669
    },
    "2021-06": {
      "VC@20": 0.6251998310070539,
      "VC@100": 0.8640219269918533,
      "Recall@20": 0.9,
      "Recall@100": 0.75,
      "NDCG": 0.9947149579099923,
      "VC@10": 0.5134155118394098,
      "VC@25": 0.6650617460554928,
      "VC@50": 0.7763838908025874,
      "VC@200": 0.9406453209690347,
      "Recall@10": 0.9,
      "Recall@50": 0.78,
      "Spearman": 0.5931108072061556,
      "Tier0-AP": 0.8757974710301959,
      "Tier01-AP": 0.80512284303081,
      "n_samples": 556
    },
    "2021-09": {
      "VC@20": 0.6473576558245902,
      "VC@100": 0.8873045362380862,
      "Recall@20": 1.0,
      "Recall@100": 0.89,
      "NDCG": 0.6393324627053404,
      "VC@10": 0.4849248722715404,
      "VC@25": 0.6806457583584276,
      "VC@50": 0.7831262408477526,
      "VC@200": 0.9249876857415067,
      "Recall@10": 0.8,
      "Recall@50": 0.9,
      "Spearman": 0.4940859093716035,
      "Tier0-AP": 0.8496243799880333,
      "Tier01-AP": 0.7371252323116291,
      "n_samples": 621
    },
    "2021-12": {
      "VC@20": 0.6774192458829227,
      "VC@100": 0.8620590772565995,
      "Recall@20": 0.95,
      "Recall@100": 0.55,
      "NDCG": 0.7551277890900433,
      "VC@10": 0.5387628706215654,
      "VC@25": 0.7263183634837166,
      "VC@50": 0.8369961327202633,
      "VC@200": 0.9739682736799652,
      "Recall@10": 0.8,
      "Recall@50": 0.82,
      "Spearman": 0.4929373395725241,
      "Tier0-AP": 0.7798423440823556,
      "Tier01-AP": 0.7313608618816265,
      "n_samples": 448
    },
    "2022-03": {
      "VC@20": 0.5868603505761697,
      "VC@100": 0.8242111195088968,
      "Recall@20": 0.95,
      "Recall@100": 0.74,
      "NDCG": 0.97861276631806,
      "VC@10": 0.5041553957910244,
      "VC@25": 0.6181356537189594,
      "VC@50": 0.7271816079841043,
      "VC@200": 0.8460231935904985,
      "Recall@10": 0.9,
      "Recall@50": 0.96,
      "Spearman": 0.38943107936095916,
      "Tier0-AP": 0.7959889569376879,
      "Tier01-AP": 0.6924086671522302,
      "n_samples": 717
    },
    "2022-06": {
      "VC@20": 0.6188228907123997,
      "VC@100": 0.8782230071698891,
      "Recall@20": 0.95,
      "Recall@100": 0.81,
      "NDCG": 0.7753440646310635,
      "VC@10": 0.48287186554719863,
      "VC@25": 0.6528513817400343,
      "VC@50": 0.7668617316517661,
      "VC@200": 0.9420788529763973,
      "Recall@10": 0.8,
      "Recall@50": 0.92,
      "Spearman": 0.5860009250120047,
      "Tier0-AP": 0.9435693159441579,
      "Tier01-AP": 0.8663872125503767,
      "n_samples": 578
    },
    "2022-09": {
      "VC@20": 0.5085974173597917,
      "VC@100": 0.8484894105014592,
      "Recall@20": 0.9,
      "Recall@100": 0.85,
      "NDCG": 0.9660117618945496,
      "VC@10": 0.3752250383739281,
      "VC@25": 0.574419604261027,
      "VC@50": 0.7116641487260948,
      "VC@200": 0.9414097423479353,
      "Recall@10": 0.4,
      "Recall@50": 0.98,
      "Spearman": 0.7395975078373206,
      "Tier0-AP": 0.9228517115813462,
      "Tier01-AP": 0.9150562867313683,
      "n_samples": 600
    },
    "2022-12": {
      "VC@20": 0.6482925102109026,
      "VC@100": 0.8880910438082997,
      "Recall@20": 0.95,
      "Recall@100": 0.79,
      "NDCG": 0.9608036041106728,
      "VC@10": 0.5396377689354472,
      "VC@25": 0.6812371037634218,
      "VC@50": 0.8004301662634888,
      "VC@200": 0.9418081270366785,
      "Recall@10": 0.7,
      "Recall@50": 1.0,
      "Spearman": 0.5792121767710758,
      "Tier0-AP": 0.8634302494410978,
      "Tier01-AP": 0.8110702014075216,
      "n_samples": 525
    },
    "2023-03": {
      "VC@20": 0.5955778782228599,
      "VC@100": 0.8455111524212735,
      "Recall@20": 1.0,
      "Recall@100": 0.76,
      "NDCG": 0.7369911328577405,
      "VC@10": 0.42560933273329293,
      "VC@25": 0.62937830150934,
      "VC@50": 0.7490426416463168,
      "VC@200": 0.8643302406049995,
      "Recall@10": 0.7,
      "Recall@50": 0.96,
      "Spearman": 0.3508408079262171,
      "Tier0-AP": 0.7232272870816353,
      "Tier01-AP": 0.6734116944206426,
      "n_samples": 780
    },
    "2023-05": {
      "VC@20": 0.5322420179293326,
      "VC@100": 0.7760878618827504,
      "Recall@20": 1.0,
      "Recall@100": 0.64,
      "NDCG": 0.9831250606754098,
      "VC@10": 0.4086624707233337,
      "VC@25": 0.5701245369167277,
      "VC@50": 0.7005150622098417,
      "VC@200": 0.8200956847503422,
      "Recall@10": 0.9,
      "Recall@50": 0.88,
      "Spearman": 0.4161385417753007,
      "Tier0-AP": 0.7195295366086086,
      "Tier01-AP": 0.7271530091898184,
      "n_samples": 655
    }
  },
  "aggregate": {
    "mean": {
      "VC@20": 0.6120400277085595,
      "VC@100": 0.8428362085975953,
      "Recall@20": 0.9624999999999999,
      "Recall@100": 0.7191666666666666,
      "NDCG": 0.8387548489482075,
      "VC@10": 0.49176014927419986,
      "VC@25": 0.649902782106435,
      "VC@50": 0.7621419777631352,
      "VC@200": 0.8962080087634828,
      "Recall@10": 0.7916666666666669,
      "Recall@50": 0.9050000000000001,
      "Spearman": 0.48319899148554457,
      "Tier0-AP": 0.7957626017936223,
      "Tier01-AP": 0.7448489809193325,
      "n_samples": 617.8333333333334
    },
    "std": {
      "VC@20": 0.053146118823177775,
      "VC@100": 0.038068973568867556,
      "Recall@20": 0.03608439182435161,
      "Recall@100": 0.1247970574795558,
      "NDCG": 0.1448919196936116,
      "VC@10": 0.061680602637771774,
      "VC@25": 0.04940077232177917,
      "VC@50": 0.04368912302797942,
      "VC@200": 0.05259865360902102,
      "Recall@10": 0.14976833963009523,
      "Recall@50": 0.0852936105461599,
      "Spearman": 0.12332905178190681,
      "Tier0-AP": 0.10714108729455765,
      "Tier01-AP": 0.08790878615270391,
      "n_samples": 90.0803653535121
    },
    "min": {
      "VC@20": 0.5085974173597917,
      "VC@100": 0.7657196235152721,
      "Recall@20": 0.9,
      "Recall@100": 0.49,
      "NDCG": 0.5730418130748626,
      "VC@10": 0.3752250383739281,
      "VC@25": 0.5701245369167277,
      "VC@50": 0.7005150622098417,
      "VC@200": 0.808863587042047,
      "Recall@10": 0.4,