{
  "importance_type": "gain",
  "model": "ltr_ranker",
  "n_months": 36,
  "per_month": {
    "2020-06": {
      "mean_branch_max": 170.85350950062275,
      "constraint_limit": 117.80390060958416,
      "mix_mean": 17.93926527327858,
      "density_mix_rank_value": 8.375937526114285,
      "ori_mean": 3.0782182812690735,
      "density_ori_rank_value": 0.36727699637413025,
      "prob_exceed_110": 0.2921240031719208,
      "prob_exceed_85": 0.13420599699020386,
      "prob_exceed_100": 0.0,
      "prob_exceed_90": 0.0,
      "prob_exceed_80": 0.0
    },
    "2020-07": {
      "constraint_limit": 116.40751848910952,
      "mean_branch_max": 110.90590665292257,
      "density_mix_rank_value": 68.32351598516107,
      "mix_mean": 14.717563685029745,
      "ori_mean": 4.600438318680972,
      "prob_exceed_85": 1.7507410049438477,
      "prob_exceed_80": 1.0822099447250366,
      "density_ori_rank_value": 0.21773399412631989,
      "prob_exceed_110": 0.0747964009642601,
      "prob_exceed_100": 0.0,
      "prob_exceed_90": 0.0
    },
    "2020-08": {
      "constraint_limit": 134.4215879196563,
      "mix_mean": 61.68621703539975,
      "mean_branch_max": 61.38948356220499,
      "density_mix_rank_value": 59.51969488710165,
      "ori_mean": 4.0812288471497595,
      "prob_exceed_85": 0.04172410070896149,
      "density_ori_rank_value": 0.026946679688990116,
      "prob_exceed_110": 0.0,
      "prob_exceed_100": 0.0,
      "prob_exceed_90": 0.0,
      "prob_exceed_80": 0.0
    },
    "2020-09": {
      "mean_branch_max": 132.39975276589394,
      "constraint_limit": 130.94417772529232,
      "density_mix_rank_value": 13.388292031362653,
      "mix_mean": 5.876314310124144,
      "ori_mean": 3.7104950100183487,
      "prob_exceed_110": 2.4382189102470875,
      "density_ori_rank_value": 2.3788503855466843,
      "prob_exceed_100": 0.0,
      "prob_exceed_90": 0.0,
      "prob_exceed_85": 0.0,
      "prob_exceed_80": 0.0
    },
    "2020-10": {
      "constraint_limit": 128.41734435339345,
      "mean_branch_max": 106.48170583577303,
      "density_mix_rank_value": 29.78231054916978,
      "ori_mean": 7.379112942609936,
      "mix_mean": 5.46736410073936,
      "density_ori_rank_value": 4.631818074733019,
      "prob_exceed_80": 3.0360929667949677,
      "prob_exceed_85": 3.0206506811082363,
      "prob_exceed_100": 1.5891599655151367,
      "prob_exceed_110": 0.1070082038640976,
      "prob_exceed_90": 0.0
    },
    "2020-11": {
      "constraint_limit": 128.06033812836546,
      "mean_branch_max": 101.53725594328716,
      "density_mix_rank_value": 52.86772387759629,
      "ori_mean": 13.794870102457935,
      "prob_exceed_80": 10.105012248386629,
      "prob_exceed_85": 2.910344071686268,
      "mix_mean": 2.4625952411442995,
      "density_ori_rank_value": 1.9325980176217854,
      "prob_exceed_110": 0.9535918262554333,
      "prob_exceed_100": 0.0012268399586901069,
      "prob_exceed_90": 0.0
    },
    "2020-12": {
      "constraint_limit": 108.78476681175971,
      "density_ori_rank_value": 90.1659891193267,
      "mean_branch_max": 65.90784503018949,
      "density_mix_rank_value": 12.211437702178955,
      "ori_mean": 6.909821110777557,
      "prob_exceed_110": 0.7402219921350479,
      "prob_exceed_80": 0.6512129902839661,
      "prob_exceed_90": 0.4936710000038147,
      "mix_mean": 0.015477200038731098,
      "prob_exceed_100": 0.0,
      "prob_exceed_85": 0.0
    },
    "2021-01": {
      "constraint_limit": 129.19682281860514,
      "density_mix_rank_value": 107.19347924087197,
      "mean_branch_max": 60.434891659009736,
      "mix_mean": 10.28684193015215,
      "density_ori_rank_value": 7.252009719610214,
      "prob_exceed_110": 2.83404403924942,
      "ori_mean": 2.766522979363799,
      "prob_exceed_80": 0.02773969992995262,
      "prob_exceed_100": 0.0,
      "prob_exceed_90": 0.0,
      "prob_exceed_85": 0.0
    },
    "2021-02": {
      "density_mix_rank_value": 133.22779198456556,
      "constraint_limit": 120.88733089281148,
      "mean_branch_max": 55.66047218814492,
      "mix_mean": 17.007873797789216,
      "density_ori_rank_value": 3.960838858736679,
      "ori_mean": 2.8616680819541216,
      "prob_exceed_110": 1.665110021829605,
      "prob_exceed_100": 0.0,
      "prob_exceed_90": 0.0,
      "prob_exceed_85": 0.0,
      "prob_exceed_80": 0.0
    },
    "2021-03": {
      "density_mix_rank_value": 138.6579505354166,
      "constraint_limit": 115.85030446114382,
      "mean_branch_max": 68.76873768749647,
      "ori_mean": 4.239725321531296,
      "prob_exceed_110": 0.13568200170993805,
      "density_ori_rank_value": 0.011828900314867496,
      "mix_mean": 0.0,
      "prob_exceed_100": 0.0,
      "prob_exceed_90": 0.0,
      "prob_exceed_85": 0.0,
      "prob_exceed_80": 0.0
    },
    "2021-04": {
      "constraint_limit": 153.80259702497278,
      "density_mix_rank_value": 69.54237724491395,
      "mean_branch_max": 60.67272550333291,
      "density_ori_rank_value": 51.85928605077788,
      "ori_mean": 6.292094544041902,
      "mix_mean": 3.826783002819866,
      "prob_exceed_110": 2.421610116958618,
      "prob_exceed_80": 2.352670120075345,
      "prob_exceed_90": 0.016784699633717537,
      "prob_exceed_85": 0.012960519874468446,
      "prob_exceed_100": 0.0
    },
    "2021-05": {
      "constraint_limit": 162.49712538705353,
      "density_ori_rank_value": 93.43696679919958,
      "mean_branch_max": 56.997875602317436,
      "ori_mean": 26.007782748434693,
      "density_mix_rank_value": 20.003306821867227,
      "mix_mean": 2.2902249326434685,
      "prob_exceed_90": 1.368580400943756,
      "prob_exceed_80": 1.2616035803221166,
      "prob_exceed_110": 0.9943125392310321,
      "prob_exceed_85": 0.9297179877758026,
      "prob_exceed_100": 0.023775199428200722
    },
    "2021-06": {
      "constraint_limit": 140.47666794304268,
      "density_ori_rank_value": 61.259212765842676,
      "density_mix_rank_value": 56.76865604252089,
      "mean_branch_max": 53.41139644384384,
      "ori_mean": 29.810363929835148,
      "prob_exceed_85": 2.6326603665947914,
      "mix_mean": 1.9225496035796823,
      "prob_exceed_90": 0.6639429926872253,
      "prob_exceed_80": 0.10691499710083008,
      "prob_exceed_100": 0.045628998428583145,
      "prob_exceed_110": 0.0
    },
    "2021-07": {
      "density_mix_rank_value": 167.1440528044477,
      "constraint_limit": 132.12569530917426,
      "mean_branch_max": 45.88797184091527,
      "mix_mean": 20.506751991342753,
      "density_ori_rank_value": 2.8158499896526337,
      "ori_mean": 1.3296255618333817,
      "prob_exceed_80": 0.5267400145530701,
      "prob_exceed_110": 0.0,
      "prob_exceed_100": 0.0,
      "prob_exceed_90": 0.0,
      "prob_exceed_85": 0.0
    },
    "2021-08": {
      "constraint_limit": 133.7099496490937,
      "mean_branch_max": 109.68101362332527,
      "mix_mean": 61.45676055550575,
      "density_mix_rank_value": 53.78414390049875,
      "density_ori_rank_value": 3.8263323977589607,
      "ori_mean": 1.4369117990136147,
      "prob_exceed_90": 0.6528374031186104,
      "prob_exceed_100": 0.02949400059878826,
      "prob_exceed_110": 0.0,
      "prob_exceed_85": 0.0,
      "prob_exceed_80": 0.0
    },
    "2021-09": {
      "constraint_limit": 129.82159204244817,
      "mean_branch_max": 99.01564595135824,
      "density_mix_rank_value": 47.539565742452396,
      "mix_mean": 36.709265921825136,
      "density_ori_rank_value": 11.369709968566895,
      "ori_mean": 2.146441588378366,
      "prob_exceed_110": 0.35990340542048216,
      "prob_exceed_80": 0.2547610104084015,
      "prob_exceed_100": 0.0,
      "prob_exceed_90": 0.0,
      "prob_exceed_85": 0.0
    },
    "2021-10": {
      "mean_branch_max": 154.70238155964762,
      "constraint_limit": 126.57839619113656,
      "density_mix_rank_value": 61.615031361114234,
      "density_ori_rank_value": 4.008063818095252,
      "ori_mean": 0.7178551889955997,
      "mix_mean": 0.15323122055269778,