{
  "eval_config": {
    "eval_months": [
      "2020-07",
      "2020-08",
      "2020-09",
      "2020-10",
      "2020-11",
      "2020-12",
      "2021-01",
      "2021-02",
      "2021-03",
      "2021-04",
      "2021-07",
      "2021-08",
      "2021-09",
      "2021-10",
      "2021-11",
      "2021-12",
      "2022-01",
      "2022-02",
      "2022-03",
      "2022-04",
      "2022-07",
      "2022-08",
      "2022-09",
      "2022-10",
      "2022-11",
      "2022-12",
      "2023-01",
      "2023-02",
      "2023-03",
      "2023-04"
    ],
    "class_type": "onpeak",
    "period_type": "f1",
    "mode": "eval"
  },
  "per_month": {
    "2020-07": {
      "VC@20": 0.3460968278687764,
      "VC@100": 0.7588218526655357,
      "Recall@20": 0.25,
      "Recall@100": 0.3,
      "NDCG": 0.547835397960416,
      "VC@10": 0.1766874542302807,
      "VC@25": 0.34978482438332537,
      "VC@50": 0.6375252602500997,
      "VC@200": 0.8111688543433725,
      "Recall@10": 0.2,
      "Recall@50": 0.34,
      "Spearman": 0.2308866251956296,
      "n_samples": 403
    },
    "2020-08": {
      "VC@20": 0.4590426654294974,
      "VC@100": 0.8094688379511384,
      "Recall@20": 0.25,
      "Recall@100": 0.32,
      "NDCG": 0.5092057750570096,
      "VC@10": 0.23633931326762844,
      "VC@25": 0.4646487621475015,
      "VC@50": 0.48776330476124075,
      "VC@200": 0.9040578517124841,
      "Recall@10": 0.3,
      "Recall@50": 0.26,
      "Spearman": 0.26931223064258203,
      "n_samples": 591
    },
    "2020-09": {
      "VC@20": 0.25194725686198866,
      "VC@100": 0.5808147600172004,
      "Recall@20": 0.3,
      "Recall@100": 0.24,
      "NDCG": 0.421552643919949,
      "VC@10": 0.13222613744247466,
      "VC@25": 0.25296603876588186,
      "VC@50": 0.30391002485896157,
      "VC@200": 0.8644839182213837,
      "Recall@10": 0.3,
      "Recall@50": 0.26,
      "Spearman": 0.19393291390072537,
      "n_samples": 720
    },
    "2020-10": {
      "VC@20": 0.4585849815889734,
      "VC@100": 0.5525340231122687,
      "Recall@20": 0.2,
      "Recall@100": 0.19,
      "NDCG": 0.36988099401826213,
      "VC@10": 0.3195139310597579,
      "VC@25": 0.4585849815889734,
      "VC@50": 0.4916555883441651,
      "VC@200": 0.605424962586073,
      "Recall@10": 0.2,
      "Recall@50": 0.26,
      "Spearman": 0.1568246877288398,
      "n_samples": 577
    },
    "2020-11": {
      "VC@20": 0.33535283425578344,
      "VC@100": 0.7906769962943644,
      "Recall@20": 0.35,
      "Recall@100": 0.3,
      "NDCG": 0.4788321036069285,
      "VC@10": 0.28006841924815806,
      "VC@25": 0.4434610958683207,
      "VC@50": 0.738976820760902,
      "VC@200": 0.9150814875177709,
      "Recall@10": 0.3,
      "Recall@50": 0.32,
      "Spearman": 0.22104559545619365,
      "n_samples": 404
    },
    "2020-12": {
      "VC@20": 0.28734577611243967,
      "VC@100": 0.8695970099600222,
      "Recall@20": 0.25,
      "Recall@100": 0.35,
      "NDCG": 0.48084012454804165,
      "VC@10": 0.2717903018280939,
      "VC@25": 0.32066996878808995,
      "VC@50": 0.4503184309548043,
      "VC@200": 0.9356663850101498,
      "Recall@10": 0.3,
      "Recall@50": 0.3,
      "Spearman": 0.2916925648869935,
      "n_samples": 336
    },
    "2021-01": {
      "VC@20": 0.28753417118455143,
      "VC@100": 0.7517672680952855,
      "Recall@20": 0.2,
      "Recall@100": 0.29,
      "NDCG": 0.4827118216553861,
      "VC@10": 0.271889495786614,
      "VC@25": 0.33610460915478074,
      "VC@50": 0.3481781697459687,
      "VC@200": 0.8154753895119307,
      "Recall@10": 0.2,
      "Recall@50": 0.22,
      "Spearman": 0.2643388145273803,
      "n_samples": 351
    },
    "2021-02": {
      "VC@20": 0.18239942413058466,
      "VC@100": 0.8863946085688345,
      "Recall@20": 0.15,
      "Recall@100": 0.25,
      "NDCG": 0.410291908820628,
      "VC@10": 0.18232392424576513,
      "VC@25": 0.277538891066893,
      "VC@50": 0.37559804288524895,
      "VC@200": 0.9171769549705214,
      "Recall@10": 0.2,
      "Recall@50": 0.24,
      "Spearman": 0.2236198536519557,
      "n_samples": 503
    },
    "2021-03": {
      "VC@20": 0.25809664796409776,
      "VC@100": 0.5771275277883033,
      "Recall@20": 0.2,
      "Recall@100": 0.22,
      "NDCG": 0.5393373363853762,
      "VC@10": 0.24410287763089888,
      "VC@25": 0.2686394986894766,
      "VC@50": 0.46602626048456935,
      "VC@200": 0.790802132620961,
      "Recall@10": 0.3,
      "Recall@50": 0.2,
      "Spearman": 0.12989466009919118,
      "n_samples": 573
    },
    "2021-04": {
      "VC@20": 0.20951514794862056,
      "VC@100": 0.6661135486651875,
      "Recall@20": 0.2,
      "Recall@100": 0.27,
      "NDCG": 0.43155179396555654,
      "VC@10": 0.13264078944653301,
      "VC@25": 0.2102619031060154,
      "VC@50": 0.44826433497062584,
      "VC@200": 0.7593092954241663,
      "Recall@10": 0.1,
      "Recall@50": 0.28,
      "Spearman": 0.2013141567434159,
      "n_samples": 490
    },
    "2021-07": {
      "VC@20": 0.6871505221452254,
      "VC@100": 0.8640491971616396,
      "Recall@20": 0.35,
      "Recall@100": 0.22,
      "NDCG": 0.46563712333895774,
      "VC@10": 0.454222002259634,
      "VC@25": 0.736076021960535,
      "VC@50": 0.7898400464570622,
      "VC@200": 0.937379917435758,
      "Recall@10": 0.3,
      "Recall@50": 0.28,
      "Spearman": 0.23877379222763928,
      "n_samples": 440
    },
    "2021-08": {
      "VC@20": 0.5652724729036473,
      "VC@100": 0.7227692051808945,
      "Recall@20": 0.4,
      "Recall@100": 0.3,
      "NDCG": 0.60567199231212,
      "VC@10": 0.3594529010402246,
      "VC@25": 0.5653419477052973,
      "VC@50": 0.6510428441473474,
      "VC@200": 0.8747451449998579,
      "Recall@10": 0.2,
      "Recall@50": 0.28,
      "Spearman": 0.2360261924314148,
      "n_samples": 539
    },
    "2021-09": {
      "VC@20": 0.38080882586652914,
      "VC@100": 0.6792752788653014,
      "Recall@20": 0.3,
      "Recall@100": 0.35,
      "NDCG": 0.5068553311854843,
      "VC@10": 0.14125044012685525,
      "VC@25": 0.4049894184400577,
      "VC@50": 0.46134856874295443,
      "VC@200": 0.7732505786838811,
      "Recall@10": 0.3,
      "Recall@50": 0.3,
      "Spearman": 0.24775371362714696,
      "n_samples": 576
    },
    "2021-10": {
      "VC@20": 0.396628146673973,
      "VC@100": 0.6433636879788761,
      "Recall@20": 0.05,
      "Recall@100": 0.14,
      "NDCG": 0.45966491475083016,
      "VC@10": 0.38798650470659224,
      "VC@25": 0.4044638222946299,
      "VC@50": 0.6302867685720734,
      "VC@200": 0.8095282972937436,
      "Recall@10": 0.1,
      "Recall@50": 0.18,
      "Spearman": 0.10421002701428957,
      "n_samples": 577
    },
    "2021-11": {
      "VC@20": 0.2924983791496707,
      "VC@100": 0.7653600435301172,
      "Recall@20": 0.15,
      "Recall@100": 0.23,
      "NDCG": 0.3654968064387366,
      "VC@10": 0.250965784912031,
      "VC@25": 0.3040052296724571,
      "VC@50": 0.60841499374718,
      "VC@200": 0.9749825594696091,
      "Recall@10": 0.1,
      "Recall@50": 0.16,
      "Spearman": 0.17316592075467918,
      "n_samples": 345
    },
    "2021-12": {
      "VC@20": 0.55456699818131,
      "VC@100": 0.7292476870768975,
      "Recall@20": 0.2,
      "Recall@100": 0.27,
      "NDCG": 0.3753805018848903,
      "VC@10": 0.27451932566926457,
      "VC@25": 0.55456699818131,
      "VC@50": 0.5887421087660422,
      "VC@200": 0.8186072962789269,
      "Recall@10": 0.1,
      "Recall@50": 0.18,
      "Spearman": 0.11917455193621337,
      "n_samples": 327
    },
    "2022-01": {
      "VC@20": 0.7311615434168327,
      "VC@100": 0.8553977204016794,
      "Recall@20": 0.25,
      "Recall@100": 0.35,
      "NDCG": 0.5275879407896816,
      "VC@10": 0.7261233036248489,
      "VC@25": 0.7315729901317927,
      "VC@50": 0.7671496502051541,
      "VC@200": 0.9270474501037312,
      "Recall@10": 0.4,
      "Recall@50": 0.26,
      "Spearman": 0.2050204992114073,
      "n_samples": 317
    },