{
  "eval_config": {
    "eval_groups": [
      "2022-06/aq1",
      "2022-06/aq2",
      "2022-06/aq3",
      "2022-06/aq4",
      "2023-06/aq1",
      "2023-06/aq2",
      "2023-06/aq3",
      "2023-06/aq4",
      "2024-06/aq1",
      "2024-06/aq2",
      "2024-06/aq3",
      "2024-06/aq4"
    ],
    "mode": "eval"
  },
  "per_month": {
    "2022-06/aq1": {
      "VC@20": 0.2040863698799692,
      "VC@100": 0.7311072550269858,
      "Recall@20": 0.2,
      "Recall@100": 0.49,
      "NDCG": 0.621187654606073,
      "VC@10": 0.09813888565150317,
      "VC@25": 0.23151948781804388,
      "VC@50": 0.4057858029176565,
      "VC@200": 0.8683123733920216,
      "Recall@10": 0.2,
      "Recall@50": 0.34,
      "Spearman": 0.3364208810667568,
      "Tier0-AP": 0.35987539848655214,
      "Tier01-AP": 0.5622277958184312,
      "n_samples": 325
    },
    "2022-06/aq2": {
      "VC@20": 0.4657249572770613,
      "VC@100": 0.8448780187657716,
      "Recall@20": 0.55,
      "Recall@100": 0.58,
      "NDCG": 0.6550247746021987,
      "VC@10": 0.12161848113992195,
      "VC@25": 0.516394929647307,
      "VC@50": 0.6592376905350693,
      "VC@200": 0.9313787829304399,
      "Recall@10": 0.0,
      "Recall@50": 0.54,
      "Spearman": 0.40913759876891653,
      "Tier0-AP": 0.49156500955070853,
      "Tier01-AP": 0.6075673161290525,
      "n_samples": 302
    },
    "2022-06/aq3": {
      "VC@20": 0.5600742088803439,
      "VC@100": 0.8724888753128437,
      "Recall@20": 0.25,
      "Recall@100": 0.52,
      "NDCG": 0.38482736682892094,
      "VC@10": 0.05703779810187912,
      "VC@25": 0.5810596853855571,
      "VC@50": 0.6713615418344725,
      "VC@200": 0.975770120359156,
      "Recall@10": 0.1,
      "Recall@50": 0.36,
      "Spearman": 0.273542588513021,
      "Tier0-AP": 0.3568770320887397,
      "Tier01-AP": 0.42762448040757156,
      "n_samples": 262
    },
    "2022-06/aq4": {
      "VC@20": 0.29703733991166287,
      "VC@100": 0.7989421065175317,
      "Recall@20": 0.5,
      "Recall@100": 0.45,
      "NDCG": 0.7437448163912387,
      "VC@10": 0.22641549940005698,
      "VC@25": 0.32480393380960226,
      "VC@50": 0.6751964648353472,
      "VC@200": 0.901957542507247,
      "Recall@10": 0.4,
      "Recall@50": 0.52,
      "Spearman": 0.3796820588908621,
      "Tier0-AP": 0.4950468867338521,
      "Tier01-AP": 0.5928298262983299,
      "n_samples": 380
    },
    "2023-06/aq1": {
      "VC@20": 0.1985464914519067,
      "VC@100": 0.5183631028456894,
      "Recall@20": 0.2,
      "Recall@100": 0.53,
      "NDCG": 0.6302512802687833,
      "VC@10": 0.1319297800200798,
      "VC@25": 0.30924703854784097,
      "VC@50": 0.4239143862906663,
      "VC@200": 0.9287636774903583,
      "Recall@10": 0.1,
      "Recall@50": 0.4,
      "Spearman": 0.36955243459263337,
      "Tier0-AP": 0.4348366671525091,
      "Tier01-AP": 0.5522073240908201,
      "n_samples": 276
    },
    "2023-06/aq2": {
      "VC@20": 0.5082649075957119,
      "VC@100": 0.8252999710870152,
      "Recall@20": 0.3,
      "Recall@100": 0.57,
      "NDCG": 0.6686459320203684,
      "VC@10": 0.4627794080507767,
      "VC@25": 0.5672499232805308,
      "VC@50": 0.7604847375569352,
      "VC@200": 0.8816634039575022,
      "Recall@10": 0.4,
      "Recall@50": 0.56,
      "Spearman": 0.3419343692900699,
      "Tier0-AP": 0.5285761402728619,
      "Tier01-AP": 0.635425813267902,
      "n_samples": 410
    },
    "2023-06/aq3": {
      "VC@20": 0.20717975324254087,
      "VC@100": 0.5104810534535731,
      "Recall@20": 0.25,
      "Recall@100": 0.53,
      "NDCG": 0.5926544632257507,
      "VC@10": 0.13187671843395926,
      "VC@25": 0.22295371000562716,
      "VC@50": 0.32405795698652795,
      "VC@200": 0.807471364192712,
      "Recall@10": 0.1,
      "Recall@50": 0.34,
      "Spearman": 0.39957839435125686,
      "Tier0-AP": 0.5339162710560121,
      "Tier01-AP": 0.6408408771476368,
      "n_samples": 504
    },
    "2023-06/aq4": {
      "VC@20": 0.16553146425226029,
      "VC@100": 0.48873780948373285,
      "Recall@20": 0.25,
      "Recall@100": 0.57,
      "NDCG": 0.5502150761615472,
      "VC@10": 0.11109589759449841,
      "VC@25": 0.17639489694386212,
      "VC@50": 0.3839102922547738,
      "VC@200": 0.5455158635381964,
      "Recall@10": 0.1,
      "Recall@50": 0.46,
      "Spearman": 0.31927020922190524,
      "Tier0-AP": 0.478561592481546,
      "Tier01-AP": 0.5944114011834382,
      "n_samples": 459
    },
    "2024-06/aq1": {
      "VC@20": 0.24565935020059732,
      "VC@100": 0.6990316609040704,
      "Recall@20": 0.3,
      "Recall@100": 0.56,
      "NDCG": 0.635814904208413,
      "VC@10": 0.10371846555906412,
      "VC@25": 0.3109734767169416,
      "VC@50": 0.4215624192190888,
      "VC@200": 0.8434403437352483,
      "Recall@10": 0.1,
      "Recall@50": 0.48,
      "Spearman": 0.4108547368830603,
      "Tier0-AP": 0.4753195296417541,
      "Tier01-AP": 0.6230252861922325,
      "n_samples": 425
    },
    "2024-06/aq2": {
      "VC@20": 0.3138303463041653,
      "VC@100": 0.6455879778438383,
      "Recall@20": 0.25,
      "Recall@100": 0.46,
      "NDCG": 0.7402879829252794,
      "VC@10": 0.16791991041426688,
      "VC@25": 0.35929774461590086,
      "VC@50": 0.4840225254801417,
      "VC@200": 0.7824283247256775,
      "Recall@10": 0.3,
      "Recall@50": 0.36,
      "Spearman": 0.3973169211520445,
      "Tier0-AP": 0.4441655864099199,
      "Tier01-AP": 0.6314874943120863,
      "n_samples": 483
    },
    "2024-06/aq3": {
      "VC@20": 0.24874138615264368,
      "VC@100": 0.7767550251454646,
      "Recall@20": 0.15,
      "Recall@100": 0.57,
      "NDCG": 0.5015337620119977,
      "VC@10": 0.1675693344312229,
      "VC@25": 0.3250803883253025,
      "VC@50": 0.5655415880649441,
      "VC@200": 0.8808926645942616,
      "Recall@10": 0.2,
      "Recall@50": 0.46,
      "Spearman": 0.3981240075987379,
      "Tier0-AP": 0.4173964317716826,
      "Tier01-AP": 0.5818029725395477,
      "n_samples": 315
    },
    "2024-06/aq4": {
      "VC@20": 0.10559177194298355,
      "VC@100": 0.5132065757737401,
      "Recall@20": 0.05,
      "Recall@100": 0.52,
      "NDCG": 0.5607584744992092,
      "VC@10": 0.04880908585131011,
      "VC@25": 0.1623801645173732,
      "VC@50": 0.33993526963889953,
      "VC@200": 0.696661105550926,
      "Recall@10": 0.0,
      "Recall@50": 0.44,
      "Spearman": 0.33517208070597654,
      "Tier0-AP": 0.4603136910893432,
      "Tier01-AP": 0.5825635356329459,
      "n_samples": 476
    }
  },
  "aggregate": {
    "mean": {
      "VC@20": 0.29335569559098723,
      "VC@100": 0.6854066193466881,
      "Recall@20": 0.2708333333333333,
      "Recall@100": 0.5291666666666668,
      "NDCG": 0.6070788739791484,
      "VC@10": 0.15240910538737826,
      "VC@25": 0.34061294830115746,
      "VC@50": 0.5095842229678769,
      "VC@200": 0.8370212972478122,
      "Recall@10": 0.16666666666666666,
      "Recall@50": 0.4383333333333334,
      "Spearman": 0.3642155234196034,
      "Tier0-AP": 0.45637085306129016,
      "Tier01-AP": 0.586001176918333,
      "n_samples": 384.75
    },
    "std": {
      "VC@20": 0.13775354102830023,
      "VC@100": 0.13902324911621414,
      "Recall@20": 0.13143175246322922,
      "Recall@100": 0.04212250652033369,
      "NDCG": 0.09582795943246941,
      "VC@10": 0.10444998785976206,
      "VC@25": 0.1376167550948554,
      "VC@50": 0.14363934630145953,
      "VC@200": 0.11337838343215681,
      "Recall@10": 0.13123346456686352,
      "Recall@50": 0.07503702789660287,
      "Spearman": 0.04114112078024651,
      "Tier0-AP": 0.05490178745857368,
      "Tier01-AP": 0.05499413321378173,
      "n_samples": 82.74974823728066
    },
    "min": {
      "VC@20": 0.10559177194298355,
      "VC@100": 0.48873780948373285,
      "Recall@20": 0.05,
      "Recall@100": 0.45,
      "NDCG": 0.38482736682892094,
      "VC@10": 0.04880908585131011,
      "VC@25": 0.1623801645173732,
      "VC@50": 0.32405795698652795,
      "VC@200": 0.5455158635381964,