{
  "eval_config": {
    "eval_months": [
      "2020-09",
      "2020-12",
      "2021-03",
      "2021-06",
      "2021-09",
      "2021-12",
      "2022-03",
      "2022-06",
      "2022-09",
      "2022-12",
      "2023-03"
    ],
    "class_type": "onpeak",
    "period_type": "f1",
    "mode": "eval"
  },
  "per_month": {
    "2020-09": {
      "VC@20": 0.24990435615278572,
      "VC@100": 0.902040973403734,
      "Recall@20": 0.4,
      "Recall@100": 0.33,
      "NDCG": 0.538264713617411,
      "VC@10": 0.21924739045100886,
      "VC@25": 0.36773029955038494,
      "VC@50": 0.6730556972202001,
      "VC@200": 0.9296336169608638,
      "Recall@10": 0.3,
      "Recall@50": 0.34,
      "Spearman": 0.2774103006427232,
      "n_samples": 574
    },
    "2020-12": {
      "VC@20": 0.14615598337546415,
      "VC@100": 0.7638147019147689,
      "Recall@20": 0.15,
      "Recall@100": 0.21,
      "NDCG": 0.5047521263413012,
      "VC@10": 0.14615598337546415,
      "VC@25": 0.3501356097035461,
      "VC@50": 0.4780462574466452,
      "VC@200": 0.984691272353512,
      "Recall@10": 0.3,
      "Recall@50": 0.14,
      "Spearman": 0.2718672568535332,
      "n_samples": 391
    },
    "2021-03": {
      "VC@20": 0.12228172009256147,
      "VC@100": 0.7060297316593016,
      "Recall@20": 0.1,
      "Recall@100": 0.29,
      "NDCG": 0.43315742552122116,
      "VC@10": 0.025055169336034272,
      "VC@25": 0.1222817200925615,
      "VC@50": 0.5271930087842869,
      "VC@200": 0.9194100116169276,
      "Recall@10": 0.0,
      "Recall@50": 0.3,
      "Spearman": 0.2699767043301628,
      "n_samples": 454
    },
    "2021-06": {
      "VC@20": 0.1133595574972102,
      "VC@100": 0.7668152636919668,
      "Recall@20": 0.2,
      "Recall@100": 0.37,
      "NDCG": 0.4670285179208884,
      "VC@10": 0.0012315469168786312,
      "VC@25": 0.2242876392963659,
      "VC@50": 0.5579940666309916,
      "VC@200": 0.8913512162223868,
      "Recall@10": 0.0,
      "Recall@50": 0.36,
      "Spearman": 0.3424487282411537,
      "n_samples": 383
    },
    "2021-09": {
      "VC@20": 0.5848145739508112,
      "VC@100": 0.6665040475068137,
      "Recall@20": 0.4,
      "Recall@100": 0.38,
      "NDCG": 0.5265114922759625,
      "VC@10": 0.3556396689441586,
      "VC@25": 0.585919696470037,
      "VC@50": 0.645370565158001,
      "VC@200": 0.8134021435838661,
      "Recall@10": 0.3,
      "Recall@50": 0.48,
      "Spearman": 0.3334345750436483,
      "n_samples": 518
    },
    "2021-12": {
      "VC@20": 0.25495587660534674,
      "VC@100": 0.7046676987101603,
      "Recall@20": 0.15,
      "Recall@100": 0.39,
      "NDCG": 0.6636030806925802,
      "VC@10": 0.24890584154978032,
      "VC@25": 0.2549558766053467,
      "VC@50": 0.4185498458580407,
      "VC@200": 0.9497591192257977,
      "Recall@10": 0.3,
      "Recall@50": 0.32,
      "Spearman": 0.32218815073483265,
      "n_samples": 397
    },
    "2022-03": {
      "VC@20": 0.029734637148080802,
      "VC@100": 0.21603244296298707,
      "Recall@20": 0.1,
      "Recall@100": 0.17,
      "NDCG": 0.24155828925854714,
      "VC@10": 0.0,
      "VC@25": 0.06305571006389672,
      "VC@50": 0.06676728879985666,
      "VC@200": 0.2892438915760386,
      "Recall@10": 0.0,
      "Recall@50": 0.14,
      "Spearman": 0.106320237664044,
      "n_samples": 394
    },
    "2022-06": {
      "VC@20": 0.20415210910169707,
      "VC@100": 0.6445510493168851,
      "Recall@20": 0.3,
      "Recall@100": 0.36,
      "NDCG": 0.44492685478164196,
      "VC@10": 0.11281461308890961,
      "VC@25": 0.23913169061315823,
      "VC@50": 0.4739531174368434,
      "VC@200": 0.9007167582103799,
      "Recall@10": 0.3,
      "Recall@50": 0.46,
      "Spearman": 0.3243465819604607,
      "n_samples": 452
    },
    "2022-09": {
      "VC@20": 0.4441199457625093,
      "VC@100": 0.6072711986735762,
      "Recall@20": 0.25,
      "Recall@100": 0.34,
      "NDCG": 0.8117562701449733,
      "VC@10": 0.41562510774703343,
      "VC@25": 0.45596341441912536,
      "VC@50": 0.5181885177394715,
      "VC@200": 0.7301602648345774,
      "Recall@10": 0.3,
      "Recall@50": 0.3,
      "Spearman": 0.23506322644550698,
      "n_samples": 589
    },
    "2022-12": {
      "VC@20": 0.7717645893078035,
      "VC@100": 0.8918312071791327,
      "Recall@20": 0.3,
      "Recall@100": 0.29,
      "NDCG": 0.6285112517712304,
      "VC@10": 0.7717645893078035,
      "VC@25": 0.7717645893078035,
      "VC@50": 0.7863188116723956,
      "VC@200": 0.9903924400791182,
      "Recall@10": 0.6,
      "Recall@50": 0.24,
      "Spearman": 0.2706502370502025,
      "n_samples": 498
    },
    "2023-03": {
      "VC@20": 0.5506128653209207,
      "VC@100": 0.7383514204418249,
      "Recall@20": 0.5,
      "Recall@100": 0.28,
      "NDCG": 0.7578632145969447,
      "VC@10": 0.4345700885630587,
      "VC@25": 0.5512052249083773,
      "VC@50": 0.6181575471275691,
      "VC@200": 0.8471222094223931,
      "Recall@10": 0.6,
      "Recall@50": 0.34,
      "Spearman": 0.3078229000047713,
      "n_samples": 500
    }
  },
  "aggregate": {
    "mean": {
      "VC@20": 0.31562329221047186,
      "VC@100": 0.6916281577691955,
      "Recall@20": 0.2590909090909091,
      "Recall@100": 0.31,
      "NDCG": 0.5470848397202457,
      "VC@10": 0.24827363629819363,
      "VC@25": 0.3624028610027821,
      "VC@50": 0.5239631567158456,
      "VC@200": 0.8405348130987146,
      "Recall@10": 0.2727272727272727,
      "Recall@50": 0.3109090909090909,
      "Spearman": 0.2783208089973672,
      "n_samples": 468.1818181818182
    },
    "std": {
      "VC@20": 0.22591807260197827,
      "VC@100": 0.17423447258555952,
      "Recall@20": 0.12759698952380183,
      "Recall@100": 0.06741998624632421,
      "NDCG": 0.15378543601067676,
      "VC@10": 0.22368794965102665,
      "VC@25": 0.20342497089626238,
      "VC@50": 0.17597073413016143,
      "VC@200": 0.1888761513161434,
      "Recall@10": 0.2004127971368055,
      "Recall@50": 0.10387532259698691,
      "Spearman": 0.06302190107109543,
      "n_samples": 70.33920177102611
    },
    "min": {
      "VC@20": 0.029734637148080802,
      "VC@100": 0.21603244296298707,
      "Recall@20": 0.1,
      "Recall@100": 0.17,
      "NDCG": 0.24155828925854714,
      "VC@10": 0.0,
      "VC@25": 0.06305571006389672,
      "VC@50": 0.06676728879985666,
      "VC@200": 0.2892438915760386,
      "Recall@10": 0.0,
      "Recall@50": 0.14,
      "Spearman": 0.106320237664044,
      "n_samples": 383.0
    },
    "max": {
      "VC@20": 0.7717645893078035,
      "VC@100": 0.902040973403734,
      "Recall@20": 0.5,
      "Recall@100": 0.39,
      "NDCG": 0.8117562701449733,
      "VC@10": 0.7717645893078035,
      "VC@25": 0.7717645893078035,
      "VC@50": 0.7863188116723956,
      "VC@200": 0.9903924400791182,
      "Recall@10": 0.6,
      "Recall@50": 0.48,
      "Spearman": 0.3424487282411537,
      "n_samples": 589.0
    },
    "bottom_2_mean": {
      "VC@20": 0.0715470973226455,
      "VC@100": 0.4116518208182816,
      "Recall@20": 0.1,
      "Recall@100": 0.19,
      "NDCG": 0.33735785738988416,
      "VC@10": 0.0006157734584393156,
      "VC@25": 0.0926687150782291,
      "VC@50": 0.2426585673289487,
      "VC@200": 0.509702078205308,
      "Recall@10": 0.0,
      "Recall@50": 0.14,
      "Spearman": 0.1706917320547755,
      "n_samples": 387.0
    }
  },
  "n_months": 11,
  "n_months_requested": 11,
  "skipped_months": []
}