{
  "eval_config": {
    "eval_months": [
      "2020-06",
      "2020-07",
      "2020-08",
      "2020-09",
      "2020-10",
      "2020-11",
      "2020-12",
      "2021-01",
      "2021-02",
      "2021-03",
      "2021-04",
      "2021-05",
      "2021-06",
      "2021-07",
      "2021-08",
      "2021-09",
      "2021-10",
      "2021-11",
      "2021-12",
      "2022-01",
      "2022-02",
      "2022-03",
      "2022-04",
      "2022-05",
      "2022-06",
      "2022-07",
      "2022-08",
      "2022-09",
      "2022-10",
      "2022-11",
      "2022-12",
      "2023-01",
      "2023-02",
      "2023-03",
      "2023-04",
      "2023-05"
    ],
    "class_type": "onpeak",
    "period_type": "f0"
  },
  "per_month": {
    "2020-06": {
      "VC@20": 0.3412338361119918,
      "VC@100": 0.5489835575856056,
      "Recall@20": 0.3,
      "Recall@100": 0.37,
      "NDCG": 0.6963956339325932,
      "VC@10": 0.3288425081906573,
      "VC@25": 0.39275708921211155,
      "VC@50": 0.4467974006772705,
      "VC@200": 0.5757654383983302,
      "Recall@10": 0.4,
      "Recall@50": 0.42,
      "Spearman": 0.27875083127327893,
      "n_samples": 577
    },
    "2020-07": {
      "VC@20": 0.4950654249228283,
      "VC@100": 0.7117789266977186,
      "Recall@20": 0.4,
      "Recall@100": 0.47,
      "NDCG": 0.6323159813790784,
      "VC@10": 0.38363532693000507,
      "VC@25": 0.5128590706031181,
      "VC@50": 0.5622734928388264,
      "VC@200": 0.7440874547444286,
      "Recall@10": 0.5,
      "Recall@50": 0.48,
      "Spearman": 0.33285709738766717,
      "n_samples": 497
    },
    "2020-08": {
      "VC@20": 0.32626602785227127,
      "VC@100": 0.5814302101648358,
      "Recall@20": 0.3,
      "Recall@100": 0.42,
      "NDCG": 0.7095557584640083,
      "VC@10": 0.3109821156560075,
      "VC@25": 0.36701180312968046,
      "VC@50": 0.5405475460884004,
      "VC@200": 0.7001017785980783,
      "Recall@10": 0.5,
      "Recall@50": 0.44,
      "Spearman": 0.29987234057060336,
      "n_samples": 507
    },
    "2020-09": {
      "VC@20": 0.5119454760019143,
      "VC@100": 0.8781201709682035,
      "Recall@20": 0.3,
      "Recall@100": 0.45,
      "NDCG": 0.7894843045993871,
      "VC@10": 0.4986589636508635,
      "VC@25": 0.5287685333636789,
      "VC@50": 0.6944175062162296,
      "VC@200": 0.9348602497418862,
      "Recall@10": 0.5,
      "Recall@50": 0.52,
      "Spearman": 0.3367285813644978,
      "n_samples": 715
    },
    "2020-10": {
      "VC@20": 0.5913268969036791,
      "VC@100": 0.8103874869148566,
      "Recall@20": 0.4,
      "Recall@100": 0.45,
      "NDCG": 0.6456526488717341,
      "VC@10": 0.4397329909010292,
      "VC@25": 0.6154215671932868,
      "VC@50": 0.7324851794304698,
      "VC@200": 0.9391986720976057,
      "Recall@10": 0.3,
      "Recall@50": 0.52,
      "Spearman": 0.3775710592961861,
      "n_samples": 763
    },
    "2020-11": {
      "VC@20": 0.769263306622971,
      "VC@100": 0.912527867792172,
      "Recall@20": 0.4,
      "Recall@100": 0.53,
      "NDCG": 0.8677150853099896,
      "VC@10": 0.7005607740211633,
      "VC@25": 0.772459517096139,
      "VC@50": 0.884086003923082,
      "VC@200": 0.9173901452329063,
      "Recall@10": 0.4,
      "Recall@50": 0.62,
      "Spearman": 0.4149246087841144,
      "n_samples": 508
    },
    "2020-12": {
      "VC@20": 0.5911762139171224,
      "VC@100": 0.8428870000368754,
      "Recall@20": 0.45,
      "Recall@100": 0.58,
      "NDCG": 0.6905580678816381,
      "VC@10": 0.5209725870862344,
      "VC@25": 0.6300788971378525,
      "VC@50": 0.715422795940505,
      "VC@200": 0.9740833515998141,
      "Recall@10": 0.3,
      "Recall@50": 0.6,
      "Spearman": 0.4030264100592528,
      "n_samples": 550
    },
    "2021-01": {
      "VC@20": 0.3899121955992805,
      "VC@100": 0.8612904862890238,
      "Recall@20": 0.35,
      "Recall@100": 0.51,
      "NDCG": 0.6111064759645229,
      "VC@10": 0.3275330392794286,
      "VC@25": 0.4143645367891276,
      "VC@50": 0.7038754914847797,
      "VC@200": 0.9219626176034552,
      "Recall@10": 0.4,
      "Recall@50": 0.56,
      "Spearman": 0.4385358809993308,
      "n_samples": 407
    },
    "2021-02": {
      "VC@20": 0.6198404365588824,
      "VC@100": 0.9391935087936945,
      "Recall@20": 0.45,
      "Recall@100": 0.41,
      "NDCG": 0.5933351238969579,
      "VC@10": 0.41700290940440743,
      "VC@25": 0.6237609549360077,
      "VC@50": 0.902331117388752,
      "VC@200": 0.9534679251818706,
      "Recall@10": 0.3,
      "Recall@50": 0.6,
      "Spearman": 0.3271346097977309,
      "n_samples": 650
    },
    "2021-03": {
      "VC@20": 0.5655161478318879,
      "VC@100": 0.7849684130948732,
      "Recall@20": 0.4,
      "Recall@100": 0.42,
      "NDCG": 0.5949609016336812,
      "VC@10": 0.5393836244324174,
      "VC@25": 0.5655161478318879,
      "VC@50": 0.65820114161362,
      "VC@200": 0.8080635182117464,
      "Recall@10": 0.6,
      "Recall@50": 0.38,
      "Spearman": 0.2918176171301183,
      "n_samples": 669
    },
    "2021-04": {
      "VC@20": 0.27188675002125456,
      "VC@100": 0.6752280412586011,
      "Recall@20": 0.2,
      "Recall@100": 0.41,
      "NDCG": 0.6163265826584879,
      "VC@10": 0.2450833888695388,
      "VC@25": 0.275890670465983,
      "VC@50": 0.4423042245911575,
      "VC@200": 0.7822010003830396,
      "Recall@10": 0.2,
      "Recall@50": 0.4,
      "Spearman": 0.2641615685903028,
      "n_samples": 661
    },
    "2021-05": {
      "VC@20": 0.3483809409493181,
      "VC@100": 0.6984645008101528,
      "Recall@20": 0.25,
      "Recall@100": 0.48,
      "NDCG": 0.6842448763195125,
      "VC@10": 0.15964155107252714,
      "VC@25": 0.3759929641106413,
      "VC@50": 0.5769009032998305,
      "VC@200": 0.8079567699165994,
      "Recall@10": 0.2,
      "Recall@50": 0.48,
      "Spearman": 0.2932374941091839,
      "n_samples": 681
    },
    "2021-06": {
      "VC@20": 0.30713955760218026,
      "VC@100": 0.9291868557872178,
      "Recall@20": 0.25,
      "Recall@100": 0.49,
      "NDCG": 0.4265778774169593,
      "VC@10": 0.2806326005290228,
      "VC@25": 0.3201659610079053,
      "VC@50": 0.8299883279566354,
      "VC@200": 0.9534350704551161,
      "Recall@10": 0.2,
      "Recall@50": 0.46,
      "Spearman": 0.36310400455870917,
      "n_samples": 556
    },
    "2021-07": {
      "VC@20": 0.5551019831390388,
      "VC@100": 0.8630592373258618,
      "Recall@20": 0.55,
      "Recall@100": 0.48,
      "NDCG": 0.5626029322083111,
      "VC@10": 0.34011775246315973,
      "VC@25": 0.7534639677587154,
      "VC@50": 0.800666002542324,
      "VC@200": 0.8884499510260881,
      "Recall@10": 0.2,
      "Recall@50": 0.56,
      "Spearman": 0.3668268182758194,
      "n_samples": 513
    },
    "2021-08": {
      "VC@20": 0.32564457907826255,
      "VC@100": 0.9405199751660921,
      "Recall@20": 0.4,
      "Recall@100": 0.59,
      "NDCG": 0.5168925075801174,
      "VC@10": 0.2118136471952707,
      "VC@25": 0.438476731906398,
      "VC@50": 0.8590663615364377,
      "VC@200": 0.9854190362307795,
      "Recall@10": 0.3,
      "Recall@50": 0.62,
      "Spearman": 0.4280413261088792,
      "n_samples": 552
    },
    "2021-09": {
      "VC@20": 0.5926492899999866,
      "VC@100": 0.8901862599842384,
      "Recall@20": 0.4,
      "Recall@100": 0.49,
      "NDCG": 0.8162297253122828,
      "VC@10": 0.4523005757418556,
      "VC@25": 0.5963115961954066,
      "VC@50": 0.816358314721942,
      "VC@200": 0.9107196881207117,
      "Recall@10": 0.4,
      "Recall@50": 0.54,
      "Spearman": 0.3508175755478503,
      "n_samples": 621
    },
    "2021-10": {
      "VC@20": 0.48914504265236897,
      "VC@100": 0.8005467287792617,
      "Recall@20": 0.5,
      "Recall@100": 0.46,
      "NDCG": 0.7987519145058791,
      "VC@10": 0.4031799545803457,
      "VC@25": 0.558813532712931,
      "VC@50": 0.6703524617264534,
      "VC@200": 0.8882247484302438,
      "Recall@10": 0.5,
      "Recall@50": 0.44,