{
  "eval_config": {
    "eval_months": [
      "2020-06",
      "2020-07",
      "2020-08",
      "2020-09",
      "2020-10",
      "2020-11",
      "2020-12",
      "2021-01",
      "2021-02",
      "2021-03",
      "2021-04",
      "2021-05",
      "2021-06",
      "2021-07",
      "2021-08",
      "2021-09",
      "2021-10",
      "2021-11",
      "2021-12",
      "2022-01",
      "2022-02",
      "2022-03",
      "2022-04",
      "2022-05",
      "2022-06",
      "2022-07",
      "2022-08",
      "2022-09",
      "2022-10",
      "2022-11",
      "2022-12",
      "2023-01",
      "2023-02",
      "2023-03",
      "2023-04",
      "2023-05"
    ],
    "class_type": "onpeak",
    "period_type": "f0",
    "lag": 1,
    "note": "v12a: extended BF (d12, blend partial into bf windows)"
  },
  "per_month": {
    "2020-06": {
      "VC@20": 0.30626157315666175,
      "VC@100": 0.5137326306321779,
      "Recall@20": 0.25,
      "Recall@100": 0.36,
      "NDCG": 0.6399956865532369,
      "VC@10": 0.29521939182167256,
      "VC@25": 0.3100059916199887,
      "VC@50": 0.3722186580752836,
      "VC@200": 0.574302005169802,
      "Recall@10": 0.3,
      "Recall@50": 0.38,
      "Spearman": 0.2666405798515085,
      "n_samples": 577
    },
    "2020-07": {
      "VC@20": 0.4866687632333141,
      "VC@100": 0.5749778731929177,
      "Recall@20": 0.35,
      "Recall@100": 0.4,
      "NDCG": 0.632688437742507,
      "VC@10": 0.3894948930683215,
      "VC@25": 0.49506702007878634,
      "VC@50": 0.5331490555998787,
      "VC@200": 0.6067595212267005,
      "Recall@10": 0.5,
      "Recall@50": 0.4,
      "Spearman": 0.26394908530978817,
      "n_samples": 497
    },
    "2020-08": {
      "VC@20": 0.40929350169835926,
      "VC@100": 0.6168651007790276,
      "Recall@20": 0.3,
      "Recall@100": 0.41,
      "NDCG": 0.7189281248493506,
      "VC@10": 0.29675560795521555,
      "VC@25": 0.41888728441494155,
      "VC@50": 0.46674672338945045,
      "VC@200": 0.6931975921050774,
      "Recall@10": 0.5,
      "Recall@50": 0.32,
      "Spearman": 0.26849499308635816,
      "n_samples": 507
    },
    "2020-09": {
      "VC@20": 0.6259354510984501,
      "VC@100": 0.8394387280839835,
      "Recall@20": 0.35,
      "Recall@100": 0.4,
      "NDCG": 0.7613765456239586,
      "VC@10": 0.4876663788817549,
      "VC@25": 0.6341105481200646,
      "VC@50": 0.7801113503871941,
      "VC@200": 0.900216957366298,
      "Recall@10": 0.5,
      "Recall@50": 0.42,
      "Spearman": 0.30957132071691174,
      "n_samples": 715
    },
    "2020-10": {
      "VC@20": 0.48813667410193995,
      "VC@100": 0.8145950211696202,
      "Recall@20": 0.35,
      "Recall@100": 0.44,
      "NDCG": 0.5570512977132726,
      "VC@10": 0.4291212701543946,
      "VC@25": 0.50708211137949,
      "VC@50": 0.6548694888560933,
      "VC@200": 0.9695128995715281,
      "Recall@10": 0.2,
      "Recall@50": 0.44,
      "Spearman": 0.3564508401310783,
      "n_samples": 763
    },
    "2020-11": {
      "VC@20": 0.45301907600334224,
      "VC@100": 0.8620577236993727,
      "Recall@20": 0.3,
      "Recall@100": 0.47,
      "NDCG": 0.7760341686432958,
      "VC@10": 0.39944144404400206,
      "VC@25": 0.5923621622513596,
      "VC@50": 0.6367365382196201,
      "VC@200": 0.8881345086149866,
      "Recall@10": 0.2,
      "Recall@50": 0.5,
      "Spearman": 0.37172678459774383,
      "n_samples": 508
    },
    "2020-12": {
      "VC@20": 0.6372455935247229,
      "VC@100": 0.9010627577155288,
      "Recall@20": 0.45,
      "Recall@100": 0.53,
      "NDCG": 0.7019685131186416,
      "VC@10": 0.5367108136951996,
      "VC@25": 0.6757206410437058,
      "VC@50": 0.7673367644398286,
      "VC@200": 0.9267173312331296,
      "Recall@10": 0.5,
      "Recall@50": 0.54,
      "Spearman": 0.3681311793994855,
      "n_samples": 550
    },
    "2021-01": {
      "VC@20": 0.5737329352579486,
      "VC@100": 0.8642534878572472,
      "Recall@20": 0.45,
      "Recall@100": 0.51,
      "NDCG": 0.6349307217200447,
      "VC@10": 0.3224918872818015,
      "VC@25": 0.5789156239321122,
      "VC@50": 0.6443543428056291,
      "VC@200": 0.9227318386715884,
      "Recall@10": 0.3,
      "Recall@50": 0.52,
      "Spearman": 0.38797468965790644,
      "n_samples": 407
    },
    "2021-02": {
      "VC@20": 0.5100799319724436,
      "VC@100": 0.9141916763298255,
      "Recall@20": 0.4,
      "Recall@100": 0.35,
      "NDCG": 0.7748959305180733,
      "VC@10": 0.4957947136919872,
      "VC@25": 0.5435640112623938,
      "VC@50": 0.6496474055255738,
      "VC@200": 0.943257213156461,
      "Recall@10": 0.4,
      "Recall@50": 0.4,
      "Spearman": 0.2699678701105751,
      "n_samples": 650
    },
    "2021-03": {
      "VC@20": 0.5694802572384806,
      "VC@100": 0.7420979106337163,
      "Recall@20": 0.45,
      "Recall@100": 0.4,
      "NDCG": 0.6139989261757619,
      "VC@10": 0.501234382510657,
      "VC@25": 0.5726904583075885,
      "VC@50": 0.6716720459652102,
      "VC@200": 0.7818169980845058,
      "Recall@10": 0.4,
      "Recall@50": 0.4,
      "Spearman": 0.29116899085497555,
      "n_samples": 669
    },
    "2021-04": {
      "VC@20": 0.3745792503937813,
      "VC@100": 0.6301471549464703,
      "Recall@20": 0.3,
      "Recall@100": 0.4,
      "NDCG": 0.5967531412899387,
      "VC@10": 0.2238364479317219,
      "VC@25": 0.3801468692664009,
      "VC@50": 0.46049107489754365,
      "VC@200": 0.7127982271380524,
      "Recall@10": 0.2,
      "Recall@50": 0.38,
      "Spearman": 0.2677521170444732,
      "n_samples": 661
    },
    "2021-05": {
      "VC@20": 0.29181038825648525,
      "VC@100": 0.644387057191854,
      "Recall@20": 0.2,
      "Recall@100": 0.45,
      "NDCG": 0.655331553885376,
      "VC@10": 0.21776063428385778,
      "VC@25": 0.3176775113709266,
      "VC@50": 0.4355641280164826,
      "VC@200": 0.7246162183752529,
      "Recall@10": 0.3,
      "Recall@50": 0.4,
      "Spearman": 0.25189415119775405,
      "n_samples": 681
    },
    "2021-06": {
      "VC@20": 0.31323794329009147,
      "VC@100": 0.8591889939826237,
      "Recall@20": 0.25,
      "Recall@100": 0.45,
      "NDCG": 0.4056653157798725,
      "VC@10": 0.052060529350421124,
      "VC@25": 0.3898644652786478,
      "VC@50": 0.7836449016150245,
      "VC@200": 0.9704668501857769,
      "Recall@10": 0.1,
      "Recall@50": 0.48,
      "Spearman": 0.33619797996078876,
      "n_samples": 556
    },
    "2021-07": {
      "VC@20": 0.5276507302005375,
      "VC@100": 0.8507898526374502,
      "Recall@20": 0.4,
      "Recall@100": 0.46,
      "NDCG": 0.6129184059806552,
      "VC@10": 0.3958801124324769,
      "VC@25": 0.6637105756898675,
      "VC@50": 0.7760136524388884,
      "VC@200": 0.8878803587906727,
      "Recall@10": 0.3,
      "Recall@50": 0.48,
      "Spearman": 0.32204271703177123,
      "n_samples": 513
    },
    "2021-08": {
      "VC@20": 0.42384880338799136,
      "VC@100": 0.940680340071818,
      "Recall@20": 0.4,
      "Recall@100": 0.55,
      "NDCG": 0.529173649141666,
      "VC@10": 0.2012873528841336,
      "VC@25": 0.44595432923686357,
      "VC@50": 0.7708127502308122,
      "VC@200": 0.9656052725573974,
      "Recall@10": 0.3,
      "Recall@50": 0.58,
      "Spearman": 0.40685802176186275,
      "n_samples": 552
    },
    "2021-09": {
      "VC@20": 0.4597060938071721,
      "VC@100": 0.8628983652939035,
      "Recall@20": 0.3,
      "Recall@100": 0.44,
      "NDCG": 0.7890580498263816,
      "VC@10": 0.4189267021334925,
      "VC@25": 0.47635116333924715,
      "VC@50": 0.785352410819367,
      "VC@200": 0.9229030643037065,
      "Recall@10": 0.3,
      "Recall@50": 0.5,
      "Spearman": 0.33953672352613107,
      "n_samples": 621
    },
    "2021-10": {
      "VC@20": 0.502898378768663,
      "VC@100": 0.6844988247176101,
      "Recall@20": 0.5,
      "Recall@100": 0.42,
      "NDCG": 0.7793217264436754,
      "VC@10": 0.43500898192112547,
      "VC@25": 0.5138546585531547,
      "VC@50": 0.6155387597207683,