{
  "per_month": {
    "2022-06/aq1": {
      "VC@20": 0.30561431524782573,
      "VC@100": 0.5807565585041663,
      "Recall@20": 0.4,
      "Recall@100": 0.58,
      "NDCG": 0.6329703400500147,
      "VC@10": 0.12969282662445852,
      "VC@25": 0.4033314085286957,
      "VC@50": 0.46190613647709544,
      "VC@200": 0.8725667918866682,
      "Recall@10": 0.1,
      "Recall@50": 0.42,
      "Spearman": 0.44059802908293705,
      "Tier0-AP": 0.4648511346555878,
      "Tier01-AP": 0.6747711211399379,
      "n_samples": 325
    },
    "2022-06/aq2": {
      "VC@20": 0.4844520144924,
      "VC@100": 0.7987110351091955,
      "Recall@20": 0.7,
      "Recall@100": 0.64,
      "NDCG": 0.7910438670907506,
      "VC@10": 0.25064589104012186,
      "VC@25": 0.5176110529142783,
      "VC@50": 0.6659707780217801,
      "VC@200": 0.9544409752196757,
      "Recall@10": 0.4,
      "Recall@50": 0.54,
      "Spearman": 0.5205529108088183,
      "Tier0-AP": 0.5538572057138433,
      "Tier01-AP": 0.6856793653216318,
      "n_samples": 302
    },
    "2022-06/aq3": {
      "VC@20": 0.5943366112790289,
      "VC@100": 0.8595754342054828,
      "Recall@20": 0.3,
      "Recall@100": 0.43,
      "NDCG": 0.9153532246349187,
      "VC@10": 0.5840700506250915,
      "VC@25": 0.60254241771194,
      "VC@50": 0.7335024611965681,
      "VC@200": 0.9673057523204407,
      "Recall@10": 0.4,
      "Recall@50": 0.36,
      "Spearman": 0.3279858416396149,
      "Tier0-AP": 0.4305412159913809,
      "Tier01-AP": 0.46872696951851306,
      "n_samples": 262
    },
    "2022-06/aq4": {
      "VC@20": 0.33341550838006856,
      "VC@100": 0.8341311042105749,
      "Recall@20": 0.55,
      "Recall@100": 0.54,
      "NDCG": 0.6698055887839983,
      "VC@10": 0.1677251213829524,
      "VC@25": 0.38571164166077854,
      "VC@50": 0.6772793413368553,
      "VC@200": 0.9466344636378086,
      "Recall@10": 0.2,
      "Recall@50": 0.56,
      "Spearman": 0.464824473664809,
      "Tier0-AP": 0.5590917897928985,
      "Tier01-AP": 0.6713311636036661,
      "n_samples": 380
    },
    "2023-06/aq1": {
      "VC@20": 0.20154068362148445,
      "VC@100": 0.8054869177127209,
      "Recall@20": 0.2,
      "Recall@100": 0.63,
      "NDCG": 0.5535344195386703,
      "VC@10": 0.14600850513200547,
      "VC@25": 0.29356310289945814,
      "VC@50": 0.6507654926839697,
      "VC@200": 0.9550110397548771,
      "Recall@10": 0.2,
      "Recall@50": 0.5,
      "Spearman": 0.48128846128670266,
      "Tier0-AP": 0.46057366903192754,
      "Tier01-AP": 0.634697290849544,
      "n_samples": 276
    },
    "2023-06/aq2": {
      "VC@20": 0.31920942101032596,
      "VC@100": 0.8847297847775816,
      "Recall@20": 0.4,
      "Recall@100": 0.56,
      "NDCG": 0.5342293871220309,
      "VC@10": 0.18323721122684802,
      "VC@25": 0.3458193505739652,
      "VC@50": 0.7284625655690493,
      "VC@200": 0.9452416955155823,
      "Recall@10": 0.1,
      "Recall@50": 0.58,
      "Spearman": 0.4918200523396551,
      "Tier0-AP": 0.5407695417316738,
      "Tier01-AP": 0.6988663181202253,
      "n_samples": 410
    },
    "2023-06/aq3": {
      "VC@20": 0.17155819460472613,
      "VC@100": 0.49709771276253967,
      "Recall@20": 0.1,
      "Recall@100": 0.57,
      "NDCG": 0.5902825458010558,
      "VC@10": 0.11228962553886945,
      "VC@25": 0.1921450554917225,
      "VC@50": 0.33590204169119475,
      "VC@200": 0.7096440993935046,
      "Recall@10": 0.1,
      "Recall@50": 0.44,
      "Spearman": 0.4858811839182386,
      "Tier0-AP": 0.6406010067988006,
      "Tier01-AP": 0.7086962330583397,
      "n_samples": 504
    },
    "2023-06/aq4": {
      "VC@20": 0.23131331801166652,
      "VC@100": 0.6628761507864017,
      "Recall@20": 0.35,
      "Recall@100": 0.52,
      "NDCG": 0.7022444982806537,
      "VC@10": 0.1668628320093244,
      "VC@25": 0.2641297926251171,
      "VC@50": 0.35886304031900346,
      "VC@200": 0.8444849611805388,
      "Recall@10": 0.3,
      "Recall@50": 0.48,
      "Spearman": 0.4867504202650418,
      "Tier0-AP": 0.5240686265146495,
      "Tier01-AP": 0.6700460055950694,
      "n_samples": 459
    },
    "2024-06/aq1": {
      "VC@20": 0.23503351357176577,
      "VC@100": 0.7131449095886879,
      "Recall@20": 0.3,
      "Recall@100": 0.61,
      "NDCG": 0.7816870751263156,
      "VC@10": 0.18374152545368735,
      "VC@25": 0.29384359375122177,
      "VC@50": 0.4852574166504348,
      "VC@200": 0.9111721980810423,
      "Recall@10": 0.3,
      "Recall@50": 0.52,
      "Spearman": 0.5776102488286491,
      "Tier0-AP": 0.6154016277357859,
      "Tier01-AP": 0.724467863054338,
      "n_samples": 425
    },
    "2024-06/aq2": {
      "VC@20": 0.3620801094099031,
      "VC@100": 0.6709760218672591,
      "Recall@20": 0.4,
      "Recall@100": 0.55,
      "NDCG": 0.731954414238873,
      "VC@10": 0.23616543279349128,
      "VC@25": 0.3944422157787202,
      "VC@50": 0.5188384380308352,
      "VC@200": 0.8262534174493117,
      "Recall@10": 0.4,
      "Recall@50": 0.42,
      "Spearman": 0.5151229726661013,
      "Tier0-AP": 0.5334341578542849,
      "Tier01-AP": 0.7156034410686355,
      "n_samples": 483
    },
    "2024-06/aq3": {
      "VC@20": 0.30148860519758736,
      "VC@100": 0.8462369821644854,
      "Recall@20": 0.25,
      "Recall@100": 0.64,
      "NDCG": 0.5701188993887037,
      "VC@10": 0.2022665885296578,
      "VC@25": 0.3449816656461238,
      "VC@50": 0.4582757712007648,
      "VC@200": 0.9326248479621785,
      "Recall@10": 0.2,
      "Recall@50": 0.42,
      "Spearman": 0.5271942884348827,
      "Tier0-AP": 0.5596237839203272,
      "Tier01-AP": 0.6709247752312895,
      "n_samples": 315
    },
    "2024-06/aq4": {
      "VC@20": 0.26775789337652245,
      "VC@100": 0.4665448781397279,
      "Recall@20": 0.2,
      "Recall@100": 0.43,
      "NDCG": 0.6943081265807489,
      "VC@10": 0.197007796071075,
      "VC@25": 0.29953036388604776,
      "VC@50": 0.40660001961249237,
      "VC@200": 0.8492121777627414,
      "Recall@10": 0.2,
      "Recall@50": 0.54,
      "Spearman": 0.48599448968136116,
      "Tier0-AP": 0.6057298509677792,
      "Tier01-AP": 0.6809212295389719,
      "n_samples": 476
    }
  },
  "aggregate": {
    "mean": {
      "VC@20": 0.3173166823502754,
      "VC@100": 0.718355624152402,
      "Recall@20": 0.34583333333333327,
      "Recall@100": 0.5583333333333332,
      "NDCG": 0.6806276988863944,
      "VC@10": 0.2133094505356319,
      "VC@25": 0.3614709717890057,
      "VC@50": 0.5401352918991703,
      "VC@200": 0.8928827016803642,
      "Recall@10": 0.2416666666666667,
      "Recall@50": 0.4816666666666667,
      "Spearman": 0.48380194771806767,
      "Tier0-AP": 0.5407119675590782,
      "Tier01-AP": 0.6670609813416801,
      "n_samples": 384.75
    },
    "std": {
      "VC@20": 0.11496414060307852,
      "VC@100": 0.13786376796910438,
      "Recall@20": 0.1560693400027337,
      "Recall@100": 0.0686577664134866,
      "NDCG": 0.10845030455822403,
      "VC@10": 0.11814803578886511,
      "VC@25": 0.10708532327180235,
      "VC@50": 0.13796997350004747,
      "VC@200": 0.07269275579388727,
      "Recall@10": 0.11149240133549711,
      "Recall@50": 0.06605973727535472,
      "Spearman": 0.057451679749098726,
      "Tier0-AP": 0.06143868257641328,
      "Tier01-AP": 0.06417492597902032,
      "n_samples": 82.74974823728066
    },
    "min": {
      "VC@20": 0.17155819460472613,
      "VC@100": 0.4665448781397279,
      "Recall@20": 0.1,
      "Recall@100": 0.43,
      "NDCG": 0.5342293871220309,
      "VC@10": 0.11228962553886945,
      "VC@25": 0.1921450554917225,
      "VC@50": 0.33590204169119475,
      "VC@200": 0.7096440993935046,
      "Recall@10": 0.1,
      "Recall@50": 0.36,
      "Spearman": 0.3279858416396149,
      "Tier0-AP": 0.4305412159913809,
      "Tier01-AP": 0.46872696951851306,
      "n_samples": 262.0
    },
    "max": {
      "VC@20": 0.5943366112790289,
      "VC@100": 0.8847297847775816,
      "Recall@20": 0.7,
      "Recall@100": 0.64,