{
  "eval_config": {
    "eval_months": [
      "2020-06",
      "2020-07",
      "2020-08",
      "2020-09",
      "2020-10",
      "2020-11",
      "2020-12",
      "2021-01",
      "2021-02",
      "2021-03",
      "2021-04",
      "2021-05",
      "2021-06",
      "2021-07",
      "2021-08",
      "2021-09",
      "2021-10",
      "2021-11",
      "2021-12",
      "2022-01",
      "2022-02",
      "2022-03",
      "2022-04",
      "2022-05",
      "2022-06",
      "2022-07",
      "2022-08",
      "2022-09",
      "2022-10",
      "2022-11",
      "2022-12",
      "2023-01",
      "2023-02",
      "2023-03",
      "2023-04",
      "2023-05"
    ],
    "class_type": "onpeak",
    "period_type": "f0",
    "lag": 1,
    "variant": "v3c"
  },
  "per_month": {
    "2020-06": {
      "VC@20": 0.17568561086206694,
      "VC@100": 0.6654215711869018,
      "Recall@20": 0.2,
      "Recall@100": 0.47,
      "NDCG": 0.49702663238901745,
      "VC@10": 0.13659307177578275,
      "VC@25": 0.1953753323028859,
      "VC@50": 0.49604415242281946,
      "VC@200": 0.949709189473194,
      "Recall@10": 0.2,
      "Recall@50": 0.44,
      "Spearman": 0.38849391389455773,
      "n_samples": 350
    },
    "2020-07": {
      "VC@20": 0.42489378445724796,
      "VC@100": 0.8803466245304556,
      "Recall@20": 0.35,
      "Recall@100": 0.39,
      "NDCG": 0.40406066861606305,
      "VC@10": 0.3077666622633649,
      "VC@25": 0.4828502685449571,
      "VC@50": 0.8580865226222454,
      "VC@200": 0.9842452119738196,
      "Recall@10": 0.2,
      "Recall@50": 0.42,
      "Spearman": 0.3358305590760615,
      "n_samples": 305
    },
    "2020-08": {
      "VC@20": 0.36867497452396236,
      "VC@100": 0.9189446409444115,
      "Recall@20": 0.25,
      "Recall@100": 0.44,
      "NDCG": 0.6124647518165313,
      "VC@10": 0.24652617119121464,
      "VC@25": 0.4177491096547393,
      "VC@50": 0.5653582964330222,
      "VC@200": 0.9981503205353766,
      "Recall@10": 0.2,
      "Recall@50": 0.44,
      "Spearman": 0.3789295987537539,
      "n_samples": 334
    },
    "2020-09": {
      "VC@20": 0.33065787468296876,
      "VC@100": 0.5896283424236226,
      "Recall@20": 0.35,
      "Recall@100": 0.47,
      "NDCG": 0.45324235936477675,
      "VC@10": 0.22135034761075406,
      "VC@25": 0.3713183676819045,
      "VC@50": 0.4854805912444035,
      "VC@200": 0.9467635139623978,
      "Recall@10": 0.2,
      "Recall@50": 0.46,
      "Spearman": 0.41060896988847945,
      "n_samples": 466
    },
    "2020-10": {
      "VC@20": 0.7572567129317007,
      "VC@100": 0.9151620961874035,
      "Recall@20": 0.5,
      "Recall@100": 0.34,
      "NDCG": 0.5136467466479051,
      "VC@10": 0.5428087906936067,
      "VC@25": 0.778174739398497,
      "VC@50": 0.7929195995057183,
      "VC@200": 0.9286147321877438,
      "Recall@10": 0.3,
      "Recall@50": 0.4,
      "Spearman": 0.30765977333270805,
      "n_samples": 419
    },
    "2020-11": {
      "VC@20": 0.1539162254938139,
      "VC@100": 0.7029920060483907,
      "Recall@20": 0.15,
      "Recall@100": 0.42,
      "NDCG": 0.36199671139329065,
      "VC@10": 0.15160511382831318,
      "VC@25": 0.19876149362261383,
      "VC@50": 0.3857117167124558,
      "VC@200": 0.9708574709369914,
      "Recall@10": 0.1,
      "Recall@50": 0.42,
      "Spearman": 0.27706276224415344,
      "n_samples": 379
    },
    "2020-12": {
      "VC@20": 0.22284246070327943,
      "VC@100": 0.6915433007495684,
      "Recall@20": 0.3,
      "Recall@100": 0.34,
      "NDCG": 0.3350715962926883,
      "VC@10": 0.018906790103399927,
      "VC@25": 0.27386921171615886,
      "VC@50": 0.5447060337868068,
      "VC@200": 0.7386747463740044,
      "Recall@10": 0.0,
      "Recall@50": 0.4,
      "Spearman": 0.2693533448151605,
      "n_samples": 365
    },
    "2021-01": {
      "VC@20": 0.2326104486938972,
      "VC@100": 0.7920125076612213,
      "Recall@20": 0.35,
      "Recall@100": 0.42,
      "NDCG": 0.38994221711114024,
      "VC@10": 0.19739725489615595,
      "VC@25": 0.23782790939239457,
      "VC@50": 0.7422189128177139,
      "VC@200": 0.8476945971683139,
      "Recall@10": 0.3,
      "Recall@50": 0.38,
      "Spearman": 0.2917880152791964,
      "n_samples": 286
    },
    "2021-02": {
      "VC@20": 0.20822274816089237,
      "VC@100": 0.65942729247808,
      "Recall@20": 0.3,
      "Recall@100": 0.48,
      "NDCG": 0.41184603026517824,
      "VC@10": 0.0964636328652805,
      "VC@25": 0.3405444500623821,
      "VC@50": 0.35583906966952145,
      "VC@200": 0.9963058225034642,
      "Recall@10": 0.1,
      "Recall@50": 0.4,
      "Spearman": 0.3428153085942788,
      "n_samples": 327
    },
    "2021-03": {
      "VC@20": 0.36054737364046247,
      "VC@100": 0.7922643702468567,
      "Recall@20": 0.35,
      "Recall@100": 0.48,
      "NDCG": 0.4023244562851001,
      "VC@10": 0.2868823974704531,
      "VC@25": 0.3680361028244765,
      "VC@50": 0.4294035224883566,
      "VC@200": 0.9065218102853727,
      "Recall@10": 0.2,
      "Recall@50": 0.42,
      "Spearman": 0.351658638194452,
      "n_samples": 360
    },
    "2021-04": {
      "VC@20": 0.5069012419198584,
      "VC@100": 0.7614249245960709,
      "Recall@20": 0.4,
      "Recall@100": 0.36,
      "NDCG": 0.4394588669577315,
      "VC@10": 0.29892154833825774,
      "VC@25": 0.5070571078799596,
      "VC@50": 0.705690274024425,
      "VC@200": 0.7761829170505495,
      "Recall@10": 0.3,
      "Recall@50": 0.42,
      "Spearman": 0.2467403968639418,
      "n_samples": 368
    },
    "2021-05": {
      "VC@20": 0.29659233013179875,
      "VC@100": 0.7913565749897907,
      "Recall@20": 0.25,
      "Recall@100": 0.47,
      "NDCG": 0.5889213679111908,
      "VC@10": 0.2620532223580985,
      "VC@25": 0.3551866573315437,
      "VC@50": 0.6007797074908837,
      "VC@200": 0.9707633452380097,
      "Recall@10": 0.3,
      "Recall@50": 0.46,
      "Spearman": 0.35357402071841476,
      "n_samples": 379
    },
    "2021-06": {
      "VC@20": 0.2718817319027393,
      "VC@100": 0.7166326610940769,
      "Recall@20": 0.35,
      "Recall@100": 0.44,
      "NDCG": 0.42560975045702604,
      "VC@10": 0.06425357479352815,
      "VC@25": 0.5073085162793529,
      "VC@50": 0.6735523206389649,
      "VC@200": 0.7763271704112407,
      "Recall@10": 0.0,
      "Recall@50": 0.5,
      "Spearman": 0.3760364625866064,
      "n_samples": 372
    },
    "2021-07": {
      "VC@20": 0.2753582334977684,
      "VC@100": 0.7177108975472694,
      "Recall@20": 0.25,
      "Recall@100": 0.42,
      "NDCG": 0.6147842669750417,
      "VC@10": 0.1912410193541418,
      "VC@25": 0.517188375411657,
      "VC@50": 0.6708295347991282,
      "VC@200": 0.7805823486426462,
      "Recall@10": 0.2,
      "Recall@50": 0.44,
      "Spearman": 0.34209276429443586,
      "n_samples": 307
    },
    "2021-08": {
      "VC@20": 0.4615938229668769,
      "VC@100": 0.8112336232844111,
      "Recall@20": 0.35,
      "Recall@100": 0.48,
      "NDCG": 0.7193132283857209,
      "VC@10": 0.38354899086365485,
      "VC@25": 0.46159382296687695,
      "VC@50": 0.6430852965905006,
      "VC@200": 0.9538381372559687,
      "Recall@10": 0.3,
      "Recall@50": 0.44,
      "Spearman": 0.4032326557107134,
      "n_samples": 340
    },
    "2021-09": {
      "VC@20": 0.548527335641162,
      "VC@100": 0.748408419112726,
      "Recall@20": 0.4,
      "Recall@100": 0.35,
      "NDCG": 0.7011513530996368,
      "VC@10": 0.2807873634918863,
      "VC@25": 0.5520736809176687,
      "VC@50": 0.7061520815199425,
      "VC@200": 0.7770628652819203,
      "Recall@10": 0.2,
      "Recall@50": 0.4,
      "Spearman": 0.3118569531584616,
      "n_samples": 415
    },
    "2021-10": {
      "VC@20": 0.3936000413660171,
      "VC@100": 0.48951599304090426,
      "Recall@20": 0.35,
      "Recall@100": 0.37,
      "NDCG": 0.3955352420800588,
      "VC@10": 0.3430200576068176,
      "VC@25": 0.42280387650879536,
      "VC@50": 0.42766069988245065,
      "VC@200": 0.7138537820436557,