{
  "eval_config": {
    "eval_months": [
      "2020-06",
      "2020-07",
      "2020-08",
      "2020-09",
      "2020-10",
      "2020-11",
      "2020-12",
      "2021-01",
      "2021-02",
      "2021-03",
      "2021-04",
      "2021-06",
      "2021-07",
      "2021-08",
      "2021-09",
      "2021-10",
      "2021-11",
      "2021-12",
      "2022-01",
      "2022-02",
      "2022-03",
      "2022-04",
      "2022-06",
      "2022-07",
      "2022-08",
      "2022-09",
      "2022-10",
      "2022-11",
      "2022-12",
      "2023-01",
      "2023-02",
      "2023-03",
      "2023-04"
    ],
    "class_type": "dailyoffpeak",
    "period_type": "f1",
    "lag": 1,
    "variant": "v3d"
  },
  "per_month": {
    "2020-06": {
      "VC@20": 0.014086717677064941,
      "VC@100": 0.8894447714341769,
      "Recall@20": 0.05,
      "Recall@100": 0.47,
      "NDCG": 0.26571331035845147,
      "VC@10": 0.014086717677064941,
      "VC@25": 0.16550912301353737,
      "VC@50": 0.739474200510104,
      "VC@200": 0.9002158132234648,
      "Recall@10": 0.1,
      "Recall@50": 0.32,
      "Spearman": 0.18605923755481832,
      "n_samples": 242
    },
    "2020-07": {
      "VC@20": 0.8874940878650744,
      "VC@100": 0.9355852744843006,
      "Recall@20": 0.05,
      "Recall@100": 0.4,
      "NDCG": 0.35376920392724476,
      "VC@10": 0.8874940878650744,
      "VC@25": 0.8884931043008095,
      "VC@50": 0.9181464919541218,
      "VC@200": 0.9535642111599609,
      "Recall@10": 0.1,
      "Recall@50": 0.34,
      "Spearman": 0.229754560557976,
      "n_samples": 289
    },
    "2020-08": {
      "VC@20": 0.01626342200868094,
      "VC@100": 0.9048571815116058,
      "Recall@20": 0.1,
      "Recall@100": 0.41,
      "NDCG": 0.2459552281361321,
      "VC@10": 0.0008911804168688785,
      "VC@25": 0.03492856282883998,
      "VC@50": 0.09155203165552275,
      "VC@200": 0.955951111679304,
      "Recall@10": 0.0,
      "Recall@50": 0.28,
      "Spearman": 0.2949329989922869,
      "n_samples": 412
    },
    "2020-09": {
      "VC@20": 0.022688473802097115,
      "VC@100": 0.9770401066737918,
      "Recall@20": 0.2,
      "Recall@100": 0.35,
      "NDCG": 0.2519019751493247,
      "VC@10": 0.01825697932899344,
      "VC@25": 0.02740322541095537,
      "VC@50": 0.5662665272083276,
      "VC@200": 0.9916384184612628,
      "Recall@10": 0.2,
      "Recall@50": 0.34,
      "Spearman": 0.2655485943980642,
      "n_samples": 381
    },
    "2020-10": {
      "VC@20": 0.0023309347621835296,
      "VC@100": 0.8511176072850691,
      "Recall@20": 0.05,
      "Recall@100": 0.35,
      "NDCG": 0.22056382772017538,
      "VC@10": 0.002272330562972103,
      "VC@25": 0.0023309347621835296,
      "VC@50": 0.13794168189010514,
      "VC@200": 0.9919138808141825,
      "Recall@10": 0.0,
      "Recall@50": 0.3,
      "Spearman": 0.24848245981470982,
      "n_samples": 353
    },
    "2020-11": {
      "VC@20": 0.08167622021404448,
      "VC@100": 0.8424566504024688,
      "Recall@20": 0.1,
      "Recall@100": 0.44,
      "NDCG": 0.30584182961933065,
      "VC@10": 0.002141858464045076,
      "VC@25": 0.08167622021404448,
      "VC@50": 0.4093331835969557,
      "VC@200": 0.8579075074207202,
      "Recall@10": 0.0,
      "Recall@50": 0.28,
      "Spearman": 0.24148558587320687,
      "n_samples": 297
    },
    "2020-12": {
      "VC@20": 0.008066103210720724,
      "VC@100": 0.48868206971078837,
      "Recall@20": 0.15,
      "Recall@100": 0.48,
      "NDCG": 0.2043502981666303,
      "VC@10": 0.0054588191180649035,
      "VC@25": 0.008066103210720724,
      "VC@50": 0.10076675578865978,
      "VC@200": 0.9992637537438226,
      "Recall@10": 0.0,
      "Recall@50": 0.3,
      "Spearman": 0.2767176180578111,
      "n_samples": 273
    },
    "2021-01": {
      "VC@20": 0.013871743226560977,
      "VC@100": 0.9814935135252204,
      "Recall@20": 0.1,
      "Recall@100": 0.47,
      "NDCG": 0.2517617976247843,
      "VC@10": 0.0008731982287956559,
      "VC@25": 0.013871743226560977,
      "VC@50": 0.5357381232243165,
      "VC@200": 0.9928480438193907,
      "Recall@10": 0.0,
      "Recall@50": 0.32,
      "Spearman": 0.26686631434366365,
      "n_samples": 256
    },
    "2021-02": {
      "VC@20": 0.06815666295175926,
      "VC@100": 0.899385023616197,
      "Recall@20": 0.1,
      "Recall@100": 0.44,
      "NDCG": 0.2855371227539169,
      "VC@10": 0.045364113994586855,
      "VC@25": 0.09553234622936897,
      "VC@50": 0.7372138194555006,
      "VC@200": 0.9355527251499229,
      "Recall@10": 0.1,
      "Recall@50": 0.32,
      "Spearman": 0.3228799788650552,
      "n_samples": 342
    },
    "2021-03": {
      "VC@20": 0.2595759557954098,
      "VC@100": 0.7727892020131583,
      "Recall@20": 0.2,
      "Recall@100": 0.41,
      "NDCG": 0.39110610967708687,
      "VC@10": 0.05081121335233302,
      "VC@25": 0.25957595579540976,
      "VC@50": 0.5106844813995088,
      "VC@200": 0.9964517706091017,
      "Recall@10": 0.1,
      "Recall@50": 0.34,
      "Spearman": 0.2774486189821129,
      "n_samples": 309
    },
    "2021-04": {
      "VC@20": 0.103507451368097,
      "VC@100": 0.42394998342892126,
      "Recall@20": 0.05,
      "Recall@100": 0.37,
      "NDCG": 0.29042182380123893,
      "VC@10": 0.103507451368097,
      "VC@25": 0.103507451368097,
      "VC@50": 0.20728032086102197,
      "VC@200": 0.9170884333870722,
      "Recall@10": 0.1,
      "Recall@50": 0.28,
      "Spearman": 0.1451576517133551,
      "n_samples": 293
    },
    "2021-06": {
      "VC@20": 0.3010476106545639,
      "VC@100": 0.7918768864702901,
      "Recall@20": 0.1,
      "Recall@100": 0.4,
      "NDCG": 0.3297192107960217,
      "VC@10": 0.0,
      "VC@25": 0.3010476106545639,
      "VC@50": 0.6833979598581155,
      "VC@200": 0.9991187292075172,
      "Recall@10": 0.0,
      "Recall@50": 0.26,
      "Spearman": 0.19770595620911455,
      "n_samples": 260
    },
    "2021-07": {
      "VC@20": 0.004672247806439556,
      "VC@100": 0.5014448027832221,
      "Recall@20": 0.05,
      "Recall@100": 0.41,
      "NDCG": 0.1879804617720333,
      "VC@10": 0.0,
      "VC@25": 0.004672247806439556,
      "VC@50": 0.05059445368245008,
      "VC@200": 0.5184278245535009,
      "Recall@10": 0.0,
      "Recall@50": 0.2,
      "Spearman": 0.1493262179773506,
      "n_samples": 268
    },
    "2021-08": {
      "VC@20": 0.05418335651174605,
      "VC@100": 0.2695656337699758,
      "Recall@20": 0.2,
      "Recall@100": 0.37,
      "NDCG": 0.1729966025542658,
      "VC@10": 0.0,
      "VC@25": 0.05418335651174605,
      "VC@50": 0.16632315426274602,
      "VC@200": 0.9969451684806898,
      "Recall@10": 0.0,
      "Recall@50": 0.34,
      "Spearman": 0.2452672439098423,
      "n_samples": 345
    },
    "2021-09": {
      "VC@20": 0.023007955387718316,
      "VC@100": 0.24036492122529607,
      "Recall@20": 0.2,
      "Recall@100": 0.33,
      "NDCG": 0.15574940890516834,
      "VC@10": 0.005067419439341493,
      "VC@25": 0.023007955387718316,
      "VC@50": 0.04307795252237119,
      "VC@200": 0.25523735742384623,
      "Recall@10": 0.1,
      "Recall@50": 0.2,
      "Spearman": 0.1809712014438955,
      "n_samples": 333
    },
    "2021-10": {
      "VC@20": 0.006036243118873969,
      "VC@100": 0.9031978400161538,
      "Recall@20": 0.05,
      "Recall@100": 0.36,
      "NDCG": 0.2563146567771002,
      "VC@10": 0.0003671172649878787,
      "VC@25": 0.006036243118873969,
      "VC@50": 0.4826142677926228,
      "VC@200": 0.9480252559689517,
      "Recall@10": 0.0,
      "Recall@50": 0.22,
      "Spearman": 0.23291637430050804,
      "n_samples": 340
    },
    "2021-11": {
      "VC@20": 0.029250734557427036,
      "VC@100": 0.8375169091577637,
      "Recall@20": 0.1,
      "Recall@100": 0.43,
      "NDCG": 0.2551630680317097,
      "VC@10": 0.0021139961160943697,
      "VC@25": 0.15100566618427075,
      "VC@50": 0.22529651231871262,
      "VC@200": 0.9898839288692781,
      "Recall@10": 0.0,