{
  "per_month": {
    "2022-06/aq1": {
      "VC@20": 0.3327021790903774,
      "VC@100": 0.585711540833824,
      "Recall@20": 0.4,
      "Recall@100": 0.56,
      "NDCG": 0.6102088272955897,
      "VC@10": 0.1485636003203312,
      "VC@25": 0.3731650754456216,
      "VC@50": 0.4478032859502564,
      "VC@200": 0.8673621311181373,
      "Recall@10": 0.1,
      "Recall@50": 0.4,
      "Spearman": 0.4359114112448907,
      "Tier0-AP": 0.44248884038745473,
      "Tier01-AP": 0.6641836457885885,
      "n_samples": 325
    },
    "2022-06/aq2": {
      "VC@20": 0.4361033546733494,
      "VC@100": 0.8007029287503435,
      "Recall@20": 0.65,
      "Recall@100": 0.65,
      "NDCG": 0.7392080964677008,
      "VC@10": 0.3241339933850611,
      "VC@25": 0.4916954306634865,
      "VC@50": 0.6726462111449169,
      "VC@200": 0.9506625299703454,
      "Recall@10": 0.6,
      "Recall@50": 0.54,
      "Spearman": 0.5148216973740596,
      "Tier0-AP": 0.5335385970009585,
      "Tier01-AP": 0.6694209644383688,
      "n_samples": 302
    },
    "2022-06/aq3": {
      "VC@20": 0.6074504636392852,
      "VC@100": 0.8629489790177944,
      "Recall@20": 0.3,
      "Recall@100": 0.44,
      "NDCG": 0.8945683733912535,
      "VC@10": 0.535204338025444,
      "VC@25": 0.6074504636392853,
      "VC@50": 0.7365118092421952,
      "VC@200": 0.967305752320441,
      "Recall@10": 0.3,
      "Recall@50": 0.38,
      "Spearman": 0.3187389897391762,
      "Tier0-AP": 0.4080971368244108,
      "Tier01-AP": 0.45463409128163257,
      "n_samples": 262
    },
    "2022-06/aq4": {
      "VC@20": 0.32628785560453344,
      "VC@100": 0.8414077378297941,
      "Recall@20": 0.5,
      "Recall@100": 0.53,
      "NDCG": 0.7054900846227689,
      "VC@10": 0.1677251213829524,
      "VC@25": 0.35055254233204686,
      "VC@50": 0.6709346301894433,
      "VC@200": 0.9468296827804644,
      "Recall@10": 0.2,
      "Recall@50": 0.54,
      "Spearman": 0.4586873642389064,
      "Tier0-AP": 0.5371307494364128,
      "Tier01-AP": 0.6590206715404932,
      "n_samples": 380
    },
    "2023-06/aq1": {
      "VC@20": 0.21544310876800585,
      "VC@100": 0.7609862120320687,
      "Recall@20": 0.25,
      "Recall@100": 0.61,
      "NDCG": 0.5555332461747479,
      "VC@10": 0.14600850513200547,
      "VC@25": 0.29356310289945814,
      "VC@50": 0.7043592700396171,
      "VC@200": 0.9550110397548771,
      "Recall@10": 0.2,
      "Recall@50": 0.52,
      "Spearman": 0.48398767802628645,
      "Tier0-AP": 0.46006126089023475,
      "Tier01-AP": 0.633180333768424,
      "n_samples": 276
    },
    "2023-06/aq2": {
      "VC@20": 0.3192094210103259,
      "VC@100": 0.886410469494702,
      "Recall@20": 0.4,
      "Recall@100": 0.57,
      "NDCG": 0.5288809978951499,
      "VC@10": 0.18323721122684805,
      "VC@25": 0.34596914238571264,
      "VC@50": 0.7289142368038634,
      "VC@200": 0.9410194376831603,
      "Recall@10": 0.1,
      "Recall@50": 0.58,
      "Spearman": 0.494498814935206,
      "Tier0-AP": 0.5424419784461546,
      "Tier01-AP": 0.699172662147749,
      "n_samples": 410
    },
    "2023-06/aq3": {
      "VC@20": 0.16502745241918992,
      "VC@100": 0.49421496269804954,
      "Recall@20": 0.1,
      "Recall@100": 0.55,
      "NDCG": 0.5879034267070307,
      "VC@10": 0.11228962553886948,
      "VC@25": 0.1808296142105246,
      "VC@50": 0.3992500703338227,
      "VC@200": 0.663721879961708,
      "Recall@10": 0.1,
      "Recall@50": 0.5,
      "Spearman": 0.48744209709287784,
      "Tier0-AP": 0.6424358023819564,
      "Tier01-AP": 0.7045803404183459,
      "n_samples": 504
    },
    "2023-06/aq4": {
      "VC@20": 0.22755996278757962,
      "VC@100": 0.6615646637740764,
      "Recall@20": 0.35,
      "Recall@100": 0.52,
      "NDCG": 0.7177436236000825,
      "VC@10": 0.1668628320093244,
      "VC@25": 0.26718612649432105,
      "VC@50": 0.5003624557099,
      "VC@200": 0.8347001491501355,
      "Recall@10": 0.3,
      "Recall@50": 0.48,
      "Spearman": 0.481986619589132,
      "Tier0-AP": 0.5213291182398616,
      "Tier01-AP": 0.6663216344821438,
      "n_samples": 459
    },
    "2024-06/aq1": {
      "VC@20": 0.23503351357176577,
      "VC@100": 0.7087044597870331,
      "Recall@20": 0.3,
      "Recall@100": 0.6,
      "NDCG": 0.7218326413055757,
      "VC@10": 0.18374152545368735,
      "VC@25": 0.3056424439800956,
      "VC@50": 0.47485341308756907,
      "VC@200": 0.897951645920362,
      "Recall@10": 0.3,
      "Recall@50": 0.5,
      "Spearman": 0.5833548141558326,
      "Tier0-AP": 0.6175892520928803,
      "Tier01-AP": 0.7244535548765556,
      "n_samples": 425
    },
    "2024-06/aq2": {
      "VC@20": 0.3716063948557325,
      "VC@100": 0.6755383960562676,
      "Recall@20": 0.4,
      "Recall@100": 0.56,
      "NDCG": 0.714569273290076,
      "VC@10": 0.23616543279349125,
      "VC@25": 0.39444221577872024,
      "VC@50": 0.5432946594401465,
      "VC@200": 0.848023441351445,
      "Recall@10": 0.4,
      "Recall@50": 0.46,
      "Spearman": 0.5212901863730298,
      "Tier0-AP": 0.5374888755211712,
      "Tier01-AP": 0.7154038645483142,
      "n_samples": 483
    },
    "2024-06/aq3": {
      "VC@20": 0.31296728793767875,
      "VC@100": 0.7542988478706577,
      "Recall@20": 0.25,
      "Recall@100": 0.65,
      "NDCG": 0.5806565433798646,
      "VC@10": 0.2127406604444157,
      "VC@25": 0.32292300322354356,
      "VC@50": 0.46145052846669443,
      "VC@200": 0.9326248479621784,
      "Recall@10": 0.2,
      "Recall@50": 0.44,
      "Spearman": 0.5187998160982532,
      "Tier0-AP": 0.5587030419120952,
      "Tier01-AP": 0.666513481324463,
      "n_samples": 315
    },
    "2024-06/aq4": {
      "VC@20": 0.2686717787293814,
      "VC@100": 0.4567886115507865,
      "Recall@20": 0.2,
      "Recall@100": 0.44,
      "NDCG": 0.724120350012121,
      "VC@10": 0.19700779607107502,
      "VC@25": 0.30564531982232784,
      "VC@50": 0.3906635552142294,
      "VC@200": 0.9054640157406613,
      "Recall@10": 0.2,
      "Recall@50": 0.52,
      "Spearman": 0.48522282421467633,
      "Tier0-AP": 0.6082485474344681,
      "Tier01-AP": 0.6784930428930769,
      "n_samples": 476
    }
  },
  "aggregate": {
    "mean": {
      "VC@20": 0.31817189775726706,
      "VC@100": 0.7074398174746165,
      "Recall@20": 0.3416666666666666,
      "Recall@100": 0.5566666666666668,
      "NDCG": 0.6733929570118301,
      "VC@10": 0.21780672014862545,
      "VC@25": 0.353255373406262,
      "VC@50": 0.5609203438018878,
      "VC@200": 0.8925563794761596,
      "Recall@10": 0.25,
      "Recall@50": 0.48833333333333345,
      "Spearman": 0.48206185942352725,
      "Tier0-AP": 0.5341294333806715,
      "Tier01-AP": 0.661281523959013,
      "n_samples": 384.75
    },
    "std": {
      "VC@20": 0.11266821706798932,
      "VC@100": 0.13358968869654242,
      "Recall@20": 0.13819269959814165,
      "Recall@100": 0.06561673228343176,
      "NDCG": 0.09896881633315394,
      "VC@10": 0.10854508459999718,
      "VC@25": 0.1049164055404544,
      "VC@50": 0.12695624327230326,
      "VC@200": 0.08077248909921886,
      "Recall@10": 0.13844373104863458,
      "Recall@50": 0.0568379763499331,
      "Spearman": 0.060394488136684826,
      "Tier0-AP": 0.06758644942831768,
      "Tier01-AP": 0.06717644314010815,
      "n_samples": 82.74974823728066
    },
    "min": {
      "VC@20": 0.16502745241918992,
      "VC@100": 0.4567886115507865,
      "Recall@20": 0.1,
      "Recall@100": 0.44,
      "NDCG": 0.5288809978951499,
      "VC@10": 0.11228962553886948,
      "VC@25": 0.1808296142105246,
      "VC@50": 0.3906635552142294,
      "VC@200": 0.663721879961708,
      "Recall@10": 0.1,
      "Recall@50": 0.38,
      "Spearman": 0.3187389897391762,
      "Tier0-AP": 0.4080971368244108,
      "Tier01-AP": 0.45463409128163257,
      "n_samples": 262.0
    },
    "max": {
      "VC@20": 0.6074504636392852,
      "VC@100": 0.886410469494702,
      "Recall@20": 0.65,
      "Recall@100": 0.65,
      "NDCG": 0.8945683733912535,