{
  "per_group": {
    "2022-06/aq1": {
      "n_branches": 2427,
      "n_binding": 342,
      "VC@20": 0.10362552423456106,
      "Recall@20": 0.029239766081871343,
      "Abs_SP@20": 0.09657375163647704,
      "NB12_Recall@20": 0.0,
      "VC@50": 0.2820745585558409,
      "Recall@50": 0.07017543859649122,
      "Abs_SP@50": 0.2628792332985399,
      "NB12_Recall@50": 0.009174311926605505,
      "VC@100": 0.4032974307242541,
      "Recall@100": 0.14912280701754385,
      "Abs_SP@100": 0.3758528238876069,
      "NB12_Recall@100": 0.01834862385321101,
      "NDCG": 0.774929386020628,
      "Spearman": 0.25318612552541153,
      "cohort_contribution": {
        "established": {
          "count_in_top_k": 43,
          "sp_captured": 934242.0499999998
        },
        "history_dormant": {
          "count_in_top_k": 7,
          "sp_captured": 1502.28
        },
        "history_zero": {
          "count_in_top_k": 0,
          "sp_captured": 0.0
        }
      }
    },
    "2022-06/aq2": {
      "n_branches": 2225,
      "n_binding": 408,
      "VC@20": 0.23662532427701286,
      "Recall@20": 0.022058823529411766,
      "Abs_SP@20": 0.21356217242519576,
      "NB12_Recall@20": 0.0,
      "VC@50": 0.3432215640342088,
      "Recall@50": 0.061274509803921566,
      "Abs_SP@50": 0.3097688003694361,
      "NB12_Recall@50": 0.0,
      "VC@100": 0.47502674548598167,
      "Recall@100": 0.10784313725490197,
      "Abs_SP@100": 0.428727331007453,
      "NB12_Recall@100": 0.0,
      "NDCG": 0.794021530848295,
      "Spearman": 0.20504599606295915,
      "cohort_contribution": {
        "established": {
          "count_in_top_k": 44,
          "sp_captured": 1002459.5300000001
        },
        "history_dormant": {
          "count_in_top_k": 6,
          "sp_captured": 0.0
        },
        "history_zero": {
          "count_in_top_k": 0,
          "sp_captured": 0.0
        }
      }
    },
    "2022-06/aq3": {
      "n_branches": 1953,
      "n_binding": 317,
      "VC@20": 0.3139241774130415,
      "Recall@20": 0.03470031545741325,
      "Abs_SP@20": 0.2756799616839792,
      "NB12_Recall@20": 0.0,
      "VC@50": 0.42069188739800684,
      "Recall@50": 0.08201892744479496,
      "Abs_SP@50": 0.36944055839970913,
      "NB12_Recall@50": 0.0,
      "VC@100": 0.5765532984155949,
      "Recall@100": 0.15141955835962145,
      "Abs_SP@100": 0.5063139530245685,
      "NB12_Recall@100": 0.008547008547008548,
      "NDCG": 0.76975007109655,
      "Spearman": 0.23621030219138922,
      "cohort_contribution": {
        "established": {
          "count_in_top_k": 44,
          "sp_captured": 848135.4000000001
        },
        "history_dormant": {
          "count_in_top_k": 6,
          "sp_captured": 0.0
        },
        "history_zero": {
          "count_in_top_k": 0,
          "sp_captured": 0.0
        }
      }
    },
    "2022-06/aq4": {
      "n_branches": 2395,
      "n_binding": 388,
      "VC@20": 0.13845345532853234,
      "Recall@20": 0.02577319587628866,
      "Abs_SP@20": 0.12775304847056965,
      "NB12_Recall@20": 0.0,
      "VC@50": 0.27441069226356934,
      "Recall@50": 0.06958762886597938,
      "Abs_SP@50": 0.2532027993552421,
      "NB12_Recall@50": 0.0,
      "VC@100": 0.40524522161287607,
      "Recall@100": 0.12371134020618557,
      "Abs_SP@100": 0.37392575227775854,
      "NB12_Recall@100": 0.00625,
      "NDCG": 0.776788765848972,
      "Spearman": 0.21034361779000685,
      "cohort_contribution": {
        "established": {
          "count_in_top_k": 44,
          "sp_captured": 684684.9199999999
        },
        "history_dormant": {
          "count_in_top_k": 6,
          "sp_captured": 0.0
        },
        "history_zero": {
          "count_in_top_k": 0,
          "sp_captured": 0.0
        }
      }
    },
    "2023-06/aq1": {
      "n_branches": 2512,
      "n_binding": 327,
      "VC@20": 0.17266588153246212,
      "Recall@20": 0.03058103975535168,
      "Abs_SP@20": 0.15558613730778284,
      "NB12_Recall@20": 0.010416666666666666,
      "VC@50": 0.3204277603814708,
      "Recall@50": 0.09785932721712538,
      "Abs_SP@50": 0.28873172326499263,
      "NB12_Recall@50": 0.010416666666666666,
      "VC@100": 0.4666779564411901,
      "Recall@100": 0.1620795107033639,
      "Abs_SP@100": 0.42051515890082597,
      "NB12_Recall@100": 0.010416666666666666,
      "NDCG": 0.7720271124310443,
      "Spearman": 0.26049519854827063,
      "cohort_contribution": {
        "established": {
          "count_in_top_k": 44,
          "sp_captured": 567795.7600000001
        },
        "history_dormant": {
          "count_in_top_k": 6,
          "sp_captured": 54.82000000000001
        },
        "history_zero": {
          "count_in_top_k": 0,
          "sp_captured": 0.0
        }
      }
    },
    "2023-06/aq2": {
      "n_branches": 2278,
      "n_binding": 422,
      "VC@20": 0.29425069132764553,
      "Recall@20": 0.030805687203791468,
      "Abs_SP@20": 0.27557118114804124,
      "NB12_Recall@20": 0.0,
      "VC@50": 0.5429379243645618,
      "Recall@50": 0.09004739336492891,
      "Abs_SP@50": 0.5084713460897524,
      "NB12_Recall@50": 0.007042253521126761,
      "VC@100": 0.5601035663192151,
      "Recall@100": 0.13033175355450238,
      "Abs_SP@100": 0.524547285307652,
      "NB12_Recall@100": 0.007042253521126761,
      "NDCG": 0.8030464042611107,
      "Spearman": 0.25699943473538167,
      "cohort_contribution": {
        "established": {
          "count_in_top_k": 45,
          "sp_captured": 1859172.95
        },
        "history_dormant": {
          "count_in_top_k": 5,
          "sp_captured": 350.4200000000001
        },
        "history_zero": {
          "count_in_top_k": 0,
          "sp_captured": 0.0
        }
      }
    },
    "2023-06/aq3": {
      "n_branches": 2274,
      "n_binding": 338,
      "VC@20": 0.15881815874470465,
      "Recall@20": 0.03550295857988166,
      "Abs_SP@20": 0.13119264592942365,
      "NB12_Recall@20": 0.0,
      "VC@50": 0.34177580812771213,
      "Recall@50": 0.09763313609467456,
      "Abs_SP@50": 0.2823258557922086,
      "NB12_Recall@50": 0.009523809523809525,
      "VC@100": 0.3754498580023395,
      "Recall@100": 0.1390532544378698,
      "Abs_SP@100": 0.3101424967678365,
      "NB12_Recall@100": 0.01904761904761905,
      "NDCG": 0.7842188670684782,
      "Spearman": 0.24765607632917858,
      "cohort_contribution": {
        "established": {
          "count_in_top_k": 44,
          "sp_captured": 808225.42
        },
        "history_dormant": {
          "count_in_top_k": 6,
          "sp_captured": 18365.769999999997
        },
        "history_zero": {
          "count_in_top_k": 0,
          "sp_captured": 0.0
        }
      }
    },
    "2023-06/aq4": {
      "n_branches": 2382,
      "n_binding": 423,
      "VC@20": 0.2752128025875961,
      "Recall@20": 0.028368794326241134,
      "Abs_SP@20": 0.24873991435399834,
      "NB12_Recall@20": 0.006802721088435374,
      "VC@50": 0.41825055756850277,
      "Recall@50": 0.07565011820330969,
      "Abs_SP@50": 0.37801877997659084,
      "NB12_Recall@50": 0.006802721088435374,
      "VC@100": 0.48068741653629404,
      "Recall@100": 0.1182033096926714,
      "Abs_SP@100": 0.43444979919575644,
      "NB12_Recall@100": 0.013605442176870748,
      "NDCG": 0.8050334053439683,
      "Spearman": 0.24947321732604355,
      "cohort_contribution": {
        "established": {
          "count_in_top_k": 44,
          "sp_captured": 1031182.8300000001
        },
        "history_dormant": {
          "count_in_top_k": 6,
          "sp_captured": 2.56
        },
        "history_zero": {
          "count_in_top_k": 0,
          "sp_captured": 0.0
        }
      }
    },
    "2024-06/aq1": {
      "n_branches": 2339,
      "n_binding": 385,
      "VC@20": 0.1214626045311652,
      "Recall@20": 0.03116883116883117,
      "Abs_SP@20": 0.11289256740560359,
      "NB12_Recall@20": 0.00980392156862745,