{
  "per_group": {
    "2022-06/aq1": {
      "n_branches": 2427,
      "n_binding": 342,
      "VC@20": 0.10363656311559208,
      "Recall@20": 0.04678362573099415,
      "Abs_SP@20": 0.09658403931572311,
      "NB12_Recall@20": 0.0,
      "VC@50": 0.20663452304476743,
      "Recall@50": 0.10526315789473684,
      "Abs_SP@50": 0.19257293273496157,
      "NB12_Recall@50": 0.0,
      "VC@100": 0.3091760213245378,
      "Recall@100": 0.19005847953216373,
      "Abs_SP@100": 0.2881364269652759,
      "NB12_Recall@100": 0.0,
      "NDCG": 0.83831080599914,
      "Spearman": 0.33713918184414915,
      "cohort_contribution": {
        "established": {
          "count_in_top_k": 50,
          "sp_captured": 685482.1799999999
        },
        "history_dormant": {
          "count_in_top_k": 0,
          "sp_captured": 0.0
        },
        "history_zero": {
          "count_in_top_k": 0,
          "sp_captured": 0.0
        }
      }
    },
    "2022-06/aq2": {
      "n_branches": 2225,
      "n_binding": 408,
      "VC@20": 0.16915039691401607,
      "Recall@20": 0.03431372549019608,
      "Abs_SP@20": 0.15266382134674458,
      "NB12_Recall@20": 0.0,
      "VC@50": 0.34041956467778645,
      "Recall@50": 0.08088235294117647,
      "Abs_SP@50": 0.30723990338209994,
      "NB12_Recall@50": 0.0,
      "VC@100": 0.4681895472738846,
      "Recall@100": 0.15441176470588236,
      "Abs_SP@100": 0.4225565337441486,
      "NB12_Recall@100": 0.0,
      "NDCG": 0.8299901876142359,
      "Spearman": 0.3268031508111727,
      "cohort_contribution": {
        "established": {
          "count_in_top_k": 50,
          "sp_captured": 994275.6300000001
        },
        "history_dormant": {
          "count_in_top_k": 0,
          "sp_captured": 0.0
        },
        "history_zero": {
          "count_in_top_k": 0,
          "sp_captured": 0.0
        }
      }
    },
    "2022-06/aq3": {
      "n_branches": 1953,
      "n_binding": 317,
      "VC@20": 0.1416975628259327,
      "Recall@20": 0.04416403785488959,
      "Abs_SP@20": 0.12443507541367069,
      "NB12_Recall@20": 0.0,
      "VC@50": 0.4115604569226561,
      "Recall@50": 0.09779179810725552,
      "Abs_SP@50": 0.3614215761591267,
      "NB12_Recall@50": 0.0,
      "VC@100": 0.5359184251119786,
      "Recall@100": 0.17350157728706625,
      "Abs_SP@100": 0.47062947530230903,
      "NB12_Recall@100": 0.0,
      "NDCG": 0.8261981563888978,
      "Spearman": 0.3185088779557629,
      "cohort_contribution": {
        "established": {
          "count_in_top_k": 50,
          "sp_captured": 829725.9900000002
        },
        "history_dormant": {
          "count_in_top_k": 0,
          "sp_captured": 0.0
        },
        "history_zero": {
          "count_in_top_k": 0,
          "sp_captured": 0.0
        }
      }
    },
    "2022-06/aq4": {
      "n_branches": 2395,
      "n_binding": 388,
      "VC@20": 0.17274052195073178,
      "Recall@20": 0.04381443298969072,
      "Abs_SP@20": 0.15939023133253324,
      "NB12_Recall@20": 0.0,
      "VC@50": 0.3243685816988421,
      "Recall@50": 0.0979381443298969,
      "Abs_SP@50": 0.29929968191673123,
      "NB12_Recall@50": 0.0,
      "VC@100": 0.44251385593103737,
      "Recall@100": 0.15721649484536082,
      "Abs_SP@100": 0.4083140716966008,
      "NB12_Recall@100": 0.0,
      "NDCG": 0.8480186530106231,
      "Spearman": 0.31329412892071185,
      "cohort_contribution": {
        "established": {
          "count_in_top_k": 50,
          "sp_captured": 809335.36
        },
        "history_dormant": {
          "count_in_top_k": 0,
          "sp_captured": 0.0
        },
        "history_zero": {
          "count_in_top_k": 0,
          "sp_captured": 0.0
        }
      }
    },
    "2023-06/aq1": {
      "n_branches": 2512,
      "n_binding": 327,
      "VC@20": 0.1094881437956209,
      "Recall@20": 0.05198776758409786,
      "Abs_SP@20": 0.09865780791764067,
      "NB12_Recall@20": 0.0,
      "VC@50": 0.37108920250569116,
      "Recall@50": 0.11009174311926606,
      "Abs_SP@50": 0.334381842562402,
      "NB12_Recall@50": 0.0,
      "VC@100": 0.5481902093808332,
      "Recall@100": 0.22018348623853212,
      "Abs_SP@100": 0.4939643919836787,
      "NB12_Recall@100": 0.0,
      "NDCG": 0.8532931583348973,
      "Spearman": 0.3493513722273429,
      "cohort_contribution": {
        "established": {
          "count_in_top_k": 50,
          "sp_captured": 657630.97
        },
        "history_dormant": {
          "count_in_top_k": 0,
          "sp_captured": 0.0
        },
        "history_zero": {
          "count_in_top_k": 0,
          "sp_captured": 0.0
        }
      }
    },
    "2023-06/aq2": {
      "n_branches": 2278,
      "n_binding": 422,
      "VC@20": 0.1276351542010314,
      "Recall@20": 0.04265402843601896,
      "Abs_SP@20": 0.11953266801343297,
      "NB12_Recall@20": 0.0,
      "VC@50": 0.4318241007877733,
      "Recall@50": 0.0924170616113744,
      "Abs_SP@50": 0.40441120788998913,
      "NB12_Recall@50": 0.0,
      "VC@100": 0.6766888039779102,
      "Recall@100": 0.17772511848341233,
      "Abs_SP@100": 0.6337315033670006,
      "NB12_Recall@100": 0.0,
      "NDCG": 0.8781720544328939,
      "Spearman": 0.39208289129996876,
      "cohort_contribution": {
        "established": {
          "count_in_top_k": 50,
          "sp_captured": 1478966.5100000002
        },
        "history_dormant": {
          "count_in_top_k": 0,
          "sp_captured": 0.0
        },
        "history_zero": {
          "count_in_top_k": 0,
          "sp_captured": 0.0
        }
      }
    },
    "2023-06/aq3": {
      "n_branches": 2274,
      "n_binding": 338,
      "VC@20": 0.10946161293306009,
      "Recall@20": 0.05325443786982249,
      "Abs_SP@20": 0.09042138973210698,
      "NB12_Recall@20": 0.0,
      "VC@50": 0.3073031578601963,
      "Recall@50": 0.10650887573964497,
      "Abs_SP@50": 0.2538495264068205,
      "NB12_Recall@50": 0.0,
      "VC@100": 0.39987801293512415,
      "Recall@100": 0.1893491124260355,
      "Abs_SP@100": 0.3303215134881949,
      "NB12_Recall@100": 0.0,
      "NDCG": 0.8595186959894152,
      "Spearman": 0.37747944600599576,
      "cohort_contribution": {
        "established": {
          "count_in_top_k": 50,
          "sp_captured": 743218.44
        },
        "history_dormant": {
          "count_in_top_k": 0,
          "sp_captured": 0.0
        },
        "history_zero": {
          "count_in_top_k": 0,
          "sp_captured": 0.0
        }
      }
    },
    "2023-06/aq4": {
      "n_branches": 2382,
      "n_binding": 423,
      "VC@20": 0.23326999213668076,
      "Recall@20": 0.04018912529550828,
      "Abs_SP@20": 0.2108316085585001,
      "NB12_Recall@20": 0.0,
      "VC@50": 0.39759504306687066,
      "Recall@50": 0.07565011820330969,
      "Abs_SP@50": 0.3593501320802473,
      "NB12_Recall@50": 0.0,
      "VC@100": 0.5051643886695584,
      "Recall@100": 0.14893617021276595,
      "Abs_SP@100": 0.4565723163709359,
      "NB12_Recall@100": 0.0,
      "NDCG": 0.8607433001809699,
      "Spearman": 0.3702731004660149,
      "cohort_contribution": {
        "established": {
          "count_in_top_k": 50,
          "sp_captured": 980259.78
        },
        "history_dormant": {
          "count_in_top_k": 0,
          "sp_captured": 0.0
        },
        "history_zero": {
          "count_in_top_k": 0,
          "sp_captured": 0.0
        }
      }
    },
    "2024-06/aq1": {
      "n_branches": 2339,
      "n_binding": 385,
      "VC@20": 0.17807613414591253,
      "Recall@20": 0.04935064935064935,
      "Abs_SP@20": 0.16551161614716187,
      "NB12_Recall@20": 0.0,
      "VC@50": 0.27996069808804336,
      "Recall@50": 0.10649350649350649,
      "Abs_SP@50": 0.2602075107957598,
      "NB12_Recall@50": 0.0,
      "VC@100": 0.38607633187224977,
      "Recall@100": 0.21038961038961038,
      "Abs_SP@100": 0.3588359436867909,
      "NB12_Recall@100": 0.0,
      "NDCG": 0.8894231358955432,