{
  "per_month": {
    "2022-06/aq1": {
      "VC@20": 0.3662820373099084,
      "VC@100": 0.5771390971740917,
      "Recall@20": 0.45,
      "Recall@100": 0.57,
      "NDCG": 0.6002686792284228,
      "VC@10": 0.12969282662445855,
      "VC@25": 0.39790934705026293,
      "VC@50": 0.4662145638678197,
      "VC@200": 0.8691330740094927,
      "Recall@10": 0.1,
      "Recall@50": 0.42,
      "Spearman": 0.4348400337387554,
      "Tier0-AP": 0.44090158532541335,
      "Tier01-AP": 0.6684806960453551,
      "n_samples": 325
    },
    "2022-06/aq2": {
      "VC@20": 0.44355327700526875,
      "VC@100": 0.8142734507409264,
      "Recall@20": 0.65,
      "Recall@100": 0.65,
      "NDCG": 0.8000738408798569,
      "VC@10": 0.3241339933850611,
      "VC@25": 0.5176110529142783,
      "VC@50": 0.6635067141175983,
      "VC@200": 0.9312444823502475,
      "Recall@10": 0.6,
      "Recall@50": 0.54,
      "Spearman": 0.5081976910945623,
      "Tier0-AP": 0.5556445608743381,
      "Tier01-AP": 0.68554718445431,
      "n_samples": 302
    },
    "2022-06/aq3": {
      "VC@20": 0.5981584434436171,
      "VC@100": 0.8641464256005555,
      "Recall@20": 0.3,
      "Recall@100": 0.44,
      "NDCG": 0.9125374904919819,
      "VC@10": 0.5438924120422753,
      "VC@25": 0.6247460449632298,
      "VC@50": 0.7373741939605886,
      "VC@200": 0.967345626653993,
      "Recall@10": 0.3,
      "Recall@50": 0.38,
      "Spearman": 0.3364027820000843,
      "Tier0-AP": 0.43846510837321045,
      "Tier01-AP": 0.4837806695961674,
      "n_samples": 262
    },
    "2022-06/aq4": {
      "VC@20": 0.3402057378809459,
      "VC@100": 0.8165030256949527,
      "Recall@20": 0.55,
      "Recall@100": 0.53,
      "NDCG": 0.6709667864550805,
      "VC@10": 0.21158993346182975,
      "VC@25": 0.44406950200248263,
      "VC@50": 0.6153061349831955,
      "VC@200": 0.94320689544062,
      "Recall@10": 0.3,
      "Recall@50": 0.54,
      "Spearman": 0.46405355011668065,
      "Tier0-AP": 0.5667225564905686,
      "Tier01-AP": 0.675137300242059,
      "n_samples": 380
    },
    "2023-06/aq1": {
      "VC@20": 0.2212804267448541,
      "VC@100": 0.7759072347130989,
      "Recall@20": 0.25,
      "Recall@100": 0.6,
      "NDCG": 0.5527224143864011,
      "VC@10": 0.1460085051320055,
      "VC@25": 0.29356310289945814,
      "VC@50": 0.6100460887898556,
      "VC@200": 0.9489159315047573,
      "Recall@10": 0.2,
      "Recall@50": 0.5,
      "Spearman": 0.48140490292597793,
      "Tier0-AP": 0.46568960747911103,
      "Tier01-AP": 0.6343247017768591,
      "n_samples": 276
    },
    "2023-06/aq2": {
      "VC@20": 0.31920942101032596,
      "VC@100": 0.8856804097860114,
      "Recall@20": 0.4,
      "Recall@100": 0.57,
      "NDCG": 0.5333710445664834,
      "VC@10": 0.18323721122684802,
      "VC@25": 0.34596914238571264,
      "VC@50": 0.7383273612404503,
      "VC@200": 0.9454450104324275,
      "Recall@10": 0.1,
      "Recall@50": 0.6,
      "Spearman": 0.5101469496037307,
      "Tier0-AP": 0.5415244885981401,
      "Tier01-AP": 0.7060421329528309,
      "n_samples": 410
    },
    "2023-06/aq3": {
      "VC@20": 0.18118238775093767,
      "VC@100": 0.5411027937975608,
      "Recall@20": 0.1,
      "Recall@100": 0.58,
      "NDCG": 0.5962648855813513,
      "VC@10": 0.11495622247285724,
      "VC@25": 0.19777887717189754,
      "VC@50": 0.31381344674204403,
      "VC@200": 0.6730107746774975,
      "Recall@10": 0.1,
      "Recall@50": 0.38,
      "Spearman": 0.4821356634822013,
      "Tier0-AP": 0.6362687865240049,
      "Tier01-AP": 0.7053797725392663,
      "n_samples": 504
    },
    "2023-06/aq4": {
      "VC@20": 0.23190385421446752,
      "VC@100": 0.6775258126557469,
      "Recall@20": 0.35,
      "Recall@100": 0.54,
      "NDCG": 0.7140657175870597,
      "VC@10": 0.17807609339992211,
      "VC@25": 0.2641297926251171,
      "VC@50": 0.5377651374133274,
      "VC@200": 0.8490053162166442,
      "Recall@10": 0.3,
      "Recall@50": 0.48,
      "Spearman": 0.4924031710947813,
      "Tier0-AP": 0.5244747194215433,
      "Tier01-AP": 0.6745901045095196,
      "n_samples": 459
    },
    "2024-06/aq1": {
      "VC@20": 0.25133224077760297,
      "VC@100": 0.7087200257614718,
      "Recall@20": 0.35,
      "Recall@100": 0.6,
      "NDCG": 0.7194241459615509,
      "VC@10": 0.18374152545368735,
      "VC@25": 0.3033427980505755,
      "VC@50": 0.4665901701980189,
      "VC@200": 0.8989662277825056,
      "Recall@10": 0.3,
      "Recall@50": 0.5,
      "Spearman": 0.5936583949766595,
      "Tier0-AP": 0.6311059954779352,
      "Tier01-AP": 0.730734483996244,
      "n_samples": 425
    },
    "2024-06/aq2": {
      "VC@20": 0.3620801094099031,
      "VC@100": 0.6735179490501253,
      "Recall@20": 0.4,
      "Recall@100": 0.55,
      "NDCG": 0.8178418317927895,
      "VC@10": 0.23616543279349123,
      "VC@25": 0.3944422157787202,
      "VC@50": 0.477206135242756,
      "VC@200": 0.8224841896102181,
      "Recall@10": 0.4,
      "Recall@50": 0.38,
      "Spearman": 0.5341506957346266,
      "Tier0-AP": 0.5341190213773502,
      "Tier01-AP": 0.7284919559121614,
      "n_samples": 483
    },
    "2024-06/aq3": {
      "VC@20": 0.30148860519758736,
      "VC@100": 0.7529964161499112,
      "Recall@20": 0.25,
      "Recall@100": 0.62,
      "NDCG": 0.5602155803024608,
      "VC@10": 0.25984297509168963,
      "VC@25": 0.32292300322354356,
      "VC@50": 0.4624767334732407,
      "VC@200": 0.9340354569028214,
      "Recall@10": 0.4,
      "Recall@50": 0.44,
      "Spearman": 0.5256631911950412,
      "Tier0-AP": 0.5633185052862273,
      "Tier01-AP": 0.6749538360654264,
      "n_samples": 315
    },
    "2024-06/aq4": {
      "VC@20": 0.2746327696130109,
      "VC@100": 0.5391192522389571,
      "Recall@20": 0.2,
      "Recall@100": 0.47,
      "NDCG": 0.6799158986902492,
      "VC@10": 0.197007796071075,
      "VC@25": 0.2995303638860478,
      "VC@50": 0.3906635552142294,
      "VC@200": 0.8296487554802149,
      "Recall@10": 0.2,
      "Recall@50": 0.52,
      "Spearman": 0.48244300472955287,
      "Tier0-AP": 0.6081170510818389,
      "Tier01-AP": 0.6840123338493933,
      "n_samples": 476
    }
  },
  "aggregate": {
    "mean": {
      "VC@20": 0.32427577586320244,
      "VC@100": 0.7188859911136173,
      "Recall@20": 0.35416666666666674,
      "Recall@100": 0.5599999999999999,
      "NDCG": 0.6798056929936406,
      "VC@10": 0.22569541059626672,
      "VC@25": 0.36716793691261057,
      "VC@50": 0.5399408529369271,
      "VC@200": 0.8843701450884532,
      "Recall@10": 0.27499999999999997,
      "Recall@50": 0.47333333333333333,
      "Spearman": 0.4871250025577212,
      "Tier0-AP": 0.5421959988591402,
      "Tier01-AP": 0.6709562643282992,
      "n_samples": 384.75
    },
    "std": {
      "VC@20": 0.10825615350273897,
      "VC@100": 0.11541633556727182,
      "Recall@20": 0.14499760534421097,
      "Recall@100": 0.05730037812557028,
      "NDCG": 0.11390941802187894,
      "VC@10": 0.11064101142481604,
      "VC@25": 0.11268135797008874,
      "VC@50": 0.12857377741279255,
      "VC@200": 0.07963448198807399,
      "Recall@10": 0.14215601757693316,
      "Recall@50": 0.0699205898780101,
      "Spearman": 0.05923866320051045,
      "Tier0-AP": 0.06427963268896854,
      "Tier01-AP": 0.061989591102749646,
      "n_samples": 82.74974823728066
    },
    "min": {
      "VC@20": 0.18118238775093767,
      "VC@100": 0.5391192522389571,
      "Recall@20": 0.1,
      "Recall@100": 0.44,
      "NDCG": 0.5333710445664834,
      "VC@10": 0.11495622247285724,
      "VC@25": 0.19777887717189754,
      "VC@50": 0.31381344674204403,
      "VC@200": 0.6730107746774975,
      "Recall@10": 0.1,
      "Recall@50": 0.38,
      "Spearman": 0.3364027820000843,
      "Tier0-AP": 0.43846510837321045,
      "Tier01-AP": 0.4837806695961674,
      "n_samples": 262.0
    },
    "max": {
      "VC@20": 0.5981584434436171,
      "VC@100": 0.8856804097860114,
      "Recall@20": 0.65,
      "Recall@100": 0.65,