{
  "eval_config": {
    "eval_months": [
      "2020-06",
      "2020-07",
      "2020-08",
      "2020-09",
      "2020-10",
      "2020-11",
      "2020-12",
      "2021-01",
      "2021-02",
      "2021-03",
      "2021-04",
      "2021-06",
      "2021-07",
      "2021-08",
      "2021-09",
      "2021-10",
      "2021-11",
      "2021-12",
      "2022-01",
      "2022-02",
      "2022-03",
      "2022-04",
      "2022-06",
      "2022-07",
      "2022-08",
      "2022-09",
      "2022-10",
      "2022-11",
      "2022-12",
      "2023-01",
      "2023-02",
      "2023-03",
      "2023-04"
    ],
    "class_type": "wkndonpeak",
    "period_type": "f1",
    "lag": 1,
    "variant": "v3c"
  },
  "per_month": {
    "2020-06": {
      "VC@20": 0.15774346391133345,
      "VC@100": 0.5814513423622892,
      "Recall@20": 0.25,
      "Recall@100": 0.47,
      "NDCG": 0.3443999304920408,
      "VC@10": 0.10676979996357745,
      "VC@25": 0.16530657235145832,
      "VC@50": 0.44781640483972485,
      "VC@200": 0.7105794698283988,
      "Recall@10": 0.2,
      "Recall@50": 0.36,
      "Spearman": 0.2983653793624962,
      "n_samples": 272
    },
    "2020-07": {
      "VC@20": 0.4278421806138466,
      "VC@100": 0.7924853177088215,
      "Recall@20": 0.25,
      "Recall@100": 0.45,
      "NDCG": 0.5271351987934321,
      "VC@10": 0.28297952184570424,
      "VC@25": 0.428725255187769,
      "VC@50": 0.6790843473463257,
      "VC@200": 0.9977903529200477,
      "Recall@10": 0.1,
      "Recall@50": 0.42,
      "Spearman": 0.3474651835429094,
      "n_samples": 311
    },
    "2020-08": {
      "VC@20": 0.27626588642213645,
      "VC@100": 0.7679023889961392,
      "Recall@20": 0.25,
      "Recall@100": 0.37,
      "NDCG": 0.506289751860963,
      "VC@10": 0.17770270270270275,
      "VC@25": 0.3092231740669242,
      "VC@50": 0.5488799066924068,
      "VC@200": 0.942919481981982,
      "Recall@10": 0.1,
      "Recall@50": 0.4,
      "Spearman": 0.3548382307470319,
      "n_samples": 437
    },
    "2020-09": {
      "VC@20": 0.24897865792999166,
      "VC@100": 0.6051352283429057,
      "Recall@20": 0.25,
      "Recall@100": 0.26,
      "NDCG": 0.41317147036650315,
      "VC@10": 0.2385894868087703,
      "VC@25": 0.42712658009576737,
      "VC@50": 0.4487604621241263,
      "VC@200": 0.8136382326802936,
      "Recall@10": 0.2,
      "Recall@50": 0.3,
      "Spearman": 0.24378853049650206,
      "n_samples": 409
    },
    "2020-10": {
      "VC@20": 0.05601055433677565,
      "VC@100": 0.6918056744609129,
      "Recall@20": 0.35,
      "Recall@100": 0.34,
      "NDCG": 0.3138126136664577,
      "VC@10": 0.053010795120124146,
      "VC@25": 0.12358706993418588,
      "VC@50": 0.43418086842527687,
      "VC@200": 0.7225105677136284,
      "Recall@10": 0.1,
      "Recall@50": 0.24,
      "Spearman": 0.2718137301616158,
      "n_samples": 369
    },
    "2020-11": {
      "VC@20": 0.19423157413761866,
      "VC@100": 0.9162812095336942,
      "Recall@20": 0.2,
      "Recall@100": 0.38,
      "NDCG": 0.42905979661728005,
      "VC@10": 0.17256015228494345,
      "VC@25": 0.4339844234563791,
      "VC@50": 0.7371871014724269,
      "VC@200": 0.9768801577109424,
      "Recall@10": 0.2,
      "Recall@50": 0.3,
      "Spearman": 0.24696570409253354,
      "n_samples": 311
    },
    "2020-12": {
      "VC@20": 0.0850031932735607,
      "VC@100": 0.9313045140645759,
      "Recall@20": 0.4,
      "Recall@100": 0.42,
      "NDCG": 0.28136711496570316,
      "VC@10": 0.014067892795263222,
      "VC@25": 0.1544440779098441,
      "VC@50": 0.5881847069033207,
      "VC@200": 0.9356092518693767,
      "Recall@10": 0.1,
      "Recall@50": 0.36,
      "Spearman": 0.32473995560704055,
      "n_samples": 287
    },
    "2021-01": {
      "VC@20": 0.0743134036976254,
      "VC@100": 0.9881868879745506,
      "Recall@20": 0.45,
      "Recall@100": 0.42,
      "NDCG": 0.34568240448904886,
      "VC@10": 0.059879131050253186,
      "VC@25": 0.0743134036976254,
      "VC@50": 0.9446289541024664,
      "VC@200": 0.9999999999999999,
      "Recall@10": 0.2,
      "Recall@50": 0.42,
      "Spearman": 0.39351968348178173,
      "n_samples": 264
    },
    "2021-02": {
      "VC@20": 0.4403486432186028,
      "VC@100": 0.821629775615581,
      "Recall@20": 0.35,
      "Recall@100": 0.36,
      "NDCG": 0.5553965374759603,
      "VC@10": 0.3342088821199156,
      "VC@25": 0.5195060029139462,
      "VC@50": 0.5274334950577836,
      "VC@200": 0.907037061009261,
      "Recall@10": 0.3,
      "Recall@50": 0.28,
      "Spearman": 0.2548865113458359,
      "n_samples": 351
    },
    "2021-03": {
      "VC@20": 0.5688774617473235,
      "VC@100": 0.6895146598378289,
      "Recall@20": 0.25,
      "Recall@100": 0.37,
      "NDCG": 0.5619493690026954,
      "VC@10": 0.5469654145986994,
      "VC@25": 0.5773534685240118,
      "VC@50": 0.6834049359487673,
      "VC@200": 0.7348291315258048,
      "Recall@10": 0.3,
      "Recall@50": 0.24,
      "Spearman": 0.14405625711967873,
      "n_samples": 320
    },
    "2021-04": {
      "VC@20": 0.2583345673754469,
      "VC@100": 0.7914288983199044,
      "Recall@20": 0.25,
      "Recall@100": 0.39,
      "NDCG": 0.56683290583256,
      "VC@10": 0.172736431946117,
      "VC@25": 0.41168295410932204,
      "VC@50": 0.5450379453600591,
      "VC@200": 0.9744073058354313,
      "Recall@10": 0.2,
      "Recall@50": 0.32,
      "Spearman": 0.2378021270694916,
      "n_samples": 316
    },
    "2021-06": {
      "VC@20": 0.4493913169900118,
      "VC@100": 0.7007727688950846,
      "Recall@20": 0.3,
      "Recall@100": 0.41,
      "NDCG": 0.3519658394285461,
      "VC@10": 0.20904584751522345,
      "VC@25": 0.4784034679826366,
      "VC@50": 0.5735275553684829,
      "VC@200": 0.9648097623773751,
      "Recall@10": 0.2,
      "Recall@50": 0.26,
      "Spearman": 0.1876339738176951,
      "n_samples": 286
    },
    "2021-07": {
      "VC@20": 0.38388639988975465,
      "VC@100": 0.8112582119066442,
      "Recall@20": 0.25,
      "Recall@100": 0.37,
      "NDCG": 0.6466108766293217,
      "VC@10": 0.3578394581975333,
      "VC@25": 0.38605203905707647,
      "VC@50": 0.48523727566593594,
      "VC@200": 0.980578891723228,
      "Recall@10": 0.2,
      "Recall@50": 0.26,
      "Spearman": 0.18005881789345496,
      "n_samples": 306
    },
    "2021-08": {
      "VC@20": 0.6488701800083725,
      "VC@100": 0.7316898460393507,
      "Recall@20": 0.4,
      "Recall@100": 0.44,
      "NDCG": 0.7208772045768584,
      "VC@10": 0.4061221452160566,
      "VC@25": 0.6488701800083725,
      "VC@50": 0.6623805758407368,
      "VC@200": 0.8428289687892462,
      "Recall@10": 0.3,
      "Recall@50": 0.36,
      "Spearman": 0.22874946266788013,
      "n_samples": 379
    },
    "2021-09": {
      "VC@20": 0.5277609575893195,
      "VC@100": 0.7315001612285399,
      "Recall@20": 0.3,
      "Recall@100": 0.37,
      "NDCG": 0.443810878285521,
      "VC@10": 0.5145525529294902,
      "VC@25": 0.52922196949859,
      "VC@50": 0.5316655016371731,
      "VC@200": 0.996516597883037,
      "Recall@10": 0.3,
      "Recall@50": 0.3,
      "Spearman": 0.23781458360524818,
      "n_samples": 363
    },
    "2021-10": {
      "VC@20": 0.34035937073921724,
      "VC@100": 0.7488340038751762,
      "Recall@20": 0.25,
      "Recall@100": 0.3,
      "NDCG": 0.44012460329277237,
      "VC@10": 0.29093233526907153,
      "VC@25": 0.377609191447369,
      "VC@50": 0.6596860355677694,
      "VC@200": 0.8294541632159977,
      "Recall@10": 0.2,
      "Recall@50": 0.2,
      "Spearman": 0.23059828430968604,
      "n_samples": 376
    },
    "2021-11": {
      "VC@20": 0.41200567018811995,
      "VC@100": 0.918970887840563,
      "Recall@20": 0.35,
      "Recall@100": 0.42,
      "NDCG": 0.5907519669922546,
      "VC@10": 0.4074165956152229,
      "VC@25": 0.41200567018811995,
      "VC@50": 0.9148801526441804,
      "VC@200": 0.9214708541101685,
      "Recall@10": 0.3,
      "Recall@50": 0.34,