{
  "eval_config": {
    "eval_months": [
      "2020-12",
      "2021-09",
      "2022-06",
      "2023-03"
    ],
    "class_type": "onpeak",
    "period_type": "f0",
    "train_months": 8,
    "val_months": 0,
    "mode": "screen"
  },
  "per_month": {
    "2020-12": {
      "VC@20": 0.3353417630572715,
      "VC@100": 0.7956973003205132,
      "Recall@20": 0.3,
      "Recall@100": 0.38,
      "NDCG": 0.5981112861816392,
      "VC@10": 0.3082018462140048,
      "VC@25": 0.34406279545604235,
      "VC@50": 0.4539922055566797,
      "VC@200": 0.9312631706551396,
      "Recall@10": 0.4,
      "Recall@50": 0.32,
      "Spearman": 0.2545643292068581,
      "Tier0-AP": 1.0,
      "Tier01-AP": 1.0,
      "n_samples": 550
    },
    "2021-09": {
      "VC@20": 0.5243458187299361,
      "VC@100": 0.7238624523296874,
      "Recall@20": 0.3,
      "Recall@100": 0.3,
      "NDCG": 0.553861796951869,
      "VC@10": 0.3908159663876783,
      "VC@25": 0.5252471480621161,
      "VC@50": 0.6042028569115511,
      "VC@200": 0.8189656582414696,
      "Recall@10": 0.3,
      "Recall@50": 0.18,
      "Spearman": 0.1896631290591167,
      "Tier0-AP": 1.0,
      "Tier01-AP": 1.0,
      "n_samples": 621
    },
    "2022-06": {
      "VC@20": 0.05321546446196776,
      "VC@100": 0.5845092059031517,
      "Recall@20": 0.05,
      "Recall@100": 0.3,
      "NDCG": 0.3339449634658747,
      "VC@10": 0.05085748252800979,
      "VC@25": 0.10933603448557037,
      "VC@50": 0.4641208049691708,
      "VC@200": 0.6852561934130745,
      "Recall@10": 0.1,
      "Recall@50": 0.18,
      "Spearman": 0.16628565031358045,
      "Tier0-AP": 1.0,
      "Tier01-AP": 1.0,
      "n_samples": 578
    },
    "2023-03": {
      "VC@20": 0.14713836757793766,
      "VC@100": 0.2676177269556354,
      "Recall@20": 0.2,
      "Recall@100": 0.19,
      "NDCG": 0.27224605342989266,
      "VC@10": 0.02667093242409847,
      "VC@25": 0.16881158582693723,
      "VC@50": 0.19295465252532742,
      "VC@200": 0.36533806639017335,
      "Recall@10": 0.0,
      "Recall@50": 0.24,
      "Spearman": 0.15952880315668505,
      "Tier0-AP": 0.9999999999999999,
      "Tier01-AP": 0.9999999999999999,
      "n_samples": 780
    }
  },
  "aggregate": {
    "mean": {
      "VC@20": 0.26501035345677826,
      "VC@100": 0.5929216713772468,
      "Recall@20": 0.21250000000000002,
      "Recall@100": 0.2925,
      "NDCG": 0.4395410250073189,
      "VC@10": 0.19413655688844783,
      "VC@25": 0.2868643909576665,
      "VC@50": 0.42881762999068224,
      "VC@200": 0.7002057721749643,
      "Recall@10": 0.19999999999999998,
      "Recall@50": 0.22999999999999998,
      "Spearman": 0.19251047793406006,
      "Tier0-AP": 1.0,
      "Tier01-AP": 1.0,
      "n_samples": 632.25
    },
    "std": {
      "VC@20": 0.1809366400043005,
      "VC@100": 0.20258138465897105,
      "Recall@20": 0.10231690964840563,
      "Recall@100": 0.06759252917297887,
      "NDCG": 0.13906104986214357,
      "VC@10": 0.15832506819571202,
      "VC@25": 0.1624428965150496,
      "VC@50": 0.14855251207855508,
      "VC@200": 0.21204439524170587,
      "Recall@10": 0.15811388300841897,
      "Recall@50": 0.05744562646538029,
      "Spearman": 0.03753105483545123,
      "Tier0-AP": 5.551115123125783e-17,
      "Tier01-AP": 5.551115123125783e-17,
      "n_samples": 88.97295937530683
    },
    "min": {
      "VC@20": 0.05321546446196776,
      "VC@100": 0.2676177269556354,
      "Recall@20": 0.05,
      "Recall@100": 0.19,
      "NDCG": 0.27224605342989266,
      "VC@10": 0.02667093242409847,
      "VC@25": 0.10933603448557037,
      "VC@50": 0.19295465252532742,
      "VC@200": 0.36533806639017335,
      "Recall@10": 0.0,
      "Recall@50": 0.18,
      "Spearman": 0.15952880315668505,
      "Tier0-AP": 0.9999999999999999,
      "Tier01-AP": 0.9999999999999999,
      "n_samples": 550.0
    },
    "max": {
      "VC@20": 0.5243458187299361,
      "VC@100": 0.7956973003205132,
      "Recall@20": 0.3,
      "Recall@100": 0.38,
      "NDCG": 0.5981112861816392,
      "VC@10": 0.3908159663876783,
      "VC@25": 0.5252471480621161,
      "VC@50": 0.6042028569115511,
      "VC@200": 0.9312631706551396,
      "Recall@10": 0.4,
      "Recall@50": 0.32,
      "Spearman": 0.2545643292068581,
      "Tier0-AP": 1.0,
      "Tier01-AP": 1.0,
      "n_samples": 780.0
    },
    "bottom_2_mean": {
      "VC@20": 0.10017691601995271,
      "VC@100": 0.4260634664293935,
      "Recall@20": 0.125,
      "Recall@100": 0.245,
      "NDCG": 0.3030955084478837,
      "VC@10": 0.03876420747605413,
      "VC@25": 0.1390738101562538,
      "VC@50": 0.32347342904100357,
      "VC@200": 0.5252971299016239,
      "Recall@10": 0.05,
      "Recall@50": 0.18,
      "Spearman": 0.16290722673513275,
      "Tier0-AP": 1.0,
      "Tier01-AP": 1.0,
      "n_samples": 564.0
    }
  },
  "n_months": 4,
  "n_months_requested": 4,
  "skipped_months": []
}