{
  "eval_config": {
    "eval_groups": [
      "2022-06/aq1",
      "2022-06/aq2",
      "2022-06/aq3",
      "2022-06/aq4",
      "2023-06/aq1",
      "2023-06/aq2",
      "2023-06/aq3",
      "2023-06/aq4",
      "2024-06/aq1",
      "2024-06/aq2",
      "2024-06/aq3",
      "2024-06/aq4"
    ],
    "mode": "eval"
  },
  "per_month": {
    "2022-06/aq1": {
      "VC@20": 0.22147001910049338,
      "VC@100": 0.7497586410832467,
      "Recall@20": 0.25,
      "Recall@100": 0.52,
      "NDCG": 0.6589394654253842,
      "VC@10": 0.19298098235093958,
      "VC@25": 0.23162371651354025,
      "VC@50": 0.45429615160809766,
      "VC@200": 0.873096587122677,
      "Recall@10": 0.3,
      "Recall@50": 0.42,
      "Spearman": 0.3540505130660023,
      "Tier0-AP": 0.4075040253212948,
      "Tier01-AP": 0.5921347032283717,
      "n_samples": 325
    },
    "2022-06/aq2": {
      "VC@20": 0.306110641810114,
      "VC@100": 0.8089441644694428,
      "Recall@20": 0.4,
      "Recall@100": 0.58,
      "NDCG": 0.6589827210971532,
      "VC@10": 0.11508285669973659,
      "VC@25": 0.4513461514069362,
      "VC@50": 0.6471504442630813,
      "VC@200": 0.9485212432938263,
      "Recall@10": 0.1,
      "Recall@50": 0.52,
      "Spearman": 0.4168517781321478,
      "Tier0-AP": 0.461391763764251,
      "Tier01-AP": 0.5924802281675506,
      "n_samples": 302
    },
    "2022-06/aq3": {
      "VC@20": 0.5520116737617531,
      "VC@100": 0.8583182705119258,
      "Recall@20": 0.25,
      "Recall@100": 0.43,
      "NDCG": 0.6150354000641466,
      "VC@10": 0.45889325378714935,
      "VC@25": 0.5520116737617532,
      "VC@50": 0.7224493420818866,
      "VC@200": 0.9593843520362068,
      "Recall@10": 0.2,
      "Recall@50": 0.32,
      "Spearman": 0.25911310611226124,
      "Tier0-AP": 0.35046155428086667,
      "Tier01-AP": 0.40302768313551174,
      "n_samples": 262
    },
    "2022-06/aq4": {
      "VC@20": 0.3012535077048898,
      "VC@100": 0.7934300907717386,
      "Recall@20": 0.55,
      "Recall@100": 0.42,
      "NDCG": 0.655014203228123,
      "VC@10": 0.18827834197957477,
      "VC@25": 0.31237908806467385,
      "VC@50": 0.6797914837859458,
      "VC@200": 0.9294549535893162,
      "Recall@10": 0.4,
      "Recall@50": 0.52,
      "Spearman": 0.357433657693754,
      "Tier0-AP": 0.4466600127133932,
      "Tier01-AP": 0.5708993143633099,
      "n_samples": 380
    },
    "2023-06/aq1": {
      "VC@20": 0.2714074756098901,
      "VC@100": 0.5139245494085044,
      "Recall@20": 0.3,
      "Recall@100": 0.53,
      "NDCG": 0.5226459200635937,
      "VC@10": 0.194267933065622,
      "VC@25": 0.2930145781256802,
      "VC@50": 0.4200565559680575,
      "VC@200": 0.925031085847348,
      "Recall@10": 0.2,
      "Recall@50": 0.46,
      "Spearman": 0.3721214392433461,
      "Tier0-AP": 0.489864204575972,
      "Tier01-AP": 0.5701893882488946,
      "n_samples": 276
    },
    "2023-06/aq2": {
      "VC@20": 0.5478150527005118,
      "VC@100": 0.8390635617574801,
      "Recall@20": 0.4,
      "Recall@100": 0.61,
      "NDCG": 0.560371147638798,
      "VC@10": 0.28341166511887717,
      "VC@25": 0.5962284595523321,
      "VC@50": 0.7803361705604891,
      "VC@200": 0.8860852084462338,
      "Recall@10": 0.2,
      "Recall@50": 0.6,
      "Spearman": 0.3582128065122438,
      "Tier0-AP": 0.5461365602643082,
      "Tier01-AP": 0.6158752127077218,
      "n_samples": 410
    },
    "2023-06/aq3": {
      "VC@20": 0.20989409831703779,
      "VC@100": 0.5312543949901628,
      "Recall@20": 0.35,
      "Recall@100": 0.56,
      "NDCG": 0.5728745265618759,
      "VC@10": 0.043277669096573726,
      "VC@25": 0.23214145813548012,
      "VC@50": 0.37781171723739815,
      "VC@200": 0.7416440734464614,
      "Recall@10": 0.0,
      "Recall@50": 0.4,
      "Spearman": 0.41706828738205404,
      "Tier0-AP": 0.5546927771281344,
      "Tier01-AP": 0.6311057566416455,
      "n_samples": 504
    },
    "2023-06/aq4": {
      "VC@20": 0.1837530709812192,
      "VC@100": 0.48208427613128,
      "Recall@20": 0.3,
      "Recall@100": 0.54,
      "NDCG": 0.6159239804332265,
      "VC@10": 0.13118592636376267,
      "VC@25": 0.18823996807121787,
      "VC@50": 0.3987786463457518,
      "VC@200": 0.5757990022338488,
      "Recall@10": 0.1,
      "Recall@50": 0.52,
      "Spearman": 0.35033462119016845,
      "Tier0-AP": 0.507375230773293,
      "Tier01-AP": 0.605237793098415,
      "n_samples": 459
    },
    "2024-06/aq1": {
      "VC@20": 0.1839578507395271,
      "VC@100": 0.7276828097341282,
      "Recall@20": 0.25,
      "Recall@100": 0.57,
      "NDCG": 0.6761716358023291,
      "VC@10": 0.10803332005545635,
      "VC@25": 0.276201584869631,
      "VC@50": 0.4582391473083039,
      "VC@200": 0.8390489186738027,
      "Recall@10": 0.2,
      "Recall@50": 0.5,
      "Spearman": 0.4137979756274022,
      "Tier0-AP": 0.48445462317343385,
      "Tier01-AP": 0.6126388485006751,
      "n_samples": 425
    },
    "2024-06/aq2": {
      "VC@20": 0.42057742909177964,
      "VC@100": 0.6619521431043844,
      "Recall@20": 0.4,
      "Recall@100": 0.47,
      "NDCG": 0.6416906511085148,
      "VC@10": 0.20247269950938881,
      "VC@25": 0.42182593785371764,
      "VC@50": 0.5372780900670066,
      "VC@200": 0.7801717920968936,
      "Recall@10": 0.4,
      "Recall@50": 0.4,
      "Spearman": 0.4078709861784269,
      "Tier0-AP": 0.4569671579407706,
      "Tier01-AP": 0.6392866623106563,
      "n_samples": 483
    },
    "2024-06/aq3": {
      "VC@20": 0.26352497554802834,
      "VC@100": 0.7713718677416643,
      "Recall@20": 0.3,
      "Recall@100": 0.54,
      "NDCG": 0.49069120978219266,
      "VC@10": 0.12057552591699926,
      "VC@25": 0.2827343614080017,
      "VC@50": 0.5535793380052046,
      "VC@200": 0.8839523887641431,
      "Recall@10": 0.2,
      "Recall@50": 0.4,
      "Spearman": 0.3975999954939275,
      "Tier0-AP": 0.4354992570365729,
      "Tier01-AP": 0.5578144411366027,
      "n_samples": 315
    },
    "2024-06/aq4": {
      "VC@20": 0.1340248646516748,
      "VC@100": 0.5168450977914341,
      "Recall@20": 0.1,
      "Recall@100": 0.48,
      "NDCG": 0.5655475371473946,
      "VC@10": 0.05757217066089385,
      "VC@25": 0.15502234367774917,
      "VC@50": 0.3702331325494911,
      "VC@200": 0.7163372094422628,
      "Recall@10": 0.1,
      "Recall@50": 0.46,
      "Spearman": 0.3094850615453166,
      "Tier0-AP": 0.46635870688208325,
      "Tier01-AP": 0.5577894634512903,
      "n_samples": 476
    }
  },
  "aggregate": {
    "mean": {
      "VC@20": 0.2996500550014099,
      "VC@100": 0.6878858222912828,
      "Recall@20": 0.3208333333333333,
      "Recall@100": 0.5208333333333334,
      "NDCG": 0.602824033196061,
      "VC@10": 0.1746693620504145,
      "VC@25": 0.3327307767867261,
      "VC@50": 0.5333333516483928,
      "VC@200": 0.838210567916085,
      "Recall@10": 0.20000000000000004,
      "Recall@50": 0.46,
      "Spearman": 0.3678283523480876,
      "Tier0-AP": 0.46728048948786444,
      "Tier01-AP": 0.579039957915887,
      "n_samples": 384.75
    },
    "std": {
      "VC@20": 0.13243218638657542,
      "VC@100": 0.13452270529330584,
      "Recall@20": 0.10696248044161198,
      "Recall@100": 0.05692953734417858,
      "NDCG": 0.05724859693561544,
      "VC@10": 0.10726491879572501,
      "VC@25": 0.13540315845879908,
      "VC@50": 0.13699644346592196,
      "VC@200": 0.10981933516831079,
      "Recall@10": 0.11547005383792516,
      "Recall@50": 0.07302967433402215,
      "Spearman": 0.045978781180888516,
      "Tier0-AP": 0.05405921362549657,
      "Tier01-AP": 0.05908447598619399,
      "n_samples": 82.74974823728066
    },
    "min": {
      "VC@20": 0.1340248646516748,
      "VC@100": 0.48208427613128,
      "Recall@20": 0.1,
      "Recall@100": 0.42,
      "NDCG": 0.49069120978219266,
      "VC@10": 0.043277669096573726,
      "VC@25": 0.15502234367774917,
      "VC@50": 0.3702331325494911,
      "VC@200": 0.5757990022338488,
      "Recall@10": 0.0,