{
  "eval_config": {
    "eval_months": [
      "2020-09",
      "2020-12",
      "2021-03",
      "2021-06",
      "2021-09",
      "2021-12",
      "2022-03",
      "2022-06",
      "2022-09",
      "2022-12",
      "2023-03",
      "2023-05"
    ],
    "class_type": "onpeak",
    "period_type": "f0",
    "train_months": 8,
    "val_months": 0,
    "mode": "eval"
  },
  "per_month": {
    "2020-09": {
      "VC@20": 0.21380226268826866,
      "VC@100": 0.7157897047859751,
      "Recall@20": 0.15,
      "Recall@100": 0.26,
      "NDCG": 0.44910961751736,
      "VC@10": 0.19647961094317845,
      "VC@25": 0.22150147971945963,
      "VC@50": 0.36447052673856467,
      "VC@200": 0.7451203027800057,
      "Recall@10": 0.2,
      "Recall@50": 0.26,
      "Spearman": 0.1774773413903798,
      "Tier0-AP": 1.0,
      "Tier01-AP": 1.0,
      "n_samples": 715
    },
    "2020-12": {
      "VC@20": 0.33287711288749866,
      "VC@100": 0.8161665003308514,
      "Recall@20": 0.3,
      "Recall@100": 0.31,
      "NDCG": 0.37617312831123056,
      "VC@10": 0.1046238941570008,
      "VC@25": 0.3743153313968522,
      "VC@50": 0.761516560894102,
      "VC@200": 0.9399725781106969,
      "Recall@10": 0.2,
      "Recall@50": 0.28,
      "Spearman": 0.22400223764573993,
      "Tier0-AP": 1.0,
      "Tier01-AP": 1.0,
      "n_samples": 550
    },
    "2021-03": {
      "VC@20": 0.1846067665830108,
      "VC@100": 0.3739880919566952,
      "Recall@20": 0.15,
      "Recall@100": 0.19,
      "NDCG": 0.3973019115215956,
      "VC@10": 0.18453035302150775,
      "VC@25": 0.1846067665830108,
      "VC@50": 0.2697836082683298,
      "VC@200": 0.8748706727494855,
      "Recall@10": 0.2,
      "Recall@50": 0.14,
      "Spearman": 0.16364881670060236,
      "Tier0-AP": 1.0,
      "Tier01-AP": 1.0,
      "n_samples": 669
    },
    "2021-06": {
      "VC@20": 0.12440348571647815,
      "VC@100": 0.4199027523083302,
      "Recall@20": 0.15,
      "Recall@100": 0.24,
      "NDCG": 0.3067987167171761,
      "VC@10": 0.044843076709515726,
      "VC@25": 0.12440348571647815,
      "VC@50": 0.15050956931493178,
      "VC@200": 0.8872069865763869,
      "Recall@10": 0.1,
      "Recall@50": 0.18,
      "Spearman": 0.2256291609382196,
      "Tier0-AP": 0.9999999999999999,
      "Tier01-AP": 0.9999999999999999,
      "n_samples": 556
    },
    "2021-09": {
      "VC@20": 0.5251047273293608,
      "VC@100": 0.675165877206274,
      "Recall@20": 0.3,
      "Recall@100": 0.24,
      "NDCG": 0.5328760438766649,
      "VC@10": 0.4247168841450287,
      "VC@25": 0.5251804381703199,
      "VC@50": 0.566902563542329,
      "VC@200": 0.8156093843175897,
      "Recall@10": 0.4,
      "Recall@50": 0.24,
      "Spearman": 0.19460509387239242,
      "Tier0-AP": 1.0000000000000002,
      "Tier01-AP": 1.0000000000000002,
      "n_samples": 621
    },
    "2021-12": {
      "VC@20": 0.3895725872292417,
      "VC@100": 0.6402341387866142,
      "Recall@20": 0.15,
      "Recall@100": 0.22,
      "NDCG": 0.3748078521208176,
      "VC@10": 0.33628774157435354,
      "VC@25": 0.3895725872292417,
      "VC@50": 0.4171415375200663,
      "VC@200": 0.7738717587671534,
      "Recall@10": 0.1,
      "Recall@50": 0.18,
      "Spearman": 0.09922653113144377,
      "Tier0-AP": 0.9999999999999999,
      "Tier01-AP": 0.9999999999999999,
      "n_samples": 448
    },
    "2022-03": {
      "VC@20": 0.2679523791642022,
      "VC@100": 0.4540746003053186,
      "Recall@20": 0.15,
      "Recall@100": 0.2,
      "NDCG": 0.45428619417041594,
      "VC@10": 0.2000811434309023,
      "VC@25": 0.3434000884397321,
      "VC@50": 0.3886844326946697,
      "VC@200": 0.7562446775507191,
      "Recall@10": 0.2,
      "Recall@50": 0.18,
      "Spearman": 0.16983987510337722,
      "Tier0-AP": 1.0,
      "Tier01-AP": 1.0,
      "n_samples": 717
    },
    "2022-06": {
      "VC@20": 0.056782301795747885,
      "VC@100": 0.3928076746539813,
      "Recall@20": 0.05,
      "Recall@100": 0.18,
      "NDCG": 0.30157850210401116,
      "VC@10": 0.05085748252800979,
      "VC@25": 0.056782301795747885,
      "VC@50": 0.1936072835652484,
      "VC@200": 0.598728848836865,
      "Recall@10": 0.1,
      "Recall@50": 0.14,
      "Spearman": 0.1297693936276693,
      "Tier0-AP": 1.0,
      "Tier01-AP": 1.0,
      "n_samples": 578
    },
    "2022-09": {
      "VC@20": 0.14758707955527234,
      "VC@100": 0.5046955615522359,
      "Recall@20": 0.15,
      "Recall@100": 0.31,
      "NDCG": 0.5036193495537374,
      "VC@10": 0.14709831851468746,
      "VC@25": 0.14849509891966162,
      "VC@50": 0.3572420069295597,
      "VC@200": 0.7695505928709857,
      "Recall@10": 0.2,
      "Recall@50": 0.2,
      "Spearman": 0.20927946623383079,
      "Tier0-AP": 1.0,
      "Tier01-AP": 1.0,
      "n_samples": 600
    },
    "2022-12": {
      "VC@20": 0.032660696408974066,
      "VC@100": 0.5206266278632036,
      "Recall@20": 0.0,
      "Recall@100": 0.2,
      "NDCG": 0.3418787011505828,
      "VC@10": 0.025092226891942945,
      "VC@25": 0.032660696408974066,
      "VC@50": 0.04880418194921284,
      "VC@200": 0.683361348335065,
      "Recall@10": 0.0,
      "Recall@50": 0.16,
      "Spearman": 0.13788470541629183,
      "Tier0-AP": 0.9999999999999999,
      "Tier01-AP": 0.9999999999999999,
      "n_samples": 525
    },
    "2023-03": {
      "VC@20": 0.15749194103771147,
      "VC@100": 0.5504444179151771,
      "Recall@20": 0.25,
      "Recall@100": 0.2,
      "NDCG": 0.32515060654143224,
      "VC@10": 0.10581507439460502,
      "VC@25": 0.18429655028717154,
      "VC@50": 0.18830009101460218,
      "VC@200": 0.659288105705246,
      "Recall@10": 0.2,
      "Recall@50": 0.22,
      "Spearman": 0.1529957380783599,
      "Tier0-AP": 0.9999999999999999,
      "Tier01-AP": 0.9999999999999999,
      "n_samples": 780
    },
    "2023-05": {
      "VC@20": 0.36296127101231296,
      "VC@100": 0.6218375515798796,
      "Recall@20": 0.35,
      "Recall@100": 0.27,
      "NDCG": 0.4654450752784832,
      "VC@10": 0.24156868704933482,
      "VC@25": 0.48769805330461397,
      "VC@50": 0.49858410708538864,
      "VC@200": 0.8148936961853062,
      "Recall@10": 0.2,
      "Recall@50": 0.26,
      "Spearman": 0.24675147763100297,
      "Tier0-AP": 1.0,
      "Tier01-AP": 1.0,
      "n_samples": 655
    }
  },
  "aggregate": {
    "mean": {
      "VC@20": 0.23298355095067327,
      "VC@100": 0.557144458270378,
      "Recall@20": 0.17916666666666667,
      "Recall@100": 0.23500000000000001,
      "NDCG": 0.4024188082386255,
      "VC@10": 0.17183287444667228,
      "VC@25": 0.256076073164272,
      "VC@50": 0.35046220579308374,
      "VC@200": 0.7765599127321255,
      "Recall@10": 0.17500000000000002,
      "Recall@50": 0.20333333333333337,
      "Spearman": 0.17759248648077586,
      "Tier0-AP": 1.0,
      "Tier01-AP": 1.0,
      "n_samples": 617.8333333333334
    },
    "std": {
      "VC@20": 0.14042085278071081,
      "VC@100": 0.13273398298393055,
      "Recall@20": 0.09886508764753893,
      "Recall@100": 0.04291464396527911,
      "NDCG": 0.07445806407665377,
      "VC@10": 0.11518352333036877,
      "VC@25": 0.15692157394415257,
      "VC@50": 0.18980014796263595,
      "VC@200": 0.0944836277187623,
      "Recall@10": 0.09242113755341183,
      "Recall@50": 0.046067583203617514,
      "Spearman": 0.042231867800039104,
      "Tier0-AP": 9.064933036736789e-17,
      "Tier01-AP": 9.064933036736789e-17,
      "n_samples": 90.0803653535121
    },
    "min": {
      "VC@20": 0.032660696408974066,
      "VC@100": 0.3739880919566952,
      "Recall@20": 0.0,
      "Recall@100": 0.18,
      "NDCG": 0.30157850210401116,
      "VC@10": 0.025092226891942945,
      "VC@25": 0.032660696408974066,
      "VC@50": 0.04880418194921284,
      "VC@200": 0.598728848836865,
      "Recall@10": 0.0,
      "Recall@50": 0.14,
      "Spearman": 0.09922653113144377,
      "Tier0-AP": 0.9999999999999999,
      "Tier01-AP": 0.9999999999999999,
      "n_samples": 448.0
    },