{
  "eval_config": {
    "eval_groups": [
      "2025-06/aq1",
      "2025-06/aq2",
      "2025-06/aq3",
      "2025-06/aq4"
    ],
    "mode": "holdout"
  },
  "per_month": {
    "2025-06/aq1": {
      "VC@20": 0.22370412720668176,
      "VC@100": 0.6524009579131708,
      "Recall@20": 0.3,
      "Recall@100": 0.53,
      "NDCG": 0.5667055404789025,
      "VC@10": 0.15572375468798114,
      "VC@25": 0.24161904139898258,
      "VC@50": 0.41516903713178643,
      "VC@200": 0.9131689698525195,
      "Recall@10": 0.3,
      "Recall@50": 0.3,
      "Spearman": 0.4466073241837763,
      "Tier0-AP": 0.42480720143048334,
      "Tier01-AP": 0.576820760123359,
      "n_samples": 395
    },
    "2025-06/aq2": {
      "VC@20": 0.33833569363186033,
      "VC@100": 0.745422931558923,
      "Recall@20": 0.5,
      "Recall@100": 0.54,
      "NDCG": 0.6053225568230958,
      "VC@10": 0.18557424693159455,
      "VC@25": 0.4012392140998698,
      "VC@50": 0.5055038802709713,
      "VC@200": 0.9327381855201599,
      "Recall@10": 0.4,
      "Recall@50": 0.48,
      "Spearman": 0.4400434279862054,
      "Tier0-AP": 0.4467978812294289,
      "Tier01-AP": 0.6162858553324309,
      "n_samples": 385
    },
    "2025-06/aq3": {
      "VC@20": 0.1367150102317277,
      "VC@100": 0.6831159188622775,
      "Recall@20": 0.15,
      "Recall@100": 0.56,
      "NDCG": 0.5351826930876996,
      "VC@10": 0.10000817490632996,
      "VC@25": 0.18662690082940686,
      "VC@50": 0.4973021686698307,
      "VC@200": 0.9417508741257107,
      "Recall@10": 0.2,
      "Recall@50": 0.32,
      "Spearman": 0.4174695640571759,
      "Tier0-AP": 0.39818878413618797,
      "Tier01-AP": 0.5666266167243336,
      "n_samples": 286
    },
    "2025-06/aq4": {
      "VC@20": 0.17212379115661153,
      "VC@100": 0.5370160100345831,
      "Recall@20": 0.3,
      "Recall@100": 0.36,
      "NDCG": 0.4210451014532904,
      "VC@10": 0.0852427650440711,
      "VC@25": 0.28742985168624396,
      "VC@50": 0.4585364251822489,
      "VC@200": 0.9634894149181767,
      "Recall@10": 0.2,
      "Recall@50": 0.44,
      "Spearman": 0.3034590433141921,
      "Tier0-AP": 0.3656303212553231,
      "Tier01-AP": 0.3656303212553231,
      "n_samples": 418
    }
  },
  "aggregate": {
    "mean": {
      "VC@20": 0.21771965555672035,
      "VC@100": 0.6544889545922385,
      "Recall@20": 0.3125,
      "Recall@100": 0.49750000000000005,
      "NDCG": 0.5320639729607471,
      "VC@10": 0.1316372353924942,
      "VC@25": 0.2792287520036258,
      "VC@50": 0.46912787781370935,
      "VC@200": 0.9377868611041417,
      "Recall@10": 0.27499999999999997,
      "Recall@50": 0.385,
      "Spearman": 0.4018948398853374,
      "Tier0-AP": 0.4088560470128558,
      "Tier01-AP": 0.5313408883588616,
      "n_samples": 371.0
    },
    "std": {
      "VC@20": 0.07619838901921382,
      "VC@100": 0.07565174102998784,
      "Recall@20": 0.1243734296383275,
      "Recall@100": 0.08011710179481035,
      "NDCG": 0.06874186234684644,
      "VC@10": 0.04074986494360765,
      "VC@25": 0.07896740477817484,
      "VC@50": 0.03584947550731271,
      "VC@200": 0.018082203727888973,
      "Recall@10": 0.082915619758885,
      "Recall@50": 0.07664854858377945,
      "Spearman": 0.057850451825920475,
      "Tier0-AP": 0.030316150710134184,
      "Tier01-AP": 0.09745401585608737,
      "n_samples": 50.51237472144821
    },
    "min": {
      "VC@20": 0.1367150102317277,
      "VC@100": 0.5370160100345831,
      "Recall@20": 0.15,
      "Recall@100": 0.36,
      "NDCG": 0.4210451014532904,
      "VC@10": 0.0852427650440711,
      "VC@25": 0.18662690082940686,
      "VC@50": 0.41516903713178643,
      "VC@200": 0.9131689698525195,
      "Recall@10": 0.2,
      "Recall@50": 0.3,
      "Spearman": 0.3034590433141921,
      "Tier0-AP": 0.3656303212553231,
      "Tier01-AP": 0.3656303212553231,
      "n_samples": 286.0
    },
    "max": {
      "VC@20": 0.33833569363186033,
      "VC@100": 0.745422931558923,
      "Recall@20": 0.5,
      "Recall@100": 0.56,
      "NDCG": 0.6053225568230958,
      "VC@10": 0.18557424693159455,
      "VC@25": 0.4012392140998698,
      "VC@50": 0.5055038802709713,
      "VC@200": 0.9634894149181767,
      "Recall@10": 0.4,
      "Recall@50": 0.48,
      "Spearman": 0.4466073241837763,
      "Tier0-AP": 0.4467978812294289,
      "Tier01-AP": 0.6162858553324309,
      "n_samples": 418.0
    },
    "bottom_2_mean": {
      "VC@20": 0.1544194006941696,
      "VC@100": 0.594708483973877,
      "Recall@20": 0.22499999999999998,
      "Recall@100": 0.445,
      "NDCG": 0.478113897270495,
      "VC@10": 0.09262546997520053,
      "VC@25": 0.2141229711141947,
      "VC@50": 0.43685273115701767,
      "VC@200": 0.9229535776863397,
      "Recall@10": 0.2,
      "Recall@50": 0.31,
      "Spearman": 0.360464303685684,
      "Tier0-AP": 0.38190955269575555,
      "Tier01-AP": 0.4661284689898283,
      "n_samples": 335.5
    }
  },
  "n_months": 4,
  "n_months_requested": 4,
  "skipped_months": []
}