{
  "per_month": {
    "2022-06/aq1": {
      "VC@20": 0.3662820373099084,
      "VC@100": 0.5771390971740917,
      "Recall@20": 0.45,
      "Recall@100": 0.57,
      "NDCG": 0.6009857346107289,
      "VC@10": 0.14879641786104142,
      "VC@25": 0.3979093470502629,
      "VC@50": 0.4662145638678197,
      "VC@200": 0.8696266868874821,
      "Recall@10": 0.1,
      "Recall@50": 0.42,
      "Spearman": 0.436938697565679,
      "Tier0-AP": 0.4418450878567713,
      "Tier01-AP": 0.6705058463316803,
      "n_samples": 325
    },
    "2022-06/aq2": {
      "VC@20": 0.44355327700526875,
      "VC@100": 0.8139207503656448,
      "Recall@20": 0.65,
      "Recall@100": 0.66,
      "NDCG": 0.7740256619746447,
      "VC@10": 0.3241339933850611,
      "VC@25": 0.5176110529142783,
      "VC@50": 0.6635067141175983,
      "VC@200": 0.93839160996242,
      "Recall@10": 0.6,
      "Recall@50": 0.54,
      "Spearman": 0.5100446782427316,
      "Tier0-AP": 0.5515221540082555,
      "Tier01-AP": 0.6839629803736993,
      "n_samples": 302
    },
    "2022-06/aq3": {
      "VC@20": 0.6029441185861422,
      "VC@100": 0.8641464256005554,
      "Recall@20": 0.3,
      "Recall@100": 0.44,
      "NDCG": 0.912581093274975,
      "VC@10": 0.5438924120422753,
      "VC@25": 0.6049074628097901,
      "VC@50": 0.7373741939605887,
      "VC@200": 0.9673456266539929,
      "Recall@10": 0.3,
      "Recall@50": 0.38,
      "Spearman": 0.3403194288730273,
      "Tier0-AP": 0.44272527141644036,
      "Tier01-AP": 0.48689976768862153,
      "n_samples": 262
    },
    "2022-06/aq4": {
      "VC@20": 0.2960028735156434,
      "VC@100": 0.8163098004009177,
      "Recall@20": 0.5,
      "Recall@100": 0.53,
      "NDCG": 0.70714098690391,
      "VC@10": 0.21158993346182975,
      "VC@25": 0.4440695020024826,
      "VC@50": 0.49488652004639727,
      "VC@200": 0.9453446809429786,
      "Recall@10": 0.3,
      "Recall@50": 0.5,
      "Spearman": 0.46781230171037574,
      "Tier0-AP": 0.5678579773485433,
      "Tier01-AP": 0.6779890317545126,
      "n_samples": 380
    },
    "2023-06/aq1": {
      "VC@20": 0.2212804267448541,
      "VC@100": 0.7759072347130989,
      "Recall@20": 0.25,
      "Recall@100": 0.6,
      "NDCG": 0.5544821228218751,
      "VC@10": 0.1460085051320055,
      "VC@25": 0.29356310289945814,
      "VC@50": 0.6788766051447511,
      "VC@200": 0.9489159315047573,
      "Recall@10": 0.2,
      "Recall@50": 0.5,
      "Spearman": 0.48595609841835324,
      "Tier0-AP": 0.46922991863425584,
      "Tier01-AP": 0.639293207156835,
      "n_samples": 276
    },
    "2023-06/aq2": {
      "VC@20": 0.31920942101032596,
      "VC@100": 0.8856804097860115,
      "Recall@20": 0.4,
      "Recall@100": 0.57,
      "NDCG": 0.5274981780082211,
      "VC@10": 0.18323721122684805,
      "VC@25": 0.3459691423857127,
      "VC@50": 0.7383273612404504,
      "VC@200": 0.9453380006634952,
      "Recall@10": 0.1,
      "Recall@50": 0.6,
      "Spearman": 0.5151698344037408,
      "Tier0-AP": 0.5435911838550205,
      "Tier01-AP": 0.7092792597033628,
      "n_samples": 410
    },
    "2023-06/aq3": {
      "VC@20": 0.18118238775093767,
      "VC@100": 0.5411027937975608,
      "Recall@20": 0.1,
      "Recall@100": 0.58,
      "NDCG": 0.5954240745317338,
      "VC@10": 0.11495622247285724,
      "VC@25": 0.19777887717189754,
      "VC@50": 0.313813446742044,
      "VC@200": 0.6730107746774976,
      "Recall@10": 0.1,
      "Recall@50": 0.38,
      "Spearman": 0.48513047817763266,
      "Tier0-AP": 0.6364879477550632,
      "Tier01-AP": 0.7068529169021271,
      "n_samples": 504
    },
    "2023-06/aq4": {
      "VC@20": 0.23190385421446752,
      "VC@100": 0.6775258126557469,
      "Recall@20": 0.35,
      "Recall@100": 0.54,
      "NDCG": 0.714465917940356,
      "VC@10": 0.17807609339992211,
      "VC@25": 0.2641297926251171,
      "VC@50": 0.5377651374133274,
      "VC@200": 0.8437513502342153,
      "Recall@10": 0.3,
      "Recall@50": 0.48,
      "Spearman": 0.4952689609773895,
      "Tier0-AP": 0.5259331323223052,
      "Tier01-AP": 0.6761657120129305,
      "n_samples": 459
    },
    "2024-06/aq1": {
      "VC@20": 0.25133224077760297,
      "VC@100": 0.7092378068057522,
      "Recall@20": 0.35,
      "Recall@100": 0.6,
      "NDCG": 0.7196954214079264,
      "VC@10": 0.18374152545368735,
      "VC@25": 0.30334279805057557,
      "VC@50": 0.48137770191873186,
      "VC@200": 0.9120291762519446,
      "Recall@10": 0.3,
      "Recall@50": 0.52,
      "Spearman": 0.6006070891966531,
      "Tier0-AP": 0.6322556806113345,
      "Tier01-AP": 0.7362714508240066,
      "n_samples": 425
    },
    "2024-06/aq2": {
      "VC@20": 0.36208010940990304,
      "VC@100": 0.6735179490501253,
      "Recall@20": 0.4,
      "Recall@100": 0.55,
      "NDCG": 0.8166045720382985,
      "VC@10": 0.23616543279349125,
      "VC@25": 0.3944422157787202,
      "VC@50": 0.47740342123088714,
      "VC@200": 0.8423143573079085,
      "Recall@10": 0.4,
      "Recall@50": 0.38,
      "Spearman": 0.539605344992961,
      "Tier0-AP": 0.5399607718875761,
      "Tier01-AP": 0.7344544736256231,
      "n_samples": 483
    },
    "2024-06/aq3": {
      "VC@20": 0.30148860519758736,
      "VC@100": 0.753311512390294,
      "Recall@20": 0.25,
      "Recall@100": 0.63,
      "NDCG": 0.5759307155616346,
      "VC@10": 0.25984297509168963,
      "VC@25": 0.32292300322354367,
      "VC@50": 0.4624767334732407,
      "VC@200": 0.9340354569028214,
      "Recall@10": 0.4,
      "Recall@50": 0.44,
      "Spearman": 0.5302153734198389,
      "Tier0-AP": 0.5654877442861898,
      "Tier01-AP": 0.6793535599974577,
      "n_samples": 315
    },
    "2024-06/aq4": {
      "VC@20": 0.274632769613011,
      "VC@100": 0.5503852659049444,
      "Recall@20": 0.2,
      "Recall@100": 0.48,
      "NDCG": 0.6874837922976224,
      "VC@10": 0.197007796071075,
      "VC@25": 0.29953036388604776,
      "VC@50": 0.39066355521422935,
      "VC@200": 0.8394624775098831,
      "Recall@10": 0.2,
      "Recall@50": 0.52,
      "Spearman": 0.49365517554869826,
      "Tier0-AP": 0.6108353779286861,
      "Tier01-AP": 0.6903022085765236,
      "n_samples": 476
    }
  },
  "aggregate": {
    "mean": {
      "VC@20": 0.32099101009463765,
      "VC@100": 0.7198487382203953,
      "Recall@20": 0.35000000000000003,
      "Recall@100": 0.5625,
      "NDCG": 0.6821931892809938,
      "VC@10": 0.22728737653264863,
      "VC@25": 0.36551472173315713,
      "VC@50": 0.5368904961975055,
      "VC@200": 0.888297177458283,
      "Recall@10": 0.27499999999999997,
      "Recall@50": 0.4716666666666667,
      "Spearman": 0.4917269551272568,
      "Tier0-AP": 0.5439776873258702,
      "Tier01-AP": 0.6742775345789483,
      "n_samples": 384.75
    },
    "std": {
      "VC@20": 0.10942774784186167,
      "VC@100": 0.113952820943249,
      "Recall@20": 0.13994046353122222,
      "Recall@100": 0.05832738064865706,
      "NDCG": 0.11118020094153344,
      "VC@10": 0.1093784514111411,
      "VC@25": 0.10897471579435436,
      "VC@50": 0.13134747511355507,
      "VC@200": 0.07893901380227662,
      "Recall@10": 0.14215601757693316,
      "Recall@50": 0.06853628398317363,
      "Spearman": 0.05993376391103211,
      "Tier0-AP": 0.06358931542948532,
      "Tier01-AP": 0.06224484366740623,
      "n_samples": 82.74974823728066
    },
    "min": {
      "VC@20": 0.18118238775093767,
      "VC@100": 0.5411027937975608,
      "Recall@20": 0.1,
      "Recall@100": 0.44,
      "NDCG": 0.5274981780082211,
      "VC@10": 0.11495622247285724,
      "VC@25": 0.19777887717189754,
      "VC@50": 0.313813446742044,
      "VC@200": 0.6730107746774976,
      "Recall@10": 0.1,
      "Recall@50": 0.38,
      "Spearman": 0.3403194288730273,
      "Tier0-AP": 0.4418450878567713,
      "Tier01-AP": 0.48689976768862153,
      "n_samples": 262.0
    },
    "max": {
      "VC@20": 0.6029441185861422,
      "VC@100": 0.8856804097860115,
      "Recall@20": 0.65,
      "Recall@100": 0.66,