{
  "per_group": {
    "2022-06/aq1": {
      "n_branches": 2427,
      "n_binding": 342,
      "VC@20": 0.06493308264683621,
      "Recall@20": 0.03508771929824561,
      "Abs_SP@20": 0.06051435148672529,
      "NB12_Recall@20": 0.0,
      "VC@50": 0.17961932753367446,
      "Recall@50": 0.08771929824561403,
      "Abs_SP@50": 0.1673961357926015,
      "NB12_Recall@50": 0.0,
      "VC@100": 0.35677247800891815,
      "Recall@100": 0.17251461988304093,
      "Abs_SP@100": 0.33249391920057847,
      "NB12_Recall@100": 0.0,
      "NDCG": 0.7969582552725003,
      "Spearman": 0.3130886707023862,
      "cohort_contribution": {
        "established": {
          "count_in_top_k": 50,
          "sp_captured": 595862.9099999999
        },
        "history_dormant": {
          "count_in_top_k": 0,
          "sp_captured": 0.0
        },
        "history_zero": {
          "count_in_top_k": 0,
          "sp_captured": 0.0
        }
      }
    },
    "2022-06/aq2": {
      "n_branches": 2225,
      "n_binding": 408,
      "VC@20": 0.2045432037116838,
      "Recall@20": 0.024509803921568627,
      "Abs_SP@20": 0.18460699873500455,
      "NB12_Recall@20": 0.0,
      "VC@50": 0.3275646535185143,
      "Recall@50": 0.08333333333333333,
      "Abs_SP@50": 0.2956379213799828,
      "NB12_Recall@50": 0.0,
      "VC@100": 0.4712890675434101,
      "Recall@100": 0.14950980392156862,
      "Abs_SP@100": 0.4253539531846006,
      "NB12_Recall@100": 0.0,
      "NDCG": 0.8061177225701168,
      "Spearman": 0.2651958423474186,
      "cohort_contribution": {
        "established": {
          "count_in_top_k": 50,
          "sp_captured": 956729.8300000001
        },
        "history_dormant": {
          "count_in_top_k": 0,
          "sp_captured": 0.0
        },
        "history_zero": {
          "count_in_top_k": 0,
          "sp_captured": 0.0
        }
      }
    },
    "2022-06/aq3": {
      "n_branches": 1953,
      "n_binding": 317,
      "VC@20": 0.34462922193264695,
      "Recall@20": 0.03470031545741325,
      "Abs_SP@20": 0.3026443247554233,
      "NB12_Recall@20": 0.0,
      "VC@50": 0.43420661441707326,
      "Recall@50": 0.10410094637223975,
      "Abs_SP@50": 0.3813088364580874,
      "NB12_Recall@50": 0.0,
      "VC@100": 0.5549742430349629,
      "Recall@100": 0.17981072555205047,
      "Abs_SP@100": 0.4873637937551157,
      "NB12_Recall@100": 0.0,
      "NDCG": 0.7989811114614077,
      "Spearman": 0.279360560506049,
      "cohort_contribution": {
        "established": {
          "count_in_top_k": 50,
          "sp_captured": 875381.7500000001
        },
        "history_dormant": {
          "count_in_top_k": 0,
          "sp_captured": 0.0
        },
        "history_zero": {
          "count_in_top_k": 0,
          "sp_captured": 0.0
        }
      }
    },
    "2022-06/aq4": {
      "n_branches": 2395,
      "n_binding": 388,
      "VC@20": 0.18027650169408746,
      "Recall@20": 0.03350515463917526,
      "Abs_SP@20": 0.16634379116346473,
      "NB12_Recall@20": 0.0,
      "VC@50": 0.3316082378581586,
      "Recall@50": 0.08762886597938144,
      "Abs_SP@50": 0.3059798195993682,
      "NB12_Recall@50": 0.0,
      "VC@100": 0.48271315438206636,
      "Recall@100": 0.15206185567010308,
      "Abs_SP@100": 0.4454065582027058,
      "NB12_Recall@100": 0.0,
      "NDCG": 0.8218034477414959,
      "Spearman": 0.2486597312578795,
      "cohort_contribution": {
        "established": {
          "count_in_top_k": 50,
          "sp_captured": 827399.1
        },
        "history_dormant": {
          "count_in_top_k": 0,
          "sp_captured": 0.0
        },
        "history_zero": {
          "count_in_top_k": 0,
          "sp_captured": 0.0
        }
      }
    },
    "2023-06/aq1": {
      "n_branches": 2512,
      "n_binding": 327,
      "VC@20": 0.18078870144374662,
      "Recall@20": 0.039755351681957186,
      "Abs_SP@20": 0.16290546503383338,
      "NB12_Recall@20": 0.0,
      "VC@50": 0.3393354899883651,
      "Recall@50": 0.11314984709480122,
      "Abs_SP@50": 0.30576914020392404,
      "NB12_Recall@50": 0.0,
      "VC@100": 0.5689594031505388,
      "Recall@100": 0.21100917431192662,
      "Abs_SP@100": 0.512679140982993,
      "NB12_Recall@100": 0.0,
      "NDCG": 0.8323108706334003,
      "Spearman": 0.3213384319537906,
      "cohort_contribution": {
        "established": {
          "count_in_top_k": 50,
          "sp_captured": 601358.18
        },
        "history_dormant": {
          "count_in_top_k": 0,
          "sp_captured": 0.0
        },
        "history_zero": {
          "count_in_top_k": 0,
          "sp_captured": 0.0
        }
      }
    },
    "2023-06/aq2": {
      "n_branches": 2278,
      "n_binding": 422,
      "VC@20": 0.2934814080317651,
      "Recall@20": 0.04028436018957346,
      "Abs_SP@20": 0.27485073320099734,
      "NB12_Recall@20": 0.0,
      "VC@50": 0.5901167946551918,
      "Recall@50": 0.0971563981042654,
      "Abs_SP@50": 0.5526552253274141,
      "NB12_Recall@50": 0.0,
      "VC@100": 0.6650158641431113,
      "Recall@100": 0.17298578199052134,
      "Abs_SP@100": 0.6227995806475268,
      "NB12_Recall@100": 0.0,
      "NDCG": 0.8660524913203718,
      "Spearman": 0.32611819010336474,
      "cohort_contribution": {
        "established": {
          "count_in_top_k": 50,
          "sp_captured": 2021107.61
        },
        "history_dormant": {
          "count_in_top_k": 0,
          "sp_captured": 0.0
        },
        "history_zero": {
          "count_in_top_k": 0,
          "sp_captured": 0.0
        }
      }
    },
    "2023-06/aq3": {
      "n_branches": 2274,
      "n_binding": 338,
      "VC@20": 0.19610544093700458,
      "Recall@20": 0.047337278106508875,
      "Abs_SP@20": 0.16199401807093272,
      "NB12_Recall@20": 0.0,
      "VC@50": 0.3600501922102137,
      "Recall@50": 0.10946745562130178,
      "Abs_SP@50": 0.2974215150005978,
      "NB12_Recall@50": 0.0,
      "VC@100": 0.4021323349525282,
      "Recall@100": 0.1834319526627219,
      "Abs_SP@100": 0.33218370904931843,
      "NB12_Recall@100": 0.0,
      "NDCG": 0.8460506670975857,
      "Spearman": 0.30852008402167064,
      "cohort_contribution": {
        "established": {
          "count_in_top_k": 50,
          "sp_captured": 870788.1299999999
        },
        "history_dormant": {
          "count_in_top_k": 0,
          "sp_captured": 0.0
        },
        "history_zero": {
          "count_in_top_k": 0,
          "sp_captured": 0.0
        }
      }
    },
    "2023-06/aq4": {
      "n_branches": 2382,
      "n_binding": 423,
      "VC@20": 0.24357877331149186,
      "Recall@20": 0.03546099290780142,
      "Abs_SP@20": 0.22014878175105349,
      "NB12_Recall@20": 0.0,
      "VC@50": 0.4846918776034865,
      "Recall@50": 0.08983451536643026,
      "Abs_SP@50": 0.4380690686974736,
      "NB12_Recall@50": 0.0,
      "VC@100": 0.5208830448929221,
      "Recall@100": 0.1607565011820331,
      "Abs_SP@100": 0.47077898541393953,
      "NB12_Recall@100": 0.0,
      "NDCG": 0.8574236109779951,
      "Spearman": 0.3117298278851362,
      "cohort_contribution": {
        "established": {
          "count_in_top_k": 50,
          "sp_captured": 1194994.6600000001
        },
        "history_dormant": {
          "count_in_top_k": 0,
          "sp_captured": 0.0
        },
        "history_zero": {
          "count_in_top_k": 0,
          "sp_captured": 0.0
        }
      }
    },
    "2024-06/aq1": {
      "n_branches": 2339,
      "n_binding": 385,
      "VC@20": 0.1248511016113746,
      "Recall@20": 0.03896103896103896,
      "Abs_SP@20": 0.11604198229348442,
      "NB12_Recall@20": 0.0,
      "VC@50": 0.2949020940930207,
      "Recall@50": 0.1038961038961039,
      "Abs_SP@50": 0.27409468670588055,
      "NB12_Recall@50": 0.0,
      "VC@100": 0.3895590379472964,
      "Recall@100": 0.19480519480519481,
      "Abs_SP@100": 0.3620729204653534,
      "NB12_Recall@100": 0.0,
      "NDCG": 0.877050893760513,