{
  "eval_config": {
    "eval_groups": [
      "2022-06/aq1",
      "2022-06/aq2",
      "2022-06/aq3",
      "2022-06/aq4",
      "2023-06/aq1",
      "2023-06/aq2",
      "2023-06/aq3",
      "2023-06/aq4",
      "2024-06/aq1",
      "2024-06/aq2",
      "2024-06/aq3",
      "2024-06/aq4"
    ],
    "mode": "eval"
  },
  "per_month": {
    "2022-06/aq1": {
      "VC@20": 0.21808341492918945,
      "VC@100": 0.6153559040738165,
      "Recall@20": 0.25,
      "Recall@100": 0.45,
      "NDCG": 0.6212357945453919,
      "VC@10": 0.09218788039124093,
      "VC@25": 0.25146542785372133,
      "VC@50": 0.4808507834956847,
      "VC@200": 0.8682618496193919,
      "Recall@10": 0.2,
      "Recall@50": 0.42,
      "Spearman": 0.338401491298311,
      "Tier0-AP": 0.3603625687278124,
      "Tier01-AP": 0.5713411484765881,
      "n_samples": 325
    },
    "2022-06/aq2": {
      "VC@20": 0.4124855588672688,
      "VC@100": 0.8378654433997539,
      "Recall@20": 0.5,
      "Recall@100": 0.59,
      "NDCG": 0.6654856410958884,
      "VC@10": 0.12407191803802872,
      "VC@25": 0.5156565429619517,
      "VC@50": 0.6651446420270872,
      "VC@200": 0.9279732627970375,
      "Recall@10": 0.1,
      "Recall@50": 0.54,
      "Spearman": 0.41019338586644377,
      "Tier0-AP": 0.5111316813136011,
      "Tier01-AP": 0.6213241661884807,
      "n_samples": 302
    },
    "2022-06/aq3": {
      "VC@20": 0.5946269534805176,
      "VC@100": 0.883045978735339,
      "Recall@20": 0.3,
      "Recall@100": 0.45,
      "NDCG": 0.3923402269327451,
      "VC@10": 0.052598378119348546,
      "VC@25": 0.6164288798576052,
      "VC@50": 0.7240590611664728,
      "VC@200": 0.9748162015563031,
      "Recall@10": 0.1,
      "Recall@50": 0.34,
      "Spearman": 0.2585873715342914,
      "Tier0-AP": 0.33340083267100523,
      "Tier01-AP": 0.39371297467314625,
      "n_samples": 262
    },
    "2022-06/aq4": {
      "VC@20": 0.2923077498225563,
      "VC@100": 0.7989225977877418,
      "Recall@20": 0.5,
      "Recall@100": 0.44,
      "NDCG": 0.7374230947392743,
      "VC@10": 0.17961835719809913,
      "VC@25": 0.3135216226652166,
      "VC@50": 0.6769244006778845,
      "VC@200": 0.9110843088801447,
      "Recall@10": 0.4,
      "Recall@50": 0.52,
      "Spearman": 0.3791795355610465,
      "Tier0-AP": 0.44683349305758946,
      "Tier01-AP": 0.5824590280132892,
      "n_samples": 380
    },
    "2023-06/aq1": {
      "VC@20": 0.20904658166494222,
      "VC@100": 0.549970958515827,
      "Recall@20": 0.2,
      "Recall@100": 0.51,
      "NDCG": 0.624891543885683,
      "VC@10": 0.14062510261773226,
      "VC@25": 0.2858024755576791,
      "VC@50": 0.4191667421739443,
      "VC@200": 0.911510953224215,
      "Recall@10": 0.2,
      "Recall@50": 0.42,
      "Spearman": 0.35583023446919465,
      "Tier0-AP": 0.45928016095351204,
      "Tier01-AP": 0.5513236975344624,
      "n_samples": 276
    },
    "2023-06/aq2": {
      "VC@20": 0.5548271351975732,
      "VC@100": 0.8365717355213931,
      "Recall@20": 0.45,
      "Recall@100": 0.59,
      "NDCG": 0.6788102547668441,
      "VC@10": 0.4656005067594921,
      "VC@25": 0.638526202536741,
      "VC@50": 0.7651206450191017,
      "VC@200": 0.8882364136414789,
      "Recall@10": 0.4,
      "Recall@50": 0.58,
      "Spearman": 0.3604694528678381,
      "Tier0-AP": 0.5432573407513951,
      "Tier01-AP": 0.6372191572490913,
      "n_samples": 410
    },
    "2023-06/aq3": {
      "VC@20": 0.21394496162381965,
      "VC@100": 0.5115903946617985,
      "Recall@20": 0.35,
      "Recall@100": 0.57,
      "NDCG": 0.5815307327127743,
      "VC@10": 0.12268370912089457,
      "VC@25": 0.2206294148768379,
      "VC@50": 0.30597733481030165,
      "VC@200": 0.6881600034491673,
      "Recall@10": 0.1,
      "Recall@50": 0.3,
      "Spearman": 0.40384225849708383,
      "Tier0-AP": 0.5870891193270847,
      "Tier01-AP": 0.64390051234541,
      "n_samples": 504
    },
    "2023-06/aq4": {
      "VC@20": 0.16024870035106759,
      "VC@100": 0.4695717871987679,
      "Recall@20": 0.25,
      "Recall@100": 0.52,
      "NDCG": 0.5387186135690892,
      "VC@10": 0.0716535327764034,
      "VC@25": 0.16128527035130347,
      "VC@50": 0.3844755562969573,
      "VC@200": 0.5300228305234509,
      "Recall@10": 0.0,
      "Recall@50": 0.46,
      "Spearman": 0.3222081492526205,
      "Tier0-AP": 0.47179722677082253,
      "Tier01-AP": 0.5919375478688345,
      "n_samples": 459
    },
    "2024-06/aq1": {
      "VC@20": 0.2686841695897508,
      "VC@100": 0.6908441960723548,
      "Recall@20": 0.35,
      "Recall@100": 0.58,
      "NDCG": 0.6342358291453936,
      "VC@10": 0.13271492208020227,
      "VC@25": 0.2982120743204578,
      "VC@50": 0.4259275106826,
      "VC@200": 0.8498035670503198,
      "Recall@10": 0.2,
      "Recall@50": 0.48,
      "Spearman": 0.40254536193055684,
      "Tier0-AP": 0.4771724069709845,
      "Tier01-AP": 0.6143348380413926,
      "n_samples": 425
    },
    "2024-06/aq2": {
      "VC@20": 0.3070090351130782,
      "VC@100": 0.6277533871783062,
      "Recall@20": 0.25,
      "Recall@100": 0.43,
      "NDCG": 0.737702558893421,
      "VC@10": 0.16991404322552373,
      "VC@25": 0.3448297950606919,
      "VC@50": 0.4840670264469218,
      "VC@200": 0.7758042564530149,
      "Recall@10": 0.3,
      "Recall@50": 0.36,
      "Spearman": 0.3871745750297912,
      "Tier0-AP": 0.4271907769967919,
      "Tier01-AP": 0.6090099518030255,
      "n_samples": 483
    },
    "2024-06/aq3": {
      "VC@20": 0.29199250211516375,
      "VC@100": 0.7700845244392561,
      "Recall@20": 0.3,
      "Recall@100": 0.55,
      "NDCG": 0.49051179325471267,
      "VC@10": 0.17019944949692503,
      "VC@25": 0.3169336163647362,
      "VC@50": 0.42776835099308685,
      "VC@200": 0.8838821595353077,
      "Recall@10": 0.2,
      "Recall@50": 0.44,
      "Spearman": 0.41137132216976596,
      "Tier0-AP": 0.4347422704240179,
      "Tier01-AP": 0.576508961595087,
      "n_samples": 315
    },
    "2024-06/aq4": {
      "VC@20": 0.10543228658356785,
      "VC@100": 0.4585398045802924,
      "Recall@20": 0.05,
      "Recall@100": 0.48,
      "NDCG": 0.5487698513891915,
      "VC@10": 0.049364306015973976,
      "VC@25": 0.17185055422815868,
      "VC@50": 0.3230191906828838,
      "VC@200": 0.7087041654074259,
      "Recall@10": 0.0,
      "Recall@50": 0.42,
      "Spearman": 0.30473748268641243,
      "Tier0-AP": 0.44660016956654175,
      "Tier01-AP": 0.5522528130428817,
      "n_samples": 476
    }
  },
  "aggregate": {
    "mean": {
      "VC@20": 0.30239075411154126,
      "VC@100": 0.670843059347054,
      "Recall@20": 0.31249999999999994,
      "Recall@100": 0.5133333333333333,
      "NDCG": 0.6043046612442007,
      "VC@10": 0.14760267548665537,
      "VC@25": 0.3445951563862584,
      "VC@50": 0.5068751037060771,
      "VC@200": 0.8265216643447714,
      "Recall@10": 0.18333333333333335,
      "Recall@50": 0.4400000000000001,
      "Spearman": 0.36121171843027966,
      "Tier0-AP": 0.4582381706275965,
      "Tier01-AP": 0.5787770664026407,
      "n_samples": 384.75
    },
    "std": {
      "VC@20": 0.14296117284306797,
      "VC@100": 0.1464967716090737,
      "Recall@20": 0.12437342963832748,
      "Recall@100": 0.05934831271588284,
      "NDCG": 0.09669458137746197,
      "VC@10": 0.10492723057735677,
      "VC@25": 0.15394090975451205,
      "VC@50": 0.15238952886939391,
      "VC@200": 0.1223211856828381,
      "Recall@10": 0.12801909579781012,
      "Recall@50": 0.07916228058025278,
      "Spearman": 0.045853141546004623,
      "Tier0-AP": 0.06715497679955085,
      "Tier01-AP": 0.06298036280752602,
      "n_samples": 82.74974823728066
    },
    "min": {
      "VC@20": 0.10543228658356785,
      "VC@100": 0.4585398045802924,
      "Recall@20": 0.05,
      "Recall@100": 0.43,
      "NDCG": 0.3923402269327451,
      "VC@10": 0.049364306015973976,
      "VC@25": 0.16128527035130347,
      "VC@50": 0.30597733481030165,
      "VC@200": 0.5300228305234509,