{
  "eval_config": {
    "eval_months": [
      "2020-12",
      "2021-09",
      "2022-06",
      "2023-03"
    ],
    "class_type": "onpeak",
    "period_type": "f0",
    "train_months": 8,
    "val_months": 0,
    "mode": "screen"
  },
  "per_month": {
    "2020-12": {
      "VC@20": 0.6907662285715289,
      "VC@100": 0.9069940173383169,
      "Recall@20": 0.9,
      "Recall@100": 0.8,
      "NDCG": 0.8760871994886376,
      "VC@10": 0.6003094124111089,
      "VC@25": 0.7225253255753817,
      "VC@50": 0.8355272598237485,
      "VC@200": 0.9646451699961337,
      "Recall@10": 1.0,
      "Recall@50": 1.0,
      "Spearman": 0.6648446370614617,
      "Tier0-AP": 0.9225268734392185,
      "Tier01-AP": 0.7072395723524163,
      "n_samples": 550
    },
    "2021-09": {
      "VC@20": 0.6473576558245902,
      "VC@100": 0.8799670266473694,
      "Recall@20": 1.0,
      "Recall@100": 0.85,
      "NDCG": 0.712397678979763,
      "VC@10": 0.5413020254999643,
      "VC@25": 0.6804315199249032,
      "VC@50": 0.7845997828355863,
      "VC@200": 0.9092450834046918,
      "Recall@10": 1.0,
      "Recall@50": 0.92,
      "Spearman": 0.5626003762973805,
      "Tier0-AP": 0.7406062693697615,
      "Tier01-AP": 0.6226348007705655,
      "n_samples": 621
    },
    "2022-06": {
      "VC@20": 0.6149137093308329,
      "VC@100": 0.8772800278112055,
      "Recall@20": 0.85,
      "Recall@100": 0.87,
      "NDCG": 0.9742212118922353,
      "VC@10": 0.476512678218858,
      "VC@25": 0.6503845729377975,
      "VC@50": 0.7674230659639127,
      "VC@200": 0.9532602118566049,
      "Recall@10": 0.8,
      "Recall@50": 0.94,
      "Spearman": 0.720377905300119,
      "Tier0-AP": 0.9679188313010384,
      "Tier01-AP": 0.7669526843373441,
      "n_samples": 578
    },
    "2023-03": {
      "VC@20": 0.5953572606388567,
      "VC@100": 0.8526975050347522,
      "Recall@20": 0.95,
      "Recall@100": 0.82,
      "NDCG": 0.9922648867030851,
      "VC@10": 0.4823698683278356,
      "VC@25": 0.6262259620217124,
      "VC@50": 0.7451771127833354,
      "VC@200": 0.9213173406759353,
      "Recall@10": 0.7,
      "Recall@50": 0.9,
      "Spearman": 0.5944458047861927,
      "Tier0-AP": 0.7818822972508442,
      "Tier01-AP": 0.6563473684726231,
      "n_samples": 780
    }
  },
  "aggregate": {
    "mean": {
      "VC@20": 0.6370987135914521,
      "VC@100": 0.879234644207911,
      "Recall@20": 0.925,
      "Recall@100": 0.835,
      "NDCG": 0.8887427442659303,
      "VC@10": 0.5251234961144418,
      "VC@25": 0.6698918451149487,
      "VC@50": 0.7831818053516457,
      "VC@200": 0.9371169514833414,
      "Recall@10": 0.875,
      "Recall@50": 0.94,
      "Spearman": 0.6355671808612885,
      "Tier0-AP": 0.8532335678402156,
      "Tier01-AP": 0.6882936064832372,
      "n_samples": 632.25
    },
    "std": {
      "VC@20": 0.036124684664772706,
      "VC@100": 0.019229921095681834,
      "Recall@20": 0.05590169943749474,
      "Recall@100": 0.026925824035672508,
      "NDCG": 0.1109967874162497,
      "VC@10": 0.05026318515534238,
      "VC@25": 0.03594652634325051,
      "VC@50": 0.03329696603422832,
      "VC@200": 0.022610154808327676,
      "Recall@10": 0.1299038105676658,
      "Recall@50": 0.0374165738677394,
      "Spearman": 0.061370087501911946,
      "Tier0-AP": 0.09451214740892515,
      "Tier01-AP": 0.05449275420232427,
      "n_samples": 88.97295937530683
    },
    "min": {
      "VC@20": 0.5953572606388567,
      "VC@100": 0.8526975050347522,
      "Recall@20": 0.85,
      "Recall@100": 0.8,
      "NDCG": 0.712397678979763,
      "VC@10": 0.476512678218858,
      "VC@25": 0.6262259620217124,
      "VC@50": 0.7451771127833354,
      "VC@200": 0.9092450834046918,
      "Recall@10": 0.7,
      "Recall@50": 0.9,
      "Spearman": 0.5626003762973805,
      "Tier0-AP": 0.7406062693697615,
      "Tier01-AP": 0.6226348007705655,
      "n_samples": 550.0
    },
    "max": {
      "VC@20": 0.6907662285715289,
      "VC@100": 0.9069940173383169,
      "Recall@20": 1.0,
      "Recall@100": 0.87,
      "NDCG": 0.9922648867030851,
      "VC@10": 0.6003094124111089,
      "VC@25": 0.7225253255753817,
      "VC@50": 0.8355272598237485,
      "VC@200": 0.9646451699961337,
      "Recall@10": 1.0,
      "Recall@50": 1.0,
      "Spearman": 0.720377905300119,
      "Tier0-AP": 0.9679188313010384,
      "Tier01-AP": 0.7669526843373441,
      "n_samples": 780.0
    },
    "bottom_2_mean": {
      "VC@20": 0.6051354849848448,
      "VC@100": 0.8649887664229788,
      "Recall@20": 0.875,
      "Recall@100": 0.81,
      "NDCG": 0.7942424392342002,
      "VC@10": 0.47944127327334685,
      "VC@25": 0.6383052674797549,
      "VC@50": 0.756300089373624,
      "VC@200": 0.9152812120403135,
      "Recall@10": 0.75,
      "Recall@50": 0.91,
      "Spearman": 0.5785230905417866,
      "Tier0-AP": 0.7612442833103028,
      "Tier01-AP": 0.6394910846215943,
      "n_samples": 564.0
    }
  },
  "n_months": 4,
  "n_months_requested": 4,
  "skipped_months": []
}