{
  "eval_config": {
    "eval_months": [
      "2020-06",
      "2020-07",
      "2020-08",
      "2020-09",
      "2020-10",
      "2020-11",
      "2020-12",
      "2021-01",
      "2021-02",
      "2021-03",
      "2021-04",
      "2021-05",
      "2021-06",
      "2021-07",
      "2021-08",
      "2021-09",
      "2021-10",
      "2021-11",
      "2021-12",
      "2022-01",
      "2022-02",
      "2022-03",
      "2022-04",
      "2022-05",
      "2022-06",
      "2022-07",
      "2022-08",
      "2022-09",
      "2022-10",
      "2022-11",
      "2022-12",
      "2023-01",
      "2023-02",
      "2023-03",
      "2023-04",
      "2023-05"
    ],
    "class_type": "offpeak",
    "period_type": "f0",
    "mode": "eval"
  },
  "per_month": {
    "2020-06": {
      "VC@20": 0.22005140090782124,
      "VC@100": 0.6583364692766258,
      "Recall@20": 0.2,
      "Recall@100": 0.22,
      "NDCG": 0.40424661054734357,
      "VC@10": 0.22003410638036788,
      "VC@25": 0.27008360410405435,
      "VC@50": 0.5364236505178493,
      "VC@200": 0.8366692249465383,
      "Recall@10": 0.3,
      "Recall@50": 0.26,
      "Spearman": 0.23491564452162422,
      "n_samples": 562
    },
    "2020-07": {
      "VC@20": 0.28458266637388924,
      "VC@100": 0.6202099131049228,
      "Recall@20": 0.2,
      "Recall@100": 0.2,
      "NDCG": 0.47913963753830674,
      "VC@10": 0.1663141704084877,
      "VC@25": 0.28643491013370403,
      "VC@50": 0.4343329735470961,
      "VC@200": 0.7209253177731307,
      "Recall@10": 0.2,
      "Recall@50": 0.24,
      "Spearman": 0.19321796773661898,
      "n_samples": 484
    },
    "2020-08": {
      "VC@20": 0.5091848499507243,
      "VC@100": 0.7706331381956507,
      "Recall@20": 0.35,
      "Recall@100": 0.2,
      "NDCG": 0.6196483298342259,
      "VC@10": 0.3003230579843454,
      "VC@25": 0.5091848499507242,
      "VC@50": 0.7020679102824285,
      "VC@200": 0.845394101937298,
      "Recall@10": 0.3,
      "Recall@50": 0.24,
      "Spearman": 0.16352179552984894,
      "n_samples": 494
    },
    "2020-09": {
      "VC@20": 0.3239336503558859,
      "VC@100": 0.9572370387032346,
      "Recall@20": 0.3,
      "Recall@100": 0.19,
      "NDCG": 0.4175366035938099,
      "VC@10": 0.19094026790284044,
      "VC@25": 0.3328139143436794,
      "VC@50": 0.7839963687241465,
      "VC@200": 0.980033493676392,
      "Recall@10": 0.2,
      "Recall@50": 0.26,
      "Spearman": 0.21029041145672128,
      "n_samples": 678
    },
    "2020-10": {
      "VC@20": 0.5193984358134175,
      "VC@100": 0.6025536195076734,
      "Recall@20": 0.3,
      "Recall@100": 0.24,
      "NDCG": 0.4617394018567499,
      "VC@10": 0.4064500822125678,
      "VC@25": 0.5340914113291931,
      "VC@50": 0.5829796713938118,
      "VC@200": 0.7831010648159927,
      "Recall@10": 0.3,
      "Recall@50": 0.32,
      "Spearman": 0.19884554639731178,
      "n_samples": 731
    },
    "2020-11": {
      "VC@20": 0.6965620254762376,
      "VC@100": 0.8732864282259326,
      "Recall@20": 0.25,
      "Recall@100": 0.26,
      "NDCG": 0.48533920436783146,
      "VC@10": 0.6057947413340161,
      "VC@25": 0.778251400939897,
      "VC@50": 0.8316000979155853,
      "VC@200": 0.9542618329077309,
      "Recall@10": 0.3,
      "Recall@50": 0.28,
      "Spearman": 0.25289331732762316,
      "n_samples": 504
    },
    "2020-12": {
      "VC@20": 0.5738905103130687,
      "VC@100": 0.7770291061989677,
      "Recall@20": 0.3,
      "Recall@100": 0.28,
      "NDCG": 0.5654323278533127,
      "VC@10": 0.32895692679472555,
      "VC@25": 0.5810930517853847,
      "VC@50": 0.5939977396849911,
      "VC@200": 0.8809038434859602,
      "Recall@10": 0.3,
      "Recall@50": 0.3,
      "Spearman": 0.29551072642814014,
      "n_samples": 559
    },
    "2021-01": {
      "VC@20": 0.2452879233173193,
      "VC@100": 0.7789122986596173,
      "Recall@20": 0.2,
      "Recall@100": 0.27,
      "NDCG": 0.3877917971590326,
      "VC@10": 0.14923410422511413,
      "VC@25": 0.25255590100051084,
      "VC@50": 0.2753874685103634,
      "VC@200": 0.9243071921137375,
      "Recall@10": 0.2,
      "Recall@50": 0.24,
      "Spearman": 0.3066884215220019,
      "n_samples": 394
    },
    "2021-02": {
      "VC@20": 0.507281214200586,
      "VC@100": 0.707390352413091,
      "Recall@20": 0.2,
      "Recall@100": 0.18,
      "NDCG": 0.4288138843142849,
      "VC@10": 0.290005038895823,
      "VC@25": 0.507281214200586,
      "VC@50": 0.6472260141775822,
      "VC@200": 0.910908842720178,
      "Recall@10": 0.1,
      "Recall@50": 0.2,
      "Spearman": 0.23914974347539436,
      "n_samples": 647
    },
    "2021-03": {
      "VC@20": 0.19527018615538003,
      "VC@100": 0.7453697610756268,
      "Recall@20": 0.2,
      "Recall@100": 0.26,
      "NDCG": 0.41141193630738754,
      "VC@10": 0.1780932301031008,
      "VC@25": 0.22405140678875168,
      "VC@50": 0.55468353215809,
      "VC@200": 0.9236072600071272,
      "Recall@10": 0.2,
      "Recall@50": 0.2,
      "Spearman": 0.20079653890185512,
      "n_samples": 641
    },
    "2021-04": {
      "VC@20": 0.20945555016792639,
      "VC@100": 0.6573400676608289,
      "Recall@20": 0.2,
      "Recall@100": 0.24,
      "NDCG": 0.512467888680066,
      "VC@10": 0.11570489597146044,
      "VC@25": 0.3567504064437313,
      "VC@50": 0.5908989492262233,
      "VC@200": 0.831652047151781,
      "Recall@10": 0.1,
      "Recall@50": 0.34,
      "Spearman": 0.18944050498246814,
      "n_samples": 639
    },
    "2021-05": {
      "VC@20": 0.10064056701312919,
      "VC@100": 0.5369386156515402,
      "Recall@20": 0.1,
      "Recall@100": 0.21,
      "NDCG": 0.3699036418484217,
      "VC@10": 0.05235323834826342,
      "VC@25": 0.10920208996085906,
      "VC@50": 0.1829930596453631,
      "VC@200": 0.8132362608698044,
      "Recall@10": 0.1,
      "Recall@50": 0.16,
      "Spearman": 0.16776666584340294,
      "n_samples": 654
    },
    "2021-06": {
      "VC@20": 0.2806350903499247,
      "VC@100": 0.7181194854024764,
      "Recall@20": 0.2,
      "Recall@100": 0.23,
      "NDCG": 0.39776547030456316,
      "VC@10": 0.09473682828410847,
      "VC@25": 0.2806350903499247,
      "VC@50": 0.3300338321134667,
      "VC@200": 0.7626644449621234,
      "Recall@10": 0.1,
      "Recall@50": 0.24,
      "Spearman": 0.23773319774807827,
      "n_samples": 547
    },
    "2021-07": {
      "VC@20": 0.3959614969616032,
      "VC@100": 0.814445031290951,
      "Recall@20": 0.35,
      "Recall@100": 0.22,
      "NDCG": 0.43934574261906467,
      "VC@10": 0.1062401873704029,
      "VC@25": 0.42330218051485413,
      "VC@50": 0.5409280480138611,
      "VC@200": 0.9420707893263609,
      "Recall@10": 0.1,
      "Recall@50": 0.28,
      "Spearman": 0.23233465158215766,
      "n_samples": 490
    },
    "2021-08": {
      "VC@20": 0.4819468368011966,
      "VC@100": 0.9029789127328423,
      "Recall@20": 0.4,
      "Recall@100": 0.31,
      "NDCG": 0.6107108212487465,
      "VC@10": 0.3058469211102527,
      "VC@25": 0.574517506252505,
      "VC@50": 0.7775544045664761,
      "VC@200": 0.9423258209042534,
      "Recall@10": 0.3,
      "Recall@50": 0.36,
      "Spearman": 0.2866396368084473,
      "n_samples": 525
    },
    "2021-09": {
      "VC@20": 0.6998333282758211,
      "VC@100": 0.8203706471548479,
      "Recall@20": 0.45,
      "Recall@100": 0.36,
      "NDCG": 0.5829648763046386,
      "VC@10": 0.37656972138511485,
      "VC@25": 0.6998333282758211,
      "VC@50": 0.7494101558737788,
      "VC@200": 0.8736832641647876,
      "Recall@10": 0.2,
      "Recall@50": 0.24,
      "Spearman": 0.2696428098598413,
      "n_samples": 611
    },
    "2021-10": {
      "VC@20": 0.3370831923158647,
      "VC@100": 0.7063842898833098,
      "Recall@20": 0.2,
      "Recall@100": 0.21,
      "NDCG": 0.4508794525883024,
      "VC@10": 0.13526747834099342,
      "VC@25": 0.37858030704881185,
      "VC@50": 0.5942853315071275,
      "VC@200": 0.836592231665625,
      "Recall@10": 0.2,