{
  "eval_config": {
    "eval_groups": [
      "2022-06/aq1",
      "2022-06/aq2",
      "2022-06/aq3",
      "2022-06/aq4",
      "2023-06/aq1",
      "2023-06/aq2",
      "2023-06/aq3",
      "2023-06/aq4",
      "2024-06/aq1",
      "2024-06/aq2",
      "2024-06/aq3",
      "2024-06/aq4"
    ],
    "mode": "eval"
  },
  "per_month": {
    "2022-06/aq1": {
      "VC@20": 0.1521195960125573,
      "VC@100": 0.7189177349275934,
      "Recall@20": 0.2,
      "Recall@100": 0.48,
      "NDCG": 0.6077670795506853,
      "VC@10": 0.09818306719373675,
      "VC@25": 0.23162371651354025,
      "VC@50": 0.4085972606429519,
      "VC@200": 0.8682618496193919,
      "Recall@10": 0.2,
      "Recall@50": 0.34,
      "Spearman": 0.33890434602431224,
      "Tier0-AP": 0.35510380787333484,
      "Tier01-AP": 0.564394842938655,
      "n_samples": 325
    },
    "2022-06/aq2": {
      "VC@20": 0.4649060747724998,
      "VC@100": 0.8446614700471065,
      "Recall@20": 0.55,
      "Recall@100": 0.58,
      "NDCG": 0.6347985862094812,
      "VC@10": 0.12025294089320938,
      "VC@25": 0.5156565429619518,
      "VC@50": 0.6587262280913793,
      "VC@200": 0.9297717188780209,
      "Recall@10": 0.0,
      "Recall@50": 0.54,
      "Spearman": 0.4097410180612238,
      "Tier0-AP": 0.4863094126635827,
      "Tier01-AP": 0.603963477204066,
      "n_samples": 302
    },
    "2022-06/aq3": {
      "VC@20": 0.5692194728206181,
      "VC@100": 0.8781375972007675,
      "Recall@20": 0.25,
      "Recall@100": 0.51,
      "NDCG": 0.37254649700506975,
      "VC@10": 0.11032621903346876,
      "VC@25": 0.5910213991977059,
      "VC@50": 0.6838049251115549,
      "VC@200": 0.9748162015563031,
      "Recall@10": 0.2,
      "Recall@50": 0.36,
      "Spearman": 0.25994574133703147,
      "Tier0-AP": 0.3338342125761393,
      "Tier01-AP": 0.39170714169304666,
      "n_samples": 262
    },
    "2022-06/aq4": {
      "VC@20": 0.2923077498225563,
      "VC@100": 0.7966235716463095,
      "Recall@20": 0.5,
      "Recall@100": 0.44,
      "NDCG": 0.7374210747098652,
      "VC@10": 0.22082280554558134,
      "VC@25": 0.3166907263667669,
      "VC@50": 0.6586752027123935,
      "VC@200": 0.8998766721550909,
      "Recall@10": 0.4,
      "Recall@50": 0.52,
      "Spearman": 0.36614450892300116,
      "Tier0-AP": 0.4533463641674353,
      "Tier01-AP": 0.5767433007517181,
      "n_samples": 380
    },
    "2023-06/aq1": {
      "VC@20": 0.2059299376543335,
      "VC@100": 0.5416295111772178,
      "Recall@20": 0.2,
      "Recall@100": 0.55,
      "NDCG": 0.6224120873959036,
      "VC@10": 0.13890685920121618,
      "VC@25": 0.2807512856918155,
      "VC@50": 0.392249855528763,
      "VC@200": 0.911510953224215,
      "Recall@10": 0.1,
      "Recall@50": 0.4,
      "Spearman": 0.36157697296478486,
      "Tier0-AP": 0.4467447051065407,
      "Tier01-AP": 0.546576823323306,
      "n_samples": 276
    },
    "2023-06/aq2": {
      "VC@20": 0.5105640192388187,
      "VC@100": 0.835281619151276,
      "Recall@20": 0.3,
      "Recall@100": 0.6,
      "NDCG": 0.6639826738243875,
      "VC@10": 0.46560050675949216,
      "VC@25": 0.5939164572838999,
      "VC@50": 0.7218578371757813,
      "VC@200": 0.8859335444645975,
      "Recall@10": 0.4,
      "Recall@50": 0.52,
      "Spearman": 0.34605776760345763,
      "Tier0-AP": 0.5258695235557339,
      "Tier01-AP": 0.6330576087284885,
      "n_samples": 410
    },
    "2023-06/aq3": {
      "VC@20": 0.21738983005637275,
      "VC@100": 0.5021774336551158,
      "Recall@20": 0.35,
      "Recall@100": 0.54,
      "NDCG": 0.5814317370744395,
      "VC@10": 0.12268370912089455,
      "VC@25": 0.2351760179754853,
      "VC@50": 0.3477959091130993,
      "VC@200": 0.7576165196995938,
      "Recall@10": 0.1,
      "Recall@50": 0.36,
      "Spearman": 0.39426892318969325,
      "Tier0-AP": 0.5779230500632739,
      "Tier01-AP": 0.6403940475954903,
      "n_samples": 504
    },
    "2023-06/aq4": {
      "VC@20": 0.16024870035106759,
      "VC@100": 0.4671109218737663,
      "Recall@20": 0.25,
      "Recall@100": 0.51,
      "NDCG": 0.5379954372072997,
      "VC@10": 0.10221170885900187,
      "VC@25": 0.171843529698825,
      "VC@50": 0.3717748877173896,
      "VC@200": 0.5596752426682036,
      "Recall@10": 0.1,
      "Recall@50": 0.44,
      "Spearman": 0.3157583861798314,
      "Tier0-AP": 0.4682621298057141,
      "Tier01-AP": 0.5915673974455561,
      "n_samples": 459
    },
    "2024-06/aq1": {
      "VC@20": 0.24597676799194454,
      "VC@100": 0.6985296547580628,
      "Recall@20": 0.3,
      "Recall@100": 0.56,
      "NDCG": 0.6361678630736943,
      "VC@10": 0.13271492208020227,
      "VC@25": 0.3113752872487469,
      "VC@50": 0.4487868425267549,
      "VC@200": 0.8422674466818219,
      "Recall@10": 0.2,
      "Recall@50": 0.5,
      "Spearman": 0.4002824513865428,
      "Tier0-AP": 0.48073660948105545,
      "Tier01-AP": 0.6133576454917785,
      "n_samples": 425
    },
    "2024-06/aq2": {
      "VC@20": 0.30700903511307825,
      "VC@100": 0.6658170512433839,
      "Recall@20": 0.25,
      "Recall@100": 0.49,
      "NDCG": 0.7426639442385108,
      "VC@10": 0.16991404322552373,
      "VC@25": 0.3470916832390454,
      "VC@50": 0.4896904867890524,
      "VC@200": 0.7812426128165414,
      "Recall@10": 0.3,
      "Recall@50": 0.36,
      "Spearman": 0.3895899449428895,
      "Tier0-AP": 0.4345829836446467,
      "Tier01-AP": 0.6145573907461124,
      "n_samples": 483
    },
    "2024-06/aq3": {
      "VC@20": 0.23977619020352875,
      "VC@100": 0.7673405367028803,
      "Recall@20": 0.1,
      "Recall@100": 0.54,
      "NDCG": 0.4991589083212921,
      "VC@10": 0.17019944949692503,
      "VC@25": 0.3475288437398421,
      "VC@50": 0.5733844069187702,
      "VC@200": 0.883791285168892,
      "Recall@10": 0.2,
      "Recall@50": 0.46,
      "Spearman": 0.3954330981486135,
      "Tier0-AP": 0.4533873458415134,
      "Tier01-AP": 0.5719766290903938,
      "n_samples": 315
    },
    "2024-06/aq4": {
      "VC@20": 0.10543228658356785,
      "VC@100": 0.5277466798048108,
      "Recall@20": 0.05,
      "Recall@100": 0.51,
      "NDCG": 0.55263749649238,
      "VC@10": 0.049364306015973976,
      "VC@25": 0.1718505542281587,
      "VC@50": 0.32164270029790204,
      "VC@200": 0.697261515082447,
      "Recall@10": 0.0,
      "Recall@50": 0.44,
      "Spearman": 0.3080028910459864,
      "Tier0-AP": 0.4600471907299781,
      "Tier01-AP": 0.5546362912862242,
      "n_samples": 476
    }
  },
  "aggregate": {
    "mean": {
      "VC@20": 0.2892399717184119,
      "VC@100": 0.6869978151823575,
      "Recall@20": 0.27499999999999997,
      "Recall@100": 0.5258333333333333,
      "NDCG": 0.5990819487585841,
      "VC@10": 0.15843171145210216,
      "VC@25": 0.342877170345482,
      "VC@50": 0.506415545218816,
      "VC@200": 0.8326687968345933,
      "Recall@10": 0.18333333333333335,
      "Recall@50": 0.43666666666666676,
      "Spearman": 0.35714217081728067,
      "Tier0-AP": 0.4563456112924124,
      "Tier01-AP": 0.5752443830245696,
      "n_samples": 384.75
    },
    "std": {
      "VC@20": 0.1426545861615965,
      "VC@100": 0.13918071789439637,
      "Recall@20": 0.13768926368215256,
      "Recall@100": 0.04290655220618667,
      "NDCG": 0.09778355405768975,
      "VC@10": 0.10136328127640969,
      "VC@25": 0.14215765795438107,
      "VC@50": 0.13915850237560948,
      "VC@200": 0.11117388676470985,
      "Recall@10": 0.12801909579781012,
      "Recall@50": 0.06920179830675566,
      "Spearman": 0.043450925961193,
      "Tier0-AP": 0.06265353477526565,
      "Tier01-AP": 0.062409459253914994,
      "n_samples": 82.74974823728066
    },
    "min": {
      "VC@20": 0.10543228658356785,
      "VC@100": 0.4671109218737663,
      "Recall@20": 0.05,
      "Recall@100": 0.44,
      "NDCG": 0.37254649700506975,
      "VC@10": 0.049364306015973976,
      "VC@25": 0.171843529698825,
      "VC@50": 0.32164270029790204,
      "VC@200": 0.5596752426682036,