{
  "eval_config": {
    "eval_groups": [
      "2022-06/aq1",
      "2022-06/aq2",
      "2022-06/aq3",
      "2022-06/aq4",
      "2023-06/aq1",
      "2023-06/aq2",
      "2023-06/aq3",
      "2023-06/aq4",
      "2024-06/aq1",
      "2024-06/aq2",
      "2024-06/aq3",
      "2024-06/aq4"
    ],
    "mode": "eval"
  },
  "per_month": {
    "2022-06/aq1": {
      "VC@20": 0.1342762076664697,
      "VC@100": 0.6457622911692045,
      "Recall@20": 0.15,
      "Recall@100": 0.47,
      "NDCG": 0.5949980306203275,
      "VC@10": 0.11384600257590961,
      "VC@25": 0.1648232340143337,
      "VC@50": 0.3503858326117636,
      "VC@200": 0.8722880707523946,
      "Recall@10": 0.2,
      "Recall@50": 0.28,
      "Spearman": 0.3244888910604716,
      "Tier0-AP": 0.32614328988468033,
      "Tier01-AP": 0.5448887677008226,
      "n_samples": 325
    },
    "2022-06/aq2": {
      "VC@20": 0.2990300112062998,
      "VC@100": 0.8193271120248041,
      "Recall@20": 0.4,
      "Recall@100": 0.58,
      "NDCG": 0.6585820830559541,
      "VC@10": 0.11278157836282707,
      "VC@25": 0.3656575436057752,
      "VC@50": 0.634016703048362,
      "VC@200": 0.9417375462790176,
      "Recall@10": 0.1,
      "Recall@50": 0.5,
      "Spearman": 0.41295824881843907,
      "Tier0-AP": 0.4992692245129844,
      "Tier01-AP": 0.6057337393687137,
      "n_samples": 302
    },
    "2022-06/aq3": {
      "VC@20": 0.5946269534805176,
      "VC@100": 0.8859997418341413,
      "Recall@20": 0.3,
      "Recall@100": 0.52,
      "NDCG": 0.5277187262293229,
      "VC@10": 0.4500258186834138,
      "VC@25": 0.5964764010018044,
      "VC@50": 0.7188595403632503,
      "VC@200": 0.9639818564021421,
      "Recall@10": 0.2,
      "Recall@50": 0.4,
      "Spearman": 0.28128938549077137,
      "Tier0-AP": 0.3482290230220001,
      "Tier01-AP": 0.40934387520635407,
      "n_samples": 262
    },
    "2022-06/aq4": {
      "VC@20": 0.3507838999809576,
      "VC@100": 0.8230262100302332,
      "Recall@20": 0.55,
      "Recall@100": 0.47,
      "NDCG": 0.7088019994948294,
      "VC@10": 0.17961835719809913,
      "VC@25": 0.3713545667530133,
      "VC@50": 0.6741417950369903,
      "VC@200": 0.9321517406624834,
      "Recall@10": 0.4,
      "Recall@50": 0.5,
      "Spearman": 0.3646127886145022,
      "Tier0-AP": 0.4445168960015453,
      "Tier01-AP": 0.5671717096502498,
      "n_samples": 380
    },
    "2023-06/aq1": {
      "VC@20": 0.20951718719030038,
      "VC@100": 0.5684029582114345,
      "Recall@20": 0.25,
      "Recall@100": 0.56,
      "NDCG": 0.6229995170632429,
      "VC@10": 0.13890685920121618,
      "VC@25": 0.2235208569892937,
      "VC@50": 0.42168948923777677,
      "VC@200": 0.9301623550800299,
      "Recall@10": 0.1,
      "Recall@50": 0.46,
      "Spearman": 0.38606031214463904,
      "Tier0-AP": 0.4740392046969898,
      "Tier01-AP": 0.5595365236606127,
      "n_samples": 276
    },
    "2023-06/aq2": {
      "VC@20": 0.5649922433177302,
      "VC@100": 0.8562157400027757,
      "Recall@20": 0.5,
      "Recall@100": 0.61,
      "NDCG": 0.585016755912137,
      "VC@10": 0.29303253664092704,
      "VC@25": 0.5693826957997377,
      "VC@50": 0.7076064927926766,
      "VC@200": 0.8834590642697202,
      "Recall@10": 0.2,
      "Recall@50": 0.5,
      "Spearman": 0.3682034367643685,
      "Tier0-AP": 0.5178226154309464,
      "Tier01-AP": 0.6377620246537395,
      "n_samples": 410
    },
    "2023-06/aq3": {
      "VC@20": 0.21620535312108538,
      "VC@100": 0.43860310233810257,
      "Recall@20": 0.35,
      "Recall@100": 0.53,
      "NDCG": 0.5594096567506734,
      "VC@10": 0.13931222692344616,
      "VC@25": 0.22232606631583357,
      "VC@50": 0.3135698856490315,
      "VC@200": 0.7968115906896418,
      "Recall@10": 0.1,
      "Recall@50": 0.28,
      "Spearman": 0.4007865984752442,
      "Tier0-AP": 0.5618370880214596,
      "Tier01-AP": 0.6347585912152478,
      "n_samples": 504
    },
    "2023-06/aq4": {
      "VC@20": 0.16134016164650566,
      "VC@100": 0.4621288425760301,
      "Recall@20": 0.25,
      "Recall@100": 0.5,
      "NDCG": 0.5579744852289992,
      "VC@10": 0.10221170885900188,
      "VC@25": 0.17106557833885871,
      "VC@50": 0.252365504421897,
      "VC@200": 0.5289908474625573,
      "Recall@10": 0.1,
      "Recall@50": 0.38,
      "Spearman": 0.3276564545275589,
      "Tier0-AP": 0.45787806011536125,
      "Tier01-AP": 0.5812747812120395,
      "n_samples": 459
    },
    "2024-06/aq1": {
      "VC@20": 0.22392706841309126,
      "VC@100": 0.6617910751614381,
      "Recall@20": 0.25,
      "Recall@100": 0.54,
      "NDCG": 0.6350332823650208,
      "VC@10": 0.10729159633358952,
      "VC@25": 0.23057699380945093,
      "VC@50": 0.4681480492068532,
      "VC@200": 0.8416389182652859,
      "Recall@10": 0.1,
      "Recall@50": 0.46,
      "Spearman": 0.4143975024552115,
      "Tier0-AP": 0.45456521914969283,
      "Tier01-AP": 0.6129226244447544,
      "n_samples": 425
    },
    "2024-06/aq2": {
      "VC@20": 0.3073119291868251,
      "VC@100": 0.5832644491606283,
      "Recall@20": 0.25,
      "Recall@100": 0.46,
      "NDCG": 0.7252373159981479,
      "VC@10": 0.1471873911416916,
      "VC@25": 0.312524347917456,
      "VC@50": 0.43361399186602434,
      "VC@200": 0.7754131348193298,
      "Recall@10": 0.3,
      "Recall@50": 0.3,
      "Spearman": 0.3963839952917969,
      "Tier0-AP": 0.4264698725552935,
      "Tier01-AP": 0.6124167599825483,
      "n_samples": 483
    },
    "2024-06/aq3": {
      "VC@20": 0.2336975107176941,
      "VC@100": 0.7189808905388066,
      "Recall@20": 0.15,
      "Recall@100": 0.55,
      "NDCG": 0.4568595283685324,
      "VC@10": 0.09910661846386944,
      "VC@25": 0.32726428641113525,
      "VC@50": 0.3998924362199009,
      "VC@200": 0.8835370927720824,
      "Recall@10": 0.1,
      "Recall@50": 0.42,
      "Spearman": 0.4302775605990672,
      "Tier0-AP": 0.43408703322289977,
      "Tier01-AP": 0.5874493744672309,
      "n_samples": 315
    },
    "2024-06/aq4": {
      "VC@20": 0.09750818304677841,
      "VC@100": 0.47736369326146294,
      "Recall@20": 0.05,
      "Recall@100": 0.51,
      "NDCG": 0.5479986999787525,
      "VC@10": 0.0452075601643594,
      "VC@25": 0.11795404547473909,
      "VC@50": 0.29494432162943457,
      "VC@200": 0.7183516770549913,
      "Recall@10": 0.0,
      "Recall@50": 0.4,
      "Spearman": 0.32628648963774254,
      "Tier0-AP": 0.47219520273066984,
      "Tier01-AP": 0.5600100853496932,
      "n_samples": 476
    }
  },
  "aggregate": {
    "mean": {
      "VC@20": 0.28276805908118796,
      "VC@100": 0.6617388421924219,
      "Recall@20": 0.2875,
      "Recall@100": 0.525,
      "NDCG": 0.5983858400888283,
      "VC@10": 0.16071068787902923,
      "VC@25": 0.3060772180359526,
      "VC@50": 0.4724361701736634,
      "VC@200": 0.8390436578758064,
      "Recall@10": 0.15833333333333335,
      "Recall@50": 0.40666666666666673,
      "Spearman": 0.36945013865665105,
      "Tier0-AP": 0.4514210607787103,
      "Tier01-AP": 0.5761057380760005,
      "n_samples": 384.75
    },
    "std": {
      "VC@20": 0.14977252704273605,
      "VC@100": 0.15302274373530234,
      "Recall@20": 0.1386317063301177,
      "Recall@100": 0.044253060157839176,
      "NDCG": 0.07346218579314516,
      "VC@10": 0.10431972456428142,
      "VC@25": 0.14579212250677515,
      "VC@50": 0.16131118727363294,
      "VC@200": 0.11716204273983481,
      "Recall@10": 0.10374916331657277,
      "Recall@50": 0.07972173828734265,
      "Spearman": 0.04380363347551355,
      "Tier0-AP": 0.0627155287909797,
      "Tier01-AP": 0.05798440002703185,
      "n_samples": 82.74974823728066
    },
    "min": {
      "VC@20": 0.09750818304677841,
      "VC@100": 0.43860310233810257,
      "Recall@20": 0.05,
      "Recall@100": 0.46,
      "NDCG": 0.4568595283685324,
      "VC@10": 0.0452075601643594,
      "VC@25": 0.11795404547473909,
      "VC@50": 0.252365504421897,
      "VC@200": 0.5289908474625573,
      "Recall@10": 0.0,