{
  "eval_config": {
    "eval_groups": [
      "2022-06/aq1",
      "2022-06/aq2",
      "2022-06/aq3",
      "2022-06/aq4",
      "2023-06/aq1",
      "2023-06/aq2",
      "2023-06/aq3",
      "2023-06/aq4",
      "2024-06/aq1",
      "2024-06/aq2",
      "2024-06/aq3",
      "2024-06/aq4"
    ],
    "mode": "eval"
  },
  "per_month": {
    "2022-06/aq1": {
      "VC@20": 0.13427620766646972,
      "VC@100": 0.6525235274673752,
      "Recall@20": 0.15,
      "Recall@100": 0.49,
      "NDCG": 0.6064818216717051,
      "VC@10": 0.11313332710044821,
      "VC@25": 0.22147001910049338,
      "VC@50": 0.3981314429959212,
      "VC@200": 0.8700152378148609,
      "Recall@10": 0.2,
      "Recall@50": 0.32,
      "Spearman": 0.3299218464553552,
      "Tier0-AP": 0.34245174710881277,
      "Tier01-AP": 0.5553255854185241,
      "n_samples": 325
    },
    "2022-06/aq2": {
      "VC@20": 0.29656594730211805,
      "VC@100": 0.8223981825676225,
      "Recall@20": 0.4,
      "Recall@100": 0.59,
      "NDCG": 0.6052286809374791,
      "VC@10": 0.09727275310440257,
      "VC@25": 0.4108155111514897,
      "VC@50": 0.6889314894452222,
      "VC@200": 0.9313265078120725,
      "Recall@10": 0.1,
      "Recall@50": 0.54,
      "Spearman": 0.4003231375102966,
      "Tier0-AP": 0.4578959349525669,
      "Tier01-AP": 0.5795394560631733,
      "n_samples": 302
    },
    "2022-06/aq3": {
      "VC@20": 0.5692194728206181,
      "VC@100": 0.8725521280875184,
      "Recall@20": 0.25,
      "Recall@100": 0.51,
      "NDCG": 0.3866114623647209,
      "VC@10": 0.05059536931666466,
      "VC@25": 0.6164288798576052,
      "VC@50": 0.7015179598738771,
      "VC@200": 0.974816201556303,
      "Recall@10": 0.1,
      "Recall@50": 0.38,
      "Spearman": 0.25554497012188876,
      "Tier0-AP": 0.33464966916073074,
      "Tier01-AP": 0.3973031422666435,
      "n_samples": 262
    },
    "2022-06/aq4": {
      "VC@20": 0.31162706295832177,
      "VC@100": 0.7989657859730493,
      "Recall@20": 0.55,
      "Recall@100": 0.45,
      "NDCG": 0.7310484911612665,
      "VC@10": 0.1796183571980991,
      "VC@25": 0.3696939875554175,
      "VC@50": 0.6713655744589415,
      "VC@200": 0.8994718378080101,
      "Recall@10": 0.4,
      "Recall@50": 0.5,
      "Spearman": 0.3742309242905141,
      "Tier0-AP": 0.4465399986057935,
      "Tier01-AP": 0.5814101389914097,
      "n_samples": 380
    },
    "2023-06/aq1": {
      "VC@20": 0.2028132936437248,
      "VC@100": 0.535184492806428,
      "Recall@20": 0.2,
      "Recall@100": 0.53,
      "NDCG": 0.6208470104158531,
      "VC@10": 0.13890685920121618,
      "VC@25": 0.28074516374191477,
      "VC@50": 0.41842429107577983,
      "VC@200": 0.911510953224215,
      "Recall@10": 0.1,
      "Recall@50": 0.42,
      "Spearman": 0.357901989770422,
      "Tier0-AP": 0.4470054892285062,
      "Tier01-AP": 0.5495604594838807,
      "n_samples": 276
    },
    "2023-06/aq2": {
      "VC@20": 0.5263525517554875,
      "VC@100": 0.8381830041875702,
      "Recall@20": 0.35,
      "Recall@100": 0.56,
      "NDCG": 0.7668108692814546,
      "VC@10": 0.394070288609656,
      "VC@25": 0.5603274154559394,
      "VC@50": 0.7221419423727978,
      "VC@200": 0.885939625600368,
      "Recall@10": 0.3,
      "Recall@50": 0.52,
      "Spearman": 0.34544387385202974,
      "Tier0-AP": 0.519475335077812,
      "Tier01-AP": 0.6374273702166658,
      "n_samples": 410
    },
    "2023-06/aq3": {
      "VC@20": 0.1962748713454442,
      "VC@100": 0.5026801156790768,
      "Recall@20": 0.3,
      "Recall@100": 0.55,
      "NDCG": 0.6200358236212065,
      "VC@10": 0.13931222692344616,
      "VC@25": 0.22209433237726303,
      "VC@50": 0.33014741108062895,
      "VC@200": 0.7742012938068153,
      "Recall@10": 0.1,
      "Recall@50": 0.32,
      "Spearman": 0.38428733983204943,
      "Tier0-AP": 0.5734611243580015,
      "Tier01-AP": 0.6376900415956432,
      "n_samples": 504
    },
    "2023-06/aq4": {
      "VC@20": 0.1630839861132898,
      "VC@100": 0.4695155557435772,
      "Recall@20": 0.25,
      "Recall@100": 0.51,
      "NDCG": 0.5402376470182907,
      "VC@10": 0.10221170885900188,
      "VC@25": 0.18878784942242377,
      "VC@50": 0.3378965136193828,
      "VC@200": 0.5290830698122866,
      "Recall@10": 0.1,
      "Recall@50": 0.44,
      "Spearman": 0.3011071964349415,
      "Tier0-AP": 0.46173541066000345,
      "Tier01-AP": 0.5797122283276422,
      "n_samples": 459
    },
    "2024-06/aq1": {
      "VC@20": 0.20083398775944183,
      "VC@100": 0.7005603304410141,
      "Recall@20": 0.25,
      "Recall@100": 0.57,
      "NDCG": 0.6289682441618236,
      "VC@10": 0.11642767136060717,
      "VC@25": 0.27512891499556713,
      "VC@50": 0.48825732983520825,
      "VC@200": 0.8395273311943872,
      "Recall@10": 0.1,
      "Recall@50": 0.52,
      "Spearman": 0.38835862849672914,
      "Tier0-AP": 0.4574015028130846,
      "Tier01-AP": 0.606159386111827,
      "n_samples": 425
    },
    "2024-06/aq2": {
      "VC@20": 0.2458611346603381,
      "VC@100": 0.6676966230623105,
      "Recall@20": 0.2,
      "Recall@100": 0.5,
      "NDCG": 0.7283241864164263,
      "VC@10": 0.14718739114169163,
      "VC@25": 0.31175998202509525,
      "VC@50": 0.4929486038809821,
      "VC@200": 0.7805724550779197,
      "Recall@10": 0.3,
      "Recall@50": 0.36,
      "Spearman": 0.3761252079835225,
      "Tier0-AP": 0.43170342528052147,
      "Tier01-AP": 0.6109161637630665,
      "n_samples": 483
    },
    "2024-06/aq3": {
      "VC@20": 0.25479183477518963,
      "VC@100": 0.7229254184708181,
      "Recall@20": 0.15,
      "Recall@100": 0.53,
      "NDCG": 0.4790783802949548,
      "VC@10": 0.10816942123371792,
      "VC@25": 0.3387383339671065,
      "VC@50": 0.5676122272636,
      "VC@200": 0.8832892135785698,
      "Recall@10": 0.1,
      "Recall@50": 0.46,
      "Spearman": 0.39589407545032396,
      "Tier0-AP": 0.44233617682891324,
      "Tier01-AP": 0.568621332868061,
      "n_samples": 315
    },
    "2024-06/aq4": {
      "VC@20": 0.10543228658356785,
      "VC@100": 0.5128724977365275,
      "Recall@20": 0.05,
      "Recall@100": 0.5,
      "NDCG": 0.5482699206387486,
      "VC@10": 0.049364306015973976,
      "VC@25": 0.1242149249203247,
      "VC@50": 0.3199366730125352,
      "VC@200": 0.7105033747695393,
      "Recall@10": 0.0,
      "Recall@50": 0.4,
      "Spearman": 0.30652598178305357,
      "Tier0-AP": 0.454844472232829,
      "Tier01-AP": 0.551706741221619,
      "n_samples": 476
    }
  },
  "aggregate": {
    "mean": {
      "VC@20": 0.2672610531153343,
      "VC@100": 0.6746714718519073,
      "Recall@20": 0.25833333333333336,
      "Recall@100": 0.5241666666666668,
      "NDCG": 0.6051618781653275,
      "VC@10": 0.1363558066720771,
      "VC@25": 0.32668377621422007,
      "VC@50": 0.5114426215762397,
      "VC@200": 0.8325214251712789,
      "Recall@10": 0.15833333333333335,
      "Recall@50": 0.4316666666666667,
      "Spearman": 0.35130543099842715,
      "Tier0-AP": 0.44745835719229804,
      "Tier01-AP": 0.5712810038606797,
      "n_samples": 384.75
    },
    "std": {
      "VC@20": 0.13846760640051892,
      "VC@100": 0.1366285692063855,
      "Recall@20": 0.12555432644432804,
      "Recall@100": 0.03729574000100041,
      "NDCG": 0.1038009796597341,
      "VC@10": 0.08552170228571834,
      "VC@25": 0.13982837783974103,
      "VC@50": 0.14798301265325178,
      "VC@200": 0.11571547921587645,
      "Recall@10": 0.11149240133549711,
      "Recall@50": 0.07459148000200083,
      "Spearman": 0.043034371837625256,
      "Tier0-AP": 0.06161509007699937,
      "Tier01-AP": 0.059999802665920726,
      "n_samples": 82.74974823728066
    },
    "min": {
      "VC@20": 0.10543228658356785,
      "VC@100": 0.4695155557435772,
      "Recall@20": 0.05,
      "Recall@100": 0.45,
      "NDCG": 0.3866114623647209,
      "VC@10": 0.049364306015973976,
      "VC@25": 0.1242149249203247,
      "VC@50": 0.3199366730125352,
      "VC@200": 0.5290830698122866,