{
  "eval_config": {
    "eval_groups": [
      "2022-06/aq1",
      "2022-06/aq2",
      "2022-06/aq3",
      "2022-06/aq4",
      "2023-06/aq1",
      "2023-06/aq2",
      "2023-06/aq3",
      "2023-06/aq4",
      "2024-06/aq1",
      "2024-06/aq2",
      "2024-06/aq3",
      "2024-06/aq4"
    ],
    "mode": "eval"
  },
  "per_month": {
    "2022-06/aq1": {
      "VC@20": 0.1348278252611058,
      "VC@100": 0.6423191102137779,
      "Recall@20": 0.15,
      "Recall@100": 0.48,
      "NDCG": 0.6024461515994599,
      "VC@10": 0.11313332710044821,
      "VC@25": 0.22147001910049338,
      "VC@50": 0.35850308042558876,
      "VC@200": 0.8700152378148609,
      "Recall@10": 0.2,
      "Recall@50": 0.28,
      "Spearman": 0.32674429261693844,
      "Tier0-AP": 0.33701796242550575,
      "Tier01-AP": 0.5531418729895471,
      "n_samples": 325
    },
    "2022-06/aq2": {
      "VC@20": 0.29656594730211805,
      "VC@100": 0.8161425643220381,
      "Recall@20": 0.4,
      "Recall@100": 0.57,
      "NDCG": 0.6072546473171576,
      "VC@10": 0.09727275310440257,
      "VC@25": 0.4108155111514897,
      "VC@50": 0.6888251893866483,
      "VC@200": 0.9320514355422553,
      "Recall@10": 0.1,
      "Recall@50": 0.52,
      "Spearman": 0.399093095409852,
      "Tier0-AP": 0.44864356480181256,
      "Tier01-AP": 0.5796206420019231,
      "n_samples": 302
    },
    "2022-06/aq3": {
      "VC@20": 0.5692194728206181,
      "VC@100": 0.8725521280875184,
      "Recall@20": 0.25,
      "Recall@100": 0.51,
      "NDCG": 0.39233125945903363,
      "VC@10": 0.4500258186834138,
      "VC@25": 0.5948666819172185,
      "VC@50": 0.6870536030603017,
      "VC@200": 0.974816201556303,
      "Recall@10": 0.2,
      "Recall@50": 0.34,
      "Spearman": 0.2499292341749725,
      "Tier0-AP": 0.32800687558882546,
      "Tier01-AP": 0.39262244146486447,
      "n_samples": 262
    },
    "2022-06/aq4": {
      "VC@20": 0.35078389998095744,
      "VC@100": 0.7989657859730493,
      "Recall@20": 0.55,
      "Recall@100": 0.45,
      "NDCG": 0.7302005029704582,
      "VC@10": 0.1796183571980991,
      "VC@25": 0.3713545667530133,
      "VC@50": 0.6359919702494049,
      "VC@200": 0.8994718378080101,
      "Recall@10": 0.4,
      "Recall@50": 0.48,
      "Spearman": 0.3723498427384911,
      "Tier0-AP": 0.4437059452286548,
      "Tier01-AP": 0.578303082434549,
      "n_samples": 380
    },
    "2023-06/aq1": {
      "VC@20": 0.2028132936437248,
      "VC@100": 0.5242638350401078,
      "Recall@20": 0.2,
      "Recall@100": 0.52,
      "NDCG": 0.6214044373827801,
      "VC@10": 0.13890685920121618,
      "VC@25": 0.28074516374191477,
      "VC@50": 0.40945949943644167,
      "VC@200": 0.911510953224215,
      "Recall@10": 0.1,
      "Recall@50": 0.42,
      "Spearman": 0.35797146384182865,
      "Tier0-AP": 0.4445620814613047,
      "Tier01-AP": 0.5496904345873692,
      "n_samples": 276
    },
    "2023-06/aq2": {
      "VC@20": 0.5097647530164471,
      "VC@100": 0.8456502243945933,
      "Recall@20": 0.3,
      "Recall@100": 0.57,
      "NDCG": 0.7656561685657866,
      "VC@10": 0.394070288609656,
      "VC@25": 0.5603274154559393,
      "VC@50": 0.7040738585324386,
      "VC@200": 0.8859396256003681,
      "Recall@10": 0.3,
      "Recall@50": 0.5,
      "Spearman": 0.3448433507773214,
      "Tier0-AP": 0.5123495799319513,
      "Tier01-AP": 0.6350401742123409,
      "n_samples": 410
    },
    "2023-06/aq3": {
      "VC@20": 0.1962748713454442,
      "VC@100": 0.4606812821216987,
      "Recall@20": 0.3,
      "Recall@100": 0.51,
      "NDCG": 0.6186710387984651,
      "VC@10": 0.12268370912089455,
      "VC@25": 0.22232606631583357,
      "VC@50": 0.3252103569860205,
      "VC@200": 0.7517342578756966,
      "Recall@10": 0.1,
      "Recall@50": 0.32,
      "Spearman": 0.37932646186396474,
      "Tier0-AP": 0.5639649095502965,
      "Tier01-AP": 0.6322528431642243,
      "n_samples": 504
    },
    "2023-06/aq4": {
      "VC@20": 0.1630839861132898,
      "VC@100": 0.47219459082506954,
      "Recall@20": 0.25,
      "Recall@100": 0.52,
      "NDCG": 0.540965195988387,
      "VC@10": 0.10221170885900188,
      "VC@25": 0.18878784942242377,
      "VC@50": 0.33789651361938283,
      "VC@200": 0.5290849902477341,
      "Recall@10": 0.1,
      "Recall@50": 0.44,
      "Spearman": 0.300112285257479,
      "Tier0-AP": 0.46291944082652686,
      "Tier01-AP": 0.5778202193800555,
      "n_samples": 459
    },
    "2024-06/aq1": {
      "VC@20": 0.20083398775944183,
      "VC@100": 0.6905816912490267,
      "Recall@20": 0.25,
      "Recall@100": 0.55,
      "NDCG": 0.6249242561135473,
      "VC@10": 0.11642767136060717,
      "VC@25": 0.27512891499556713,
      "VC@50": 0.44697591923594887,
      "VC@200": 0.8395273311943872,
      "Recall@10": 0.1,
      "Recall@50": 0.48,
      "Spearman": 0.3867977243491762,
      "Tier0-AP": 0.4524503468465871,
      "Tier01-AP": 0.6049176963869143,
      "n_samples": 425
    },
    "2024-06/aq2": {
      "VC@20": 0.2458611346603381,
      "VC@100": 0.664277278362414,
      "Recall@20": 0.2,
      "Recall@100": 0.48,
      "NDCG": 0.7258351613614374,
      "VC@10": 0.14718739114169163,
      "VC@25": 0.31175998202509525,
      "VC@50": 0.5011312707216075,
      "VC@200": 0.7805724550779197,
      "Recall@10": 0.3,
      "Recall@50": 0.36,
      "Spearman": 0.37065815242638894,
      "Tier0-AP": 0.4281334654205534,
      "Tier01-AP": 0.6050403748177946,
      "n_samples": 483
    },
    "2024-06/aq3": {
      "VC@20": 0.2547918347751897,
      "VC@100": 0.7061599987709197,
      "Recall@20": 0.15,
      "Recall@100": 0.55,
      "NDCG": 0.4830131097717462,
      "VC@10": 0.10816942123371792,
      "VC@25": 0.3300321515351447,
      "VC@50": 0.5676122272636,
      "VC@200": 0.8832892135785698,
      "Recall@10": 0.1,
      "Recall@50": 0.46,
      "Spearman": 0.39521266921143894,
      "Tier0-AP": 0.4415125645501089,
      "Tier01-AP": 0.5671701548581299,
      "n_samples": 315
    },
    "2024-06/aq4": {
      "VC@20": 0.10543228658356785,
      "VC@100": 0.4728721197285313,
      "Recall@20": 0.05,
      "Recall@100": 0.49,
      "NDCG": 0.5448831269669668,
      "VC@10": 0.049364306015973976,
      "VC@25": 0.1199463627949712,
      "VC@50": 0.31547396030137403,
      "VC@200": 0.7105033747695391,
      "Recall@10": 0.0,
      "Recall@50": 0.38,
      "Spearman": 0.3044221651181298,
      "Tier0-AP": 0.45264863510504555,
      "Tier01-AP": 0.550763521429465,
      "n_samples": 476
    }
  },
  "aggregate": {
    "mean": {
      "VC@20": 0.26918777443852027,
      "VC@100": 0.6638883840907288,
      "Recall@20": 0.2541666666666667,
      "Recall@100": 0.5166666666666667,
      "NDCG": 0.6047987546912689,
      "VC@10": 0.16825596763576023,
      "VC@25": 0.323963390434092,
      "VC@50": 0.4981839541015632,
      "VC@200": 0.8307097428574882,
      "Recall@10": 0.1666666666666667,
      "Recall@50": 0.415,
      "Spearman": 0.3489550614821652,
      "Tier0-AP": 0.4429929476447645,
      "Tier01-AP": 0.5688652881439314,
      "n_samples": 384.75
    },
    "std": {
      "VC@20": 0.13740928608991826,
      "VC@100": 0.14577146383733391,
      "Recall@20": 0.12325166214790868,
      "Recall@100": 0.03636237371545238,
      "NDCG": 0.10196980526602568,
      "VC@10": 0.11788705935435428,
      "VC@25": 0.13669142424652975,
      "VC@50": 0.14640879060888864,
      "VC@200": 0.11687223118661655,
      "Recall@10": 0.11055415967851333,
      "Recall@50": 0.07444237144709098,
      "Spearman": 0.043582152129958814,
      "Tier0-AP": 0.06105645465872021,
      "Tier01-AP": 0.06006762878785017,
      "n_samples": 82.74974823728066
    },
    "min": {
      "VC@20": 0.10543228658356785,
      "VC@100": 0.4606812821216987,
      "Recall@20": 0.05,
      "Recall@100": 0.45,
      "NDCG": 0.39233125945903363,
      "VC@10": 0.049364306015973976,
      "VC@25": 0.1199463627949712,
      "VC@50": 0.31547396030137403,
      "VC@200": 0.5290849902477341,