{
  "eval_config": {
    "eval_groups": [
      "2022-06/aq1",
      "2022-06/aq2",
      "2022-06/aq3",
      "2022-06/aq4",
      "2023-06/aq1",
      "2023-06/aq2",
      "2023-06/aq3",
      "2023-06/aq4",
      "2024-06/aq1",
      "2024-06/aq2",
      "2024-06/aq3",
      "2024-06/aq4"
    ],
    "mode": "eval"
  },
  "per_month": {
    "2022-06/aq1": {
      "VC@20": 0.13482782526110576,
      "VC@100": 0.7191938018822037,
      "Recall@20": 0.15,
      "Recall@100": 0.48,
      "NDCG": 0.6055567938550747,
      "VC@10": 0.09818306719373675,
      "VC@25": 0.28870301994094866,
      "VC@50": 0.3687385249587721,
      "VC@200": 0.8671850997548417,
      "Recall@10": 0.2,
      "Recall@50": 0.3,
      "Spearman": 0.33138171731712857,
      "Tier0-AP": 0.34505533536885136,
      "Tier01-AP": 0.5580497948928578,
      "n_samples": 325
    },
    "2022-06/aq2": {
      "VC@20": 0.4649060747724998,
      "VC@100": 0.8225062440022741,
      "Recall@20": 0.55,
      "Recall@100": 0.59,
      "NDCG": 0.6301888347167285,
      "VC@10": 0.11259291878834451,
      "VC@25": 0.5156565429619517,
      "VC@50": 0.6889314894452222,
      "VC@200": 0.9316563406668968,
      "Recall@10": 0.0,
      "Recall@50": 0.54,
      "Spearman": 0.4115212489718745,
      "Tier0-AP": 0.47831377179770757,
      "Tier01-AP": 0.5987120618286629,
      "n_samples": 302
    },
    "2022-06/aq3": {
      "VC@20": 0.5694592012573189,
      "VC@100": 0.8781586775296573,
      "Recall@20": 0.25,
      "Recall@100": 0.51,
      "NDCG": 0.37780637312707277,
      "VC@10": 0.11032621903346876,
      "VC@25": 0.6081653280063517,
      "VC@50": 0.7015179598738771,
      "VC@200": 0.9752353540062629,
      "Recall@10": 0.2,
      "Recall@50": 0.38,
      "Spearman": 0.2575118521543977,
      "Tier0-AP": 0.33720484073073925,
      "Tier01-AP": 0.39657361017292003,
      "n_samples": 262
    },
    "2022-06/aq4": {
      "VC@20": 0.2923077498225563,
      "VC@100": 0.7951258946283047,
      "Recall@20": 0.5,
      "Recall@100": 0.43,
      "NDCG": 0.7375689757843322,
      "VC@10": 0.22082280554558134,
      "VC@25": 0.3696939875554175,
      "VC@50": 0.6827071906904357,
      "VC@200": 0.900853005231301,
      "Recall@10": 0.4,
      "Recall@50": 0.52,
      "Spearman": 0.37468821743910113,
      "Tier0-AP": 0.4558675666220739,
      "Tier01-AP": 0.5824321106898763,
      "n_samples": 380
    },
    "2023-06/aq1": {
      "VC@20": 0.2028132936437248,
      "VC@100": 0.5453830123368335,
      "Recall@20": 0.2,
      "Recall@100": 0.54,
      "NDCG": 0.6222393370088112,
      "VC@10": 0.13890685920121618,
      "VC@25": 0.2807512856918155,
      "VC@50": 0.40448811771176785,
      "VC@200": 0.9115109532242152,
      "Recall@10": 0.1,
      "Recall@50": 0.4,
      "Spearman": 0.35657526190908334,
      "Tier0-AP": 0.447128541787868,
      "Tier01-AP": 0.5483076015142365,
      "n_samples": 276
    },
    "2023-06/aq2": {
      "VC@20": 0.5271518179778588,
      "VC@100": 0.8323699166823816,
      "Recall@20": 0.35,
      "Recall@100": 0.57,
      "NDCG": 0.6757602716466331,
      "VC@10": 0.4656005067594921,
      "VC@25": 0.6094216134288131,
      "VC@50": 0.7237662069044085,
      "VC@200": 0.8859396256003681,
      "Recall@10": 0.4,
      "Recall@50": 0.52,
      "Spearman": 0.3453807453458164,
      "Tier0-AP": 0.5245608227926637,
      "Tier01-AP": 0.6353075631424603,
      "n_samples": 410
    },
    "2023-06/aq3": {
      "VC@20": 0.22704880566151064,
      "VC@100": 0.497391008018587,
      "Recall@20": 0.35,
      "Recall@100": 0.54,
      "NDCG": 0.5812671371136134,
      "VC@10": 0.12268370912089455,
      "VC@25": 0.2352926119093461,
      "VC@50": 0.3444824255475036,
      "VC@200": 0.7539810677174772,
      "Recall@10": 0.1,
      "Recall@50": 0.36,
      "Spearman": 0.3900147271943206,
      "Tier0-AP": 0.5791719910047923,
      "Tier01-AP": 0.641297732972036,
      "n_samples": 504
    },
    "2023-06/aq4": {
      "VC@20": 0.15924787716124864,
      "VC@100": 0.46733803063554163,
      "Recall@20": 0.25,
      "Recall@100": 0.51,
      "NDCG": 0.5431910777110299,
      "VC@10": 0.10221170885900188,
      "VC@25": 0.1909652133428318,
      "VC@50": 0.3717748877173896,
      "VC@200": 0.5290849902477341,
      "Recall@10": 0.1,
      "Recall@50": 0.44,
      "Spearman": 0.3027407173995152,
      "Tier0-AP": 0.47505477682323205,
      "Tier01-AP": 0.5871427873744093,
      "n_samples": 459
    },
    "2024-06/aq1": {
      "VC@20": 0.2585519585962936,
      "VC@100": 0.7019514476089836,
      "Recall@20": 0.3,
      "Recall@100": 0.58,
      "NDCG": 0.6331938788250779,
      "VC@10": 0.10385248075625812,
      "VC@25": 0.3048933044609707,
      "VC@50": 0.4197609512714011,
      "VC@200": 0.839114912069596,
      "Recall@10": 0.1,
      "Recall@50": 0.48,
      "Spearman": 0.39564026885247483,
      "Tier0-AP": 0.46656133098419994,
      "Tier01-AP": 0.6099802137065505,
      "n_samples": 425
    },
    "2024-06/aq2": {
      "VC@20": 0.3070090351130782,
      "VC@100": 0.6659627661111217,
      "Recall@20": 0.25,
      "Recall@100": 0.49,
      "NDCG": 0.7293205944244546,
      "VC@10": 0.16991404322552373,
      "VC@25": 0.3184565265116042,
      "VC@50": 0.4896904867890524,
      "VC@200": 0.7806976519084627,
      "Recall@10": 0.3,
      "Recall@50": 0.36,
      "Spearman": 0.3808307599011699,
      "Tier0-AP": 0.44006438299093387,
      "Tier01-AP": 0.6119735653074065,
      "n_samples": 483
    },
    "2024-06/aq3": {
      "VC@20": 0.23977619020352875,
      "VC@100": 0.7229655533885114,
      "Recall@20": 0.1,
      "Recall@100": 0.53,
      "NDCG": 0.4850461509837602,
      "VC@10": 0.10949071003882262,
      "VC@25": 0.34752884373984205,
      "VC@50": 0.570312916603506,
      "VC@200": 0.8832892135785696,
      "Recall@10": 0.1,
      "Recall@50": 0.46,
      "Spearman": 0.39710881010511695,
      "Tier0-AP": 0.4485955802332579,
      "Tier01-AP": 0.5706365875946457,
      "n_samples": 315
    },
    "2024-06/aq4": {
      "VC@20": 0.11169316602915345,
      "VC@100": 0.5170650034995135,
      "Recall@20": 0.05,
      "Recall@100": 0.51,
      "NDCG": 0.5515995611130456,
      "VC@10": 0.049364306015973976,
      "VC@25": 0.1718505542281587,
      "VC@50": 0.3444094630530626,
      "VC@200": 0.7060894215405085,
      "Recall@10": 0.0,
      "Recall@50": 0.44,
      "Spearman": 0.3081032812789924,
      "Tier0-AP": 0.45839152225623797,
      "Tier01-AP": 0.5537955024798004,
      "n_samples": 476
    }
  },
  "aggregate": {
    "mean": {
      "VC@20": 0.2912327496249898,
      "VC@100": 0.6804509463603261,
      "Recall@20": 0.27499999999999997,
      "Recall@100": 0.5233333333333333,
      "NDCG": 0.5977282488591361,
      "VC@10": 0.15032911121152623,
      "VC@25": 0.35344823598150427,
      "VC@50": 0.5092150517138666,
      "VC@200": 0.8303864696288527,
      "Recall@10": 0.16666666666666666,
      "Recall@50": 0.4333333333333334,
      "Spearman": 0.35429146732241595,
      "Tier0-AP": 0.4546642052827132,
      "Tier01-AP": 0.5745174276396551,
      "n_samples": 384.75
    },
    "std": {
      "VC@20": 0.14527290276929825,
      "VC@100": 0.1364260545870188,
      "Recall@20": 0.14215601757693316,
      "Recall@100": 0.04346134936801765,
      "NDCG": 0.09676886753057919,
      "VC@10": 0.10316823212816872,
      "VC@25": 0.14242297868367637,
      "VC@50": 0.1475960774391231,
      "VC@200": 0.11713161421903392,
      "Recall@10": 0.13123346456686352,
      "Recall@50": 0.07180219742846006,
      "Spearman": 0.04470403084845485,
      "Tier0-AP": 0.06300612519769551,
      "Tier01-AP": 0.06102570676180452,
      "n_samples": 82.74974823728066
    },
    "min": {
      "VC@20": 0.11169316602915345,
      "VC@100": 0.46733803063554163,
      "Recall@20": 0.05,
      "Recall@100": 0.43,
      "NDCG": 0.37780637312707277,
      "VC@10": 0.049364306015973976,
      "VC@25": 0.1718505542281587,
      "VC@50": 0.3444094630530626,
      "VC@200": 0.5290849902477341,