{
  "eval_config": {
    "eval_groups": [
      "2022-06/aq1",
      "2022-06/aq2",
      "2022-06/aq3",
      "2022-06/aq4",
      "2023-06/aq1",
      "2023-06/aq2",
      "2023-06/aq3",
      "2023-06/aq4",
      "2024-06/aq1",
      "2024-06/aq2",
      "2024-06/aq3",
      "2024-06/aq4"
    ],
    "mode": "eval"
  },
  "per_month": {
    "2022-06/aq1": {
      "VC@20": 0.13482782526110576,
      "VC@100": 0.6525235274673753,
      "Recall@20": 0.15,
      "Recall@100": 0.49,
      "NDCG": 0.6031197025968318,
      "VC@10": 0.09818306719373675,
      "VC@25": 0.22147001910049338,
      "VC@50": 0.36873852495877213,
      "VC@200": 0.8710273838169762,
      "Recall@10": 0.2,
      "Recall@50": 0.3,
      "Spearman": 0.3295817306617075,
      "Tier0-AP": 0.342298475863521,
      "Tier01-AP": 0.557055434380669,
      "n_samples": 325
    },
    "2022-06/aq2": {
      "VC@20": 0.4649060747724998,
      "VC@100": 0.8155466725738227,
      "Recall@20": 0.55,
      "Recall@100": 0.56,
      "NDCG": 0.6283471552505507,
      "VC@10": 0.13886081625467492,
      "VC@25": 0.5156565429619517,
      "VC@50": 0.6889314894452221,
      "VC@200": 0.9344984424424663,
      "Recall@10": 0.1,
      "Recall@50": 0.54,
      "Spearman": 0.4034379972928744,
      "Tier0-AP": 0.4667535960205235,
      "Tier01-AP": 0.5908107173975906,
      "n_samples": 302
    },
    "2022-06/aq3": {
      "VC@20": 0.5694592012573189,
      "VC@100": 0.8732759070215281,
      "Recall@20": 0.25,
      "Recall@100": 0.51,
      "NDCG": 0.3778996835876934,
      "VC@10": 0.11032621903346876,
      "VC@25": 0.6164288798576051,
      "VC@50": 0.6969204555079418,
      "VC@200": 0.9748162015563029,
      "Recall@10": 0.2,
      "Recall@50": 0.36,
      "Spearman": 0.2543234373739119,
      "Tier0-AP": 0.3336276451557144,
      "Tier01-AP": 0.39613949077637645,
      "n_samples": 262
    },
    "2022-06/aq4": {
      "VC@20": 0.2923077498225563,
      "VC@100": 0.7983944296616788,
      "Recall@20": 0.5,
      "Recall@100": 0.44,
      "NDCG": 0.733500295517181,
      "VC@10": 0.22082280554558134,
      "VC@25": 0.3696939875554176,
      "VC@50": 0.6713655744589414,
      "VC@200": 0.9008530052313007,
      "Recall@10": 0.4,
      "Recall@50": 0.5,
      "Spearman": 0.3760535558221093,
      "Tier0-AP": 0.45075783798059704,
      "Tier01-AP": 0.580664619387198,
      "n_samples": 380
    },
    "2023-06/aq1": {
      "VC@20": 0.2028132936437248,
      "VC@100": 0.5242638350401077,
      "Recall@20": 0.2,
      "Recall@100": 0.52,
      "NDCG": 0.6214963581105549,
      "VC@10": 0.13890685920121618,
      "VC@25": 0.28074516374191477,
      "VC@50": 0.4094594994364416,
      "VC@200": 0.911510953224215,
      "Recall@10": 0.1,
      "Recall@50": 0.42,
      "Spearman": 0.3560116758931712,
      "Tier0-AP": 0.4469274920811477,
      "Tier01-AP": 0.5493900884557292,
      "n_samples": 276
    },
    "2023-06/aq2": {
      "VC@20": 0.533874821045498,
      "VC@100": 0.8398914708126048,
      "Recall@20": 0.4,
      "Recall@100": 0.57,
      "NDCG": 0.6757513008269727,
      "VC@10": 0.4656005067594921,
      "VC@25": 0.6094216134288131,
      "VC@50": 0.7221419423727978,
      "VC@200": 0.8859396256003679,
      "Recall@10": 0.4,
      "Recall@50": 0.52,
      "Spearman": 0.34601050297188357,
      "Tier0-AP": 0.5197361260217366,
      "Tier01-AP": 0.6363372128336684,
      "n_samples": 410
    },
    "2023-06/aq3": {
      "VC@20": 0.21464600012626814,
      "VC@100": 0.48435839951926396,
      "Recall@20": 0.35,
      "Recall@100": 0.52,
      "NDCG": 0.5795766887627894,
      "VC@10": 0.12268370912089455,
      "VC@25": 0.23529261190934614,
      "VC@50": 0.35011898033488126,
      "VC@200": 0.7539810677174772,
      "Recall@10": 0.1,
      "Recall@50": 0.36,
      "Spearman": 0.3855232759160229,
      "Tier0-AP": 0.5712494209083092,
      "Tier01-AP": 0.6376236097735893,
      "n_samples": 504
    },
    "2023-06/aq4": {
      "VC@20": 0.15924787716124864,
      "VC@100": 0.46954959396514273,
      "Recall@20": 0.25,
      "Recall@100": 0.51,
      "NDCG": 0.5426122839006979,
      "VC@10": 0.10221170885900188,
      "VC@25": 0.1909652133428318,
      "VC@50": 0.38057934278130473,
      "VC@200": 0.5290830698122866,
      "Recall@10": 0.1,
      "Recall@50": 0.46,
      "Spearman": 0.2972190822219979,
      "Tier0-AP": 0.470825396495907,
      "Tier01-AP": 0.5819401515775737,
      "n_samples": 459
    },
    "2024-06/aq1": {
      "VC@20": 0.2074839131558015,
      "VC@100": 0.6674695167173886,
      "Recall@20": 0.25,
      "Recall@100": 0.55,
      "NDCG": 0.6285180973715294,
      "VC@10": 0.10385248075625812,
      "VC@25": 0.3196808361816835,
      "VC@50": 0.48687024455701006,
      "VC@200": 0.839114912069596,
      "Recall@10": 0.1,
      "Recall@50": 0.52,
      "Spearman": 0.39165286879259986,
      "Tier0-AP": 0.4614876866926976,
      "Tier01-AP": 0.6087956750277083,
      "n_samples": 425
    },
    "2024-06/aq2": {
      "VC@20": 0.30731192918682504,
      "VC@100": 0.6646612784890187,
      "Recall@20": 0.25,
      "Recall@100": 0.5,
      "NDCG": 0.7267168453685493,
      "VC@10": 0.15680022038028107,
      "VC@25": 0.3184565265116042,
      "VC@50": 0.4896904867890524,
      "VC@200": 0.7805724550779198,
      "Recall@10": 0.3,
      "Recall@50": 0.36,
      "Spearman": 0.3717077129733111,
      "Tier0-AP": 0.4328486138015669,
      "Tier01-AP": 0.6046463187470033,
      "n_samples": 483
    },
    "2024-06/aq3": {
      "VC@20": 0.26718637212955393,
      "VC@100": 0.701687747561986,
      "Recall@20": 0.15,
      "Recall@100": 0.53,
      "NDCG": 0.48081603565555536,
      "VC@10": 0.10816942123371792,
      "VC@25": 0.3317804274495274,
      "VC@50": 0.5676122272636,
      "VC@200": 0.8832892135785698,
      "Recall@10": 0.1,
      "Recall@50": 0.46,
      "Spearman": 0.3916647494480278,
      "Tier0-AP": 0.4404544106354659,
      "Tier01-AP": 0.565983996842923,
      "n_samples": 315
    },
    "2024-06/aq4": {
      "VC@20": 0.11169316602915345,
      "VC@100": 0.5128724977365275,
      "Recall@20": 0.05,
      "Recall@100": 0.5,
      "NDCG": 0.5503414440037381,
      "VC@10": 0.049364306015973976,
      "VC@25": 0.1718505542281587,
      "VC@50": 0.3405497440831517,
      "VC@200": 0.7105033747695393,
      "Recall@10": 0.0,
      "Recall@50": 0.46,
      "Spearman": 0.30608087044290294,
      "Tier0-AP": 0.45884699076531726,
      "Tier01-AP": 0.5530899276455613,
      "n_samples": 476
    }
  },
  "aggregate": {
    "mean": {
      "VC@20": 0.28881318529929617,
      "VC@100": 0.6670412397138704,
      "Recall@20": 0.2791666666666667,
      "Recall@100": 0.5166666666666667,
      "NDCG": 0.595724657579387,
      "VC@10": 0.15131517669619146,
      "VC@25": 0.3484535313557789,
      "VC@50": 0.5144148759990931,
      "VC@200": 0.8312658087414181,
      "Recall@10": 0.17500000000000002,
      "Recall@50": 0.4383333333333333,
      "Spearman": 0.3507722883175433,
      "Tier0-AP": 0.4496511410352087,
      "Tier01-AP": 0.571873103570466,
      "n_samples": 384.75
    },
    "std": {
      "VC@20": 0.14776941398091156,
      "VC@100": 0.13834251429293742,
      "Recall@20": 0.14062114192238503,
      "Recall@100": 0.03324989557210001,
      "NDCG": 0.09626217476388522,
      "VC@10": 0.10254593005694289,
      "VC@25": 0.14714919384104627,
      "VC@50": 0.1423375555965024,
      "VC@200": 0.11702005729403293,
      "Recall@10": 0.12332207155790618,
      "Recall@50": 0.07459148000200085,
      "Spearman": 0.04384534643598649,
      "Tier0-AP": 0.06193084277620961,
      "Tier01-AP": 0.06017212880485134,
      "n_samples": 82.74974823728066
    },
    "min": {
      "VC@20": 0.11169316602915345,
      "VC@100": 0.46954959396514273,
      "Recall@20": 0.05,
      "Recall@100": 0.44,
      "NDCG": 0.3778996835876934,
      "VC@10": 0.049364306015973976,
      "VC@25": 0.1718505542281587,
      "VC@50": 0.3405497440831517,
      "VC@200": 0.5290830698122866,