{
  "eval_config": {
    "eval_groups": [
      "2022-06/aq1",
      "2022-06/aq2",
      "2022-06/aq3",
      "2022-06/aq4",
      "2023-06/aq1",
      "2023-06/aq2",
      "2023-06/aq3",
      "2023-06/aq4",
      "2024-06/aq1",
      "2024-06/aq2",
      "2024-06/aq3",
      "2024-06/aq4"
    ],
    "mode": "eval"
  },
  "per_month": {
    "2022-06/aq1": {
      "VC@20": 0.13482782526110576,
      "VC@100": 0.6517208680406653,
      "Recall@20": 0.15,
      "Recall@100": 0.49,
      "NDCG": 0.5975960428049734,
      "VC@10": 0.09818306719373675,
      "VC@25": 0.20417824834904177,
      "VC@50": 0.3682226379468938,
      "VC@200": 0.8748784290922229,
      "Recall@10": 0.2,
      "Recall@50": 0.3,
      "Spearman": 0.32592359754465666,
      "Tier0-AP": 0.33629552832765636,
      "Tier01-AP": 0.5528310681155127,
      "n_samples": 325
    },
    "2022-06/aq2": {
      "VC@20": 0.3600650429620378,
      "VC@100": 0.812484054611607,
      "Recall@20": 0.45,
      "Recall@100": 0.55,
      "NDCG": 0.617071989731213,
      "VC@10": 0.12178471046403869,
      "VC@25": 0.4632360270567207,
      "VC@50": 0.6682162895724137,
      "VC@200": 0.9344984424424662,
      "Recall@10": 0.1,
      "Recall@50": 0.48,
      "Spearman": 0.39574499957531617,
      "Tier0-AP": 0.4476412941837803,
      "Tier01-AP": 0.5801898631858061,
      "n_samples": 302
    },
    "2022-06/aq3": {
      "VC@20": 0.5774830246718715,
      "VC@100": 0.8736776078957306,
      "Recall@20": 0.25,
      "Recall@100": 0.51,
      "NDCG": 0.37733036619891674,
      "VC@10": 0.11032621903346876,
      "VC@25": 0.5964764010018044,
      "VC@50": 0.68876746526224,
      "VC@200": 0.974816201556303,
      "Recall@10": 0.2,
      "Recall@50": 0.34,
      "Spearman": 0.25070539788936214,
      "Tier0-AP": 0.3302732488606374,
      "Tier01-AP": 0.39526286515463094,
      "n_samples": 262
    },
    "2022-06/aq4": {
      "VC@20": 0.2923077498225563,
      "VC@100": 0.8156657754282012,
      "Recall@20": 0.5,
      "Recall@100": 0.49,
      "NDCG": 0.7296716320763316,
      "VC@10": 0.20320964529017643,
      "VC@25": 0.37135456675301337,
      "VC@50": 0.6711236541595984,
      "VC@200": 0.9023709767799117,
      "Recall@10": 0.4,
      "Recall@50": 0.5,
      "Spearman": 0.37925813215992077,
      "Tier0-AP": 0.4453788661161753,
      "Tier01-AP": 0.5813093148490576,
      "n_samples": 380
    },
    "2023-06/aq1": {
      "VC@20": 0.19969664963311604,
      "VC@100": 0.5250060924056804,
      "Recall@20": 0.2,
      "Recall@100": 0.53,
      "NDCG": 0.6212902003172793,
      "VC@10": 0.13890685920121618,
      "VC@25": 0.28074516374191477,
      "VC@50": 0.42339567280045365,
      "VC@200": 0.911510953224215,
      "Recall@10": 0.1,
      "Recall@50": 0.44,
      "Spearman": 0.35682709050216627,
      "Tier0-AP": 0.4457122469071936,
      "Tier01-AP": 0.5503262953399604,
      "n_samples": 276
    },
    "2023-06/aq2": {
      "VC@20": 0.5330755548231266,
      "VC@100": 0.8495398099366752,
      "Recall@20": 0.4,
      "Recall@100": 0.56,
      "NDCG": 0.6746217566787615,
      "VC@10": 0.47664169928451994,
      "VC@25": 0.5611266816783108,
      "VC@50": 0.7023931738153181,
      "VC@200": 0.8859396256003682,
      "Recall@10": 0.4,
      "Recall@50": 0.5,
      "Spearman": 0.3437221263739946,
      "Tier0-AP": 0.5112425062917475,
      "Tier01-AP": 0.632706991009861,
      "n_samples": 410
    },
    "2023-06/aq3": {
      "VC@20": 0.21464600012626814,
      "VC@100": 0.4546218017123595,
      "Recall@20": 0.35,
      "Recall@100": 0.5,
      "NDCG": 0.5762959792334724,
      "VC@10": 0.13931222692344616,
      "VC@25": 0.22209433237726306,
      "VC@50": 0.32826110576792145,
      "VC@200": 0.7744538580764954,
      "Recall@10": 0.1,
      "Recall@50": 0.32,
      "Spearman": 0.37878654069718537,
      "Tier0-AP": 0.5585218231627573,
      "Tier01-AP": 0.6301468570020541,
      "n_samples": 504
    },
    "2023-06/aq4": {
      "VC@20": 0.1592657505664571,
      "VC@100": 0.4681569881279419,
      "Recall@20": 0.25,
      "Recall@100": 0.51,
      "NDCG": 0.5417263784545804,
      "VC@10": 0.10221170885900188,
      "VC@25": 0.1909652133428318,
      "VC@50": 0.33716896793321366,
      "VC@200": 0.5290830698122866,
      "Recall@10": 0.1,
      "Recall@50": 0.44,
      "Spearman": 0.293146087706711,
      "Tier0-AP": 0.46476862549743814,
      "Tier01-AP": 0.5764697608780862,
      "n_samples": 459
    },
    "2024-06/aq1": {
      "VC@20": 0.2008339877594419,
      "VC@100": 0.6649635388288194,
      "Recall@20": 0.25,
      "Recall@100": 0.54,
      "NDCG": 0.6242799960673755,
      "VC@10": 0.10385248075625812,
      "VC@25": 0.27512891499556713,
      "VC@50": 0.46711454626199694,
      "VC@200": 0.8391149120695962,
      "Recall@10": 0.1,
      "Recall@50": 0.48,
      "Spearman": 0.38613903879356254,
      "Tier0-AP": 0.44824205099389225,
      "Tier01-AP": 0.604477736691476,
      "n_samples": 425
    },
    "2024-06/aq2": {
      "VC@20": 0.3073119291868251,
      "VC@100": 0.6424440809879133,
      "Recall@20": 0.25,
      "Recall@100": 0.48,
      "NDCG": 0.7213550762028219,
      "VC@10": 0.15680022038028107,
      "VC@25": 0.312524347917456,
      "VC@50": 0.5011990814543994,
      "VC@200": 0.7805724550779198,
      "Recall@10": 0.3,
      "Recall@50": 0.36,
      "Spearman": 0.36473903488211606,
      "Tier0-AP": 0.4252914684904883,
      "Tier01-AP": 0.5992948976678245,
      "n_samples": 483
    },
    "2024-06/aq3": {
      "VC@20": 0.2405366629928591,
      "VC@100": 0.7065225196844372,
      "Recall@20": 0.1,
      "Recall@100": 0.56,
      "NDCG": 0.471041902311292,
      "VC@10": 0.10816942123371792,
      "VC@25": 0.3300321515351448,
      "VC@50": 0.4346301290186307,
      "VC@200": 0.8830275113582299,
      "Recall@10": 0.1,
      "Recall@50": 0.46,
      "Spearman": 0.3897880219850427,
      "Tier0-AP": 0.43837012188739727,
      "Tier01-AP": 0.5649556207357755,
      "n_samples": 315
    },
    "2024-06/aq4": {
      "VC@20": 0.10543228658356785,
      "VC@100": 0.4666351874444378,
      "Recall@20": 0.05,
      "Recall@100": 0.49,
      "NDCG": 0.5477276666887552,
      "VC@10": 0.049364306015973976,
      "VC@25": 0.1242149249203247,
      "VC@50": 0.31993667301253514,
      "VC@200": 0.7088764540871189,
      "Recall@10": 0.0,
      "Recall@50": 0.4,
      "Spearman": 0.3039040855443912,
      "Tier0-AP": 0.4563680582497077,
      "Tier01-AP": 0.5514178955263308,
      "n_samples": 476
    }
  },
  "aggregate": {
    "mean": {
      "VC@20": 0.2771235386991028,
      "VC@100": 0.6609531937587058,
      "Recall@20": 0.26666666666666666,
      "Recall@100": 0.5175000000000001,
      "NDCG": 0.5916674155638143,
      "VC@10": 0.150730213719653,
      "VC@25": 0.32767308113911614,
      "VC@50": 0.49253578308380125,
      "VC@200": 0.8332619074314279,
      "Recall@10": 0.17500000000000002,
      "Recall@50": 0.4183333333333334,
      "Spearman": 0.34739034613786884,
      "Tier0-AP": 0.44234215324740594,
      "Tier01-AP": 0.5682824305130313,
      "n_samples": 384.75
    },
    "std": {
      "VC@20": 0.14271823145078613,
      "VC@100": 0.1489459534275593,
      "Recall@20": 0.13123346456686352,
      "Recall@100": 0.028025286201333755,
      "NDCG": 0.0959683461493953,
      "VC@10": 0.10454223918793576,
      "VC@25": 0.1410441625250907,
      "VC@50": 0.14448996647464094,
      "VC@200": 0.11634512309693716,
      "Recall@10": 0.12332207155790618,
      "Recall@50": 0.06902093080282885,
      "Spearman": 0.04347820656689725,
      "Tier0-AP": 0.059958280450883104,
      "Tier01-AP": 0.0587512703451209,
      "n_samples": 82.74974823728066
    },
    "min": {
      "VC@20": 0.10543228658356785,
      "VC@100": 0.4546218017123595,
      "Recall@20": 0.05,
      "Recall@100": 0.48,
      "NDCG": 0.37733036619891674,
      "VC@10": 0.049364306015973976,
      "VC@25": 0.1242149249203247,
      "VC@50": 0.31993667301253514,
      "VC@200": 0.5290830698122866,