{
  "v0_formula": {
    "VC@20": 0.232875880485831,
    "VC@100": 0.657341821143712,
    "Recall@20": 0.21666666666666667,
    "Recall@100": 0.5116666666666666,
    "NDCG": 0.5889028574461892,
    "Spearman": 0.339196686369782,
    "Tier0-AP": 0.41853482269890246
  },
  "da_raw": {
    "VC@20": 0.2996500550014099,
    "VC@100": 0.6878858222912828,
    "Recall@20": 0.3208333333333333,
    "Recall@100": 0.5275,
    "NDCG": 0.602824033196061,
    "Spearman": 0.3678283523480876,
    "Tier0-AP": 0.46728048948786444
  },
  "da_only": {
    "VC@20": 0.2996500550014099,
    "VC@100": 0.6878858222912828,
    "Recall@20": 0.3208333333333333,
    "Recall@100": 0.5275,
    "NDCG": 0.602824033196061,
    "Spearman": 0.3678283523480876,
    "Tier0-AP": 0.46728048948786444
  },
  "product": {
    "VC@20": 0.28276805908118796,
    "VC@100": 0.6617388421924219,
    "Recall@20": 0.2875,
    "Recall@100": 0.525,
    "NDCG": 0.5983858400888283,
    "Spearman": 0.36945013865665105,
    "Tier0-AP": 0.4514210607787103
  },
  "ml_v1": {
    "VC@20": 0.2892399717184119,
    "VC@100": 0.6869978151823575,
    "Recall@20": 0.27499999999999997,
    "Recall@100": 0.5258333333333333,
    "NDCG": 0.5990819487585841,
    "Spearman": 0.35714217081728067,
    "Tier0-AP": 0.4563456112924124
  },
  "score_blend_30": {
    "VC@20": 0.2771235386991028,
    "VC@100": 0.6609531937587058,
    "Recall@20": 0.26666666666666666,
    "Recall@100": 0.5175000000000001,
    "NDCG": 0.5916674155638143,
    "Spearman": 0.34739034613786884,
    "Tier0-AP": 0.44234215324740594
  },
  "score_blend_50": {
    "VC@20": 0.28881318529929617,
    "VC@100": 0.6670412397138704,
    "Recall@20": 0.2791666666666667,
    "Recall@100": 0.5166666666666667,
    "NDCG": 0.595724657579387,
    "Spearman": 0.3507722883175433,
    "Tier0-AP": 0.4496511410352087
  },
  "score_blend_70": {
    "VC@20": 0.2912327496249898,
    "VC@100": 0.6804509463603261,
    "Recall@20": 0.27499999999999997,
    "Recall@100": 0.5233333333333333,
    "NDCG": 0.5977282488591361,
    "Spearman": 0.35429146732241595,
    "Tier0-AP": 0.4546642052827132
  },
  "rank_blend": {
    "VC@20": 0.2672610531153343,
    "VC@100": 0.6746714718519073,
    "Recall@20": 0.25833333333333336,
    "Recall@100": 0.5241666666666668,
    "NDCG": 0.6051618781653275,
    "Spearman": 0.35130543099842715,
    "Tier0-AP": 0.44745835719229804
  },
  "rrf": {
    "VC@20": 0.26918777443852027,
    "VC@100": 0.6638883840907288,
    "Recall@20": 0.2541666666666667,
    "Recall@100": 0.5166666666666667,
    "NDCG": 0.6047987546912689,
    "Spearman": 0.3489550614821652,
    "Tier0-AP": 0.4429929476447645
  }
}