{
  "eval_config": {
    "eval_groups": [
      "2022-06/aq1",
      "2022-06/aq2",
      "2022-06/aq3",
      "2022-06/aq4",
      "2023-06/aq1",
      "2023-06/aq2",
      "2023-06/aq3",
      "2023-06/aq4",
      "2024-06/aq1",
      "2024-06/aq2",
      "2024-06/aq3",
      "2024-06/aq4"
    ],
    "mode": "eval"
  },
  "per_month": {
    "2022-06/aq1": {
      "VC@20": 0.11439103715958829,
      "VC@100": 0.651461210208956,
      "Recall@20": 0.15,
      "Recall@100": 0.49,
      "NDCG": 0.584841647945429,
      "VC@10": 0.08637437178330469,
      "VC@25": 0.12274106217704675,
      "VC@50": 0.37424522169205054,
      "VC@200": 0.8748784290922229,
      "Recall@10": 0.2,
      "Recall@50": 0.3,
      "Spearman": 0.3188221665130814,
      "Tier0-AP": 0.3155734101992699,
      "Tier01-AP": 0.5387206130950494,
      "n_samples": 325
    },
    "2022-06/aq2": {
      "VC@20": 0.16343622364451207,
      "VC@100": 0.8157021089512535,
      "Recall@20": 0.25,
      "Recall@100": 0.56,
      "NDCG": 0.6018612944504572,
      "VC@10": 0.09654612473524825,
      "VC@25": 0.1747753149702319,
      "VC@50": 0.5673858301080497,
      "VC@200": 0.9420984461636263,
      "Recall@10": 0.1,
      "Recall@50": 0.44,
      "Spearman": 0.3788658585485962,
      "Tier0-AP": 0.4316216793131613,
      "Tier01-AP": 0.566092279833419,
      "n_samples": 302
    },
    "2022-06/aq3": {
      "VC@20": 0.5697334762628575,
      "VC@100": 0.8760849395040708,
      "Recall@20": 0.25,
      "Recall@100": 0.49,
      "NDCG": 0.41612026222356713,
      "VC@10": 0.4500258186834138,
      "VC@25": 0.595162037251647,
      "VC@50": 0.6783866093723603,
      "VC@200": 0.9748162015563031,
      "Recall@10": 0.2,
      "Recall@50": 0.32,
      "Spearman": 0.24658379828656063,
      "Tier0-AP": 0.31779706589298373,
      "Tier01-AP": 0.39241808275478857,
      "n_samples": 262
    },
    "2022-06/aq4": {
      "VC@20": 0.30413751478993584,
      "VC@100": 0.8063827722934084,
      "Recall@20": 0.45,
      "Recall@100": 0.48,
      "NDCG": 0.7108584748246887,
      "VC@10": 0.17961835719809915,
      "VC@25": 0.3341866768068111,
      "VC@50": 0.6020595388121326,
      "VC@200": 0.9022473225609726,
      "Recall@10": 0.4,
      "Recall@50": 0.46,
      "Spearman": 0.37863493369441253,
      "Tier0-AP": 0.41884849833959004,
      "Tier01-AP": 0.5711334255800613,
      "n_samples": 380
    },
    "2023-06/aq1": {
      "VC@20": 0.19969664963311604,
      "VC@100": 0.5511805279526972,
      "Recall@20": 0.2,
      "Recall@100": 0.54,
      "NDCG": 0.615434242314894,
      "VC@10": 0.1185952659000165,
      "VC@25": 0.27670300102052514,
      "VC@50": 0.42344535552361945,
      "VC@200": 0.911510953224215,
      "Recall@10": 0.1,
      "Recall@50": 0.44,
      "Spearman": 0.35799793407481634,
      "Tier0-AP": 0.4320606618982088,
      "Tier01-AP": 0.5474327448381588,
      "n_samples": 276
    },
    "2023-06/aq2": {
      "VC@20": 0.49867204165578916,
      "VC@100": 0.8515773867185872,
      "Recall@20": 0.3,
      "Recall@100": 0.58,
      "NDCG": 0.7288803032695419,
      "VC@10": 0.19269052126625794,
      "VC@25": 0.500679281086216,
      "VC@50": 0.6971050135939805,
      "VC@200": 0.8853907062999596,
      "Recall@10": 0.1,
      "Recall@50": 0.48,
      "Spearman": 0.33744892357793094,
      "Tier0-AP": 0.4765339423113622,
      "Tier01-AP": 0.6240118883194419,
      "n_samples": 410
    },
    "2023-06/aq3": {
      "VC@20": 0.16925807169738452,
      "VC@100": 0.41467641939973204,
      "Recall@20": 0.25,
      "Recall@100": 0.49,
      "NDCG": 0.6031704103629894,
      "VC@10": 0.10971587735928662,
      "VC@25": 0.1862494776340121,
      "VC@50": 0.26601748310660145,
      "VC@200": 0.7658541397584925,
      "Recall@10": 0.1,
      "Recall@50": 0.22,
      "Spearman": 0.3645381230412804,
      "Tier0-AP": 0.5104292798464036,
      "Tier01-AP": 0.6038105127776728,
      "n_samples": 504
    },
    "2023-06/aq4": {
      "VC@20": 0.1630173465427239,
      "VC@100": 0.4570845586701642,
      "Recall@20": 0.25,
      "Recall@100": 0.47,
      "NDCG": 0.5315296290533652,
      "VC@10": 0.10135041889026149,
      "VC@25": 0.17070648454233217,
      "VC@50": 0.2446427887368018,
      "VC@200": 0.5294799183565325,
      "Recall@10": 0.1,
      "Recall@50": 0.38,
      "Spearman": 0.2807614957415408,
      "Tier0-AP": 0.4302757658456465,
      "Tier01-AP": 0.5548892301193877,
      "n_samples": 459
    },
    "2024-06/aq1": {
      "VC@20": 0.1753442078296333,
      "VC@100": 0.6254771543549817,
      "Recall@20": 0.2,
      "Recall@100": 0.5,
      "NDCG": 0.6087160097116655,
      "VC@10": 0.08558033070222287,
      "VC@25": 0.24277441074182984,
      "VC@50": 0.45276090347910775,
      "VC@200": 0.839114912069596,
      "Recall@10": 0.1,
      "Recall@50": 0.46,
      "Spearman": 0.3762139387414199,
      "Tier0-AP": 0.4196349591714114,
      "Tier01-AP": 0.5949819863193397,
      "n_samples": 425
    },
    "2024-06/aq2": {
      "VC@20": 0.16889925606933656,
      "VC@100": 0.6416542469668728,
      "Recall@20": 0.15,
      "Recall@100": 0.48,
      "NDCG": 0.6894091971197802,
      "VC@10": 0.15041784108660572,
      "VC@25": 0.23380652098185517,
      "VC@50": 0.4682668680807981,
      "VC@200": 0.7742120843694328,
      "Recall@10": 0.3,
      "Recall@50": 0.32,
      "Spearman": 0.35113971937280547,
      "Tier0-AP": 0.4065871914210278,
      "Tier01-AP": 0.5838884721288781,
      "n_samples": 483
    },
    "2024-06/aq3": {
      "VC@20": 0.1690187154292804,
      "VC@100": 0.7192837592460061,
      "Recall@20": 0.1,
      "Recall@100": 0.55,
      "NDCG": 0.44783528436674147,
      "VC@10": 0.01950848590115221,
      "VC@25": 0.25617763103882135,
      "VC@50": 0.39803982052292014,
      "VC@200": 0.8829373384588476,
      "Recall@10": 0.0,
      "Recall@50": 0.42,
      "Spearman": 0.38135007263642834,
      "Tier0-AP": 0.4280159068062715,
      "Tier01-AP": 0.5600950116598873,
      "n_samples": 315
    },
    "2024-06/aq4": {
      "VC@20": 0.09890602511581406,
      "VC@100": 0.47753676945781476,
      "Recall@20": 0.05,
      "Recall@100": 0.51,
      "NDCG": 0.5281775337111511,
      "VC@10": 0.03805745240157809,
      "VC@25": 0.11388299474572214,
      "VC@50": 0.2821020545499923,
      "VC@200": 0.7085411050919576,
      "Recall@10": 0.0,
      "Recall@50": 0.34,
      "Spearman": 0.2980032722085112,
      "Tier0-AP": 0.4350395113414921,
      "Tier01-AP": 0.5443594956436626,
      "n_samples": 476
    }
  },
  "aggregate": {
    "mean": {
      "VC@20": 0.232875880485831,
      "VC@100": 0.657341821143712,
      "Recall@20": 0.21666666666666667,
      "Recall@100": 0.5116666666666666,
      "NDCG": 0.5889028574461892,
      "VC@10": 0.1357067388256206,
      "VC@25": 0.26732040774975424,
      "VC@50": 0.45453812396486787,
      "VC@200": 0.8325901297501798,
      "Recall@10": 0.1416666666666667,
      "Recall@50": 0.38166666666666665,
      "Spearman": 0.339196686369782,
      "Tier0-AP": 0.41853482269890246,
      "Tier01-AP": 0.5568194785891457,
      "n_samples": 384.75
    },
    "std": {
      "VC@20": 0.1436187797946107,
      "VC@100": 0.15291325974033113,
      "Recall@20": 0.09860132971832694,
      "Recall@100": 0.03484090826727813,
      "NDCG": 0.09254997429024342,
      "VC@10": 0.10640107938588284,
      "VC@25": 0.1406126605792732,
      "VC@50": 0.14820360443869665,
      "VC@200": 0.11746638257387874,
      "Recall@10": 0.11149240133549711,
      "Recall@50": 0.07765665171481162,
      "Spearman": 0.042349150456589754,
      "Tier0-AP": 0.05288040864171926,
      "Tier01-AP": 0.05538965257938646,
      "n_samples": 82.74974823728066
    },
    "min": {
      "VC@20": 0.09890602511581406,
      "VC@100": 0.41467641939973204,
      "Recall@20": 0.05,
      "Recall@100": 0.47,
      "NDCG": 0.41612026222356713,
      "VC@10": 0.01950848590115221,
      "VC@25": 0.11388299474572214,
      "VC@50": 0.2446427887368018,