{
  "per_group": {
    "2022-06/aq1": {
      "n_branches": 2427,
      "n_binding": 342,
      "VC@20": 0.08529075372653723,
      "Recall@20": 0.03216374269005848,
      "Abs_SP@20": 0.07948667211207594,
      "NB12_Recall@20": 0.0,
      "VC@50": 0.23892709648653032,
      "Recall@50": 0.0935672514619883,
      "Abs_SP@50": 0.22266797920448175,
      "NB12_Recall@50": 0.0,
      "VC@100": 0.35303540681601536,
      "Recall@100": 0.1783625730994152,
      "Abs_SP@100": 0.3290111577101341,
      "NB12_Recall@100": 0.0,
      "NDCG": 0.8102396983441948,
      "Spearman": 0.31130366485911815,
      "cohort_contribution": {
        "established": {
          "count_in_top_k": 50,
          "sp_captured": 792608.44
        },
        "history_dormant": {
          "count_in_top_k": 0,
          "sp_captured": 0.0
        },
        "history_zero": {
          "count_in_top_k": 0,
          "sp_captured": 0.0
        }
      }
    },
    "2022-06/aq2": {
      "n_branches": 2225,
      "n_binding": 408,
      "VC@20": 0.21511827844644602,
      "Recall@20": 0.02696078431372549,
      "Abs_SP@20": 0.1941513530462562,
      "NB12_Recall@20": 0.0,
      "VC@50": 0.34735813802758597,
      "Recall@50": 0.09068627450980392,
      "Abs_SP@50": 0.3135021950562575,
      "NB12_Recall@50": 0.0,
      "VC@100": 0.42813834593039846,
      "Recall@100": 0.15931372549019607,
      "Abs_SP@100": 0.3864090013813805,
      "NB12_Recall@100": 0.0,
      "NDCG": 0.8385828405566988,
      "Spearman": 0.27843497984568966,
      "cohort_contribution": {
        "established": {
          "count_in_top_k": 50,
          "sp_captured": 1014541.3699999999
        },
        "history_dormant": {
          "count_in_top_k": 0,
          "sp_captured": 0.0
        },
        "history_zero": {
          "count_in_top_k": 0,
          "sp_captured": 0.0
        }
      }
    },
    "2022-06/aq3": {
      "n_branches": 1953,
      "n_binding": 317,
      "VC@20": 0.33790370536952163,
      "Recall@20": 0.03785488958990536,
      "Abs_SP@20": 0.2967381528775311,
      "NB12_Recall@20": 0.0,
      "VC@50": 0.5060962064183304,
      "Recall@50": 0.10410094637223975,
      "Abs_SP@50": 0.444440386667766,
      "NB12_Recall@50": 0.0,
      "VC@100": 0.5712200546568101,
      "Recall@100": 0.17981072555205047,
      "Abs_SP@100": 0.5016304385301158,
      "NB12_Recall@100": 0.0,
      "NDCG": 0.8273150946024439,
      "Spearman": 0.285839514760264,
      "cohort_contribution": {
        "established": {
          "count_in_top_k": 50,
          "sp_captured": 1020314.6800000002
        },
        "history_dormant": {
          "count_in_top_k": 0,
          "sp_captured": 0.0
        },
        "history_zero": {
          "count_in_top_k": 0,
          "sp_captured": 0.0
        }
      }
    },
    "2022-06/aq4": {
      "n_branches": 2395,
      "n_binding": 388,
      "VC@20": 0.18407210156861165,
      "Recall@20": 0.03350515463917526,
      "Abs_SP@20": 0.1698460472364127,
      "NB12_Recall@20": 0.0,
      "VC@50": 0.37002443671616414,
      "Recall@50": 0.08762886597938144,
      "Abs_SP@50": 0.3414270137709855,
      "NB12_Recall@50": 0.0,
      "VC@100": 0.424811844283223,
      "Recall@100": 0.15463917525773196,
      "Abs_SP@100": 0.39198016405447234,
      "NB12_Recall@100": 0.0,
      "NDCG": 0.834674488830808,
      "Spearman": 0.26069683732884613,
      "cohort_contribution": {
        "established": {
          "count_in_top_k": 50,
          "sp_captured": 923251.7500000001
        },
        "history_dormant": {
          "count_in_top_k": 0,
          "sp_captured": 0.0
        },
        "history_zero": {
          "count_in_top_k": 0,
          "sp_captured": 0.0
        }
      }
    },
    "2023-06/aq1": {
      "n_branches": 2512,
      "n_binding": 327,
      "VC@20": 0.21566625556102556,
      "Recall@20": 0.045871559633027525,
      "Abs_SP@20": 0.19433300518067115,
      "NB12_Recall@20": 0.0,
      "VC@50": 0.3488610072976762,
      "Recall@50": 0.1162079510703364,
      "Abs_SP@50": 0.31435241346474774,
      "NB12_Recall@50": 0.0,
      "VC@100": 0.4996332111723376,
      "Recall@100": 0.21100917431192662,
      "Abs_SP@100": 0.4502105494557302,
      "NB12_Recall@100": 0.0,
      "NDCG": 0.8186762174357487,
      "Spearman": 0.3182452393325097,
      "cohort_contribution": {
        "established": {
          "count_in_top_k": 50,
          "sp_captured": 618238.96
        },
        "history_dormant": {
          "count_in_top_k": 0,
          "sp_captured": 0.0
        },
        "history_zero": {
          "count_in_top_k": 0,
          "sp_captured": 0.0
        }
      }
    },
    "2023-06/aq2": {
      "n_branches": 2278,
      "n_binding": 422,
      "VC@20": 0.34496038315408395,
      "Recall@20": 0.04265402843601896,
      "Abs_SP@20": 0.32306173965519097,
      "NB12_Recall@20": 0.0,
      "VC@50": 0.5642047414291289,
      "Recall@50": 0.0971563981042654,
      "Abs_SP@50": 0.5283881111831483,
      "NB12_Recall@50": 0.0,
      "VC@100": 0.634939997996396,
      "Recall@100": 0.17772511848341233,
      "Abs_SP@100": 0.5946329791666417,
      "NB12_Recall@100": 0.0,
      "NDCG": 0.850394031763976,
      "Spearman": 0.31981855693027866,
      "cohort_contribution": {
        "established": {
          "count_in_top_k": 50,
          "sp_captured": 1932360.6900000002
        },
        "history_dormant": {
          "count_in_top_k": 0,
          "sp_captured": 0.0
        },
        "history_zero": {
          "count_in_top_k": 0,
          "sp_captured": 0.0
        }
      }
    },
    "2023-06/aq3": {
      "n_branches": 2274,
      "n_binding": 338,
      "VC@20": 0.2211464089887218,
      "Recall@20": 0.05621301775147929,
      "Abs_SP@20": 0.1826792525636697,
      "NB12_Recall@20": 0.0,
      "VC@50": 0.30837088166098625,
      "Recall@50": 0.10946745562130178,
      "Abs_SP@50": 0.2547315257427568,
      "NB12_Recall@50": 0.0,
      "VC@100": 0.4399805472665516,
      "Recall@100": 0.20414201183431951,
      "Abs_SP@100": 0.363448440717421,
      "NB12_Recall@100": 0.0,
      "NDCG": 0.8542514012823755,
      "Spearman": 0.3078486984574324,
      "cohort_contribution": {
        "established": {
          "count_in_top_k": 50,
          "sp_captured": 745800.75
        },
        "history_dormant": {
          "count_in_top_k": 0,
          "sp_captured": 0.0
        },
        "history_zero": {
          "count_in_top_k": 0,
          "sp_captured": 0.0
        }
      }
    },
    "2023-06/aq4": {
      "n_branches": 2382,
      "n_binding": 423,
      "VC@20": 0.32595345077904,
      "Recall@20": 0.037825059101654845,
      "Abs_SP@20": 0.29459978848317864,
      "NB12_Recall@20": 0.0,
      "VC@50": 0.4117064173377793,
      "Recall@50": 0.08747044917257683,
      "Abs_SP@50": 0.3721041246073421,
      "NB12_Recall@50": 0.0,
      "VC@100": 0.5492180031478262,
      "Recall@100": 0.1702127659574468,
      "Abs_SP@100": 0.49638838666011026,
      "NB12_Recall@100": 0.0,
      "NDCG": 0.8590735561334026,
      "Spearman": 0.31770701844821564,
      "cohort_contribution": {
        "established": {
          "count_in_top_k": 50,
          "sp_captured": 1015050.99
        },
        "history_dormant": {
          "count_in_top_k": 0,
          "sp_captured": 0.0
        },
        "history_zero": {
          "count_in_top_k": 0,
          "sp_captured": 0.0
        }
      }
    },
    "2024-06/aq1": {
      "n_branches": 2339,
      "n_binding": 385,
      "VC@20": 0.15453243329825592,
      "Recall@20": 0.03896103896103896,
      "Abs_SP@20": 0.143629088226896,
      "NB12_Recall@20": 0.0,
      "VC@50": 0.24206745700165125,
      "Recall@50": 0.1012987012987013,
      "Abs_SP@50": 0.22498790316364553,
      "NB12_Recall@50": 0.0,
      "VC@100": 0.3701655368697829,
      "Recall@100": 0.19480519480519481,
      "Abs_SP@100": 0.34404776666534514,
      "NB12_Recall@100": 0.0,
      "NDCG": 0.8737155848528942,