{
  "importance_type": "gain",
  "model": "ltr_ranker",
  "n_months": 24,
  "per_month": {
    "2020-06": {
      "da_rank_value": 361.09038251767197,
      "prob_exceed_110": 106.83522698566958,
      "constraint_limit": 81.29609712194815,
      "prob_exceed_80": 36.196787334250985,
      "prob_exceed_85": 33.47360269725323,
      "prob_exceed_90": 17.4865718500223,
      "density_ori_rank_value": 6.259499890729785,
      "prob_exceed_100": 4.461888299694692,
      "ori_mean": 3.1407920122146606,
      "mix_mean": 0.005477480124682188,
      "mean_branch_max": 0.001576959970407188,
      "density_mix_rank_value": 0.0
    },
    "2020-07": {
      "da_rank_value": 349.584401621388,
      "constraint_limit": 96.24262403186367,
      "prob_exceed_110": 83.30790595887265,
      "prob_exceed_90": 46.63026068173349,
      "prob_exceed_85": 37.67981412401423,
      "prob_exceed_100": 6.542154536349699,
      "prob_exceed_80": 5.771339783910662,
      "density_mix_rank_value": 5.155550003051758,
      "ori_mean": 2.8923656325787306,
      "mix_mean": 1.0953947032103315,
      "density_ori_rank_value": 0.7749592196196318,
      "mean_branch_max": 0.0
    },
    "2020-08": {
      "da_rank_value": 333.4784382729704,
      "prob_exceed_110": 120.1194447678863,
      "constraint_limit": 89.13917232112544,
      "prob_exceed_100": 40.71654268633574,
      "prob_exceed_90": 30.399145570279416,
      "prob_exceed_80": 4.052468960173428,
      "ori_mean": 3.502202346920967,
      "prob_exceed_85": 0.5209884723044524,
      "density_ori_rank_value": 0.050355300307273865,
      "mean_branch_max": 0.0,
      "mix_mean": 0.0,
      "density_mix_rank_value": 0.0
    },
    "2020-10": {
      "prob_exceed_110": 347.059683927182,
      "da_rank_value": 226.93853577501068,
      "constraint_limit": 63.17204914868489,
      "prob_exceed_100": 20.312349836807698,
      "density_ori_rank_value": 9.542677104473114,
      "prob_exceed_90": 2.4696790277957916,
      "ori_mean": 1.8705050647258759,
      "prob_exceed_80": 1.7363318011921365,
      "prob_exceed_85": 1.012947077249919,
      "mean_branch_max": 0.0,
      "mix_mean": 0.0,
      "density_mix_rank_value": 0.0
    },
    "2020-11": {
      "prob_exceed_110": 299.6314160807524,
      "da_rank_value": 268.6644004450145,
      "constraint_limit": 57.0545632521098,
      "prob_exceed_100": 46.61504254239844,
      "prob_exceed_80": 21.614791473075456,
      "prob_exceed_85": 6.037310093641281,
      "prob_exceed_90": 4.789493054151535,
      "ori_mean": 2.765409018844366,
      "density_ori_rank_value": 1.2565565407276154,
      "density_mix_rank_value": 0.8513349890708923,
      "mix_mean": 0.021663999184966087,
      "mean_branch_max": 0.0
    },
    "2021-01": {
      "da_rank_value": 435.3952482541499,
      "prob_exceed_100": 109.34865466225892,
      "constraint_limit": 60.89071053135929,
      "density_ori_rank_value": 51.295199513435364,
      "prob_exceed_110": 50.93986009032233,
      "prob_exceed_90": 8.38067315495573,
      "ori_mean": 2.451395089738071,
      "prob_exceed_85": 1.4027128514426295,
      "prob_exceed_80": 0.3616523419332225,
      "mean_branch_max": 0.015807294810656458,
      "density_mix_rank_value": 0.0005627759965136647,
      "mix_mean": 0.0
    },
    "2021-02": {
      "da_rank_value": 397.41562446635953,
      "prob_exceed_110": 175.6070432132983,
      "prob_exceed_100": 72.53472623229027,
      "constraint_limit": 46.22850639015087,
      "prob_exceed_90": 17.658134801662527,
      "prob_exceed_85": 1.395310548308771,
      "prob_exceed_80": 0.9255587077568634,
      "density_ori_rank_value": 0.542975380664481,
      "ori_mean": 0.24484009656589478,
      "density_mix_rank_value": 0.023358349222689867,
      "mean_branch_max": 0.0,
      "mix_mean": 0.0
    },
    "2021-04": {
      "prob_exceed_110": 342.3468347125454,
      "da_rank_value": 262.27263367851265,
      "constraint_limit": 74.34387515616618,
      "prob_exceed_100": 16.619981527066557,
      "density_ori_rank_value": 10.5646806130826,
      "prob_exceed_80": 5.726559994276613,
      "prob_exceed_90": 2.170826064888388,
      "prob_exceed_85": 1.6842258661054075,
      "ori_mean": 0.6630052835680544,
      "mix_mean": 0.13472500443458557,
      "mean_branch_max": 0.0,
      "density_mix_rank_value": 0.0
    },
    "2021-05": {
      "prob_exceed_110": 289.95639005320845,
      "da_rank_value": 287.6252001343528,
      "constraint_limit": 77.6427458383223,
      "prob_exceed_85": 13.825497517362237,
      "prob_exceed_100": 13.194944468312315,
      "ori_mean": 7.633968658745289,
      "density_ori_rank_value": 6.1898361667990685,
      "prob_exceed_90": 5.408894704072736,
      "prob_exceed_80": 3.3361207130365074,
      "density_mix_rank_value": 0.7659940123558044,
      "mean_branch_max": 0.0,
      "mix_mean": 0.0
    },
    "2021-07": {
      "da_rank_value": 337.2542084970046,
      "prob_exceed_110": 175.25252784577287,
      "prob_exceed_100": 48.628386467695236,
      "constraint_limit": 36.155234817300595,
      "prob_exceed_90": 12.15450952143874,
      "ori_mean": 10.467763142834883,
      "density_ori_rank_value": 1.9786373302340508,
      "prob_exceed_85": 1.8663910329341888,
      "prob_exceed_80": 1.1826237360946834,
      "mean_branch_max": 0.0,
      "mix_mean": 0.0,
      "density_mix_rank_value": 0.0
    },
    "2021-08": {
      "da_rank_value": 318.269937895926,
      "prob_exceed_110": 168.6320895352692,
      "prob_exceed_100": 74.79156864690594,
      "constraint_limit": 34.10997309883916,
      "density_ori_rank_value": 15.76660942658782,
      "prob_exceed_90": 13.166455439757556,
      "ori_mean": 5.457793474197388,
      "prob_exceed_85": 2.1607081200927496,
      "prob_exceed_80": 0.22395191484247334,
      "mean_branch_max": 0.0,
      "mix_mean": 0.0,
      "density_mix_rank_value": 0.0
    },
    "2021-10": {
      "da_rank_value": 408.2799444341799,
      "prob_exceed_100": 106.30355949047953,
      "prob_exceed_110": 64.67662586370716,
      "ori_mean": 41.76891267951578,
      "constraint_limit": 29.327869400200143,
      "density_ori_rank_value": 8.412018442206318,
      "prob_exceed_90": 4.19249937836139,
      "prob_exceed_85": 0.746732295723632,
      "prob_exceed_80": 0.18832513270899653,
      "mean_branch_max": 0.0,
      "mix_mean": 0.0,
      "density_mix_rank_value": 0.0
    },
    "2021-11": {
      "da_rank_value": 423.0949246862788,
      "prob_exceed_100": 96.58806900170748,
      "density_ori_rank_value": 82.61963679548353,
      "prob_exceed_110": 36.0367396283591,
      "constraint_limit": 28.94015091971596,
      "ori_mean": 5.427709340583533,
      "prob_exceed_90": 0.6331802892964333,
      "prob_exceed_80": 0.5338171057519503,
      "prob_exceed_85": 0.37309478083625436,
      "mix_mean": 0.027363400906324387,
      "mean_branch_max": 0.0,
      "density_mix_rank_value": 0.0
    },
    "2022-01": {
      "da_rank_value": 436.2212501123513,
      "prob_exceed_110": 105.12691579773673,
      "constraint_limit": 46.78098190482706,
      "prob_exceed_85": 19.843772973348678,
      "prob_exceed_100": 12.501849972642958,
      "density_ori_rank_value": 12.172706361536257,
      "prob_exceed_90": 6.851580654503778,
      "prob_exceed_80": 1.141577043570578,
      "density_mix_rank_value": 0.6660482347942889,
      "mix_mean": 0.17481159884482622,
      "ori_mean": 0.11630065678036772,
      "mean_branch_max": 0.0
    },
    "2022-02": {
      "da_rank_value": 427.96717481471205,
      "prob_exceed_110": 69.28064987598918,
      "density_ori_rank_value": 47.31531185214408,
      "constraint_limit": 36.42756022012327,
      "prob_exceed_85": 21.851511787623167,
      "prob_exceed_100": 18.30942717101425,
      "prob_exceed_80": 2.7971638534108934,
      "mix_mean": 2.4202598854899406,
      "ori_mean": 1.7633540193201043,
      "prob_exceed_90": 0.5831255026860163,
      "density_mix_rank_value": 0.05355200171470642,
      "mean_branch_max": 0.0
    },