{
  "eval_config": {
    "eval_months": [
      "2020-06",
      "2020-07",
      "2020-08",
      "2020-10",
      "2020-11",
      "2021-01",
      "2021-02",
      "2021-04",
      "2021-05",
      "2021-07",
      "2021-08",
      "2021-10",
      "2021-11",
      "2022-01",
      "2022-02",
      "2022-04",
      "2022-05",
      "2022-07",
      "2022-08",
      "2022-10",
      "2022-11",
      "2023-01",
      "2023-02",
      "2023-04"
    ],
    "class_type": "onpeak",
    "period_type": "f0",
    "train_months": 8,
    "val_months": 0,
    "mode": "extra_24"
  },
  "per_month": {
    "2020-06": {
      "VC@20": 0.32045038707461426,
      "VC@100": 0.5187677106452124,
      "Recall@20": 0.25,
      "Recall@100": 0.22,
      "NDCG": 0.492146708071466,
      "VC@10": 0.17720580788064536,
      "VC@25": 0.32049751913355173,
      "VC@50": 0.3341741417424082,
      "VC@200": 0.6293998637092229,
      "Recall@10": 0.2,
      "Recall@50": 0.22,
      "Spearman": 0.1483486072756577,
      "Tier0-AP": 1.0,
      "Tier01-AP": 1.0,
      "n_samples": 577
    },
    "2020-07": {
      "VC@20": 0.38856635278517015,
      "VC@100": 0.5503418857885881,
      "Recall@20": 0.3,
      "Recall@100": 0.25,
      "NDCG": 0.5596726826299414,
      "VC@10": 0.29963194169003105,
      "VC@25": 0.39418393376465816,
      "VC@50": 0.4849254172868168,
      "VC@200": 0.6274533199542286,
      "Recall@10": 0.4,
      "Recall@50": 0.26,
      "Spearman": 0.1757508863463277,
      "Tier0-AP": 1.0,
      "Tier01-AP": 1.0,
      "n_samples": 497
    },
    "2020-08": {
      "VC@20": 0.2867150012545863,
      "VC@100": 0.5436792302896751,
      "Recall@20": 0.25,
      "Recall@100": 0.26,
      "NDCG": 0.6004764895901411,
      "VC@10": 0.24359493848428665,
      "VC@25": 0.28772103829653134,
      "VC@50": 0.46973805786397915,
      "VC@200": 0.6751817328591863,
      "Recall@10": 0.4,
      "Recall@50": 0.22,
      "Spearman": 0.15303841321699158,
      "Tier0-AP": 1.0,
      "Tier01-AP": 1.0,
      "n_samples": 507
    },
    "2020-10": {
      "VC@20": 0.4618285851308524,
      "VC@100": 0.6615206579708347,
      "Recall@20": 0.3,
      "Recall@100": 0.27,
      "NDCG": 0.6032210961319308,
      "VC@10": 0.4560318598158578,
      "VC@25": 0.4816001418302301,
      "VC@50": 0.6335641993355626,
      "VC@200": 0.8923153284042964,
      "Recall@10": 0.5,
      "Recall@50": 0.34,
      "Spearman": 0.2332136622150544,
      "Tier0-AP": 1.0,
      "Tier01-AP": 1.0,
      "n_samples": 763
    },
    "2020-11": {
      "VC@20": 0.741395889485921,
      "VC@100": 0.7855818906444582,
      "Recall@20": 0.3,
      "Recall@100": 0.2,
      "NDCG": 0.8583241749461291,
      "VC@10": 0.5738052075883973,
      "VC@25": 0.7461079921281188,
      "VC@50": 0.7666173263249616,
      "VC@200": 0.9246799717716382,
      "Recall@10": 0.3,
      "Recall@50": 0.3,
      "Spearman": 0.19779561784323713,
      "Tier0-AP": 1.0,
      "Tier01-AP": 1.0,
      "n_samples": 508
    },
    "2021-01": {
      "VC@20": 0.3375039676612625,
      "VC@100": 0.6265669128123437,
      "Recall@20": 0.3,
      "Recall@100": 0.33,
      "NDCG": 0.5135874811278601,
      "VC@10": 0.3230289365391479,
      "VC@25": 0.34479192892989907,
      "VC@50": 0.5336529848892313,
      "VC@200": 0.9891528053663294,
      "Recall@10": 0.3,
      "Recall@50": 0.28,
      "Spearman": 0.2722492734018194,
      "Tier0-AP": 1.0,
      "Tier01-AP": 1.0,
      "n_samples": 407
    },
    "2021-02": {
      "VC@20": 0.4828062910058205,
      "VC@100": 0.7521138308281538,
      "Recall@20": 0.25,
      "Recall@100": 0.15,
      "NDCG": 0.7477275974187237,
      "VC@10": 0.4828062910058205,
      "VC@25": 0.48922809718373134,
      "VC@50": 0.6236289363202052,
      "VC@200": 0.9421092481456581,
      "Recall@10": 0.4,
      "Recall@50": 0.18,
      "Spearman": 0.202829814541504,
      "Tier0-AP": 1.0,
      "Tier01-AP": 1.0,
      "n_samples": 650
    },
    "2021-04": {
      "VC@20": 0.32523447477376416,
      "VC@100": 0.5076128596254985,
      "Recall@20": 0.25,
      "Recall@100": 0.25,
      "NDCG": 0.5111917551857309,
      "VC@10": 0.13443949798926935,
      "VC@25": 0.325450848858331,
      "VC@50": 0.42685464643777526,
      "VC@200": 0.7071306773771552,
      "Recall@10": 0.1,
      "Recall@50": 0.28,
      "Spearman": 0.1538364803605218,
      "Tier0-AP": 1.0,
      "Tier01-AP": 1.0,
      "n_samples": 661
    },
    "2021-05": {
      "VC@20": 0.19659005856130018,
      "VC@100": 0.44442221864667464,
      "Recall@20": 0.2,
      "Recall@100": 0.29,
      "NDCG": 0.5094543801055458,
      "VC@10": 0.15037742017732886,
      "VC@25": 0.21796664236893618,
      "VC@50": 0.2895189820450395,
      "VC@200": 0.6125377959936503,
      "Recall@10": 0.2,
      "Recall@50": 0.3,
      "Spearman": 0.18021150627595997,
      "Tier0-AP": 1.0,
      "Tier01-AP": 1.0,
      "n_samples": 681
    },
    "2021-07": {
      "VC@20": 0.4261968346882293,
      "VC@100": 0.7915030240646277,
      "Recall@20": 0.35,
      "Recall@100": 0.26,
      "NDCG": 0.5058105072721124,
      "VC@10": 0.11973266047565793,
      "VC@25": 0.4261968346882293,
      "VC@50": 0.6061071947880133,
      "VC@200": 0.8971138141981063,
      "Recall@10": 0.1,
      "Recall@50": 0.28,
      "Spearman": 0.2426862459241229,
      "Tier0-AP": 1.0,
      "Tier01-AP": 1.0,
      "n_samples": 513
    },
    "2021-08": {
      "VC@20": 0.5132444396918672,
      "VC@100": 0.7843906811424152,
      "Recall@20": 0.35,
      "Recall@100": 0.34,
      "NDCG": 0.6487411763314516,
      "VC@10": 0.4912546656953703,
      "VC@25": 0.5133117742770404,
      "VC@50": 0.6308358715509269,
      "VC@200": 0.9559108906480803,
      "Recall@10": 0.5,
      "Recall@50": 0.34,
      "Spearman": 0.2990388876394542,
      "Tier0-AP": 1.0,
      "Tier01-AP": 1.0,
      "n_samples": 552
    },
    "2021-10": {
      "VC@20": 0.33806500552371876,
      "VC@100": 0.6233353783512188,
      "Recall@20": 0.25,
      "Recall@100": 0.3,
      "NDCG": 0.653115781462826,
      "VC@10": 0.27373723160044594,
      "VC@25": 0.36323098838752993,
      "VC@50": 0.4240370751131693,
      "VC@200": 0.776762218198103,
      "Recall@10": 0.4,
      "Recall@50": 0.24,
      "Spearman": 0.22220873945166977,
      "Tier0-AP": 1.0,
      "Tier01-AP": 1.0,
      "n_samples": 804
    },
    "2021-11": {
      "VC@20": 0.37467375081966015,
      "VC@100": 0.8218967660640946,
      "Recall@20": 0.1,
      "Recall@100": 0.17,
      "NDCG": 0.6770123477597313,
      "VC@10": 0.2684056709187959,
      "VC@25": 0.3900821526845455,
      "VC@50": 0.8146557910551544,
      "VC@200": 0.897593177191795,
      "Recall@10": 0.1,
      "Recall@50": 0.24,
      "Spearman": 0.12444540559449277,
      "Tier0-AP": 1.0,
      "Tier01-AP": 1.0,
      "n_samples": 594
    },
    "2022-01": {
      "VC@20": 0.36071721493024583,
      "VC@100": 0.6483110811745644,
      "Recall@20": 0.15,
      "Recall@100": 0.24,
      "NDCG": 0.6187925670513236,
      "VC@10": 0.3557052544707603,
      "VC@25": 0.5445091963857688,
      "VC@50": 0.6076057599533962,
      "VC@200": 0.7834472580752823,
      "Recall@10": 0.3,
      "Recall@50": 0.24,
      "Spearman": 0.16365949878951722,
      "Tier0-AP": 1.0,
      "Tier01-AP": 1.0,
      "n_samples": 414
    },
    "2022-02": {
      "VC@20": 0.6163711170906224,
      "VC@100": 0.7498953554040189,
      "Recall@20": 0.25,
      "Recall@100": 0.31,
      "NDCG": 0.7043527773588442,
      "VC@10": 0.6079490801709325,
      "VC@25": 0.6206200228900906,
      "VC@50": 0.6479990433033643,
      "VC@200": 0.8748088990916387,
      "Recall@10": 0.4,
      "Recall@50": 0.22,
      "Spearman": 0.2014819920083592,
      "Tier0-AP": 1.0,
      "Tier01-AP": 1.0,
      "n_samples": 411
    },
    "2022-04": {
      "VC@20": 0.20110490082109828,
      "VC@100": 0.44533797206194625,
      "Recall@20": 0.25,
      "Recall@100": 0.19,
      "NDCG": 0.43006350591914366,
      "VC@10": 0.1766765341943063,