{
  "v0a": {
    "K=150": {
      "VC@150": 0.6268146548714876,
      "Recall@150": 0.2220269446961379,
      "Abs_SP@150": 0.6268146548714876,
      "NB12_Count@150": 3.5,
      "NB12_SP@150": 0.07543868943592079,
      "Dang20k_Recall@150": 0.7625076981984877,
      "Dorm_inK@150": 32.5,
      "Dang40k_Recall@150": 0.6840277777777777
    },
    "K=200": {
      "VC@200": 0.6576838727174135,
      "Recall@200": 0.2602437849346188,
      "Abs_SP@200": 0.6576838727174134,
      "NB12_Count@200": 4.833333333333333,
      "NB12_SP@200": 0.08887745856374892,
      "Dang20k_Recall@200": 0.7792239680397576,
      "Dorm_inK@200": 53.083333333333336,
      "Dang40k_Recall@200": 0.6932870370370371
    },
    "K=300": {
      "VC@300": 0.7352314883211384,
      "Recall@300": 0.3526582842306647,
      "Abs_SP@300": 0.7352314883211384,
      "NB12_Count@300": 8.833333333333334,
      "NB12_SP@300": 0.1470975526194416,
      "Dang20k_Recall@300": 0.8647599902534112,
      "Dorm_inK@300": 93.83333333333333,
      "Dang40k_Recall@300": 0.7141203703703703
    },
    "K=400": {
      "VC@400": 0.7671195173334026,
      "Recall@400": 0.41971442384633706,
      "Abs_SP@400": 0.7671195173334026,
      "NB12_Count@400": 12.916666666666666,
      "NB12_SP@400": 0.17467653041527345,
      "Dang20k_Recall@400": 0.8691459551656919,
      "Dorm_inK@400": 140.58333333333334,
      "Dang40k_Recall@400": 0.7141203703703703
    }
  },
  "v0c": {
    "K=150": {
      "VC@150": 0.6448138801349558,
      "Recall@150": 0.2958629555640804,
      "Abs_SP@150": 0.6448138801349558,
      "NB12_Count@150": 0.16666666666666666,
      "NB12_SP@150": 0.011082734279145594,
      "Dang20k_Recall@150": 0.7281370493541547,
      "Dorm_inK@150": 1.1666666666666667,
      "Dang40k_Recall@150": 0.6563822751322751
    },
    "K=200": {
      "VC@200": 0.6894920669645984,
      "Recall@200": 0.3485051505096044,
      "Abs_SP@200": 0.6894920669645984,
      "NB12_Count@200": 0.5833333333333334,
      "NB12_SP@200": 0.016902213334549412,
      "Dang20k_Recall@200": 0.7766698396632608,
      "Dorm_inK@200": 5.666666666666667,
      "Dang40k_Recall@200": 0.681382275132275
    },
    "K=300": {
      "VC@300": 0.7423238933189791,
      "Recall@300": 0.4288705807281404,
      "Abs_SP@300": 0.7423238933189791,
      "NB12_Count@300": 4.25,
      "NB12_SP@300": 0.09076119188059094,
      "Dang20k_Recall@300": 0.8221056112503481,
      "Dorm_inK@300": 37.166666666666664,
      "Dang40k_Recall@300": 0.7141203703703703
    },
    "K=400": {
      "VC@400": 0.7782817711389335,
      "Recall@400": 0.49100412540402966,
      "Abs_SP@400": 0.7782817711389335,
      "NB12_Count@400": 8.416666666666666,
      "NB12_SP@400": 0.13600708124865413,
      "Dang20k_Recall@400": 0.8639376218323586,
      "Dorm_inK@400": 84.58333333333333,
      "Dang40k_Recall@400": 0.7141203703703703
    }
  },
  "v0c_cross": {
    "K=150": {
      "VC@150": 0.6261677550674997,
      "Recall@150": 0.2996884450498045,
      "Abs_SP@150": 0.6261677550674997,
      "NB12_Count@150": 0.0,
      "NB12_SP@150": 0.0,
      "Dang20k_Recall@150": 0.702343398560504,
      "Dorm_inK@150": 0.16666666666666666,
      "Dang40k_Recall@150": 0.6378637566137565
    },
    "K=200": {
      "VC@200": 0.6840498378687271,
      "Recall@200": 0.3573707096253673,
      "Abs_SP@200": 0.6840498378687269,
      "NB12_Count@200": 0.4166666666666667,
      "NB12_SP@200": 0.026003523273363482,
      "Dang20k_Recall@200": 0.7552081994516205,
      "Dorm_inK@200": 1.25,
      "Dang40k_Recall@200": 0.681382275132275
    },
    "K=300": {
      "VC@300": 0.7374001891672707,
      "Recall@300": 0.44637600050315407,
      "Abs_SP@300": 0.7374001891672707,
      "NB12_Count@300": 2.5833333333333335,
      "NB12_SP@300": 0.05702341962165409,
      "Dang20k_Recall@300": 0.8102008493455862,
      "Dorm_inK@300": 20.916666666666668,
      "Dang40k_Recall@300": 0.7022156084656084
    },
    "K=400": {
      "VC@400": 0.7784534090496747,
      "Recall@400": 0.5051974521367352,
      "Abs_SP@400": 0.7784534090496747,
      "NB12_Count@400": 7.583333333333333,
      "NB12_SP@400": 0.12875468490847783,
      "Dang20k_Recall@400": 0.8639376218323586,
      "Dorm_inK@400": 66.83333333333333,
      "Dang40k_Recall@400": 0.7141203703703703
    }
  },
  "blend_a0.05": {
    "K=150": {
      "VC@150": 0.6420215401054065,
      "Recall@150": 0.29253826888750195,
      "Abs_SP@150": 0.6420215401054064,
      "NB12_Count@150": 0.4166666666666667,
      "NB12_SP@150": 0.02138761386486997,
      "Dang20k_Recall@150": 0.7258222345393399,
      "Dorm_inK@150": 3.6666666666666665,
      "Dang40k_Recall@150": 0.6563822751322751
    },
    "K=200": {
      "VC@200": 0.687839060193355,
      "Recall@200": 0.3417377808900593,
      "Abs_SP@200": 0.687839060193355,
      "NB12_Count@200": 2.3333333333333335,
      "NB12_SP@200": 0.0501417066166689,
      "Dang20k_Recall@200": 0.7822915327849539,
      "Dorm_inK@200": 16.0,
      "Dang40k_Recall@200": 0.681382275132275
    },
    "K=300": {
      "VC@300": 0.7393992135477236,
      "Recall@300": 0.42086276733380185,
      "Abs_SP@300": 0.7393992135477236,
      "NB12_Count@300": 7.0,
      "NB12_SP@300": 0.12368763843956837,
      "Dang20k_Recall@300": 0.8161532302979672,
      "Dorm_inK@300": 56.583333333333336,
      "Dang40k_Recall@300": 0.7141203703703703
    },
    "K=400": {
      "VC@400": 0.786161888729482,
      "Recall@400": 0.4828388136087975,
      "Abs_SP@400": 0.786161888729482,
      "NB12_Count@400": 11.333333333333334,
      "NB12_SP@400": 0.19874034081751638,
      "Dang20k_Recall@400": 0.8750983361180729,
      "Dorm_inK@400": 106.75,
      "Dang40k_Recall@400": 0.7233796296296297
    }
  },
  "blend_a0.10": {
    "K=150": {
      "VC@150": 0.6357092150692535,
      "Recall@150": 0.28410982714550487,
      "Abs_SP@150": 0.6357092150692534,
      "NB12_Count@150": 2.1666666666666665,
      "NB12_SP@150": 0.052571709996532386,
      "Dang20k_Recall@150": 0.7283807140715037,
      "Dorm_inK@150": 14.083333333333334,
      "Dang40k_Recall@150": 0.6563822751322751
    },
    "K=200": {
      "VC@200": 0.6835963033639386,
      "Recall@200": 0.335241778300377,
      "Abs_SP@200": 0.6835963033639386,
      "NB12_Count@200": 4.833333333333333,
      "NB12_SP@200": 0.08426359948725858,
      "Dang20k_Recall@200": 0.7612389012060065,
      "Dorm_inK@200": 31.916666666666668,
      "Dang40k_Recall@200": 0.6730489417989417
    },
    "K=300": {
      "VC@300": 0.7339543005249518,
      "Recall@300": 0.4037607044378961,
      "Abs_SP@300": 0.7339543005249517,
      "NB12_Count@300": 8.583333333333334,
      "NB12_SP@300": 0.14932704004561653,
      "Dang20k_Recall@300": 0.8097429738877108,
      "Dorm_inK@300": 76.25,
      "Dang40k_Recall@300": 0.6932870370370371
    },
    "K=400": {
      "VC@400": 0.7787315580285771,
      "Recall@400": 0.46762352120545786,
      "Abs_SP@400": 0.7787315580285771,
      "NB12_Count@400": 13.25,
      "NB12_SP@400": 0.21193169318698232,
      "Dang20k_Recall@400": 0.8598205583402952,
      "Dorm_inK@400": 126.33333333333333,
      "Dang40k_Recall@400": 0.7233796296296297
    }
  },
  "blend_a0.15": {
    "K=150": {
      "VC@150": 0.6166515765337962,
      "Recall@150": 0.2697197850573326,
      "Abs_SP@150": 0.6166515765337962,
      "NB12_Count@150": 4.416666666666667,
      "NB12_SP@150": 0.07760959776723227,
      "Dang20k_Recall@150": 0.7164759521667418,
      "Dorm_inK@150": 28.0,
      "Dang40k_Recall@150": 0.6378637566137565
    },
    "K=200": {
      "VC@200": 0.6650624025558179,
      "Recall@200": 0.3206329870825964,
      "Abs_SP@200": 0.6650624025558179,
      "NB12_Count@200": 6.583333333333333,
      "NB12_SP@200": 0.10461077080758045,
      "Dang20k_Recall@200": 0.7397111234282288,
      "Dorm_inK@200": 48.583333333333336,
      "Dang40k_Recall@200": 0.6563822751322751
    },
    "K=300": {
      "VC@300": 0.7359152708261054,
      "Recall@300": 0.39402847385023815,