{
  "eval_config": {
    "eval_months": [
      "2020-09",
      "2020-11",
      "2021-01",
      "2021-04",
      "2021-06",
      "2021-08",
      "2021-10",
      "2021-12",
      "2022-03",
      "2022-06",
      "2022-09",
      "2022-12"
    ],
    "class_type": "onpeak",
    "ptype": "f0",
    "train_months": 6,
    "val_months": 2,
    "threshold_beta": 0.7
  },
  "per_month": {
    "2020-09": {
      "S1-AUC": 0.8483,
      "S1-AP": 0.4305,
      "S1-VCAP@100": 0.0157,
      "S1-VCAP@500": 0.0887,
      "S1-VCAP@1000": 0.1293,
      "S1-NDCG": 0.7691,
      "S1-BRIER": 0.1294,
      "S1-REC": 0.4152,
      "S1-CAP@100": 0.15,
      "S1-CAP@500": 0.436,
      "precision": 0.5385,
      "f1": 0.4689,
      "threshold": 0.898971,
      "n_samples": 285159,
      "n_positive": 19619,
      "binding_rate": 0.0688,
      "pred_binding_rate": 0.053
    },
    "2020-11": {
      "S1-AUC": 0.8424,
      "S1-AP": 0.4688,
      "S1-VCAP@100": 0.0164,
      "S1-VCAP@500": 0.1244,
      "S1-VCAP@1000": 0.1725,
      "S1-NDCG": 0.749,
      "S1-BRIER": 0.1329,
      "S1-REC": 0.3843,
      "S1-CAP@100": 0.95,
      "S1-CAP@500": 0.872,
      "precision": 0.5563,
      "f1": 0.4546,
      "threshold": 0.884971,
      "n_samples": 267789,
      "n_positive": 25205,
      "binding_rate": 0.0941,
      "pred_binding_rate": 0.065
    },
    "2021-01": {
      "S1-AUC": 0.8571,
      "S1-AP": 0.5037,
      "S1-VCAP@100": 0.0251,
      "S1-VCAP@500": 0.1374,
      "S1-VCAP@1000": 0.2309,
      "S1-NDCG": 0.7465,
      "S1-BRIER": 0.1326,
      "S1-REC": 0.3547,
      "S1-CAP@100": 0.54,
      "S1-CAP@500": 0.786,
      "precision": 0.6393,
      "f1": 0.4563,
      "threshold": 0.907925,
      "n_samples": 268702,
      "n_positive": 21247,
      "binding_rate": 0.0791,
      "pred_binding_rate": 0.0439
    },
    "2021-04": {
      "S1-AUC": 0.838,
      "S1-AP": 0.4715,
      "S1-VCAP@100": 0.0082,
      "S1-VCAP@500": 0.0505,
      "S1-VCAP@1000": 0.1015,
      "S1-NDCG": 0.6489,
      "S1-BRIER": 0.1296,
      "S1-REC": 0.4822,
      "S1-CAP@100": 0.6,
      "S1-CAP@500": 0.444,
      "precision": 0.4988,
      "f1": 0.4904,
      "threshold": 0.819691,
      "n_samples": 267965,
      "n_positive": 21286,
      "binding_rate": 0.0794,
      "pred_binding_rate": 0.0768
    },
    "2021-06": {
      "S1-AUC": 0.8431,
      "S1-AP": 0.4166,
      "S1-VCAP@100": 0.0321,
      "S1-VCAP@500": 0.0982,
      "S1-VCAP@1000": 0.1374,
      "S1-NDCG": 0.8021,
      "S1-BRIER": 0.1384,
      "S1-REC": 0.4339,
      "S1-CAP@100": 0.97,
      "S1-CAP@500": 0.792,
      "precision": 0.4891,
      "f1": 0.4599,
      "threshold": 0.862242,
      "n_samples": 269154,
      "n_positive": 22264,
      "binding_rate": 0.0827,
      "pred_binding_rate": 0.0734
    },
    "2021-08": {
      "S1-AUC": 0.8704,
      "S1-AP": 0.4585,
      "S1-VCAP@100": 0.0473,
      "S1-VCAP@500": 0.1531,
      "S1-VCAP@1000": 0.1849,
      "S1-NDCG": 0.72,
      "S1-BRIER": 0.1304,
      "S1-REC": 0.5115,
      "S1-CAP@100": 1.0,
      "S1-CAP@500": 0.788,
      "precision": 0.4656,
      "f1": 0.4875,
      "threshold": 0.825406,
      "n_samples": 272673,
      "n_positive": 18814,
      "binding_rate": 0.069,
      "pred_binding_rate": 0.0758
    },
    "2021-10": {
      "S1-AUC": 0.8654,
      "S1-AP": 0.4889,
      "S1-VCAP@100": 0.1025,
      "S1-VCAP@500": 0.2465,
      "S1-VCAP@1000": 0.3232,
      "S1-NDCG": 0.8096,
      "S1-BRIER": 0.1205,
      "S1-REC": 0.4738,
      "S1-CAP@100": 0.8,
      "S1-CAP@500": 0.728,
      "precision": 0.5774,
      "f1": 0.5205,
      "threshold": 0.869204,
      "n_samples": 270336,
      "n_positive": 20898,
      "binding_rate": 0.0773,
      "pred_binding_rate": 0.0634
    },
    "2021-12": {
      "S1-AUC": 0.8202,
      "S1-AP": 0.4305,
      "S1-VCAP@100": 0.0171,
      "S1-VCAP@500": 0.0568,
      "S1-VCAP@1000": 0.1141,
      "S1-NDCG": 0.7672,
      "S1-BRIER": 0.1247,
      "S1-REC": 0.438,
      "S1-CAP@100": 0.96,
      "S1-CAP@500": 0.952,
      "precision": 0.4504,
      "f1": 0.4441,
      "threshold": 0.741697,
      "n_samples": 266013,
      "n_positive": 26766,
      "binding_rate": 0.1006,
      "pred_binding_rate": 0.0979
    },
    "2022-03": {
      "S1-AUC": 0.8606,
      "S1-AP": 0.3921,
      "S1-VCAP@100": 0.0203,
      "S1-VCAP@500": 0.1075,
      "S1-VCAP@1000": 0.217,
      "S1-NDCG": 0.6822,
      "S1-BRIER": 0.1295,
      "S1-REC": 0.4121,
      "S1-CAP@100": 0.93,
      "S1-CAP@500": 0.846,
      "precision": 0.4489,
      "f1": 0.4297,
      "threshold": 0.84143,
      "n_samples": 269079,
      "n_positive": 18815,
      "binding_rate": 0.0699,
      "pred_binding_rate": 0.0642
    },
    "2022-06": {
      "S1-AUC": 0.8414,
      "S1-AP": 0.4113,
      "S1-VCAP@100": 0.014,
      "S1-VCAP@500": 0.0529,
      "S1-VCAP@1000": 0.1339,
      "S1-NDCG": 0.7374,
      "S1-BRIER": 0.1316,
      "S1-REC": 0.4254,
      "S1-CAP@100": 0.38,
      "S1-CAP@500": 0.604,
      "precision": 0.4374,
      "f1": 0.4313,
      "threshold": 0.794093,
      "n_samples": 267808,
      "n_positive": 21377,
      "binding_rate": 0.0798,
      "pred_binding_rate": 0.0776
    },
    "2022-09": {
      "S1-AUC": 0.8495,
      "S1-AP": 0.3403,
      "S1-VCAP@100": 0.0108,
      "S1-VCAP@500": 0.0267,
      "S1-VCAP@1000": 0.0469,
      "S1-NDCG": 0.6896,
      "S1-BRIER": 0.1419,
      "S1-REC": 0.3531,
      "S1-CAP@100": 0.51,
      "S1-CAP@500": 0.586,
      "precision": 0.4292,
      "f1": 0.3874,
      "threshold": 0.880333,
      "n_samples": 286418,
      "n_positive": 18987,
      "binding_rate": 0.0663,
      "pred_binding_rate": 0.0545
    },
    "2022-12": {
      "S1-AUC": 0.8129,
      "S1-AP": 0.3985,
      "S1-VCAP@100": 0.003,
      "S1-VCAP@500": 0.0279,
      "S1-VCAP@1000": 0.0897,
      "S1-NDCG": 0.6895,
      "S1-BRIER": 0.1329,
      "S1-REC": 0.4465,
      "S1-CAP@100": 0.84,
      "S1-CAP@500": 0.736,
      "precision": 0.4447,
      "f1": 0.4456,
      "threshold": 0.787983,
      "n_samples": 259370,
      "n_positive": 21930,
      "binding_rate": 0.0846,
      "pred_binding_rate": 0.0849
    }
  },
  "aggregate": {
    "mean": {
      "S1-AP": 0.4343,
      "S1-AUC": 0.8458,
      "S1-BRIER": 0.1312,
      "S1-CAP@100": 0.7192,
      "S1-CAP@500": 0.7142,
      "S1-NDCG": 0.7343,
      "S1-REC": 0.4276,
      "S1-VCAP@100": 0.026,
      "S1-VCAP@1000": 0.1568,
      "S1-VCAP@500": 0.0976,
      "binding_rate": 0.0793,
      "f1": 0.4564,
      "n_positive": 21434.0,
      "n_samples": 270872.1667,
      "precision": 0.498,
      "pred_binding_rate": 0.0692,
      "threshold": 0.8428
    },
    "std": {
      "S1-AP": 0.0464,
      "S1-AUC": 0.017,
      "S1-BRIER": 0.0056,
      "S1-CAP@100": 0.2776,
      "S1-CAP@500": 0.1638,
      "S1-NDCG": 0.0497,
      "S1-REC": 0.0484,
      "S1-VCAP@100": 0.0268,
      "S1-VCAP@1000": 0.0744,
      "S1-VCAP@500": 0.0629,
      "binding_rate": 0.0104,
      "f1": 0.0341,
      "n_positive": 2466.8455,
      "n_samples": 7648.245,
      "precision": 0.0663,
      "pred_binding_rate": 0.0149,
      "threshold": 0.0505
    },
    "min": {
      "S1-AP": 0.3403,
      "S1-AUC": 0.8129,
      "S1-BRIER": 0.1205,
      "S1-CAP@100": 0.15,
      "S1-CAP@500": 0.436,
      "S1-NDCG": 0.6489,
      "S1-REC": 0.3531,
      "S1-VCAP@100": 0.003,
      "S1-VCAP@1000": 0.0469,
      "S1-VCAP@500": 0.0267,
      "binding_rate": 0.0663,
      "f1": 0.3874,
      "n_positive": 18814,
      "n_samples": 259370,
      "precision": 0.4292,
      "pred_binding_rate": 0.0439,
      "threshold": 0.7417
    },
    "max": {
      "S1-AP": 0.5037,
      "S1-AUC": 0.8704,
      "S1-BRIER": 0.1419,
      "S1-CAP@100": 1.0,
      "S1-CAP@500": 0.952,
      "S1-NDCG": 0.8096,
      "S1-REC": 0.5115,
      "S1-VCAP@100": 0.1025,
      "S1-VCAP@1000": 0.3232,
      "S1-VCAP@500": 0.2465,
      "binding_rate": 0.1006,
      "f1": 0.5205,
      "n_positive": 26766,
      "n_samples": 286418,